forecast_id,product_id,region,forecast_date,predicted_demand,confidence_low,confidence_high,social_factor,model_version,explanation,created_at
4541,1541,Bay Area (SF),2026-05-27,144,93,173,1.05,telco_signal_v2,"{""model"":""telco_signal_v2"",""drivers"":[""upgrade_demand_spike"",""account_manager_cluster"",""weekend_streaming_effect""],""top_advocate"":""@signalbridge_hope"",""urgency_score"":87,""confidence"":""high"",""trend"":""accelerating""}",2026-05-27T11:26:27Z
4542,1541,Bay Area (SF),2026-05-28,122,101,181,1.2,telco_signal_v2,"{""model"":""telco_signal_v2"",""drivers"":[""upgrade_demand_spike"",""account_manager_cluster"",""weekend_streaming_effect""],""top_advocate"":""@signalbridge_hope"",""urgency_score"":87,""confidence"":""high"",""trend"":""accelerating""}",2026-05-27T11:26:27Z
4543,1541,Bay Area (SF),2026-05-29,167,109,189,1.35,telco_signal_v2,"{""model"":""telco_signal_v2"",""drivers"":[""upgrade_demand_spike"",""account_manager_cluster"",""weekend_streaming_effect""],""top_advocate"":""@signalbridge_hope"",""urgency_score"":87,""confidence"":""high"",""trend"":""accelerating""}",2026-05-27T11:26:27Z
4544,1541,Bay Area (SF),2026-05-30,143,117,197,1.4,telco_signal_v2,"{""model"":""telco_signal_v2"",""drivers"":[""upgrade_demand_spike"",""account_manager_cluster"",""weekend_streaming_effect""],""top_advocate"":""@signalbridge_hope"",""urgency_score"":87,""confidence"":""high"",""trend"":""accelerating""}",2026-05-27T11:26:27Z
4545,1541,Bay Area (SF),2026-05-31,159,125,205,1.33,telco_signal_v2,"{""model"":""telco_signal_v2"",""drivers"":[""upgrade_demand_spike"",""account_manager_cluster"",""weekend_streaming_effect""],""top_advocate"":""@signalbridge_hope"",""urgency_score"":87,""confidence"":""high"",""trend"":""accelerating""}",2026-05-27T11:26:27Z
4546,1541,Bay Area (SF),2026-06-01,193,133,213,1.32,telco_signal_v2,"{""model"":""telco_signal_v2"",""drivers"":[""upgrade_demand_spike"",""account_manager_cluster"",""weekend_streaming_effect""],""top_advocate"":""@signalbridge_hope"",""urgency_score"":87,""confidence"":""high"",""trend"":""accelerating""}",2026-05-27T11:26:27Z
4547,1541,Bay Area (SF),2026-06-02,195,141,221,1.39,telco_signal_v2,"{""model"":""telco_signal_v2"",""drivers"":[""upgrade_demand_spike"",""account_manager_cluster"",""weekend_streaming_effect""],""top_advocate"":""@signalbridge_hope"",""urgency_score"":87,""confidence"":""high"",""trend"":""accelerating""}",2026-05-27T11:26:27Z
4548,1541,Bay Area (SF),2026-06-03,205,149,229,1.47,telco_signal_v2,"{""model"":""telco_signal_v2"",""drivers"":[""upgrade_demand_spike"",""account_manager_cluster"",""weekend_streaming_effect""],""top_advocate"":""@signalbridge_hope"",""urgency_score"":87,""confidence"":""high"",""trend"":""accelerating""}",2026-05-27T11:26:27Z
4549,1541,Bay Area (SF),2026-06-04,187,157,237,1.63,telco_signal_v2,"{""model"":""telco_signal_v2"",""drivers"":[""upgrade_demand_spike"",""account_manager_cluster"",""weekend_streaming_effect""],""top_advocate"":""@signalbridge_hope"",""urgency_score"":87,""confidence"":""high"",""trend"":""accelerating""}",2026-05-27T11:26:27Z
4550,1541,Bay Area (SF),2026-06-05,189,165,245,1.63,telco_signal_v2,"{""model"":""telco_signal_v2"",""drivers"":[""upgrade_demand_spike"",""account_manager_cluster"",""weekend_streaming_effect""],""top_advocate"":""@signalbridge_hope"",""urgency_score"":87,""confidence"":""high"",""trend"":""accelerating""}",2026-05-27T11:26:27Z
4551,1541,Bay Area (SF),2026-06-06,205,173,253,1.73,telco_signal_v2,"{""model"":""telco_signal_v2"",""drivers"":[""upgrade_demand_spike"",""account_manager_cluster"",""weekend_streaming_effect""],""top_advocate"":""@signalbridge_hope"",""urgency_score"":87,""confidence"":""high"",""trend"":""accelerating""}",2026-05-27T11:26:27Z
4552,1541,Bay Area (SF),2026-06-07,216,181,261,1.54,telco_signal_v2,"{""model"":""telco_signal_v2"",""drivers"":[""upgrade_demand_spike"",""account_manager_cluster"",""weekend_streaming_effect""],""top_advocate"":""@signalbridge_hope"",""urgency_score"":87,""confidence"":""high"",""trend"":""accelerating""}",2026-05-27T11:26:27Z
4553,1541,Bay Area (SF),2026-06-08,235,189,269,1.74,telco_signal_v2,"{""model"":""telco_signal_v2"",""drivers"":[""upgrade_demand_spike"",""account_manager_cluster"",""weekend_streaming_effect""],""top_advocate"":""@signalbridge_hope"",""urgency_score"":87,""confidence"":""high"",""trend"":""accelerating""}",2026-05-27T11:26:27Z
4554,1541,Bay Area (SF),2026-06-09,233,197,277,1.76,telco_signal_v2,"{""model"":""telco_signal_v2"",""drivers"":[""upgrade_demand_spike"",""account_manager_cluster"",""weekend_streaming_effect""],""top_advocate"":""@signalbridge_hope"",""urgency_score"":87,""confidence"":""high"",""trend"":""accelerating""}",2026-05-27T11:26:27Z
4555,1541,Bay Area (SF),2026-06-10,248,205,285,1.6,telco_signal_v2,"{""model"":""telco_signal_v2"",""drivers"":[""upgrade_demand_spike"",""account_manager_cluster"",""weekend_streaming_effect""],""top_advocate"":""@signalbridge_hope"",""urgency_score"":87,""confidence"":""high"",""trend"":""accelerating""}",2026-05-27T11:26:27Z
4556,1541,Bay Area (SF),2026-06-11,257,213,293,1.65,telco_signal_v2,"{""model"":""telco_signal_v2"",""drivers"":[""upgrade_demand_spike"",""account_manager_cluster"",""weekend_streaming_effect""],""top_advocate"":""@signalbridge_hope"",""urgency_score"":87,""confidence"":""high"",""trend"":""accelerating""}",2026-05-27T11:26:27Z
4557,1541,Bay Area (SF),2026-06-12,263,221,301,1.84,telco_signal_v2,"{""model"":""telco_signal_v2"",""drivers"":[""upgrade_demand_spike"",""account_manager_cluster"",""weekend_streaming_effect""],""top_advocate"":""@signalbridge_hope"",""urgency_score"":87,""confidence"":""high"",""trend"":""accelerating""}",2026-05-27T11:26:27Z
4558,1541,Bay Area (SF),2026-06-13,254,229,309,1.78,telco_signal_v2,"{""model"":""telco_signal_v2"",""drivers"":[""upgrade_demand_spike"",""account_manager_cluster"",""weekend_streaming_effect""],""top_advocate"":""@signalbridge_hope"",""urgency_score"":87,""confidence"":""high"",""trend"":""accelerating""}",2026-05-27T11:26:27Z
4559,1541,Bay Area (SF),2026-06-14,286,237,317,2,telco_signal_v2,"{""model"":""telco_signal_v2"",""drivers"":[""upgrade_demand_spike"",""account_manager_cluster"",""weekend_streaming_effect""],""top_advocate"":""@signalbridge_hope"",""urgency_score"":87,""confidence"":""high"",""trend"":""accelerating""}",2026-05-27T11:26:27Z
4560,1541,Bay Area (SF),2026-06-15,304,245,325,1.93,telco_signal_v2,"{""model"":""telco_signal_v2"",""drivers"":[""upgrade_demand_spike"",""account_manager_cluster"",""weekend_streaming_effect""],""top_advocate"":""@signalbridge_hope"",""urgency_score"":87,""confidence"":""high"",""trend"":""accelerating""}",2026-05-27T11:26:27Z
4561,1541,Bay Area (SF),2026-06-16,293,253,333,2.13,telco_signal_v2,"{""model"":""telco_signal_v2"",""drivers"":[""upgrade_demand_spike"",""account_manager_cluster"",""weekend_streaming_effect""],""top_advocate"":""@signalbridge_hope"",""urgency_score"":87,""confidence"":""high"",""trend"":""accelerating""}",2026-05-27T11:26:27Z
4562,1541,Bay Area (SF),2026-06-17,291,261,341,1.91,telco_signal_v2,"{""model"":""telco_signal_v2"",""drivers"":[""upgrade_demand_spike"",""account_manager_cluster"",""weekend_streaming_effect""],""top_advocate"":""@signalbridge_hope"",""urgency_score"":87,""confidence"":""high"",""trend"":""accelerating""}",2026-05-27T11:26:27Z
4563,1541,Bay Area (SF),2026-06-18,301,269,349,1.95,telco_signal_v2,"{""model"":""telco_signal_v2"",""drivers"":[""upgrade_demand_spike"",""account_manager_cluster"",""weekend_streaming_effect""],""top_advocate"":""@signalbridge_hope"",""urgency_score"":87,""confidence"":""high"",""trend"":""accelerating""}",2026-05-27T11:26:27Z
4564,1541,Bay Area (SF),2026-06-19,313,277,357,2.1,telco_signal_v2,"{""model"":""telco_signal_v2"",""drivers"":[""upgrade_demand_spike"",""account_manager_cluster"",""weekend_streaming_effect""],""top_advocate"":""@signalbridge_hope"",""urgency_score"":87,""confidence"":""high"",""trend"":""accelerating""}",2026-05-27T11:26:27Z
4565,1541,Bay Area (SF),2026-06-20,327,285,365,2.22,telco_signal_v2,"{""model"":""telco_signal_v2"",""drivers"":[""upgrade_demand_spike"",""account_manager_cluster"",""weekend_streaming_effect""],""top_advocate"":""@signalbridge_hope"",""urgency_score"":87,""confidence"":""high"",""trend"":""accelerating""}",2026-05-27T11:26:27Z
4566,1541,Bay Area (SF),2026-06-21,335,293,373,2.28,telco_signal_v2,"{""model"":""telco_signal_v2"",""drivers"":[""upgrade_demand_spike"",""account_manager_cluster"",""weekend_streaming_effect""],""top_advocate"":""@signalbridge_hope"",""urgency_score"":87,""confidence"":""high"",""trend"":""accelerating""}",2026-05-27T11:26:27Z
4567,1541,Bay Area (SF),2026-06-22,339,301,381,2.35,telco_signal_v2,"{""model"":""telco_signal_v2"",""drivers"":[""upgrade_demand_spike"",""account_manager_cluster"",""weekend_streaming_effect""],""top_advocate"":""@signalbridge_hope"",""urgency_score"":87,""confidence"":""high"",""trend"":""accelerating""}",2026-05-27T11:26:27Z
4568,1541,Bay Area (SF),2026-06-23,333,309,389,2.25,telco_signal_v2,"{""model"":""telco_signal_v2"",""drivers"":[""upgrade_demand_spike"",""account_manager_cluster"",""weekend_streaming_effect""],""top_advocate"":""@signalbridge_hope"",""urgency_score"":87,""confidence"":""high"",""trend"":""accelerating""}",2026-05-27T11:26:27Z
4569,1541,Bay Area (SF),2026-06-24,367,317,397,2.29,telco_signal_v2,"{""model"":""telco_signal_v2"",""drivers"":[""upgrade_demand_spike"",""account_manager_cluster"",""weekend_streaming_effect""],""top_advocate"":""@signalbridge_hope"",""urgency_score"":87,""confidence"":""high"",""trend"":""accelerating""}",2026-05-27T11:26:27Z
4570,1541,Bay Area (SF),2026-06-25,348,325,405,2.35,telco_signal_v2,"{""model"":""telco_signal_v2"",""drivers"":[""upgrade_demand_spike"",""account_manager_cluster"",""weekend_streaming_effect""],""top_advocate"":""@signalbridge_hope"",""urgency_score"":87,""confidence"":""high"",""trend"":""accelerating""}",2026-05-27T11:26:27Z
4571,1541,New York Metro,2026-05-27,205,141,241,1.38,telco_signal_v2,"{""model"":""telco_signal_v2"",""drivers"":[""subscriber_forum_signal"",""field_technician_signal"",""same_day_activation_pressure""],""top_advocate"":""@navigation_nora"",""urgency_score"":79,""confidence"":""high"",""trend"":""rising""}",2026-05-27T11:26:27Z
4572,1541,New York Metro,2026-05-28,214,147,247,1.44,telco_signal_v2,"{""model"":""telco_signal_v2"",""drivers"":[""subscriber_forum_signal"",""field_technician_signal"",""same_day_activation_pressure""],""top_advocate"":""@navigation_nora"",""urgency_score"":79,""confidence"":""high"",""trend"":""rising""}",2026-05-27T11:26:27Z
4573,1541,New York Metro,2026-05-29,226,153,253,1.31,telco_signal_v2,"{""model"":""telco_signal_v2"",""drivers"":[""subscriber_forum_signal"",""field_technician_signal"",""same_day_activation_pressure""],""top_advocate"":""@navigation_nora"",""urgency_score"":79,""confidence"":""high"",""trend"":""rising""}",2026-05-27T11:26:27Z
4574,1541,New York Metro,2026-05-30,207,159,259,1.43,telco_signal_v2,"{""model"":""telco_signal_v2"",""drivers"":[""subscriber_forum_signal"",""field_technician_signal"",""same_day_activation_pressure""],""top_advocate"":""@navigation_nora"",""urgency_score"":79,""confidence"":""high"",""trend"":""rising""}",2026-05-27T11:26:27Z
4575,1541,New York Metro,2026-05-31,198,165,265,1.52,telco_signal_v2,"{""model"":""telco_signal_v2"",""drivers"":[""subscriber_forum_signal"",""field_technician_signal"",""same_day_activation_pressure""],""top_advocate"":""@navigation_nora"",""urgency_score"":79,""confidence"":""high"",""trend"":""rising""}",2026-05-27T11:26:27Z
4576,1541,New York Metro,2026-06-01,243,171,271,1.53,telco_signal_v2,"{""model"":""telco_signal_v2"",""drivers"":[""subscriber_forum_signal"",""field_technician_signal"",""same_day_activation_pressure""],""top_advocate"":""@navigation_nora"",""urgency_score"":79,""confidence"":""high"",""trend"":""rising""}",2026-05-27T11:26:27Z
4577,1541,New York Metro,2026-06-02,245,177,277,1.48,telco_signal_v2,"{""model"":""telco_signal_v2"",""drivers"":[""subscriber_forum_signal"",""field_technician_signal"",""same_day_activation_pressure""],""top_advocate"":""@navigation_nora"",""urgency_score"":79,""confidence"":""high"",""trend"":""rising""}",2026-05-27T11:26:27Z
4578,1541,New York Metro,2026-06-03,251,183,283,1.56,telco_signal_v2,"{""model"":""telco_signal_v2"",""drivers"":[""subscriber_forum_signal"",""field_technician_signal"",""same_day_activation_pressure""],""top_advocate"":""@navigation_nora"",""urgency_score"":79,""confidence"":""high"",""trend"":""rising""}",2026-05-27T11:26:27Z
4579,1541,New York Metro,2026-06-04,217,189,289,1.62,telco_signal_v2,"{""model"":""telco_signal_v2"",""drivers"":[""subscriber_forum_signal"",""field_technician_signal"",""same_day_activation_pressure""],""top_advocate"":""@navigation_nora"",""urgency_score"":79,""confidence"":""high"",""trend"":""rising""}",2026-05-27T11:26:27Z
4580,1541,New York Metro,2026-06-05,254,195,295,1.54,telco_signal_v2,"{""model"":""telco_signal_v2"",""drivers"":[""subscriber_forum_signal"",""field_technician_signal"",""same_day_activation_pressure""],""top_advocate"":""@navigation_nora"",""urgency_score"":79,""confidence"":""high"",""trend"":""rising""}",2026-05-27T11:26:27Z
4581,1541,New York Metro,2026-06-06,248,201,301,1.72,telco_signal_v2,"{""model"":""telco_signal_v2"",""drivers"":[""subscriber_forum_signal"",""field_technician_signal"",""same_day_activation_pressure""],""top_advocate"":""@navigation_nora"",""urgency_score"":79,""confidence"":""high"",""trend"":""rising""}",2026-05-27T11:26:27Z
4582,1541,New York Metro,2026-06-07,255,207,307,1.57,telco_signal_v2,"{""model"":""telco_signal_v2"",""drivers"":[""subscriber_forum_signal"",""field_technician_signal"",""same_day_activation_pressure""],""top_advocate"":""@navigation_nora"",""urgency_score"":79,""confidence"":""high"",""trend"":""rising""}",2026-05-27T11:26:27Z
4583,1541,New York Metro,2026-06-08,283,213,313,1.73,telco_signal_v2,"{""model"":""telco_signal_v2"",""drivers"":[""subscriber_forum_signal"",""field_technician_signal"",""same_day_activation_pressure""],""top_advocate"":""@navigation_nora"",""urgency_score"":79,""confidence"":""high"",""trend"":""rising""}",2026-05-27T11:26:27Z
4584,1541,New York Metro,2026-06-09,267,219,319,1.68,telco_signal_v2,"{""model"":""telco_signal_v2"",""drivers"":[""subscriber_forum_signal"",""field_technician_signal"",""same_day_activation_pressure""],""top_advocate"":""@navigation_nora"",""urgency_score"":79,""confidence"":""high"",""trend"":""rising""}",2026-05-27T11:26:27Z
4585,1541,New York Metro,2026-06-10,299,225,325,1.69,telco_signal_v2,"{""model"":""telco_signal_v2"",""drivers"":[""subscriber_forum_signal"",""field_technician_signal"",""same_day_activation_pressure""],""top_advocate"":""@navigation_nora"",""urgency_score"":79,""confidence"":""high"",""trend"":""rising""}",2026-05-27T11:26:27Z
4586,1541,New York Metro,2026-06-11,291,231,331,1.78,telco_signal_v2,"{""model"":""telco_signal_v2"",""drivers"":[""subscriber_forum_signal"",""field_technician_signal"",""same_day_activation_pressure""],""top_advocate"":""@navigation_nora"",""urgency_score"":79,""confidence"":""high"",""trend"":""rising""}",2026-05-27T11:26:27Z
4587,1541,New York Metro,2026-06-12,290,237,337,1.87,telco_signal_v2,"{""model"":""telco_signal_v2"",""drivers"":[""subscriber_forum_signal"",""field_technician_signal"",""same_day_activation_pressure""],""top_advocate"":""@navigation_nora"",""urgency_score"":79,""confidence"":""high"",""trend"":""rising""}",2026-05-27T11:26:27Z
4588,1541,New York Metro,2026-06-13,285,243,343,1.84,telco_signal_v2,"{""model"":""telco_signal_v2"",""drivers"":[""subscriber_forum_signal"",""field_technician_signal"",""same_day_activation_pressure""],""top_advocate"":""@navigation_nora"",""urgency_score"":79,""confidence"":""high"",""trend"":""rising""}",2026-05-27T11:26:27Z
4589,1541,New York Metro,2026-06-14,278,249,349,1.91,telco_signal_v2,"{""model"":""telco_signal_v2"",""drivers"":[""subscriber_forum_signal"",""field_technician_signal"",""same_day_activation_pressure""],""top_advocate"":""@navigation_nora"",""urgency_score"":79,""confidence"":""high"",""trend"":""rising""}",2026-05-27T11:26:27Z
4590,1541,New York Metro,2026-06-15,313,255,355,1.89,telco_signal_v2,"{""model"":""telco_signal_v2"",""drivers"":[""subscriber_forum_signal"",""field_technician_signal"",""same_day_activation_pressure""],""top_advocate"":""@navigation_nora"",""urgency_score"":79,""confidence"":""high"",""trend"":""rising""}",2026-05-27T11:26:27Z
4591,1541,New York Metro,2026-06-16,334,261,361,1.9,telco_signal_v2,"{""model"":""telco_signal_v2"",""drivers"":[""subscriber_forum_signal"",""field_technician_signal"",""same_day_activation_pressure""],""top_advocate"":""@navigation_nora"",""urgency_score"":79,""confidence"":""high"",""trend"":""rising""}",2026-05-27T11:26:27Z
4592,1541,New York Metro,2026-06-17,304,267,367,1.94,telco_signal_v2,"{""model"":""telco_signal_v2"",""drivers"":[""subscriber_forum_signal"",""field_technician_signal"",""same_day_activation_pressure""],""top_advocate"":""@navigation_nora"",""urgency_score"":79,""confidence"":""high"",""trend"":""rising""}",2026-05-27T11:26:27Z
4593,1541,New York Metro,2026-06-18,302,273,373,1.97,telco_signal_v2,"{""model"":""telco_signal_v2"",""drivers"":[""subscriber_forum_signal"",""field_technician_signal"",""same_day_activation_pressure""],""top_advocate"":""@navigation_nora"",""urgency_score"":79,""confidence"":""high"",""trend"":""rising""}",2026-05-27T11:26:27Z
4594,1541,New York Metro,2026-06-19,325,279,379,2.02,telco_signal_v2,"{""model"":""telco_signal_v2"",""drivers"":[""subscriber_forum_signal"",""field_technician_signal"",""same_day_activation_pressure""],""top_advocate"":""@navigation_nora"",""urgency_score"":79,""confidence"":""high"",""trend"":""rising""}",2026-05-27T11:26:27Z
4595,1541,New York Metro,2026-06-20,343,285,385,2.11,telco_signal_v2,"{""model"":""telco_signal_v2"",""drivers"":[""subscriber_forum_signal"",""field_technician_signal"",""same_day_activation_pressure""],""top_advocate"":""@navigation_nora"",""urgency_score"":79,""confidence"":""high"",""trend"":""rising""}",2026-05-27T11:26:27Z
4596,1541,New York Metro,2026-06-21,347,291,391,2.02,telco_signal_v2,"{""model"":""telco_signal_v2"",""drivers"":[""subscriber_forum_signal"",""field_technician_signal"",""same_day_activation_pressure""],""top_advocate"":""@navigation_nora"",""urgency_score"":79,""confidence"":""high"",""trend"":""rising""}",2026-05-27T11:26:27Z
4597,1541,New York Metro,2026-06-22,342,297,397,2.12,telco_signal_v2,"{""model"":""telco_signal_v2"",""drivers"":[""subscriber_forum_signal"",""field_technician_signal"",""same_day_activation_pressure""],""top_advocate"":""@navigation_nora"",""urgency_score"":79,""confidence"":""high"",""trend"":""rising""}",2026-05-27T11:26:27Z
4598,1541,New York Metro,2026-06-23,355,303,403,2.18,telco_signal_v2,"{""model"":""telco_signal_v2"",""drivers"":[""subscriber_forum_signal"",""field_technician_signal"",""same_day_activation_pressure""],""top_advocate"":""@navigation_nora"",""urgency_score"":79,""confidence"":""high"",""trend"":""rising""}",2026-05-27T11:26:27Z
4599,1541,New York Metro,2026-06-24,358,309,409,2.13,telco_signal_v2,"{""model"":""telco_signal_v2"",""drivers"":[""subscriber_forum_signal"",""field_technician_signal"",""same_day_activation_pressure""],""top_advocate"":""@navigation_nora"",""urgency_score"":79,""confidence"":""high"",""trend"":""rising""}",2026-05-27T11:26:27Z
4600,1541,New York Metro,2026-06-25,351,315,415,2.29,telco_signal_v2,"{""model"":""telco_signal_v2"",""drivers"":[""subscriber_forum_signal"",""field_technician_signal"",""same_day_activation_pressure""],""top_advocate"":""@navigation_nora"",""urgency_score"":79,""confidence"":""high"",""trend"":""rising""}",2026-05-27T11:26:27Z
4601,1541,Los Angeles Basin,2026-05-27,145,110,198,1.21,telco_signal_v2,"{""model"":""telco_signal_v2"",""drivers"":[""regional_outage_mention"",""subscriber_education_video"",""storm_season""],""top_advocate"":""@retailstore_maya"",""urgency_score"":74,""confidence"":""medium"",""trend"":""steady_growth""}",2026-05-27T11:26:27Z
4602,1541,Los Angeles Basin,2026-05-28,139,115,203,1.38,telco_signal_v2,"{""model"":""telco_signal_v2"",""drivers"":[""regional_outage_mention"",""subscriber_education_video"",""storm_season""],""top_advocate"":""@retailstore_maya"",""urgency_score"":74,""confidence"":""medium"",""trend"":""steady_growth""}",2026-05-27T11:26:27Z
4603,1541,Los Angeles Basin,2026-05-29,169,120,208,1.29,telco_signal_v2,"{""model"":""telco_signal_v2"",""drivers"":[""regional_outage_mention"",""subscriber_education_video"",""storm_season""],""top_advocate"":""@retailstore_maya"",""urgency_score"":74,""confidence"":""medium"",""trend"":""steady_growth""}",2026-05-27T11:26:27Z
4604,1541,Los Angeles Basin,2026-05-30,156,125,213,1.48,telco_signal_v2,"{""model"":""telco_signal_v2"",""drivers"":[""regional_outage_mention"",""subscriber_education_video"",""storm_season""],""top_advocate"":""@retailstore_maya"",""urgency_score"":74,""confidence"":""medium"",""trend"":""steady_growth""}",2026-05-27T11:26:27Z
4605,1541,Los Angeles Basin,2026-05-31,155,130,218,1.41,telco_signal_v2,"{""model"":""telco_signal_v2"",""drivers"":[""regional_outage_mention"",""subscriber_education_video"",""storm_season""],""top_advocate"":""@retailstore_maya"",""urgency_score"":74,""confidence"":""medium"",""trend"":""steady_growth""}",2026-05-27T11:26:27Z
4606,1541,Los Angeles Basin,2026-06-01,160,135,223,1.31,telco_signal_v2,"{""model"":""telco_signal_v2"",""drivers"":[""regional_outage_mention"",""subscriber_education_video"",""storm_season""],""top_advocate"":""@retailstore_maya"",""urgency_score"":74,""confidence"":""medium"",""trend"":""steady_growth""}",2026-05-27T11:26:27Z
4607,1541,Los Angeles Basin,2026-06-02,166,140,228,1.55,telco_signal_v2,"{""model"":""telco_signal_v2"",""drivers"":[""regional_outage_mention"",""subscriber_education_video"",""storm_season""],""top_advocate"":""@retailstore_maya"",""urgency_score"":74,""confidence"":""medium"",""trend"":""steady_growth""}",2026-05-27T11:26:27Z
4608,1541,Los Angeles Basin,2026-06-03,192,145,233,1.48,telco_signal_v2,"{""model"":""telco_signal_v2"",""drivers"":[""regional_outage_mention"",""subscriber_education_video"",""storm_season""],""top_advocate"":""@retailstore_maya"",""urgency_score"":74,""confidence"":""medium"",""trend"":""steady_growth""}",2026-05-27T11:26:27Z
4609,1541,Los Angeles Basin,2026-06-04,187,150,238,1.6,telco_signal_v2,"{""model"":""telco_signal_v2"",""drivers"":[""regional_outage_mention"",""subscriber_education_video"",""storm_season""],""top_advocate"":""@retailstore_maya"",""urgency_score"":74,""confidence"":""medium"",""trend"":""steady_growth""}",2026-05-27T11:26:27Z
4610,1541,Los Angeles Basin,2026-06-05,199,155,243,1.54,telco_signal_v2,"{""model"":""telco_signal_v2"",""drivers"":[""regional_outage_mention"",""subscriber_education_video"",""storm_season""],""top_advocate"":""@retailstore_maya"",""urgency_score"":74,""confidence"":""medium"",""trend"":""steady_growth""}",2026-05-27T11:26:27Z
4611,1541,Los Angeles Basin,2026-06-06,202,160,248,1.45,telco_signal_v2,"{""model"":""telco_signal_v2"",""drivers"":[""regional_outage_mention"",""subscriber_education_video"",""storm_season""],""top_advocate"":""@retailstore_maya"",""urgency_score"":74,""confidence"":""medium"",""trend"":""steady_growth""}",2026-05-27T11:26:27Z
4612,1541,Los Angeles Basin,2026-06-07,208,165,253,1.54,telco_signal_v2,"{""model"":""telco_signal_v2"",""drivers"":[""regional_outage_mention"",""subscriber_education_video"",""storm_season""],""top_advocate"":""@retailstore_maya"",""urgency_score"":74,""confidence"":""medium"",""trend"":""steady_growth""}",2026-05-27T11:26:27Z
4613,1541,Los Angeles Basin,2026-06-08,221,170,258,1.53,telco_signal_v2,"{""model"":""telco_signal_v2"",""drivers"":[""regional_outage_mention"",""subscriber_education_video"",""storm_season""],""top_advocate"":""@retailstore_maya"",""urgency_score"":74,""confidence"":""medium"",""trend"":""steady_growth""}",2026-05-27T11:26:27Z
4614,1541,Los Angeles Basin,2026-06-09,204,175,263,1.51,telco_signal_v2,"{""model"":""telco_signal_v2"",""drivers"":[""regional_outage_mention"",""subscriber_education_video"",""storm_season""],""top_advocate"":""@retailstore_maya"",""urgency_score"":74,""confidence"":""medium"",""trend"":""steady_growth""}",2026-05-27T11:26:27Z
4615,1541,Los Angeles Basin,2026-06-10,206,180,268,1.66,telco_signal_v2,"{""model"":""telco_signal_v2"",""drivers"":[""regional_outage_mention"",""subscriber_education_video"",""storm_season""],""top_advocate"":""@retailstore_maya"",""urgency_score"":74,""confidence"":""medium"",""trend"":""steady_growth""}",2026-05-27T11:26:27Z
4616,1541,Los Angeles Basin,2026-06-11,224,185,273,1.65,telco_signal_v2,"{""model"":""telco_signal_v2"",""drivers"":[""regional_outage_mention"",""subscriber_education_video"",""storm_season""],""top_advocate"":""@retailstore_maya"",""urgency_score"":74,""confidence"":""medium"",""trend"":""steady_growth""}",2026-05-27T11:26:27Z
4617,1541,Los Angeles Basin,2026-06-12,247,190,278,1.75,telco_signal_v2,"{""model"":""telco_signal_v2"",""drivers"":[""regional_outage_mention"",""subscriber_education_video"",""storm_season""],""top_advocate"":""@retailstore_maya"",""urgency_score"":74,""confidence"":""medium"",""trend"":""steady_growth""}",2026-05-27T11:26:27Z
4618,1541,Los Angeles Basin,2026-06-13,224,195,283,1.76,telco_signal_v2,"{""model"":""telco_signal_v2"",""drivers"":[""regional_outage_mention"",""subscriber_education_video"",""storm_season""],""top_advocate"":""@retailstore_maya"",""urgency_score"":74,""confidence"":""medium"",""trend"":""steady_growth""}",2026-05-27T11:26:27Z
4619,1541,Los Angeles Basin,2026-06-14,247,200,288,1.74,telco_signal_v2,"{""model"":""telco_signal_v2"",""drivers"":[""regional_outage_mention"",""subscriber_education_video"",""storm_season""],""top_advocate"":""@retailstore_maya"",""urgency_score"":74,""confidence"":""medium"",""trend"":""steady_growth""}",2026-05-27T11:26:27Z
4620,1541,Los Angeles Basin,2026-06-15,241,205,293,1.69,telco_signal_v2,"{""model"":""telco_signal_v2"",""drivers"":[""regional_outage_mention"",""subscriber_education_video"",""storm_season""],""top_advocate"":""@retailstore_maya"",""urgency_score"":74,""confidence"":""medium"",""trend"":""steady_growth""}",2026-05-27T11:26:27Z
4621,1541,Los Angeles Basin,2026-06-16,269,210,298,1.8,telco_signal_v2,"{""model"":""telco_signal_v2"",""drivers"":[""regional_outage_mention"",""subscriber_education_video"",""storm_season""],""top_advocate"":""@retailstore_maya"",""urgency_score"":74,""confidence"":""medium"",""trend"":""steady_growth""}",2026-05-27T11:26:27Z
4622,1541,Los Angeles Basin,2026-06-17,259,215,303,1.89,telco_signal_v2,"{""model"":""telco_signal_v2"",""drivers"":[""regional_outage_mention"",""subscriber_education_video"",""storm_season""],""top_advocate"":""@retailstore_maya"",""urgency_score"":74,""confidence"":""medium"",""trend"":""steady_growth""}",2026-05-27T11:26:27Z
4623,1541,Los Angeles Basin,2026-06-18,270,220,308,1.79,telco_signal_v2,"{""model"":""telco_signal_v2"",""drivers"":[""regional_outage_mention"",""subscriber_education_video"",""storm_season""],""top_advocate"":""@retailstore_maya"",""urgency_score"":74,""confidence"":""medium"",""trend"":""steady_growth""}",2026-05-27T11:26:27Z
4624,1541,Los Angeles Basin,2026-06-19,276,225,313,1.94,telco_signal_v2,"{""model"":""telco_signal_v2"",""drivers"":[""regional_outage_mention"",""subscriber_education_video"",""storm_season""],""top_advocate"":""@retailstore_maya"",""urgency_score"":74,""confidence"":""medium"",""trend"":""steady_growth""}",2026-05-27T11:26:27Z
4625,1541,Los Angeles Basin,2026-06-20,269,230,318,1.8,telco_signal_v2,"{""model"":""telco_signal_v2"",""drivers"":[""regional_outage_mention"",""subscriber_education_video"",""storm_season""],""top_advocate"":""@retailstore_maya"",""urgency_score"":74,""confidence"":""medium"",""trend"":""steady_growth""}",2026-05-27T11:26:27Z
4626,1541,Los Angeles Basin,2026-06-21,267,235,323,2.05,telco_signal_v2,"{""model"":""telco_signal_v2"",""drivers"":[""regional_outage_mention"",""subscriber_education_video"",""storm_season""],""top_advocate"":""@retailstore_maya"",""urgency_score"":74,""confidence"":""medium"",""trend"":""steady_growth""}",2026-05-27T11:26:27Z
4627,1541,Los Angeles Basin,2026-06-22,277,240,328,2.01,telco_signal_v2,"{""model"":""telco_signal_v2"",""drivers"":[""regional_outage_mention"",""subscriber_education_video"",""storm_season""],""top_advocate"":""@retailstore_maya"",""urgency_score"":74,""confidence"":""medium"",""trend"":""steady_growth""}",2026-05-27T11:26:27Z
4628,1541,Los Angeles Basin,2026-06-23,279,245,333,1.86,telco_signal_v2,"{""model"":""telco_signal_v2"",""drivers"":[""regional_outage_mention"",""subscriber_education_video"",""storm_season""],""top_advocate"":""@retailstore_maya"",""urgency_score"":74,""confidence"":""medium"",""trend"":""steady_growth""}",2026-05-27T11:26:27Z
4629,1541,Los Angeles Basin,2026-06-24,288,250,338,1.93,telco_signal_v2,"{""model"":""telco_signal_v2"",""drivers"":[""regional_outage_mention"",""subscriber_education_video"",""storm_season""],""top_advocate"":""@retailstore_maya"",""urgency_score"":74,""confidence"":""medium"",""trend"":""steady_growth""}",2026-05-27T11:26:27Z
4630,1541,Los Angeles Basin,2026-06-25,308,255,343,2.09,telco_signal_v2,"{""model"":""telco_signal_v2"",""drivers"":[""regional_outage_mention"",""subscriber_education_video"",""storm_season""],""top_advocate"":""@retailstore_maya"",""urgency_score"":74,""confidence"":""medium"",""trend"":""steady_growth""}",2026-05-27T11:26:27Z
4631,1542,Seattle Metro,2026-05-27,110,74,130,1.42,telco_signal_v2,"{""model"":""telco_signal_v2"",""drivers"":[""enterprise_adoption_signal"",""new_bundle_launch"",""early_retail_store_cluster""],""top_advocate"":""@5gmobile_mark"",""urgency_score"":82,""confidence"":""high"",""trend"":""launch_spike""}",2026-05-27T11:26:27Z
4632,1542,Seattle Metro,2026-05-28,101,78,134,1.48,telco_signal_v2,"{""model"":""telco_signal_v2"",""drivers"":[""enterprise_adoption_signal"",""new_bundle_launch"",""early_retail_store_cluster""],""top_advocate"":""@5gmobile_mark"",""urgency_score"":82,""confidence"":""high"",""trend"":""launch_spike""}",2026-05-27T11:26:27Z
4633,1542,Seattle Metro,2026-05-29,103,82,138,1.4,telco_signal_v2,"{""model"":""telco_signal_v2"",""drivers"":[""enterprise_adoption_signal"",""new_bundle_launch"",""early_retail_store_cluster""],""top_advocate"":""@5gmobile_mark"",""urgency_score"":82,""confidence"":""high"",""trend"":""launch_spike""}",2026-05-27T11:26:27Z
4634,1542,Seattle Metro,2026-05-30,118,86,142,1.49,telco_signal_v2,"{""model"":""telco_signal_v2"",""drivers"":[""enterprise_adoption_signal"",""new_bundle_launch"",""early_retail_store_cluster""],""top_advocate"":""@5gmobile_mark"",""urgency_score"":82,""confidence"":""high"",""trend"":""launch_spike""}",2026-05-27T11:26:27Z
4635,1542,Seattle Metro,2026-05-31,115,90,146,1.54,telco_signal_v2,"{""model"":""telco_signal_v2"",""drivers"":[""enterprise_adoption_signal"",""new_bundle_launch"",""early_retail_store_cluster""],""top_advocate"":""@5gmobile_mark"",""urgency_score"":82,""confidence"":""high"",""trend"":""launch_spike""}",2026-05-27T11:26:27Z
4636,1542,Seattle Metro,2026-06-01,126,94,150,1.47,telco_signal_v2,"{""model"":""telco_signal_v2"",""drivers"":[""enterprise_adoption_signal"",""new_bundle_launch"",""early_retail_store_cluster""],""top_advocate"":""@5gmobile_mark"",""urgency_score"":82,""confidence"":""high"",""trend"":""launch_spike""}",2026-05-27T11:26:27Z
4637,1542,Seattle Metro,2026-06-02,122,98,154,1.45,telco_signal_v2,"{""model"":""telco_signal_v2"",""drivers"":[""enterprise_adoption_signal"",""new_bundle_launch"",""early_retail_store_cluster""],""top_advocate"":""@5gmobile_mark"",""urgency_score"":82,""confidence"":""high"",""trend"":""launch_spike""}",2026-05-27T11:26:27Z
4638,1542,Seattle Metro,2026-06-03,125,102,158,1.49,telco_signal_v2,"{""model"":""telco_signal_v2"",""drivers"":[""enterprise_adoption_signal"",""new_bundle_launch"",""early_retail_store_cluster""],""top_advocate"":""@5gmobile_mark"",""urgency_score"":82,""confidence"":""high"",""trend"":""launch_spike""}",2026-05-27T11:26:27Z
4639,1542,Seattle Metro,2026-06-04,129,106,162,1.52,telco_signal_v2,"{""model"":""telco_signal_v2"",""drivers"":[""enterprise_adoption_signal"",""new_bundle_launch"",""early_retail_store_cluster""],""top_advocate"":""@5gmobile_mark"",""urgency_score"":82,""confidence"":""high"",""trend"":""launch_spike""}",2026-05-27T11:26:27Z
4640,1542,Seattle Metro,2026-06-05,128,110,166,1.52,telco_signal_v2,"{""model"":""telco_signal_v2"",""drivers"":[""enterprise_adoption_signal"",""new_bundle_launch"",""early_retail_store_cluster""],""top_advocate"":""@5gmobile_mark"",""urgency_score"":82,""confidence"":""high"",""trend"":""launch_spike""}",2026-05-27T11:26:27Z
4641,1542,Seattle Metro,2026-06-06,137,114,170,1.58,telco_signal_v2,"{""model"":""telco_signal_v2"",""drivers"":[""enterprise_adoption_signal"",""new_bundle_launch"",""early_retail_store_cluster""],""top_advocate"":""@5gmobile_mark"",""urgency_score"":82,""confidence"":""high"",""trend"":""launch_spike""}",2026-05-27T11:26:27Z
4642,1542,Seattle Metro,2026-06-07,134,118,174,1.61,telco_signal_v2,"{""model"":""telco_signal_v2"",""drivers"":[""enterprise_adoption_signal"",""new_bundle_launch"",""early_retail_store_cluster""],""top_advocate"":""@5gmobile_mark"",""urgency_score"":82,""confidence"":""high"",""trend"":""launch_spike""}",2026-05-27T11:26:27Z
4643,1542,Seattle Metro,2026-06-08,144,122,178,1.67,telco_signal_v2,"{""model"":""telco_signal_v2"",""drivers"":[""enterprise_adoption_signal"",""new_bundle_launch"",""early_retail_store_cluster""],""top_advocate"":""@5gmobile_mark"",""urgency_score"":82,""confidence"":""high"",""trend"":""launch_spike""}",2026-05-27T11:26:27Z
4644,1542,Seattle Metro,2026-06-09,152,126,182,1.62,telco_signal_v2,"{""model"":""telco_signal_v2"",""drivers"":[""enterprise_adoption_signal"",""new_bundle_launch"",""early_retail_store_cluster""],""top_advocate"":""@5gmobile_mark"",""urgency_score"":82,""confidence"":""high"",""trend"":""launch_spike""}",2026-05-27T11:26:27Z
4645,1542,Seattle Metro,2026-06-10,168,130,186,1.74,telco_signal_v2,"{""model"":""telco_signal_v2"",""drivers"":[""enterprise_adoption_signal"",""new_bundle_launch"",""early_retail_store_cluster""],""top_advocate"":""@5gmobile_mark"",""urgency_score"":82,""confidence"":""high"",""trend"":""launch_spike""}",2026-05-27T11:26:27Z
4646,1542,Seattle Metro,2026-06-11,159,134,190,1.69,telco_signal_v2,"{""model"":""telco_signal_v2"",""drivers"":[""enterprise_adoption_signal"",""new_bundle_launch"",""early_retail_store_cluster""],""top_advocate"":""@5gmobile_mark"",""urgency_score"":82,""confidence"":""high"",""trend"":""launch_spike""}",2026-05-27T11:26:27Z
4647,1542,Seattle Metro,2026-06-12,156,138,194,1.74,telco_signal_v2,"{""model"":""telco_signal_v2"",""drivers"":[""enterprise_adoption_signal"",""new_bundle_launch"",""early_retail_store_cluster""],""top_advocate"":""@5gmobile_mark"",""urgency_score"":82,""confidence"":""high"",""trend"":""launch_spike""}",2026-05-27T11:26:27Z
4648,1542,Seattle Metro,2026-06-13,159,142,198,1.69,telco_signal_v2,"{""model"":""telco_signal_v2"",""drivers"":[""enterprise_adoption_signal"",""new_bundle_launch"",""early_retail_store_cluster""],""top_advocate"":""@5gmobile_mark"",""urgency_score"":82,""confidence"":""high"",""trend"":""launch_spike""}",2026-05-27T11:26:27Z
4649,1542,Seattle Metro,2026-06-14,179,146,202,1.71,telco_signal_v2,"{""model"":""telco_signal_v2"",""drivers"":[""enterprise_adoption_signal"",""new_bundle_launch"",""early_retail_store_cluster""],""top_advocate"":""@5gmobile_mark"",""urgency_score"":82,""confidence"":""high"",""trend"":""launch_spike""}",2026-05-27T11:26:27Z
4650,1542,Seattle Metro,2026-06-15,177,150,206,1.71,telco_signal_v2,"{""model"":""telco_signal_v2"",""drivers"":[""enterprise_adoption_signal"",""new_bundle_launch"",""early_retail_store_cluster""],""top_advocate"":""@5gmobile_mark"",""urgency_score"":82,""confidence"":""high"",""trend"":""launch_spike""}",2026-05-27T11:26:27Z
4651,1542,Seattle Metro,2026-06-16,174,154,210,1.78,telco_signal_v2,"{""model"":""telco_signal_v2"",""drivers"":[""enterprise_adoption_signal"",""new_bundle_launch"",""early_retail_store_cluster""],""top_advocate"":""@5gmobile_mark"",""urgency_score"":82,""confidence"":""high"",""trend"":""launch_spike""}",2026-05-27T11:26:27Z
4652,1542,Seattle Metro,2026-06-17,175,158,214,1.86,telco_signal_v2,"{""model"":""telco_signal_v2"",""drivers"":[""enterprise_adoption_signal"",""new_bundle_launch"",""early_retail_store_cluster""],""top_advocate"":""@5gmobile_mark"",""urgency_score"":82,""confidence"":""high"",""trend"":""launch_spike""}",2026-05-27T11:26:27Z
4653,1542,Seattle Metro,2026-06-18,181,162,218,1.85,telco_signal_v2,"{""model"":""telco_signal_v2"",""drivers"":[""enterprise_adoption_signal"",""new_bundle_launch"",""early_retail_store_cluster""],""top_advocate"":""@5gmobile_mark"",""urgency_score"":82,""confidence"":""high"",""trend"":""launch_spike""}",2026-05-27T11:26:27Z
4654,1542,Seattle Metro,2026-06-19,186,166,222,1.89,telco_signal_v2,"{""model"":""telco_signal_v2"",""drivers"":[""enterprise_adoption_signal"",""new_bundle_launch"",""early_retail_store_cluster""],""top_advocate"":""@5gmobile_mark"",""urgency_score"":82,""confidence"":""high"",""trend"":""launch_spike""}",2026-05-27T11:26:27Z
4655,1542,Seattle Metro,2026-06-20,210,170,226,1.87,telco_signal_v2,"{""model"":""telco_signal_v2"",""drivers"":[""enterprise_adoption_signal"",""new_bundle_launch"",""early_retail_store_cluster""],""top_advocate"":""@5gmobile_mark"",""urgency_score"":82,""confidence"":""high"",""trend"":""launch_spike""}",2026-05-27T11:26:27Z
4656,1542,Seattle Metro,2026-06-21,194,174,230,1.93,telco_signal_v2,"{""model"":""telco_signal_v2"",""drivers"":[""enterprise_adoption_signal"",""new_bundle_launch"",""early_retail_store_cluster""],""top_advocate"":""@5gmobile_mark"",""urgency_score"":82,""confidence"":""high"",""trend"":""launch_spike""}",2026-05-27T11:26:27Z
4657,1542,Seattle Metro,2026-06-22,209,178,234,1.96,telco_signal_v2,"{""model"":""telco_signal_v2"",""drivers"":[""enterprise_adoption_signal"",""new_bundle_launch"",""early_retail_store_cluster""],""top_advocate"":""@5gmobile_mark"",""urgency_score"":82,""confidence"":""high"",""trend"":""launch_spike""}",2026-05-27T11:26:27Z
4658,1542,Seattle Metro,2026-06-23,203,182,238,1.88,telco_signal_v2,"{""model"":""telco_signal_v2"",""drivers"":[""enterprise_adoption_signal"",""new_bundle_launch"",""early_retail_store_cluster""],""top_advocate"":""@5gmobile_mark"",""urgency_score"":82,""confidence"":""high"",""trend"":""launch_spike""}",2026-05-27T11:26:27Z
4659,1542,Seattle Metro,2026-06-24,210,186,242,1.99,telco_signal_v2,"{""model"":""telco_signal_v2"",""drivers"":[""enterprise_adoption_signal"",""new_bundle_launch"",""early_retail_store_cluster""],""top_advocate"":""@5gmobile_mark"",""urgency_score"":82,""confidence"":""high"",""trend"":""launch_spike""}",2026-05-27T11:26:27Z
4660,1542,Seattle Metro,2026-06-25,210,190,246,1.93,telco_signal_v2,"{""model"":""telco_signal_v2"",""drivers"":[""enterprise_adoption_signal"",""new_bundle_launch"",""early_retail_store_cluster""],""top_advocate"":""@5gmobile_mark"",""urgency_score"":82,""confidence"":""high"",""trend"":""launch_spike""}",2026-05-27T11:26:27Z
4661,1542,Austin Metro,2026-05-27,77,60,108,1.28,telco_signal_v2,"{""model"":""telco_signal_v2"",""drivers"":[""regional_partner_roundtable"",""retail_store_network_adoption"",""support_team_forum_signal""],""top_advocate"":""@access_ava"",""urgency_score"":71,""confidence"":""medium"",""trend"":""rising""}",2026-05-27T11:26:27Z
4662,1542,Austin Metro,2026-05-28,79,63,111,1.37,telco_signal_v2,"{""model"":""telco_signal_v2"",""drivers"":[""regional_partner_roundtable"",""retail_store_network_adoption"",""support_team_forum_signal""],""top_advocate"":""@access_ava"",""urgency_score"":71,""confidence"":""medium"",""trend"":""rising""}",2026-05-27T11:26:27Z
4663,1542,Austin Metro,2026-05-29,91,66,114,1.44,telco_signal_v2,"{""model"":""telco_signal_v2"",""drivers"":[""regional_partner_roundtable"",""retail_store_network_adoption"",""support_team_forum_signal""],""top_advocate"":""@access_ava"",""urgency_score"":71,""confidence"":""medium"",""trend"":""rising""}",2026-05-27T11:26:27Z
4664,1542,Austin Metro,2026-05-30,92,69,117,1.33,telco_signal_v2,"{""model"":""telco_signal_v2"",""drivers"":[""regional_partner_roundtable"",""retail_store_network_adoption"",""support_team_forum_signal""],""top_advocate"":""@access_ava"",""urgency_score"":71,""confidence"":""medium"",""trend"":""rising""}",2026-05-27T11:26:27Z
4665,1542,Austin Metro,2026-05-31,91,72,120,1.47,telco_signal_v2,"{""model"":""telco_signal_v2"",""drivers"":[""regional_partner_roundtable"",""retail_store_network_adoption"",""support_team_forum_signal""],""top_advocate"":""@access_ava"",""urgency_score"":71,""confidence"":""medium"",""trend"":""rising""}",2026-05-27T11:26:27Z
4666,1542,Austin Metro,2026-06-01,94,75,123,1.44,telco_signal_v2,"{""model"":""telco_signal_v2"",""drivers"":[""regional_partner_roundtable"",""retail_store_network_adoption"",""support_team_forum_signal""],""top_advocate"":""@access_ava"",""urgency_score"":71,""confidence"":""medium"",""trend"":""rising""}",2026-05-27T11:26:27Z
4667,1542,Austin Metro,2026-06-02,104,78,126,1.39,telco_signal_v2,"{""model"":""telco_signal_v2"",""drivers"":[""regional_partner_roundtable"",""retail_store_network_adoption"",""support_team_forum_signal""],""top_advocate"":""@access_ava"",""urgency_score"":71,""confidence"":""medium"",""trend"":""rising""}",2026-05-27T11:26:27Z
4668,1542,Austin Metro,2026-06-03,112,81,129,1.46,telco_signal_v2,"{""model"":""telco_signal_v2"",""drivers"":[""regional_partner_roundtable"",""retail_store_network_adoption"",""support_team_forum_signal""],""top_advocate"":""@access_ava"",""urgency_score"":71,""confidence"":""medium"",""trend"":""rising""}",2026-05-27T11:26:27Z
4669,1542,Austin Metro,2026-06-04,97,84,132,1.43,telco_signal_v2,"{""model"":""telco_signal_v2"",""drivers"":[""regional_partner_roundtable"",""retail_store_network_adoption"",""support_team_forum_signal""],""top_advocate"":""@access_ava"",""urgency_score"":71,""confidence"":""medium"",""trend"":""rising""}",2026-05-27T11:26:27Z
4670,1542,Austin Metro,2026-06-05,104,87,135,1.45,telco_signal_v2,"{""model"":""telco_signal_v2"",""drivers"":[""regional_partner_roundtable"",""retail_store_network_adoption"",""support_team_forum_signal""],""top_advocate"":""@access_ava"",""urgency_score"":71,""confidence"":""medium"",""trend"":""rising""}",2026-05-27T11:26:27Z
4671,1542,Austin Metro,2026-06-06,106,90,138,1.53,telco_signal_v2,"{""model"":""telco_signal_v2"",""drivers"":[""regional_partner_roundtable"",""retail_store_network_adoption"",""support_team_forum_signal""],""top_advocate"":""@access_ava"",""urgency_score"":71,""confidence"":""medium"",""trend"":""rising""}",2026-05-27T11:26:27Z
4672,1542,Austin Metro,2026-06-07,126,93,141,1.53,telco_signal_v2,"{""model"":""telco_signal_v2"",""drivers"":[""regional_partner_roundtable"",""retail_store_network_adoption"",""support_team_forum_signal""],""top_advocate"":""@access_ava"",""urgency_score"":71,""confidence"":""medium"",""trend"":""rising""}",2026-05-27T11:26:27Z
4673,1542,Austin Metro,2026-06-08,125,96,144,1.56,telco_signal_v2,"{""model"":""telco_signal_v2"",""drivers"":[""regional_partner_roundtable"",""retail_store_network_adoption"",""support_team_forum_signal""],""top_advocate"":""@access_ava"",""urgency_score"":71,""confidence"":""medium"",""trend"":""rising""}",2026-05-27T11:26:27Z
4674,1542,Austin Metro,2026-06-09,123,99,147,1.55,telco_signal_v2,"{""model"":""telco_signal_v2"",""drivers"":[""regional_partner_roundtable"",""retail_store_network_adoption"",""support_team_forum_signal""],""top_advocate"":""@access_ava"",""urgency_score"":71,""confidence"":""medium"",""trend"":""rising""}",2026-05-27T11:26:27Z
4675,1542,Austin Metro,2026-06-10,123,102,150,1.53,telco_signal_v2,"{""model"":""telco_signal_v2"",""drivers"":[""regional_partner_roundtable"",""retail_store_network_adoption"",""support_team_forum_signal""],""top_advocate"":""@access_ava"",""urgency_score"":71,""confidence"":""medium"",""trend"":""rising""}",2026-05-27T11:26:27Z
4676,1542,Austin Metro,2026-06-11,125,105,153,1.66,telco_signal_v2,"{""model"":""telco_signal_v2"",""drivers"":[""regional_partner_roundtable"",""retail_store_network_adoption"",""support_team_forum_signal""],""top_advocate"":""@access_ava"",""urgency_score"":71,""confidence"":""medium"",""trend"":""rising""}",2026-05-27T11:26:27Z
4677,1542,Austin Metro,2026-06-12,126,108,156,1.62,telco_signal_v2,"{""model"":""telco_signal_v2"",""drivers"":[""regional_partner_roundtable"",""retail_store_network_adoption"",""support_team_forum_signal""],""top_advocate"":""@access_ava"",""urgency_score"":71,""confidence"":""medium"",""trend"":""rising""}",2026-05-27T11:26:27Z
4678,1542,Austin Metro,2026-06-13,136,111,159,1.67,telco_signal_v2,"{""model"":""telco_signal_v2"",""drivers"":[""regional_partner_roundtable"",""retail_store_network_adoption"",""support_team_forum_signal""],""top_advocate"":""@access_ava"",""urgency_score"":71,""confidence"":""medium"",""trend"":""rising""}",2026-05-27T11:26:27Z
4679,1542,Austin Metro,2026-06-14,131,114,162,1.63,telco_signal_v2,"{""model"":""telco_signal_v2"",""drivers"":[""regional_partner_roundtable"",""retail_store_network_adoption"",""support_team_forum_signal""],""top_advocate"":""@access_ava"",""urgency_score"":71,""confidence"":""medium"",""trend"":""rising""}",2026-05-27T11:26:27Z
4680,1542,Austin Metro,2026-06-15,147,117,165,1.64,telco_signal_v2,"{""model"":""telco_signal_v2"",""drivers"":[""regional_partner_roundtable"",""retail_store_network_adoption"",""support_team_forum_signal""],""top_advocate"":""@access_ava"",""urgency_score"":71,""confidence"":""medium"",""trend"":""rising""}",2026-05-27T11:26:27Z
4681,1542,Austin Metro,2026-06-16,141,120,168,1.65,telco_signal_v2,"{""model"":""telco_signal_v2"",""drivers"":[""regional_partner_roundtable"",""retail_store_network_adoption"",""support_team_forum_signal""],""top_advocate"":""@access_ava"",""urgency_score"":71,""confidence"":""medium"",""trend"":""rising""}",2026-05-27T11:26:27Z
4682,1542,Austin Metro,2026-06-17,141,123,171,1.7,telco_signal_v2,"{""model"":""telco_signal_v2"",""drivers"":[""regional_partner_roundtable"",""retail_store_network_adoption"",""support_team_forum_signal""],""top_advocate"":""@access_ava"",""urgency_score"":71,""confidence"":""medium"",""trend"":""rising""}",2026-05-27T11:26:27Z
4683,1542,Austin Metro,2026-06-18,152,126,174,1.61,telco_signal_v2,"{""model"":""telco_signal_v2"",""drivers"":[""regional_partner_roundtable"",""retail_store_network_adoption"",""support_team_forum_signal""],""top_advocate"":""@access_ava"",""urgency_score"":71,""confidence"":""medium"",""trend"":""rising""}",2026-05-27T11:26:27Z
4684,1542,Austin Metro,2026-06-19,146,129,177,1.72,telco_signal_v2,"{""model"":""telco_signal_v2"",""drivers"":[""regional_partner_roundtable"",""retail_store_network_adoption"",""support_team_forum_signal""],""top_advocate"":""@access_ava"",""urgency_score"":71,""confidence"":""medium"",""trend"":""rising""}",2026-05-27T11:26:27Z
4685,1542,Austin Metro,2026-06-20,146,132,180,1.7,telco_signal_v2,"{""model"":""telco_signal_v2"",""drivers"":[""regional_partner_roundtable"",""retail_store_network_adoption"",""support_team_forum_signal""],""top_advocate"":""@access_ava"",""urgency_score"":71,""confidence"":""medium"",""trend"":""rising""}",2026-05-27T11:26:27Z
4686,1542,Austin Metro,2026-06-21,156,135,183,1.73,telco_signal_v2,"{""model"":""telco_signal_v2"",""drivers"":[""regional_partner_roundtable"",""retail_store_network_adoption"",""support_team_forum_signal""],""top_advocate"":""@access_ava"",""urgency_score"":71,""confidence"":""medium"",""trend"":""rising""}",2026-05-27T11:26:27Z
4687,1542,Austin Metro,2026-06-22,158,138,186,1.69,telco_signal_v2,"{""model"":""telco_signal_v2"",""drivers"":[""regional_partner_roundtable"",""retail_store_network_adoption"",""support_team_forum_signal""],""top_advocate"":""@access_ava"",""urgency_score"":71,""confidence"":""medium"",""trend"":""rising""}",2026-05-27T11:26:27Z
4688,1542,Austin Metro,2026-06-23,169,141,189,1.67,telco_signal_v2,"{""model"":""telco_signal_v2"",""drivers"":[""regional_partner_roundtable"",""retail_store_network_adoption"",""support_team_forum_signal""],""top_advocate"":""@access_ava"",""urgency_score"":71,""confidence"":""medium"",""trend"":""rising""}",2026-05-27T11:26:27Z
4689,1542,Austin Metro,2026-06-24,171,144,192,1.82,telco_signal_v2,"{""model"":""telco_signal_v2"",""drivers"":[""regional_partner_roundtable"",""retail_store_network_adoption"",""support_team_forum_signal""],""top_advocate"":""@access_ava"",""urgency_score"":71,""confidence"":""medium"",""trend"":""rising""}",2026-05-27T11:26:27Z
4690,1542,Austin Metro,2026-06-25,180,147,195,1.7,telco_signal_v2,"{""model"":""telco_signal_v2"",""drivers"":[""regional_partner_roundtable"",""retail_store_network_adoption"",""support_team_forum_signal""],""top_advocate"":""@access_ava"",""urgency_score"":71,""confidence"":""medium"",""trend"":""rising""}",2026-05-27T11:26:27Z
4691,1543,Denver Metro,2026-05-27,61,47,89,1.21,telco_signal_v2,"{""model"":""telco_signal_v2"",""drivers"":[""field_dispatch_cluster"",""new_device_launch_effect"",""summer_travel_start""],""top_advocate"":""@rehab_reed"",""urgency_score"":64,""confidence"":""medium"",""trend"":""seasonal_uptick""}",2026-05-27T11:26:27Z
4692,1543,Denver Metro,2026-05-28,62,49,91,1.19,telco_signal_v2,"{""model"":""telco_signal_v2"",""drivers"":[""field_dispatch_cluster"",""new_device_launch_effect"",""summer_travel_start""],""top_advocate"":""@rehab_reed"",""urgency_score"":64,""confidence"":""medium"",""trend"":""seasonal_uptick""}",2026-05-27T11:26:27Z
4693,1543,Denver Metro,2026-05-29,72,51,93,1.24,telco_signal_v2,"{""model"":""telco_signal_v2"",""drivers"":[""field_dispatch_cluster"",""new_device_launch_effect"",""summer_travel_start""],""top_advocate"":""@rehab_reed"",""urgency_score"":64,""confidence"":""medium"",""trend"":""seasonal_uptick""}",2026-05-27T11:26:27Z
4694,1543,Denver Metro,2026-05-30,71,53,95,1.24,telco_signal_v2,"{""model"":""telco_signal_v2"",""drivers"":[""field_dispatch_cluster"",""new_device_launch_effect"",""summer_travel_start""],""top_advocate"":""@rehab_reed"",""urgency_score"":64,""confidence"":""medium"",""trend"":""seasonal_uptick""}",2026-05-27T11:26:27Z
4695,1543,Denver Metro,2026-05-31,80,55,97,1.24,telco_signal_v2,"{""model"":""telco_signal_v2"",""drivers"":[""field_dispatch_cluster"",""new_device_launch_effect"",""summer_travel_start""],""top_advocate"":""@rehab_reed"",""urgency_score"":64,""confidence"":""medium"",""trend"":""seasonal_uptick""}",2026-05-27T11:26:27Z
4696,1543,Denver Metro,2026-06-01,87,57,99,1.21,telco_signal_v2,"{""model"":""telco_signal_v2"",""drivers"":[""field_dispatch_cluster"",""new_device_launch_effect"",""summer_travel_start""],""top_advocate"":""@rehab_reed"",""urgency_score"":64,""confidence"":""medium"",""trend"":""seasonal_uptick""}",2026-05-27T11:26:27Z
4697,1543,Denver Metro,2026-06-02,84,59,101,1.22,telco_signal_v2,"{""model"":""telco_signal_v2"",""drivers"":[""field_dispatch_cluster"",""new_device_launch_effect"",""summer_travel_start""],""top_advocate"":""@rehab_reed"",""urgency_score"":64,""confidence"":""medium"",""trend"":""seasonal_uptick""}",2026-05-27T11:26:27Z
4698,1543,Denver Metro,2026-06-03,90,61,103,1.27,telco_signal_v2,"{""model"":""telco_signal_v2"",""drivers"":[""field_dispatch_cluster"",""new_device_launch_effect"",""summer_travel_start""],""top_advocate"":""@rehab_reed"",""urgency_score"":64,""confidence"":""medium"",""trend"":""seasonal_uptick""}",2026-05-27T11:26:27Z
4699,1543,Denver Metro,2026-06-04,88,63,105,1.21,telco_signal_v2,"{""model"":""telco_signal_v2"",""drivers"":[""field_dispatch_cluster"",""new_device_launch_effect"",""summer_travel_start""],""top_advocate"":""@rehab_reed"",""urgency_score"":64,""confidence"":""medium"",""trend"":""seasonal_uptick""}",2026-05-27T11:26:27Z
4700,1543,Denver Metro,2026-06-05,81,65,107,1.3,telco_signal_v2,"{""model"":""telco_signal_v2"",""drivers"":[""field_dispatch_cluster"",""new_device_launch_effect"",""summer_travel_start""],""top_advocate"":""@rehab_reed"",""urgency_score"":64,""confidence"":""medium"",""trend"":""seasonal_uptick""}",2026-05-27T11:26:27Z
4701,1543,Denver Metro,2026-06-06,80,67,109,1.33,telco_signal_v2,"{""model"":""telco_signal_v2"",""drivers"":[""field_dispatch_cluster"",""new_device_launch_effect"",""summer_travel_start""],""top_advocate"":""@rehab_reed"",""urgency_score"":64,""confidence"":""medium"",""trend"":""seasonal_uptick""}",2026-05-27T11:26:27Z
4702,1543,Denver Metro,2026-06-07,81,69,111,1.31,telco_signal_v2,"{""model"":""telco_signal_v2"",""drivers"":[""field_dispatch_cluster"",""new_device_launch_effect"",""summer_travel_start""],""top_advocate"":""@rehab_reed"",""urgency_score"":64,""confidence"":""medium"",""trend"":""seasonal_uptick""}",2026-05-27T11:26:27Z
4703,1543,Denver Metro,2026-06-08,92,71,113,1.24,telco_signal_v2,"{""model"":""telco_signal_v2"",""drivers"":[""field_dispatch_cluster"",""new_device_launch_effect"",""summer_travel_start""],""top_advocate"":""@rehab_reed"",""urgency_score"":64,""confidence"":""medium"",""trend"":""seasonal_uptick""}",2026-05-27T11:26:27Z
4704,1543,Denver Metro,2026-06-09,102,73,115,1.36,telco_signal_v2,"{""model"":""telco_signal_v2"",""drivers"":[""field_dispatch_cluster"",""new_device_launch_effect"",""summer_travel_start""],""top_advocate"":""@rehab_reed"",""urgency_score"":64,""confidence"":""medium"",""trend"":""seasonal_uptick""}",2026-05-27T11:26:27Z
4705,1543,Denver Metro,2026-06-10,94,75,117,1.32,telco_signal_v2,"{""model"":""telco_signal_v2"",""drivers"":[""field_dispatch_cluster"",""new_device_launch_effect"",""summer_travel_start""],""top_advocate"":""@rehab_reed"",""urgency_score"":64,""confidence"":""medium"",""trend"":""seasonal_uptick""}",2026-05-27T11:26:27Z
4706,1543,Denver Metro,2026-06-11,104,77,119,1.29,telco_signal_v2,"{""model"":""telco_signal_v2"",""drivers"":[""field_dispatch_cluster"",""new_device_launch_effect"",""summer_travel_start""],""top_advocate"":""@rehab_reed"",""urgency_score"":64,""confidence"":""medium"",""trend"":""seasonal_uptick""}",2026-05-27T11:26:27Z
4707,1543,Denver Metro,2026-06-12,98,79,121,1.38,telco_signal_v2,"{""model"":""telco_signal_v2"",""drivers"":[""field_dispatch_cluster"",""new_device_launch_effect"",""summer_travel_start""],""top_advocate"":""@rehab_reed"",""urgency_score"":64,""confidence"":""medium"",""trend"":""seasonal_uptick""}",2026-05-27T11:26:27Z
4708,1543,Denver Metro,2026-06-13,94,81,123,1.39,telco_signal_v2,"{""model"":""telco_signal_v2"",""drivers"":[""field_dispatch_cluster"",""new_device_launch_effect"",""summer_travel_start""],""top_advocate"":""@rehab_reed"",""urgency_score"":64,""confidence"":""medium"",""trend"":""seasonal_uptick""}",2026-05-27T11:26:27Z
4709,1543,Denver Metro,2026-06-14,102,83,125,1.36,telco_signal_v2,"{""model"":""telco_signal_v2"",""drivers"":[""field_dispatch_cluster"",""new_device_launch_effect"",""summer_travel_start""],""top_advocate"":""@rehab_reed"",""urgency_score"":64,""confidence"":""medium"",""trend"":""seasonal_uptick""}",2026-05-27T11:26:27Z
4710,1543,Denver Metro,2026-06-15,106,85,127,1.34,telco_signal_v2,"{""model"":""telco_signal_v2"",""drivers"":[""field_dispatch_cluster"",""new_device_launch_effect"",""summer_travel_start""],""top_advocate"":""@rehab_reed"",""urgency_score"":64,""confidence"":""medium"",""trend"":""seasonal_uptick""}",2026-05-27T11:26:27Z
4711,1543,Denver Metro,2026-06-16,115,87,129,1.34,telco_signal_v2,"{""model"":""telco_signal_v2"",""drivers"":[""field_dispatch_cluster"",""new_device_launch_effect"",""summer_travel_start""],""top_advocate"":""@rehab_reed"",""urgency_score"":64,""confidence"":""medium"",""trend"":""seasonal_uptick""}",2026-05-27T11:26:27Z
4712,1543,Denver Metro,2026-06-17,102,89,131,1.42,telco_signal_v2,"{""model"":""telco_signal_v2"",""drivers"":[""field_dispatch_cluster"",""new_device_launch_effect"",""summer_travel_start""],""top_advocate"":""@rehab_reed"",""urgency_score"":64,""confidence"":""medium"",""trend"":""seasonal_uptick""}",2026-05-27T11:26:27Z
4713,1543,Denver Metro,2026-06-18,119,91,133,1.37,telco_signal_v2,"{""model"":""telco_signal_v2"",""drivers"":[""field_dispatch_cluster"",""new_device_launch_effect"",""summer_travel_start""],""top_advocate"":""@rehab_reed"",""urgency_score"":64,""confidence"":""medium"",""trend"":""seasonal_uptick""}",2026-05-27T11:26:27Z
4714,1543,Denver Metro,2026-06-19,111,93,135,1.35,telco_signal_v2,"{""model"":""telco_signal_v2"",""drivers"":[""field_dispatch_cluster"",""new_device_launch_effect"",""summer_travel_start""],""top_advocate"":""@rehab_reed"",""urgency_score"":64,""confidence"":""medium"",""trend"":""seasonal_uptick""}",2026-05-27T11:26:27Z
4715,1543,Denver Metro,2026-06-20,114,95,137,1.47,telco_signal_v2,"{""model"":""telco_signal_v2"",""drivers"":[""field_dispatch_cluster"",""new_device_launch_effect"",""summer_travel_start""],""top_advocate"":""@rehab_reed"",""urgency_score"":64,""confidence"":""medium"",""trend"":""seasonal_uptick""}",2026-05-27T11:26:27Z
4716,1543,Denver Metro,2026-06-21,125,97,139,1.45,telco_signal_v2,"{""model"":""telco_signal_v2"",""drivers"":[""field_dispatch_cluster"",""new_device_launch_effect"",""summer_travel_start""],""top_advocate"":""@rehab_reed"",""urgency_score"":64,""confidence"":""medium"",""trend"":""seasonal_uptick""}",2026-05-27T11:26:27Z
4717,1543,Denver Metro,2026-06-22,124,99,141,1.37,telco_signal_v2,"{""model"":""telco_signal_v2"",""drivers"":[""field_dispatch_cluster"",""new_device_launch_effect"",""summer_travel_start""],""top_advocate"":""@rehab_reed"",""urgency_score"":64,""confidence"":""medium"",""trend"":""seasonal_uptick""}",2026-05-27T11:26:27Z
4718,1543,Denver Metro,2026-06-23,127,101,143,1.45,telco_signal_v2,"{""model"":""telco_signal_v2"",""drivers"":[""field_dispatch_cluster"",""new_device_launch_effect"",""summer_travel_start""],""top_advocate"":""@rehab_reed"",""urgency_score"":64,""confidence"":""medium"",""trend"":""seasonal_uptick""}",2026-05-27T11:26:27Z
4719,1543,Denver Metro,2026-06-24,132,103,145,1.39,telco_signal_v2,"{""model"":""telco_signal_v2"",""drivers"":[""field_dispatch_cluster"",""new_device_launch_effect"",""summer_travel_start""],""top_advocate"":""@rehab_reed"",""urgency_score"":64,""confidence"":""medium"",""trend"":""seasonal_uptick""}",2026-05-27T11:26:27Z
4720,1543,Denver Metro,2026-06-25,127,105,147,1.5,telco_signal_v2,"{""model"":""telco_signal_v2"",""drivers"":[""field_dispatch_cluster"",""new_device_launch_effect"",""summer_travel_start""],""top_advocate"":""@rehab_reed"",""urgency_score"":64,""confidence"":""medium"",""trend"":""seasonal_uptick""}",2026-05-27T11:26:27Z
4721,1543,Atlanta Metro,2026-05-27,91,63,123,1.09,telco_signal_v2,"{""model"":""telco_signal_v2"",""drivers"":[""coverage_complaint_cluster"",""field_tech_advocate"",""spring_season""],""top_advocate"":""@homeconnect_keisha"",""urgency_score"":68,""confidence"":""medium"",""trend"":""growing""}",2026-05-27T11:26:27Z
4722,1543,Atlanta Metro,2026-05-28,86,66,126,1.09,telco_signal_v2,"{""model"":""telco_signal_v2"",""drivers"":[""coverage_complaint_cluster"",""field_tech_advocate"",""spring_season""],""top_advocate"":""@homeconnect_keisha"",""urgency_score"":68,""confidence"":""medium"",""trend"":""growing""}",2026-05-27T11:26:27Z
4723,1543,Atlanta Metro,2026-05-29,104,69,129,1.09,telco_signal_v2,"{""model"":""telco_signal_v2"",""drivers"":[""coverage_complaint_cluster"",""field_tech_advocate"",""spring_season""],""top_advocate"":""@homeconnect_keisha"",""urgency_score"":68,""confidence"":""medium"",""trend"":""growing""}",2026-05-27T11:26:27Z
4724,1543,Atlanta Metro,2026-05-30,96,72,132,1.11,telco_signal_v2,"{""model"":""telco_signal_v2"",""drivers"":[""coverage_complaint_cluster"",""field_tech_advocate"",""spring_season""],""top_advocate"":""@homeconnect_keisha"",""urgency_score"":68,""confidence"":""medium"",""trend"":""growing""}",2026-05-27T11:26:27Z
4725,1543,Atlanta Metro,2026-05-31,93,75,135,1.17,telco_signal_v2,"{""model"":""telco_signal_v2"",""drivers"":[""coverage_complaint_cluster"",""field_tech_advocate"",""spring_season""],""top_advocate"":""@homeconnect_keisha"",""urgency_score"":68,""confidence"":""medium"",""trend"":""growing""}",2026-05-27T11:26:27Z
4726,1543,Atlanta Metro,2026-06-01,98,78,138,1.21,telco_signal_v2,"{""model"":""telco_signal_v2"",""drivers"":[""coverage_complaint_cluster"",""field_tech_advocate"",""spring_season""],""top_advocate"":""@homeconnect_keisha"",""urgency_score"":68,""confidence"":""medium"",""trend"":""growing""}",2026-05-27T11:26:27Z
4727,1543,Atlanta Metro,2026-06-02,108,81,141,1.17,telco_signal_v2,"{""model"":""telco_signal_v2"",""drivers"":[""coverage_complaint_cluster"",""field_tech_advocate"",""spring_season""],""top_advocate"":""@homeconnect_keisha"",""urgency_score"":68,""confidence"":""medium"",""trend"":""growing""}",2026-05-27T11:26:27Z
4728,1543,Atlanta Metro,2026-06-03,118,84,144,1.28,telco_signal_v2,"{""model"":""telco_signal_v2"",""drivers"":[""coverage_complaint_cluster"",""field_tech_advocate"",""spring_season""],""top_advocate"":""@homeconnect_keisha"",""urgency_score"":68,""confidence"":""medium"",""trend"":""growing""}",2026-05-27T11:26:27Z
4729,1543,Atlanta Metro,2026-06-04,112,87,147,1.2,telco_signal_v2,"{""model"":""telco_signal_v2"",""drivers"":[""coverage_complaint_cluster"",""field_tech_advocate"",""spring_season""],""top_advocate"":""@homeconnect_keisha"",""urgency_score"":68,""confidence"":""medium"",""trend"":""growing""}",2026-05-27T11:26:27Z
4730,1543,Atlanta Metro,2026-06-05,128,90,150,1.3,telco_signal_v2,"{""model"":""telco_signal_v2"",""drivers"":[""coverage_complaint_cluster"",""field_tech_advocate"",""spring_season""],""top_advocate"":""@homeconnect_keisha"",""urgency_score"":68,""confidence"":""medium"",""trend"":""growing""}",2026-05-27T11:26:27Z
4731,1543,Atlanta Metro,2026-06-06,111,93,153,1.3,telco_signal_v2,"{""model"":""telco_signal_v2"",""drivers"":[""coverage_complaint_cluster"",""field_tech_advocate"",""spring_season""],""top_advocate"":""@homeconnect_keisha"",""urgency_score"":68,""confidence"":""medium"",""trend"":""growing""}",2026-05-27T11:26:27Z
4732,1543,Atlanta Metro,2026-06-07,133,96,156,1.21,telco_signal_v2,"{""model"":""telco_signal_v2"",""drivers"":[""coverage_complaint_cluster"",""field_tech_advocate"",""spring_season""],""top_advocate"":""@homeconnect_keisha"",""urgency_score"":68,""confidence"":""medium"",""trend"":""growing""}",2026-05-27T11:26:27Z
4733,1543,Atlanta Metro,2026-06-08,131,99,159,1.29,telco_signal_v2,"{""model"":""telco_signal_v2"",""drivers"":[""coverage_complaint_cluster"",""field_tech_advocate"",""spring_season""],""top_advocate"":""@homeconnect_keisha"",""urgency_score"":68,""confidence"":""medium"",""trend"":""growing""}",2026-05-27T11:26:27Z
4734,1543,Atlanta Metro,2026-06-09,141,102,162,1.26,telco_signal_v2,"{""model"":""telco_signal_v2"",""drivers"":[""coverage_complaint_cluster"",""field_tech_advocate"",""spring_season""],""top_advocate"":""@homeconnect_keisha"",""urgency_score"":68,""confidence"":""medium"",""trend"":""growing""}",2026-05-27T11:26:27Z
4735,1543,Atlanta Metro,2026-06-10,147,105,165,1.31,telco_signal_v2,"{""model"":""telco_signal_v2"",""drivers"":[""coverage_complaint_cluster"",""field_tech_advocate"",""spring_season""],""top_advocate"":""@homeconnect_keisha"",""urgency_score"":68,""confidence"":""medium"",""trend"":""growing""}",2026-05-27T11:26:27Z
4736,1543,Atlanta Metro,2026-06-11,144,108,168,1.36,telco_signal_v2,"{""model"":""telco_signal_v2"",""drivers"":[""coverage_complaint_cluster"",""field_tech_advocate"",""spring_season""],""top_advocate"":""@homeconnect_keisha"",""urgency_score"":68,""confidence"":""medium"",""trend"":""growing""}",2026-05-27T11:26:27Z
4737,1543,Atlanta Metro,2026-06-12,149,111,171,1.34,telco_signal_v2,"{""model"":""telco_signal_v2"",""drivers"":[""coverage_complaint_cluster"",""field_tech_advocate"",""spring_season""],""top_advocate"":""@homeconnect_keisha"",""urgency_score"":68,""confidence"":""medium"",""trend"":""growing""}",2026-05-27T11:26:27Z
4738,1543,Atlanta Metro,2026-06-13,143,114,174,1.35,telco_signal_v2,"{""model"":""telco_signal_v2"",""drivers"":[""coverage_complaint_cluster"",""field_tech_advocate"",""spring_season""],""top_advocate"":""@homeconnect_keisha"",""urgency_score"":68,""confidence"":""medium"",""trend"":""growing""}",2026-05-27T11:26:27Z
4739,1543,Atlanta Metro,2026-06-14,140,117,177,1.33,telco_signal_v2,"{""model"":""telco_signal_v2"",""drivers"":[""coverage_complaint_cluster"",""field_tech_advocate"",""spring_season""],""top_advocate"":""@homeconnect_keisha"",""urgency_score"":68,""confidence"":""medium"",""trend"":""growing""}",2026-05-27T11:26:27Z
4740,1543,Atlanta Metro,2026-06-15,160,120,180,1.42,telco_signal_v2,"{""model"":""telco_signal_v2"",""drivers"":[""coverage_complaint_cluster"",""field_tech_advocate"",""spring_season""],""top_advocate"":""@homeconnect_keisha"",""urgency_score"":68,""confidence"":""medium"",""trend"":""growing""}",2026-05-27T11:26:27Z
4741,1543,Atlanta Metro,2026-06-16,160,123,183,1.37,telco_signal_v2,"{""model"":""telco_signal_v2"",""drivers"":[""coverage_complaint_cluster"",""field_tech_advocate"",""spring_season""],""top_advocate"":""@homeconnect_keisha"",""urgency_score"":68,""confidence"":""medium"",""trend"":""growing""}",2026-05-27T11:26:27Z
4742,1543,Atlanta Metro,2026-06-17,160,126,186,1.43,telco_signal_v2,"{""model"":""telco_signal_v2"",""drivers"":[""coverage_complaint_cluster"",""field_tech_advocate"",""spring_season""],""top_advocate"":""@homeconnect_keisha"",""urgency_score"":68,""confidence"":""medium"",""trend"":""growing""}",2026-05-27T11:26:27Z
4743,1543,Atlanta Metro,2026-06-18,151,129,189,1.4,telco_signal_v2,"{""model"":""telco_signal_v2"",""drivers"":[""coverage_complaint_cluster"",""field_tech_advocate"",""spring_season""],""top_advocate"":""@homeconnect_keisha"",""urgency_score"":68,""confidence"":""medium"",""trend"":""growing""}",2026-05-27T11:26:27Z
4744,1543,Atlanta Metro,2026-06-19,168,132,192,1.34,telco_signal_v2,"{""model"":""telco_signal_v2"",""drivers"":[""coverage_complaint_cluster"",""field_tech_advocate"",""spring_season""],""top_advocate"":""@homeconnect_keisha"",""urgency_score"":68,""confidence"":""medium"",""trend"":""growing""}",2026-05-27T11:26:27Z
4745,1543,Atlanta Metro,2026-06-20,160,135,195,1.43,telco_signal_v2,"{""model"":""telco_signal_v2"",""drivers"":[""coverage_complaint_cluster"",""field_tech_advocate"",""spring_season""],""top_advocate"":""@homeconnect_keisha"",""urgency_score"":68,""confidence"":""medium"",""trend"":""growing""}",2026-05-27T11:26:27Z
4746,1543,Atlanta Metro,2026-06-21,167,138,198,1.36,telco_signal_v2,"{""model"":""telco_signal_v2"",""drivers"":[""coverage_complaint_cluster"",""field_tech_advocate"",""spring_season""],""top_advocate"":""@homeconnect_keisha"",""urgency_score"":68,""confidence"":""medium"",""trend"":""growing""}",2026-05-27T11:26:27Z
4747,1543,Atlanta Metro,2026-06-22,180,141,201,1.42,telco_signal_v2,"{""model"":""telco_signal_v2"",""drivers"":[""coverage_complaint_cluster"",""field_tech_advocate"",""spring_season""],""top_advocate"":""@homeconnect_keisha"",""urgency_score"":68,""confidence"":""medium"",""trend"":""growing""}",2026-05-27T11:26:27Z
4748,1543,Atlanta Metro,2026-06-23,186,144,204,1.39,telco_signal_v2,"{""model"":""telco_signal_v2"",""drivers"":[""coverage_complaint_cluster"",""field_tech_advocate"",""spring_season""],""top_advocate"":""@homeconnect_keisha"",""urgency_score"":68,""confidence"":""medium"",""trend"":""growing""}",2026-05-27T11:26:27Z
4749,1543,Atlanta Metro,2026-06-24,185,147,207,1.4,telco_signal_v2,"{""model"":""telco_signal_v2"",""drivers"":[""coverage_complaint_cluster"",""field_tech_advocate"",""spring_season""],""top_advocate"":""@homeconnect_keisha"",""urgency_score"":68,""confidence"":""medium"",""trend"":""growing""}",2026-05-27T11:26:27Z
4750,1543,Atlanta Metro,2026-06-25,177,150,210,1.5,telco_signal_v2,"{""model"":""telco_signal_v2"",""drivers"":[""coverage_complaint_cluster"",""field_tech_advocate"",""spring_season""],""top_advocate"":""@homeconnect_keisha"",""urgency_score"":68,""confidence"":""medium"",""trend"":""growing""}",2026-05-27T11:26:27Z
4751,1544,Miami-South Florida,2026-05-27,125,83,158,1.47,telco_signal_v2,"{""model"":""telco_signal_v2"",""drivers"":[""retention_outreach_spike"",""summer_roaming_planning"",""heat_network_load_risk""],""top_advocate"":""@senior_sam"",""urgency_score"":91,""confidence"":""very_high"",""trend"":""critical_surge""}",2026-05-27T11:26:27Z
4752,1544,Miami-South Florida,2026-05-28,141,90,165,1.81,telco_signal_v2,"{""model"":""telco_signal_v2"",""drivers"":[""retention_outreach_spike"",""summer_roaming_planning"",""heat_network_load_risk""],""top_advocate"":""@senior_sam"",""urgency_score"":91,""confidence"":""very_high"",""trend"":""critical_surge""}",2026-05-27T11:26:27Z
4753,1544,Miami-South Florida,2026-05-29,120,97,172,1.77,telco_signal_v2,"{""model"":""telco_signal_v2"",""drivers"":[""retention_outreach_spike"",""summer_roaming_planning"",""heat_network_load_risk""],""top_advocate"":""@senior_sam"",""urgency_score"":91,""confidence"":""very_high"",""trend"":""critical_surge""}",2026-05-27T11:26:27Z
4754,1544,Miami-South Florida,2026-05-30,131,104,179,1.83,telco_signal_v2,"{""model"":""telco_signal_v2"",""drivers"":[""retention_outreach_spike"",""summer_roaming_planning"",""heat_network_load_risk""],""top_advocate"":""@senior_sam"",""urgency_score"":91,""confidence"":""very_high"",""trend"":""critical_surge""}",2026-05-27T11:26:27Z
4755,1544,Miami-South Florida,2026-05-31,152,111,186,1.84,telco_signal_v2,"{""model"":""telco_signal_v2"",""drivers"":[""retention_outreach_spike"",""summer_roaming_planning"",""heat_network_load_risk""],""top_advocate"":""@senior_sam"",""urgency_score"":91,""confidence"":""very_high"",""trend"":""critical_surge""}",2026-05-27T11:26:27Z
4756,1544,Miami-South Florida,2026-06-01,168,118,193,1.74,telco_signal_v2,"{""model"":""telco_signal_v2"",""drivers"":[""retention_outreach_spike"",""summer_roaming_planning"",""heat_network_load_risk""],""top_advocate"":""@senior_sam"",""urgency_score"":91,""confidence"":""very_high"",""trend"":""critical_surge""}",2026-05-27T11:26:27Z
4757,1544,Miami-South Florida,2026-06-02,172,125,200,1.93,telco_signal_v2,"{""model"":""telco_signal_v2"",""drivers"":[""retention_outreach_spike"",""summer_roaming_planning"",""heat_network_load_risk""],""top_advocate"":""@senior_sam"",""urgency_score"":91,""confidence"":""very_high"",""trend"":""critical_surge""}",2026-05-27T11:26:27Z
4758,1544,Miami-South Florida,2026-06-03,176,132,207,1.91,telco_signal_v2,"{""model"":""telco_signal_v2"",""drivers"":[""retention_outreach_spike"",""summer_roaming_planning"",""heat_network_load_risk""],""top_advocate"":""@senior_sam"",""urgency_score"":91,""confidence"":""very_high"",""trend"":""critical_surge""}",2026-05-27T11:26:27Z
4759,1544,Miami-South Florida,2026-06-04,171,139,214,2.03,telco_signal_v2,"{""model"":""telco_signal_v2"",""drivers"":[""retention_outreach_spike"",""summer_roaming_planning"",""heat_network_load_risk""],""top_advocate"":""@senior_sam"",""urgency_score"":91,""confidence"":""very_high"",""trend"":""critical_surge""}",2026-05-27T11:26:27Z
4760,1544,Miami-South Florida,2026-06-05,170,146,221,2.22,telco_signal_v2,"{""model"":""telco_signal_v2"",""drivers"":[""retention_outreach_spike"",""summer_roaming_planning"",""heat_network_load_risk""],""top_advocate"":""@senior_sam"",""urgency_score"":91,""confidence"":""very_high"",""trend"":""critical_surge""}",2026-05-27T11:26:27Z
4761,1544,Miami-South Florida,2026-06-06,181,153,228,2.07,telco_signal_v2,"{""model"":""telco_signal_v2"",""drivers"":[""retention_outreach_spike"",""summer_roaming_planning"",""heat_network_load_risk""],""top_advocate"":""@senior_sam"",""urgency_score"":91,""confidence"":""very_high"",""trend"":""critical_surge""}",2026-05-27T11:26:27Z
4762,1544,Miami-South Florida,2026-06-07,191,160,235,2.28,telco_signal_v2,"{""model"":""telco_signal_v2"",""drivers"":[""retention_outreach_spike"",""summer_roaming_planning"",""heat_network_load_risk""],""top_advocate"":""@senior_sam"",""urgency_score"":91,""confidence"":""very_high"",""trend"":""critical_surge""}",2026-05-27T11:26:27Z
4763,1544,Miami-South Florida,2026-06-08,218,167,242,2.3,telco_signal_v2,"{""model"":""telco_signal_v2"",""drivers"":[""retention_outreach_spike"",""summer_roaming_planning"",""heat_network_load_risk""],""top_advocate"":""@senior_sam"",""urgency_score"":91,""confidence"":""very_high"",""trend"":""critical_surge""}",2026-05-27T11:26:27Z
4764,1544,Miami-South Florida,2026-06-09,224,174,249,2.32,telco_signal_v2,"{""model"":""telco_signal_v2"",""drivers"":[""retention_outreach_spike"",""summer_roaming_planning"",""heat_network_load_risk""],""top_advocate"":""@senior_sam"",""urgency_score"":91,""confidence"":""very_high"",""trend"":""critical_surge""}",2026-05-27T11:26:27Z
4765,1544,Miami-South Florida,2026-06-10,223,181,256,2.46,telco_signal_v2,"{""model"":""telco_signal_v2"",""drivers"":[""retention_outreach_spike"",""summer_roaming_planning"",""heat_network_load_risk""],""top_advocate"":""@senior_sam"",""urgency_score"":91,""confidence"":""very_high"",""trend"":""critical_surge""}",2026-05-27T11:26:27Z
4766,1544,Miami-South Florida,2026-06-11,217,188,263,2.51,telco_signal_v2,"{""model"":""telco_signal_v2"",""drivers"":[""retention_outreach_spike"",""summer_roaming_planning"",""heat_network_load_risk""],""top_advocate"":""@senior_sam"",""urgency_score"":91,""confidence"":""very_high"",""trend"":""critical_surge""}",2026-05-27T11:26:27Z
4767,1544,Miami-South Florida,2026-06-12,229,195,270,2.53,telco_signal_v2,"{""model"":""telco_signal_v2"",""drivers"":[""retention_outreach_spike"",""summer_roaming_planning"",""heat_network_load_risk""],""top_advocate"":""@senior_sam"",""urgency_score"":91,""confidence"":""very_high"",""trend"":""critical_surge""}",2026-05-27T11:26:27Z
4768,1544,Miami-South Florida,2026-06-13,250,202,277,2.6,telco_signal_v2,"{""model"":""telco_signal_v2"",""drivers"":[""retention_outreach_spike"",""summer_roaming_planning"",""heat_network_load_risk""],""top_advocate"":""@senior_sam"",""urgency_score"":91,""confidence"":""very_high"",""trend"":""critical_surge""}",2026-05-27T11:26:27Z
4769,1544,Miami-South Florida,2026-06-14,232,209,284,2.66,telco_signal_v2,"{""model"":""telco_signal_v2"",""drivers"":[""retention_outreach_spike"",""summer_roaming_planning"",""heat_network_load_risk""],""top_advocate"":""@senior_sam"",""urgency_score"":91,""confidence"":""very_high"",""trend"":""critical_surge""}",2026-05-27T11:26:27Z
4770,1544,Miami-South Florida,2026-06-15,252,216,291,2.7,telco_signal_v2,"{""model"":""telco_signal_v2"",""drivers"":[""retention_outreach_spike"",""summer_roaming_planning"",""heat_network_load_risk""],""top_advocate"":""@senior_sam"",""urgency_score"":91,""confidence"":""very_high"",""trend"":""critical_surge""}",2026-05-27T11:26:27Z
4771,1544,Miami-South Florida,2026-06-16,245,223,298,2.67,telco_signal_v2,"{""model"":""telco_signal_v2"",""drivers"":[""retention_outreach_spike"",""summer_roaming_planning"",""heat_network_load_risk""],""top_advocate"":""@senior_sam"",""urgency_score"":91,""confidence"":""very_high"",""trend"":""critical_surge""}",2026-05-27T11:26:27Z
4772,1544,Miami-South Florida,2026-06-17,255,230,305,2.54,telco_signal_v2,"{""model"":""telco_signal_v2"",""drivers"":[""retention_outreach_spike"",""summer_roaming_planning"",""heat_network_load_risk""],""top_advocate"":""@senior_sam"",""urgency_score"":91,""confidence"":""very_high"",""trend"":""critical_surge""}",2026-05-27T11:26:27Z
4773,1544,Miami-South Florida,2026-06-18,261,237,312,2.62,telco_signal_v2,"{""model"":""telco_signal_v2"",""drivers"":[""retention_outreach_spike"",""summer_roaming_planning"",""heat_network_load_risk""],""top_advocate"":""@senior_sam"",""urgency_score"":91,""confidence"":""very_high"",""trend"":""critical_surge""}",2026-05-27T11:26:27Z
4774,1544,Miami-South Florida,2026-06-19,275,244,319,2.67,telco_signal_v2,"{""model"":""telco_signal_v2"",""drivers"":[""retention_outreach_spike"",""summer_roaming_planning"",""heat_network_load_risk""],""top_advocate"":""@senior_sam"",""urgency_score"":91,""confidence"":""very_high"",""trend"":""critical_surge""}",2026-05-27T11:26:27Z
4775,1544,Miami-South Florida,2026-06-20,299,251,326,2.68,telco_signal_v2,"{""model"":""telco_signal_v2"",""drivers"":[""retention_outreach_spike"",""summer_roaming_planning"",""heat_network_load_risk""],""top_advocate"":""@senior_sam"",""urgency_score"":91,""confidence"":""very_high"",""trend"":""critical_surge""}",2026-05-27T11:26:27Z
4776,1544,Miami-South Florida,2026-06-21,311,258,333,2.72,telco_signal_v2,"{""model"":""telco_signal_v2"",""drivers"":[""retention_outreach_spike"",""summer_roaming_planning"",""heat_network_load_risk""],""top_advocate"":""@senior_sam"",""urgency_score"":91,""confidence"":""very_high"",""trend"":""critical_surge""}",2026-05-27T11:26:27Z
4777,1544,Miami-South Florida,2026-06-22,297,265,340,3.02,telco_signal_v2,"{""model"":""telco_signal_v2"",""drivers"":[""retention_outreach_spike"",""summer_roaming_planning"",""heat_network_load_risk""],""top_advocate"":""@senior_sam"",""urgency_score"":91,""confidence"":""very_high"",""trend"":""critical_surge""}",2026-05-27T11:26:27Z
4778,1544,Miami-South Florida,2026-06-23,308,272,347,2.99,telco_signal_v2,"{""model"":""telco_signal_v2"",""drivers"":[""retention_outreach_spike"",""summer_roaming_planning"",""heat_network_load_risk""],""top_advocate"":""@senior_sam"",""urgency_score"":91,""confidence"":""very_high"",""trend"":""critical_surge""}",2026-05-27T11:26:27Z
4779,1544,Miami-South Florida,2026-06-24,325,279,354,3.13,telco_signal_v2,"{""model"":""telco_signal_v2"",""drivers"":[""retention_outreach_spike"",""summer_roaming_planning"",""heat_network_load_risk""],""top_advocate"":""@senior_sam"",""urgency_score"":91,""confidence"":""very_high"",""trend"":""critical_surge""}",2026-05-27T11:26:27Z
4780,1544,Miami-South Florida,2026-06-25,323,286,361,3.15,telco_signal_v2,"{""model"":""telco_signal_v2"",""drivers"":[""retention_outreach_spike"",""summer_roaming_planning"",""heat_network_load_risk""],""top_advocate"":""@senior_sam"",""urgency_score"":91,""confidence"":""very_high"",""trend"":""critical_surge""}",2026-05-27T11:26:27Z
4781,1544,New York Metro,2026-05-27,170,122,218,1.71,telco_signal_v2,"{""model"":""telco_signal_v2"",""drivers"":[""enterprise_sla_escalation"",""subscriber_impact_report"",""high_priority_care_need""],""top_advocate"":""@enterpriseedge_nina"",""urgency_score"":94,""confidence"":""very_high"",""trend"":""rapid_escalation""}",2026-05-27T11:26:27Z
4782,1544,New York Metro,2026-05-28,180,131,227,1.59,telco_signal_v2,"{""model"":""telco_signal_v2"",""drivers"":[""enterprise_sla_escalation"",""subscriber_impact_report"",""high_priority_care_need""],""top_advocate"":""@enterpriseedge_nina"",""urgency_score"":94,""confidence"":""very_high"",""trend"":""rapid_escalation""}",2026-05-27T11:26:27Z
4783,1544,New York Metro,2026-05-29,180,140,236,1.91,telco_signal_v2,"{""model"":""telco_signal_v2"",""drivers"":[""enterprise_sla_escalation"",""subscriber_impact_report"",""high_priority_care_need""],""top_advocate"":""@enterpriseedge_nina"",""urgency_score"":94,""confidence"":""very_high"",""trend"":""rapid_escalation""}",2026-05-27T11:26:27Z
4784,1544,New York Metro,2026-05-30,218,149,245,2.04,telco_signal_v2,"{""model"":""telco_signal_v2"",""drivers"":[""enterprise_sla_escalation"",""subscriber_impact_report"",""high_priority_care_need""],""top_advocate"":""@enterpriseedge_nina"",""urgency_score"":94,""confidence"":""very_high"",""trend"":""rapid_escalation""}",2026-05-27T11:26:27Z
4785,1544,New York Metro,2026-05-31,200,158,254,1.83,telco_signal_v2,"{""model"":""telco_signal_v2"",""drivers"":[""enterprise_sla_escalation"",""subscriber_impact_report"",""high_priority_care_need""],""top_advocate"":""@enterpriseedge_nina"",""urgency_score"":94,""confidence"":""very_high"",""trend"":""rapid_escalation""}",2026-05-27T11:26:27Z
4786,1544,New York Metro,2026-06-01,199,167,263,1.98,telco_signal_v2,"{""model"":""telco_signal_v2"",""drivers"":[""enterprise_sla_escalation"",""subscriber_impact_report"",""high_priority_care_need""],""top_advocate"":""@enterpriseedge_nina"",""urgency_score"":94,""confidence"":""very_high"",""trend"":""rapid_escalation""}",2026-05-27T11:26:27Z
4787,1544,New York Metro,2026-06-02,206,176,272,1.98,telco_signal_v2,"{""model"":""telco_signal_v2"",""drivers"":[""enterprise_sla_escalation"",""subscriber_impact_report"",""high_priority_care_need""],""top_advocate"":""@enterpriseedge_nina"",""urgency_score"":94,""confidence"":""very_high"",""trend"":""rapid_escalation""}",2026-05-27T11:26:27Z
4788,1544,New York Metro,2026-06-03,211,185,281,2.06,telco_signal_v2,"{""model"":""telco_signal_v2"",""drivers"":[""enterprise_sla_escalation"",""subscriber_impact_report"",""high_priority_care_need""],""top_advocate"":""@enterpriseedge_nina"",""urgency_score"":94,""confidence"":""very_high"",""trend"":""rapid_escalation""}",2026-05-27T11:26:27Z
4789,1544,New York Metro,2026-06-04,243,194,290,2.26,telco_signal_v2,"{""model"":""telco_signal_v2"",""drivers"":[""enterprise_sla_escalation"",""subscriber_impact_report"",""high_priority_care_need""],""top_advocate"":""@enterpriseedge_nina"",""urgency_score"":94,""confidence"":""very_high"",""trend"":""rapid_escalation""}",2026-05-27T11:26:27Z
4790,1544,New York Metro,2026-06-05,228,203,299,2.34,telco_signal_v2,"{""model"":""telco_signal_v2"",""drivers"":[""enterprise_sla_escalation"",""subscriber_impact_report"",""high_priority_care_need""],""top_advocate"":""@enterpriseedge_nina"",""urgency_score"":94,""confidence"":""very_high"",""trend"":""rapid_escalation""}",2026-05-27T11:26:27Z
4791,1544,New York Metro,2026-06-06,272,212,308,2.44,telco_signal_v2,"{""model"":""telco_signal_v2"",""drivers"":[""enterprise_sla_escalation"",""subscriber_impact_report"",""high_priority_care_need""],""top_advocate"":""@enterpriseedge_nina"",""urgency_score"":94,""confidence"":""very_high"",""trend"":""rapid_escalation""}",2026-05-27T11:26:27Z
4792,1544,New York Metro,2026-06-07,276,221,317,2.17,telco_signal_v2,"{""model"":""telco_signal_v2"",""drivers"":[""enterprise_sla_escalation"",""subscriber_impact_report"",""high_priority_care_need""],""top_advocate"":""@enterpriseedge_nina"",""urgency_score"":94,""confidence"":""very_high"",""trend"":""rapid_escalation""}",2026-05-27T11:26:27Z
4793,1544,New York Metro,2026-06-08,284,230,326,2.53,telco_signal_v2,"{""model"":""telco_signal_v2"",""drivers"":[""enterprise_sla_escalation"",""subscriber_impact_report"",""high_priority_care_need""],""top_advocate"":""@enterpriseedge_nina"",""urgency_score"":94,""confidence"":""very_high"",""trend"":""rapid_escalation""}",2026-05-27T11:26:27Z
4794,1544,New York Metro,2026-06-09,283,239,335,2.37,telco_signal_v2,"{""model"":""telco_signal_v2"",""drivers"":[""enterprise_sla_escalation"",""subscriber_impact_report"",""high_priority_care_need""],""top_advocate"":""@enterpriseedge_nina"",""urgency_score"":94,""confidence"":""very_high"",""trend"":""rapid_escalation""}",2026-05-27T11:26:27Z
4795,1544,New York Metro,2026-06-10,299,248,344,2.48,telco_signal_v2,"{""model"":""telco_signal_v2"",""drivers"":[""enterprise_sla_escalation"",""subscriber_impact_report"",""high_priority_care_need""],""top_advocate"":""@enterpriseedge_nina"",""urgency_score"":94,""confidence"":""very_high"",""trend"":""rapid_escalation""}",2026-05-27T11:26:27Z
4796,1544,New York Metro,2026-06-11,308,257,353,2.65,telco_signal_v2,"{""model"":""telco_signal_v2"",""drivers"":[""enterprise_sla_escalation"",""subscriber_impact_report"",""high_priority_care_need""],""top_advocate"":""@enterpriseedge_nina"",""urgency_score"":94,""confidence"":""very_high"",""trend"":""rapid_escalation""}",2026-05-27T11:26:27Z
4797,1544,New York Metro,2026-06-12,307,266,362,2.48,telco_signal_v2,"{""model"":""telco_signal_v2"",""drivers"":[""enterprise_sla_escalation"",""subscriber_impact_report"",""high_priority_care_need""],""top_advocate"":""@enterpriseedge_nina"",""urgency_score"":94,""confidence"":""very_high"",""trend"":""rapid_escalation""}",2026-05-27T11:26:27Z
4798,1544,New York Metro,2026-06-13,341,275,371,2.69,telco_signal_v2,"{""model"":""telco_signal_v2"",""drivers"":[""enterprise_sla_escalation"",""subscriber_impact_report"",""high_priority_care_need""],""top_advocate"":""@enterpriseedge_nina"",""urgency_score"":94,""confidence"":""very_high"",""trend"":""rapid_escalation""}",2026-05-27T11:26:27Z
4799,1544,New York Metro,2026-06-14,324,284,380,2.64,telco_signal_v2,"{""model"":""telco_signal_v2"",""drivers"":[""enterprise_sla_escalation"",""subscriber_impact_report"",""high_priority_care_need""],""top_advocate"":""@enterpriseedge_nina"",""urgency_score"":94,""confidence"":""very_high"",""trend"":""rapid_escalation""}",2026-05-27T11:26:27Z
4800,1544,New York Metro,2026-06-15,363,293,389,2.85,telco_signal_v2,"{""model"":""telco_signal_v2"",""drivers"":[""enterprise_sla_escalation"",""subscriber_impact_report"",""high_priority_care_need""],""top_advocate"":""@enterpriseedge_nina"",""urgency_score"":94,""confidence"":""very_high"",""trend"":""rapid_escalation""}",2026-05-27T11:26:27Z
4801,1544,New York Metro,2026-06-16,344,302,398,2.91,telco_signal_v2,"{""model"":""telco_signal_v2"",""drivers"":[""enterprise_sla_escalation"",""subscriber_impact_report"",""high_priority_care_need""],""top_advocate"":""@enterpriseedge_nina"",""urgency_score"":94,""confidence"":""very_high"",""trend"":""rapid_escalation""}",2026-05-27T11:26:27Z
4802,1544,New York Metro,2026-06-17,364,311,407,3.15,telco_signal_v2,"{""model"":""telco_signal_v2"",""drivers"":[""enterprise_sla_escalation"",""subscriber_impact_report"",""high_priority_care_need""],""top_advocate"":""@enterpriseedge_nina"",""urgency_score"":94,""confidence"":""very_high"",""trend"":""rapid_escalation""}",2026-05-27T11:26:27Z
4803,1544,New York Metro,2026-06-18,360,320,416,3.23,telco_signal_v2,"{""model"":""telco_signal_v2"",""drivers"":[""enterprise_sla_escalation"",""subscriber_impact_report"",""high_priority_care_need""],""top_advocate"":""@enterpriseedge_nina"",""urgency_score"":94,""confidence"":""very_high"",""trend"":""rapid_escalation""}",2026-05-27T11:26:27Z
4804,1544,New York Metro,2026-06-19,370,329,425,3.25,telco_signal_v2,"{""model"":""telco_signal_v2"",""drivers"":[""enterprise_sla_escalation"",""subscriber_impact_report"",""high_priority_care_need""],""top_advocate"":""@enterpriseedge_nina"",""urgency_score"":94,""confidence"":""very_high"",""trend"":""rapid_escalation""}",2026-05-27T11:26:27Z
4805,1544,New York Metro,2026-06-20,382,338,434,3.14,telco_signal_v2,"{""model"":""telco_signal_v2"",""drivers"":[""enterprise_sla_escalation"",""subscriber_impact_report"",""high_priority_care_need""],""top_advocate"":""@enterpriseedge_nina"",""urgency_score"":94,""confidence"":""very_high"",""trend"":""rapid_escalation""}",2026-05-27T11:26:27Z
4806,1544,New York Metro,2026-06-21,384,347,443,3.24,telco_signal_v2,"{""model"":""telco_signal_v2"",""drivers"":[""enterprise_sla_escalation"",""subscriber_impact_report"",""high_priority_care_need""],""top_advocate"":""@enterpriseedge_nina"",""urgency_score"":94,""confidence"":""very_high"",""trend"":""rapid_escalation""}",2026-05-27T11:26:27Z
4807,1544,New York Metro,2026-06-22,408,356,452,3.15,telco_signal_v2,"{""model"":""telco_signal_v2"",""drivers"":[""enterprise_sla_escalation"",""subscriber_impact_report"",""high_priority_care_need""],""top_advocate"":""@enterpriseedge_nina"",""urgency_score"":94,""confidence"":""very_high"",""trend"":""rapid_escalation""}",2026-05-27T11:26:27Z
4808,1544,New York Metro,2026-06-23,422,365,461,3.2,telco_signal_v2,"{""model"":""telco_signal_v2"",""drivers"":[""enterprise_sla_escalation"",""subscriber_impact_report"",""high_priority_care_need""],""top_advocate"":""@enterpriseedge_nina"",""urgency_score"":94,""confidence"":""very_high"",""trend"":""rapid_escalation""}",2026-05-27T11:26:27Z
4809,1544,New York Metro,2026-06-24,409,374,470,3.58,telco_signal_v2,"{""model"":""telco_signal_v2"",""drivers"":[""enterprise_sla_escalation"",""subscriber_impact_report"",""high_priority_care_need""],""top_advocate"":""@enterpriseedge_nina"",""urgency_score"":94,""confidence"":""very_high"",""trend"":""rapid_escalation""}",2026-05-27T11:26:27Z
4810,1544,New York Metro,2026-06-25,418,383,479,3.62,telco_signal_v2,"{""model"":""telco_signal_v2"",""drivers"":[""enterprise_sla_escalation"",""subscriber_impact_report"",""high_priority_care_need""],""top_advocate"":""@enterpriseedge_nina"",""urgency_score"":94,""confidence"":""very_high"",""trend"":""rapid_escalation""}",2026-05-27T11:26:27Z
4811,1545,Pacific Northwest,2026-05-27,66,52,99,1.15,telco_signal_v2,"{""model"":""telco_signal_v2"",""drivers"":[""rural_coverage_signal"",""field_technician_capacity_signal"",""seasonal_site_visit_need""],""top_advocate"":""@coverage_assurance_pnw"",""urgency_score"":61,""confidence"":""medium"",""trend"":""seasonal""}",2026-05-27T11:26:27Z
4812,1545,Pacific Northwest,2026-05-28,76,54,101,1.18,telco_signal_v2,"{""model"":""telco_signal_v2"",""drivers"":[""rural_coverage_signal"",""field_technician_capacity_signal"",""seasonal_site_visit_need""],""top_advocate"":""@coverage_assurance_pnw"",""urgency_score"":61,""confidence"":""medium"",""trend"":""seasonal""}",2026-05-27T11:26:27Z
4813,1545,Pacific Northwest,2026-05-29,74,56,103,1.11,telco_signal_v2,"{""model"":""telco_signal_v2"",""drivers"":[""rural_coverage_signal"",""field_technician_capacity_signal"",""seasonal_site_visit_need""],""top_advocate"":""@coverage_assurance_pnw"",""urgency_score"":61,""confidence"":""medium"",""trend"":""seasonal""}",2026-05-27T11:26:27Z
4814,1545,Pacific Northwest,2026-05-30,87,58,105,1.17,telco_signal_v2,"{""model"":""telco_signal_v2"",""drivers"":[""rural_coverage_signal"",""field_technician_capacity_signal"",""seasonal_site_visit_need""],""top_advocate"":""@coverage_assurance_pnw"",""urgency_score"":61,""confidence"":""medium"",""trend"":""seasonal""}",2026-05-27T11:26:27Z
4815,1545,Pacific Northwest,2026-05-31,81,60,107,1.13,telco_signal_v2,"{""model"":""telco_signal_v2"",""drivers"":[""rural_coverage_signal"",""field_technician_capacity_signal"",""seasonal_site_visit_need""],""top_advocate"":""@coverage_assurance_pnw"",""urgency_score"":61,""confidence"":""medium"",""trend"":""seasonal""}",2026-05-27T11:26:27Z
4816,1545,Pacific Northwest,2026-06-01,92,62,109,1.24,telco_signal_v2,"{""model"":""telco_signal_v2"",""drivers"":[""rural_coverage_signal"",""field_technician_capacity_signal"",""seasonal_site_visit_need""],""top_advocate"":""@coverage_assurance_pnw"",""urgency_score"":61,""confidence"":""medium"",""trend"":""seasonal""}",2026-05-27T11:26:27Z
4817,1545,Pacific Northwest,2026-06-02,80,64,111,1.21,telco_signal_v2,"{""model"":""telco_signal_v2"",""drivers"":[""rural_coverage_signal"",""field_technician_capacity_signal"",""seasonal_site_visit_need""],""top_advocate"":""@coverage_assurance_pnw"",""urgency_score"":61,""confidence"":""medium"",""trend"":""seasonal""}",2026-05-27T11:26:27Z
4818,1545,Pacific Northwest,2026-06-03,93,66,113,1.17,telco_signal_v2,"{""model"":""telco_signal_v2"",""drivers"":[""rural_coverage_signal"",""field_technician_capacity_signal"",""seasonal_site_visit_need""],""top_advocate"":""@coverage_assurance_pnw"",""urgency_score"":61,""confidence"":""medium"",""trend"":""seasonal""}",2026-05-27T11:26:27Z
4819,1545,Pacific Northwest,2026-06-04,97,68,115,1.17,telco_signal_v2,"{""model"":""telco_signal_v2"",""drivers"":[""rural_coverage_signal"",""field_technician_capacity_signal"",""seasonal_site_visit_need""],""top_advocate"":""@coverage_assurance_pnw"",""urgency_score"":61,""confidence"":""medium"",""trend"":""seasonal""}",2026-05-27T11:26:27Z
4820,1545,Pacific Northwest,2026-06-05,101,70,117,1.18,telco_signal_v2,"{""model"":""telco_signal_v2"",""drivers"":[""rural_coverage_signal"",""field_technician_capacity_signal"",""seasonal_site_visit_need""],""top_advocate"":""@coverage_assurance_pnw"",""urgency_score"":61,""confidence"":""medium"",""trend"":""seasonal""}",2026-05-27T11:26:27Z
4821,1545,Pacific Northwest,2026-06-06,90,72,119,1.26,telco_signal_v2,"{""model"":""telco_signal_v2"",""drivers"":[""rural_coverage_signal"",""field_technician_capacity_signal"",""seasonal_site_visit_need""],""top_advocate"":""@coverage_assurance_pnw"",""urgency_score"":61,""confidence"":""medium"",""trend"":""seasonal""}",2026-05-27T11:26:27Z
4822,1545,Pacific Northwest,2026-06-07,102,74,121,1.21,telco_signal_v2,"{""model"":""telco_signal_v2"",""drivers"":[""rural_coverage_signal"",""field_technician_capacity_signal"",""seasonal_site_visit_need""],""top_advocate"":""@coverage_assurance_pnw"",""urgency_score"":61,""confidence"":""medium"",""trend"":""seasonal""}",2026-05-27T11:26:27Z
4823,1545,Pacific Northwest,2026-06-08,99,76,123,1.23,telco_signal_v2,"{""model"":""telco_signal_v2"",""drivers"":[""rural_coverage_signal"",""field_technician_capacity_signal"",""seasonal_site_visit_need""],""top_advocate"":""@coverage_assurance_pnw"",""urgency_score"":61,""confidence"":""medium"",""trend"":""seasonal""}",2026-05-27T11:26:27Z
4824,1545,Pacific Northwest,2026-06-09,106,78,125,1.27,telco_signal_v2,"{""model"":""telco_signal_v2"",""drivers"":[""rural_coverage_signal"",""field_technician_capacity_signal"",""seasonal_site_visit_need""],""top_advocate"":""@coverage_assurance_pnw"",""urgency_score"":61,""confidence"":""medium"",""trend"":""seasonal""}",2026-05-27T11:26:27Z
4825,1545,Pacific Northwest,2026-06-10,93,80,127,1.23,telco_signal_v2,"{""model"":""telco_signal_v2"",""drivers"":[""rural_coverage_signal"",""field_technician_capacity_signal"",""seasonal_site_visit_need""],""top_advocate"":""@coverage_assurance_pnw"",""urgency_score"":61,""confidence"":""medium"",""trend"":""seasonal""}",2026-05-27T11:26:27Z
4826,1545,Pacific Northwest,2026-06-11,102,82,129,1.27,telco_signal_v2,"{""model"":""telco_signal_v2"",""drivers"":[""rural_coverage_signal"",""field_technician_capacity_signal"",""seasonal_site_visit_need""],""top_advocate"":""@coverage_assurance_pnw"",""urgency_score"":61,""confidence"":""medium"",""trend"":""seasonal""}",2026-05-27T11:26:27Z
4827,1545,Pacific Northwest,2026-06-12,110,84,131,1.28,telco_signal_v2,"{""model"":""telco_signal_v2"",""drivers"":[""rural_coverage_signal"",""field_technician_capacity_signal"",""seasonal_site_visit_need""],""top_advocate"":""@coverage_assurance_pnw"",""urgency_score"":61,""confidence"":""medium"",""trend"":""seasonal""}",2026-05-27T11:26:27Z
4828,1545,Pacific Northwest,2026-06-13,105,86,133,1.31,telco_signal_v2,"{""model"":""telco_signal_v2"",""drivers"":[""rural_coverage_signal"",""field_technician_capacity_signal"",""seasonal_site_visit_need""],""top_advocate"":""@coverage_assurance_pnw"",""urgency_score"":61,""confidence"":""medium"",""trend"":""seasonal""}",2026-05-27T11:26:27Z
4829,1545,Pacific Northwest,2026-06-14,112,88,135,1.3,telco_signal_v2,"{""model"":""telco_signal_v2"",""drivers"":[""rural_coverage_signal"",""field_technician_capacity_signal"",""seasonal_site_visit_need""],""top_advocate"":""@coverage_assurance_pnw"",""urgency_score"":61,""confidence"":""medium"",""trend"":""seasonal""}",2026-05-27T11:26:27Z
4830,1545,Pacific Northwest,2026-06-15,112,90,137,1.34,telco_signal_v2,"{""model"":""telco_signal_v2"",""drivers"":[""rural_coverage_signal"",""field_technician_capacity_signal"",""seasonal_site_visit_need""],""top_advocate"":""@coverage_assurance_pnw"",""urgency_score"":61,""confidence"":""medium"",""trend"":""seasonal""}",2026-05-27T11:26:27Z
4831,1545,Pacific Northwest,2026-06-16,105,92,139,1.29,telco_signal_v2,"{""model"":""telco_signal_v2"",""drivers"":[""rural_coverage_signal"",""field_technician_capacity_signal"",""seasonal_site_visit_need""],""top_advocate"":""@coverage_assurance_pnw"",""urgency_score"":61,""confidence"":""medium"",""trend"":""seasonal""}",2026-05-27T11:26:27Z
4832,1545,Pacific Northwest,2026-06-17,124,94,141,1.34,telco_signal_v2,"{""model"":""telco_signal_v2"",""drivers"":[""rural_coverage_signal"",""field_technician_capacity_signal"",""seasonal_site_visit_need""],""top_advocate"":""@coverage_assurance_pnw"",""urgency_score"":61,""confidence"":""medium"",""trend"":""seasonal""}",2026-05-27T11:26:27Z
4833,1545,Pacific Northwest,2026-06-18,112,96,143,1.39,telco_signal_v2,"{""model"":""telco_signal_v2"",""drivers"":[""rural_coverage_signal"",""field_technician_capacity_signal"",""seasonal_site_visit_need""],""top_advocate"":""@coverage_assurance_pnw"",""urgency_score"":61,""confidence"":""medium"",""trend"":""seasonal""}",2026-05-27T11:26:27Z
4834,1545,Pacific Northwest,2026-06-19,125,98,145,1.34,telco_signal_v2,"{""model"":""telco_signal_v2"",""drivers"":[""rural_coverage_signal"",""field_technician_capacity_signal"",""seasonal_site_visit_need""],""top_advocate"":""@coverage_assurance_pnw"",""urgency_score"":61,""confidence"":""medium"",""trend"":""seasonal""}",2026-05-27T11:26:27Z
4835,1545,Pacific Northwest,2026-06-20,118,100,147,1.37,telco_signal_v2,"{""model"":""telco_signal_v2"",""drivers"":[""rural_coverage_signal"",""field_technician_capacity_signal"",""seasonal_site_visit_need""],""top_advocate"":""@coverage_assurance_pnw"",""urgency_score"":61,""confidence"":""medium"",""trend"":""seasonal""}",2026-05-27T11:26:27Z
4836,1545,Pacific Northwest,2026-06-21,120,102,149,1.36,telco_signal_v2,"{""model"":""telco_signal_v2"",""drivers"":[""rural_coverage_signal"",""field_technician_capacity_signal"",""seasonal_site_visit_need""],""top_advocate"":""@coverage_assurance_pnw"",""urgency_score"":61,""confidence"":""medium"",""trend"":""seasonal""}",2026-05-27T11:26:27Z
4837,1545,Pacific Northwest,2026-06-22,131,104,151,1.32,telco_signal_v2,"{""model"":""telco_signal_v2"",""drivers"":[""rural_coverage_signal"",""field_technician_capacity_signal"",""seasonal_site_visit_need""],""top_advocate"":""@coverage_assurance_pnw"",""urgency_score"":61,""confidence"":""medium"",""trend"":""seasonal""}",2026-05-27T11:26:27Z
4838,1545,Pacific Northwest,2026-06-23,122,106,153,1.39,telco_signal_v2,"{""model"":""telco_signal_v2"",""drivers"":[""rural_coverage_signal"",""field_technician_capacity_signal"",""seasonal_site_visit_need""],""top_advocate"":""@coverage_assurance_pnw"",""urgency_score"":61,""confidence"":""medium"",""trend"":""seasonal""}",2026-05-27T11:26:27Z
4839,1545,Pacific Northwest,2026-06-24,138,108,155,1.37,telco_signal_v2,"{""model"":""telco_signal_v2"",""drivers"":[""rural_coverage_signal"",""field_technician_capacity_signal"",""seasonal_site_visit_need""],""top_advocate"":""@coverage_assurance_pnw"",""urgency_score"":61,""confidence"":""medium"",""trend"":""seasonal""}",2026-05-27T11:26:27Z
4840,1545,Pacific Northwest,2026-06-25,131,110,157,1.38,telco_signal_v2,"{""model"":""telco_signal_v2"",""drivers"":[""rural_coverage_signal"",""field_technician_capacity_signal"",""seasonal_site_visit_need""],""top_advocate"":""@coverage_assurance_pnw"",""urgency_score"":61,""confidence"":""medium"",""trend"":""seasonal""}",2026-05-27T11:26:27Z
4841,1545,Mountain West,2026-05-27,53,40,75,1.07,telco_signal_v2,"{""model"":""telco_signal_v2"",""drivers"":[""post_acute_rehab_wave"",""mobility_recovery_trend"",""remote_region_awareness""],""top_advocate"":""@rural_access_max"",""urgency_score"":55,""confidence"":""low"",""trend"":""flat_seasonal""}",2026-05-27T11:26:27Z
4842,1545,Mountain West,2026-05-28,64,41,76,1.07,telco_signal_v2,"{""model"":""telco_signal_v2"",""drivers"":[""post_acute_rehab_wave"",""mobility_recovery_trend"",""remote_region_awareness""],""top_advocate"":""@rural_access_max"",""urgency_score"":55,""confidence"":""low"",""trend"":""flat_seasonal""}",2026-05-27T11:26:27Z
4843,1545,Mountain West,2026-05-29,59,42,77,1.08,telco_signal_v2,"{""model"":""telco_signal_v2"",""drivers"":[""post_acute_rehab_wave"",""mobility_recovery_trend"",""remote_region_awareness""],""top_advocate"":""@rural_access_max"",""urgency_score"":55,""confidence"":""low"",""trend"":""flat_seasonal""}",2026-05-27T11:26:27Z
4844,1545,Mountain West,2026-05-30,61,43,78,1.15,telco_signal_v2,"{""model"":""telco_signal_v2"",""drivers"":[""post_acute_rehab_wave"",""mobility_recovery_trend"",""remote_region_awareness""],""top_advocate"":""@rural_access_max"",""urgency_score"":55,""confidence"":""low"",""trend"":""flat_seasonal""}",2026-05-27T11:26:27Z
4845,1545,Mountain West,2026-05-31,54,44,79,1.1,telco_signal_v2,"{""model"":""telco_signal_v2"",""drivers"":[""post_acute_rehab_wave"",""mobility_recovery_trend"",""remote_region_awareness""],""top_advocate"":""@rural_access_max"",""urgency_score"":55,""confidence"":""low"",""trend"":""flat_seasonal""}",2026-05-27T11:26:27Z
4846,1545,Mountain West,2026-06-01,68,45,80,1.18,telco_signal_v2,"{""model"":""telco_signal_v2"",""drivers"":[""post_acute_rehab_wave"",""mobility_recovery_trend"",""remote_region_awareness""],""top_advocate"":""@rural_access_max"",""urgency_score"":55,""confidence"":""low"",""trend"":""flat_seasonal""}",2026-05-27T11:26:27Z
4847,1545,Mountain West,2026-06-02,59,46,81,1.17,telco_signal_v2,"{""model"":""telco_signal_v2"",""drivers"":[""post_acute_rehab_wave"",""mobility_recovery_trend"",""remote_region_awareness""],""top_advocate"":""@rural_access_max"",""urgency_score"":55,""confidence"":""low"",""trend"":""flat_seasonal""}",2026-05-27T11:26:27Z
4848,1545,Mountain West,2026-06-03,67,47,82,1.14,telco_signal_v2,"{""model"":""telco_signal_v2"",""drivers"":[""post_acute_rehab_wave"",""mobility_recovery_trend"",""remote_region_awareness""],""top_advocate"":""@rural_access_max"",""urgency_score"":55,""confidence"":""low"",""trend"":""flat_seasonal""}",2026-05-27T11:26:27Z
4849,1545,Mountain West,2026-06-04,68,48,83,1.16,telco_signal_v2,"{""model"":""telco_signal_v2"",""drivers"":[""post_acute_rehab_wave"",""mobility_recovery_trend"",""remote_region_awareness""],""top_advocate"":""@rural_access_max"",""urgency_score"":55,""confidence"":""low"",""trend"":""flat_seasonal""}",2026-05-27T11:26:27Z
4850,1545,Mountain West,2026-06-05,68,49,84,1.2,telco_signal_v2,"{""model"":""telco_signal_v2"",""drivers"":[""post_acute_rehab_wave"",""mobility_recovery_trend"",""remote_region_awareness""],""top_advocate"":""@rural_access_max"",""urgency_score"":55,""confidence"":""low"",""trend"":""flat_seasonal""}",2026-05-27T11:26:27Z
4851,1545,Mountain West,2026-06-06,74,50,85,1.13,telco_signal_v2,"{""model"":""telco_signal_v2"",""drivers"":[""post_acute_rehab_wave"",""mobility_recovery_trend"",""remote_region_awareness""],""top_advocate"":""@rural_access_max"",""urgency_score"":55,""confidence"":""low"",""trend"":""flat_seasonal""}",2026-05-27T11:26:27Z
4852,1545,Mountain West,2026-06-07,61,51,86,1.2,telco_signal_v2,"{""model"":""telco_signal_v2"",""drivers"":[""post_acute_rehab_wave"",""mobility_recovery_trend"",""remote_region_awareness""],""top_advocate"":""@rural_access_max"",""urgency_score"":55,""confidence"":""low"",""trend"":""flat_seasonal""}",2026-05-27T11:26:27Z
4853,1545,Mountain West,2026-06-08,64,52,87,1.19,telco_signal_v2,"{""model"":""telco_signal_v2"",""drivers"":[""post_acute_rehab_wave"",""mobility_recovery_trend"",""remote_region_awareness""],""top_advocate"":""@rural_access_max"",""urgency_score"":55,""confidence"":""low"",""trend"":""flat_seasonal""}",2026-05-27T11:26:27Z
4854,1545,Mountain West,2026-06-09,77,53,88,1.2,telco_signal_v2,"{""model"":""telco_signal_v2"",""drivers"":[""post_acute_rehab_wave"",""mobility_recovery_trend"",""remote_region_awareness""],""top_advocate"":""@rural_access_max"",""urgency_score"":55,""confidence"":""low"",""trend"":""flat_seasonal""}",2026-05-27T11:26:27Z
4855,1545,Mountain West,2026-06-10,74,54,89,1.22,telco_signal_v2,"{""model"":""telco_signal_v2"",""drivers"":[""post_acute_rehab_wave"",""mobility_recovery_trend"",""remote_region_awareness""],""top_advocate"":""@rural_access_max"",""urgency_score"":55,""confidence"":""low"",""trend"":""flat_seasonal""}",2026-05-27T11:26:27Z
4856,1545,Mountain West,2026-06-11,78,55,90,1.24,telco_signal_v2,"{""model"":""telco_signal_v2"",""drivers"":[""post_acute_rehab_wave"",""mobility_recovery_trend"",""remote_region_awareness""],""top_advocate"":""@rural_access_max"",""urgency_score"":55,""confidence"":""low"",""trend"":""flat_seasonal""}",2026-05-27T11:26:27Z
4857,1545,Mountain West,2026-06-12,74,56,91,1.2,telco_signal_v2,"{""model"":""telco_signal_v2"",""drivers"":[""post_acute_rehab_wave"",""mobility_recovery_trend"",""remote_region_awareness""],""top_advocate"":""@rural_access_max"",""urgency_score"":55,""confidence"":""low"",""trend"":""flat_seasonal""}",2026-05-27T11:26:27Z
4858,1545,Mountain West,2026-06-13,79,57,92,1.23,telco_signal_v2,"{""model"":""telco_signal_v2"",""drivers"":[""post_acute_rehab_wave"",""mobility_recovery_trend"",""remote_region_awareness""],""top_advocate"":""@rural_access_max"",""urgency_score"":55,""confidence"":""low"",""trend"":""flat_seasonal""}",2026-05-27T11:26:27Z
4859,1545,Mountain West,2026-06-14,72,58,93,1.22,telco_signal_v2,"{""model"":""telco_signal_v2"",""drivers"":[""post_acute_rehab_wave"",""mobility_recovery_trend"",""remote_region_awareness""],""top_advocate"":""@rural_access_max"",""urgency_score"":55,""confidence"":""low"",""trend"":""flat_seasonal""}",2026-05-27T11:26:27Z
4860,1545,Mountain West,2026-06-15,73,59,94,1.21,telco_signal_v2,"{""model"":""telco_signal_v2"",""drivers"":[""post_acute_rehab_wave"",""mobility_recovery_trend"",""remote_region_awareness""],""top_advocate"":""@rural_access_max"",""urgency_score"":55,""confidence"":""low"",""trend"":""flat_seasonal""}",2026-05-27T11:26:27Z
4861,1545,Mountain West,2026-06-16,70,60,95,1.26,telco_signal_v2,"{""model"":""telco_signal_v2"",""drivers"":[""post_acute_rehab_wave"",""mobility_recovery_trend"",""remote_region_awareness""],""top_advocate"":""@rural_access_max"",""urgency_score"":55,""confidence"":""low"",""trend"":""flat_seasonal""}",2026-05-27T11:26:27Z
4862,1545,Mountain West,2026-06-17,74,61,96,1.26,telco_signal_v2,"{""model"":""telco_signal_v2"",""drivers"":[""post_acute_rehab_wave"",""mobility_recovery_trend"",""remote_region_awareness""],""top_advocate"":""@rural_access_max"",""urgency_score"":55,""confidence"":""low"",""trend"":""flat_seasonal""}",2026-05-27T11:26:27Z
4863,1545,Mountain West,2026-06-18,77,62,97,1.3,telco_signal_v2,"{""model"":""telco_signal_v2"",""drivers"":[""post_acute_rehab_wave"",""mobility_recovery_trend"",""remote_region_awareness""],""top_advocate"":""@rural_access_max"",""urgency_score"":55,""confidence"":""low"",""trend"":""flat_seasonal""}",2026-05-27T11:26:27Z
4864,1545,Mountain West,2026-06-19,85,63,98,1.25,telco_signal_v2,"{""model"":""telco_signal_v2"",""drivers"":[""post_acute_rehab_wave"",""mobility_recovery_trend"",""remote_region_awareness""],""top_advocate"":""@rural_access_max"",""urgency_score"":55,""confidence"":""low"",""trend"":""flat_seasonal""}",2026-05-27T11:26:27Z
4865,1545,Mountain West,2026-06-20,81,64,99,1.3,telco_signal_v2,"{""model"":""telco_signal_v2"",""drivers"":[""post_acute_rehab_wave"",""mobility_recovery_trend"",""remote_region_awareness""],""top_advocate"":""@rural_access_max"",""urgency_score"":55,""confidence"":""low"",""trend"":""flat_seasonal""}",2026-05-27T11:26:27Z
4866,1545,Mountain West,2026-06-21,79,65,100,1.31,telco_signal_v2,"{""model"":""telco_signal_v2"",""drivers"":[""post_acute_rehab_wave"",""mobility_recovery_trend"",""remote_region_awareness""],""top_advocate"":""@rural_access_max"",""urgency_score"":55,""confidence"":""low"",""trend"":""flat_seasonal""}",2026-05-27T11:26:27Z
4867,1545,Mountain West,2026-06-22,79,66,101,1.28,telco_signal_v2,"{""model"":""telco_signal_v2"",""drivers"":[""post_acute_rehab_wave"",""mobility_recovery_trend"",""remote_region_awareness""],""top_advocate"":""@rural_access_max"",""urgency_score"":55,""confidence"":""low"",""trend"":""flat_seasonal""}",2026-05-27T11:26:27Z
4868,1545,Mountain West,2026-06-23,91,67,102,1.29,telco_signal_v2,"{""model"":""telco_signal_v2"",""drivers"":[""post_acute_rehab_wave"",""mobility_recovery_trend"",""remote_region_awareness""],""top_advocate"":""@rural_access_max"",""urgency_score"":55,""confidence"":""low"",""trend"":""flat_seasonal""}",2026-05-27T11:26:27Z
4869,1545,Mountain West,2026-06-24,87,68,103,1.34,telco_signal_v2,"{""model"":""telco_signal_v2"",""drivers"":[""post_acute_rehab_wave"",""mobility_recovery_trend"",""remote_region_awareness""],""top_advocate"":""@rural_access_max"",""urgency_score"":55,""confidence"":""low"",""trend"":""flat_seasonal""}",2026-05-27T11:26:27Z
4870,1545,Mountain West,2026-06-25,88,69,104,1.28,telco_signal_v2,"{""model"":""telco_signal_v2"",""drivers"":[""post_acute_rehab_wave"",""mobility_recovery_trend"",""remote_region_awareness""],""top_advocate"":""@rural_access_max"",""urgency_score"":55,""confidence"":""low"",""trend"":""flat_seasonal""}",2026-05-27T11:26:27Z
4871,1541,Northeast Corridor,2026-05-27,350,249,412,1.8,telco_signal_v2,"{""model"":""telco_signal_v2"",""drivers"":[""multi_channel_access_spike"",""local_outage_awareness"",""regional_outage_coverage"",""capacity_constraint_signal""],""top_advocate"":""@service_assurance_network"",""urgency_score"":97,""confidence"":""very_high"",""trend"":""historic_service_impact"",""alert"":""pre_position_capacity_recommended""}",2026-05-27T11:26:27Z
4872,1541,Northeast Corridor,2026-05-28,343,261,424,1.99,telco_signal_v2,"{""model"":""telco_signal_v2"",""drivers"":[""multi_channel_access_spike"",""local_outage_awareness"",""regional_outage_coverage"",""capacity_constraint_signal""],""top_advocate"":""@service_assurance_network"",""urgency_score"":97,""confidence"":""very_high"",""trend"":""historic_service_impact"",""alert"":""pre_position_capacity_recommended""}",2026-05-27T11:26:27Z
4873,1541,Northeast Corridor,2026-05-29,350,273,436,2.07,telco_signal_v2,"{""model"":""telco_signal_v2"",""drivers"":[""multi_channel_access_spike"",""local_outage_awareness"",""regional_outage_coverage"",""capacity_constraint_signal""],""top_advocate"":""@service_assurance_network"",""urgency_score"":97,""confidence"":""very_high"",""trend"":""historic_service_impact"",""alert"":""pre_position_capacity_recommended""}",2026-05-27T11:26:27Z
4874,1541,Northeast Corridor,2026-05-30,354,285,448,2.11,telco_signal_v2,"{""model"":""telco_signal_v2"",""drivers"":[""multi_channel_access_spike"",""local_outage_awareness"",""regional_outage_coverage"",""capacity_constraint_signal""],""top_advocate"":""@service_assurance_network"",""urgency_score"":97,""confidence"":""very_high"",""trend"":""historic_service_impact"",""alert"":""pre_position_capacity_recommended""}",2026-05-27T11:26:27Z
4875,1541,Northeast Corridor,2026-05-31,350,297,460,2.34,telco_signal_v2,"{""model"":""telco_signal_v2"",""drivers"":[""multi_channel_access_spike"",""local_outage_awareness"",""regional_outage_coverage"",""capacity_constraint_signal""],""top_advocate"":""@service_assurance_network"",""urgency_score"":97,""confidence"":""very_high"",""trend"":""historic_service_impact"",""alert"":""pre_position_capacity_recommended""}",2026-05-27T11:26:27Z
4876,1541,Northeast Corridor,2026-06-01,395,309,472,2.31,telco_signal_v2,"{""model"":""telco_signal_v2"",""drivers"":[""multi_channel_access_spike"",""local_outage_awareness"",""regional_outage_coverage"",""capacity_constraint_signal""],""top_advocate"":""@service_assurance_network"",""urgency_score"":97,""confidence"":""very_high"",""trend"":""historic_service_impact"",""alert"":""pre_position_capacity_recommended""}",2026-05-27T11:26:27Z
4877,1541,Northeast Corridor,2026-06-02,371,321,484,2.44,telco_signal_v2,"{""model"":""telco_signal_v2"",""drivers"":[""multi_channel_access_spike"",""local_outage_awareness"",""regional_outage_coverage"",""capacity_constraint_signal""],""top_advocate"":""@service_assurance_network"",""urgency_score"":97,""confidence"":""very_high"",""trend"":""historic_service_impact"",""alert"":""pre_position_capacity_recommended""}",2026-05-27T11:26:27Z
4878,1541,Northeast Corridor,2026-06-03,399,333,496,2.25,telco_signal_v2,"{""model"":""telco_signal_v2"",""drivers"":[""multi_channel_access_spike"",""local_outage_awareness"",""regional_outage_coverage"",""capacity_constraint_signal""],""top_advocate"":""@service_assurance_network"",""urgency_score"":97,""confidence"":""very_high"",""trend"":""historic_service_impact"",""alert"":""pre_position_capacity_recommended""}",2026-05-27T11:26:27Z
4879,1541,Northeast Corridor,2026-06-04,458,345,508,2.58,telco_signal_v2,"{""model"":""telco_signal_v2"",""drivers"":[""multi_channel_access_spike"",""local_outage_awareness"",""regional_outage_coverage"",""capacity_constraint_signal""],""top_advocate"":""@service_assurance_network"",""urgency_score"":97,""confidence"":""very_high"",""trend"":""historic_service_impact"",""alert"":""pre_position_capacity_recommended""}",2026-05-27T11:26:27Z
4880,1541,Northeast Corridor,2026-06-05,403,357,520,2.55,telco_signal_v2,"{""model"":""telco_signal_v2"",""drivers"":[""multi_channel_access_spike"",""local_outage_awareness"",""regional_outage_coverage"",""capacity_constraint_signal""],""top_advocate"":""@service_assurance_network"",""urgency_score"":97,""confidence"":""very_high"",""trend"":""historic_service_impact"",""alert"":""pre_position_capacity_recommended""}",2026-05-27T11:26:27Z
4881,1541,Northeast Corridor,2026-06-06,431,369,532,2.45,telco_signal_v2,"{""model"":""telco_signal_v2"",""drivers"":[""multi_channel_access_spike"",""local_outage_awareness"",""regional_outage_coverage"",""capacity_constraint_signal""],""top_advocate"":""@service_assurance_network"",""urgency_score"":97,""confidence"":""very_high"",""trend"":""historic_service_impact"",""alert"":""pre_position_capacity_recommended""}",2026-05-27T11:26:27Z
4882,1541,Northeast Corridor,2026-06-07,451,381,544,2.82,telco_signal_v2,"{""model"":""telco_signal_v2"",""drivers"":[""multi_channel_access_spike"",""local_outage_awareness"",""regional_outage_coverage"",""capacity_constraint_signal""],""top_advocate"":""@service_assurance_network"",""urgency_score"":97,""confidence"":""very_high"",""trend"":""historic_service_impact"",""alert"":""pre_position_capacity_recommended""}",2026-05-27T11:26:27Z
4883,1541,Northeast Corridor,2026-06-08,444,393,556,2.81,telco_signal_v2,"{""model"":""telco_signal_v2"",""drivers"":[""multi_channel_access_spike"",""local_outage_awareness"",""regional_outage_coverage"",""capacity_constraint_signal""],""top_advocate"":""@service_assurance_network"",""urgency_score"":97,""confidence"":""very_high"",""trend"":""historic_service_impact"",""alert"":""pre_position_capacity_recommended""}",2026-05-27T11:26:27Z
4884,1541,Northeast Corridor,2026-06-09,462,405,568,2.62,telco_signal_v2,"{""model"":""telco_signal_v2"",""drivers"":[""multi_channel_access_spike"",""local_outage_awareness"",""regional_outage_coverage"",""capacity_constraint_signal""],""top_advocate"":""@service_assurance_network"",""urgency_score"":97,""confidence"":""very_high"",""trend"":""historic_service_impact"",""alert"":""pre_position_capacity_recommended""}",2026-05-27T11:26:27Z
4885,1541,Northeast Corridor,2026-06-10,471,417,580,2.78,telco_signal_v2,"{""model"":""telco_signal_v2"",""drivers"":[""multi_channel_access_spike"",""local_outage_awareness"",""regional_outage_coverage"",""capacity_constraint_signal""],""top_advocate"":""@service_assurance_network"",""urgency_score"":97,""confidence"":""very_high"",""trend"":""historic_service_impact"",""alert"":""pre_position_capacity_recommended""}",2026-05-27T11:26:27Z
4886,1541,Northeast Corridor,2026-06-11,526,429,592,2.72,telco_signal_v2,"{""model"":""telco_signal_v2"",""drivers"":[""multi_channel_access_spike"",""local_outage_awareness"",""regional_outage_coverage"",""capacity_constraint_signal""],""top_advocate"":""@service_assurance_network"",""urgency_score"":97,""confidence"":""very_high"",""trend"":""historic_service_impact"",""alert"":""pre_position_capacity_recommended""}",2026-05-27T11:26:27Z
4887,1541,Northeast Corridor,2026-06-12,544,441,604,3.11,telco_signal_v2,"{""model"":""telco_signal_v2"",""drivers"":[""multi_channel_access_spike"",""local_outage_awareness"",""regional_outage_coverage"",""capacity_constraint_signal""],""top_advocate"":""@service_assurance_network"",""urgency_score"":97,""confidence"":""very_high"",""trend"":""historic_service_impact"",""alert"":""pre_position_capacity_recommended""}",2026-05-27T11:26:27Z
4888,1541,Northeast Corridor,2026-06-13,561,453,616,3.06,telco_signal_v2,"{""model"":""telco_signal_v2"",""drivers"":[""multi_channel_access_spike"",""local_outage_awareness"",""regional_outage_coverage"",""capacity_constraint_signal""],""top_advocate"":""@service_assurance_network"",""urgency_score"":97,""confidence"":""very_high"",""trend"":""historic_service_impact"",""alert"":""pre_position_capacity_recommended""}",2026-05-27T11:26:27Z
4889,1541,Northeast Corridor,2026-06-14,531,465,628,3.16,telco_signal_v2,"{""model"":""telco_signal_v2"",""drivers"":[""multi_channel_access_spike"",""local_outage_awareness"",""regional_outage_coverage"",""capacity_constraint_signal""],""top_advocate"":""@service_assurance_network"",""urgency_score"":97,""confidence"":""very_high"",""trend"":""historic_service_impact"",""alert"":""pre_position_capacity_recommended""}",2026-05-27T11:26:27Z
4890,1541,Northeast Corridor,2026-06-15,531,477,640,3.18,telco_signal_v2,"{""model"":""telco_signal_v2"",""drivers"":[""multi_channel_access_spike"",""local_outage_awareness"",""regional_outage_coverage"",""capacity_constraint_signal""],""top_advocate"":""@service_assurance_network"",""urgency_score"":97,""confidence"":""very_high"",""trend"":""historic_service_impact"",""alert"":""pre_position_capacity_recommended""}",2026-05-27T11:26:27Z
4891,1541,Northeast Corridor,2026-06-16,598,489,652,3.19,telco_signal_v2,"{""model"":""telco_signal_v2"",""drivers"":[""multi_channel_access_spike"",""local_outage_awareness"",""regional_outage_coverage"",""capacity_constraint_signal""],""top_advocate"":""@service_assurance_network"",""urgency_score"":97,""confidence"":""very_high"",""trend"":""historic_service_impact"",""alert"":""pre_position_capacity_recommended""}",2026-05-27T11:26:27Z
4892,1541,Northeast Corridor,2026-06-17,552,501,664,3.35,telco_signal_v2,"{""model"":""telco_signal_v2"",""drivers"":[""multi_channel_access_spike"",""local_outage_awareness"",""regional_outage_coverage"",""capacity_constraint_signal""],""top_advocate"":""@service_assurance_network"",""urgency_score"":97,""confidence"":""very_high"",""trend"":""historic_service_impact"",""alert"":""pre_position_capacity_recommended""}",2026-05-27T11:26:27Z
4893,1541,Northeast Corridor,2026-06-18,606,513,676,3.45,telco_signal_v2,"{""model"":""telco_signal_v2"",""drivers"":[""multi_channel_access_spike"",""local_outage_awareness"",""regional_outage_coverage"",""capacity_constraint_signal""],""top_advocate"":""@service_assurance_network"",""urgency_score"":97,""confidence"":""very_high"",""trend"":""historic_service_impact"",""alert"":""pre_position_capacity_recommended""}",2026-05-27T11:26:27Z
4894,1541,Northeast Corridor,2026-06-19,578,525,688,3.31,telco_signal_v2,"{""model"":""telco_signal_v2"",""drivers"":[""multi_channel_access_spike"",""local_outage_awareness"",""regional_outage_coverage"",""capacity_constraint_signal""],""top_advocate"":""@service_assurance_network"",""urgency_score"":97,""confidence"":""very_high"",""trend"":""historic_service_impact"",""alert"":""pre_position_capacity_recommended""}",2026-05-27T11:26:27Z
4895,1541,Northeast Corridor,2026-06-20,605,537,700,3.74,telco_signal_v2,"{""model"":""telco_signal_v2"",""drivers"":[""multi_channel_access_spike"",""local_outage_awareness"",""regional_outage_coverage"",""capacity_constraint_signal""],""top_advocate"":""@service_assurance_network"",""urgency_score"":97,""confidence"":""very_high"",""trend"":""historic_service_impact"",""alert"":""pre_position_capacity_recommended""}",2026-05-27T11:26:27Z
4896,1541,Northeast Corridor,2026-06-21,596,549,712,3.76,telco_signal_v2,"{""model"":""telco_signal_v2"",""drivers"":[""multi_channel_access_spike"",""local_outage_awareness"",""regional_outage_coverage"",""capacity_constraint_signal""],""top_advocate"":""@service_assurance_network"",""urgency_score"":97,""confidence"":""very_high"",""trend"":""historic_service_impact"",""alert"":""pre_position_capacity_recommended""}",2026-05-27T11:26:27Z
4897,1541,Northeast Corridor,2026-06-22,612,561,724,3.87,telco_signal_v2,"{""model"":""telco_signal_v2"",""drivers"":[""multi_channel_access_spike"",""local_outage_awareness"",""regional_outage_coverage"",""capacity_constraint_signal""],""top_advocate"":""@service_assurance_network"",""urgency_score"":97,""confidence"":""very_high"",""trend"":""historic_service_impact"",""alert"":""pre_position_capacity_recommended""}",2026-05-27T11:26:27Z
4898,1541,Northeast Corridor,2026-06-23,628,573,736,3.91,telco_signal_v2,"{""model"":""telco_signal_v2"",""drivers"":[""multi_channel_access_spike"",""local_outage_awareness"",""regional_outage_coverage"",""capacity_constraint_signal""],""top_advocate"":""@service_assurance_network"",""urgency_score"":97,""confidence"":""very_high"",""trend"":""historic_service_impact"",""alert"":""pre_position_capacity_recommended""}",2026-05-27T11:26:27Z
4899,1541,Northeast Corridor,2026-06-24,643,585,748,3.9,telco_signal_v2,"{""model"":""telco_signal_v2"",""drivers"":[""multi_channel_access_spike"",""local_outage_awareness"",""regional_outage_coverage"",""capacity_constraint_signal""],""top_advocate"":""@service_assurance_network"",""urgency_score"":97,""confidence"":""very_high"",""trend"":""historic_service_impact"",""alert"":""pre_position_capacity_recommended""}",2026-05-27T11:26:27Z
4900,1541,Northeast Corridor,2026-06-25,704,597,760,3.92,telco_signal_v2,"{""model"":""telco_signal_v2"",""drivers"":[""multi_channel_access_spike"",""local_outage_awareness"",""regional_outage_coverage"",""capacity_constraint_signal""],""top_advocate"":""@service_assurance_network"",""urgency_score"":97,""confidence"":""very_high"",""trend"":""historic_service_impact"",""alert"":""pre_position_capacity_recommended""}",2026-05-27T11:26:27Z
