connection_id,from_influencer,to_influencer,connection_type,strength,interaction_count,first_seen,last_interaction
44541,4978,5024,collaborates,0.549,123,2026-05-27T11:26:23Z,2026-05-27T11:26:23Z
44542,4923,4985,mentioned,0.938,137,2026-05-27T11:26:23Z,2026-05-27T11:26:23Z
44543,4910,4873,reshared,0.874,96,2026-05-27T11:26:23Z,2026-05-27T11:26:23Z
44544,4817,4664,tagged,0.703,45,2026-05-27T11:26:23Z,2026-05-27T11:26:23Z
44545,4656,4572,duet,0.568,25,2026-05-27T11:26:23Z,2026-05-27T11:26:23Z
44546,4771,4881,inspired_by,0.453,7,2026-05-27T11:26:23Z,2026-05-27T11:26:23Z
44547,4983,4598,follows,0.129,56,2026-05-27T11:26:23Z,2026-05-27T11:26:23Z
44548,4557,4815,collaborates,0.469,43,2026-05-27T11:26:23Z,2026-05-27T11:26:23Z
44549,4954,4920,mentioned,0.838,38,2026-05-27T11:26:23Z,2026-05-27T11:26:23Z
44550,4964,4711,reshared,0.846,69,2026-05-27T11:26:23Z,2026-05-27T11:26:23Z
44551,4586,4821,tagged,0.48,111,2026-05-27T11:26:23Z,2026-05-27T11:26:23Z
44552,4841,5056,duet,0.861,2,2026-05-27T11:26:23Z,2026-05-27T11:26:23Z
44553,5027,4618,inspired_by,0.938,26,2026-05-27T11:26:23Z,2026-05-27T11:26:23Z
44554,4923,4881,follows,0.133,157,2026-05-27T11:26:23Z,2026-05-27T11:26:23Z
44555,4650,5058,collaborates,0.455,104,2026-05-27T11:26:23Z,2026-05-27T11:26:23Z
44556,4620,5060,mentioned,0.901,39,2026-05-27T11:26:23Z,2026-05-27T11:26:23Z
44557,4822,4702,reshared,0.671,93,2026-05-27T11:26:23Z,2026-05-27T11:26:23Z
44558,4557,5013,tagged,0.317,109,2026-05-27T11:26:23Z,2026-05-27T11:26:23Z
44559,4773,5045,duet,0.865,121,2026-05-27T11:26:23Z,2026-05-27T11:26:23Z
44560,4805,5003,inspired_by,0.433,19,2026-05-27T11:26:23Z,2026-05-27T11:26:23Z
44561,4618,4578,follows,0.94,199,2026-05-27T11:26:23Z,2026-05-27T11:26:23Z
44562,4653,4572,mentioned,0.5,65,2026-05-27T11:26:23Z,2026-05-27T11:26:23Z
44563,4811,5023,reshared,0.553,70,2026-05-27T11:26:23Z,2026-05-27T11:26:23Z
44564,4648,4779,tagged,0.658,187,2026-05-27T11:26:23Z,2026-05-27T11:26:23Z
44565,4777,4615,duet,0.674,97,2026-05-27T11:26:23Z,2026-05-27T11:26:23Z
44566,4634,4982,inspired_by,0.517,136,2026-05-27T11:26:23Z,2026-05-27T11:26:23Z
44567,4919,4841,follows,0.14,150,2026-05-27T11:26:23Z,2026-05-27T11:26:23Z
44568,4981,4820,collaborates,0.639,15,2026-05-27T11:26:23Z,2026-05-27T11:26:23Z
44569,4860,4605,mentioned,0.795,121,2026-05-27T11:26:23Z,2026-05-27T11:26:23Z
44570,4593,4701,reshared,0.443,23,2026-05-27T11:26:23Z,2026-05-27T11:26:23Z
44571,4607,4888,tagged,0.321,5,2026-05-27T11:26:23Z,2026-05-27T11:26:23Z
44572,4587,4543,duet,0.212,99,2026-05-27T11:26:23Z,2026-05-27T11:26:23Z
44573,4800,5020,inspired_by,0.789,113,2026-05-27T11:26:23Z,2026-05-27T11:26:23Z
44574,4549,4981,follows,0.155,93,2026-05-27T11:26:23Z,2026-05-27T11:26:23Z
44575,4702,4988,collaborates,0.474,179,2026-05-27T11:26:23Z,2026-05-27T11:26:23Z
44576,5006,4550,mentioned,0.163,198,2026-05-27T11:26:23Z,2026-05-27T11:26:23Z
44577,4977,4849,reshared,0.926,150,2026-05-27T11:26:23Z,2026-05-27T11:26:23Z
44578,4885,4699,tagged,0.167,29,2026-05-27T11:26:23Z,2026-05-27T11:26:23Z
44579,4884,4828,duet,0.874,70,2026-05-27T11:26:23Z,2026-05-27T11:26:23Z
44580,4685,4986,inspired_by,0.449,63,2026-05-27T11:26:23Z,2026-05-27T11:26:23Z
44581,4586,5001,follows,0.103,14,2026-05-27T11:26:23Z,2026-05-27T11:26:23Z
44582,4917,4800,collaborates,0.453,116,2026-05-27T11:26:23Z,2026-05-27T11:26:23Z
44583,4886,4723,mentioned,0.724,155,2026-05-27T11:26:23Z,2026-05-27T11:26:23Z
44584,4681,4689,reshared,0.56,129,2026-05-27T11:26:23Z,2026-05-27T11:26:23Z
44585,4619,4853,tagged,0.45,106,2026-05-27T11:26:23Z,2026-05-27T11:26:23Z
44586,4655,4661,duet,0.439,54,2026-05-27T11:26:23Z,2026-05-27T11:26:23Z
44587,4813,4963,inspired_by,0.624,192,2026-05-27T11:26:23Z,2026-05-27T11:26:23Z
44588,4611,4569,follows,0.163,179,2026-05-27T11:26:23Z,2026-05-27T11:26:23Z
44589,4890,4998,collaborates,0.473,120,2026-05-27T11:26:23Z,2026-05-27T11:26:23Z
44590,4655,4832,mentioned,0.616,77,2026-05-27T11:26:23Z,2026-05-27T11:26:23Z
44591,4958,4701,reshared,0.299,10,2026-05-27T11:26:23Z,2026-05-27T11:26:23Z
44592,4842,4767,tagged,0.811,84,2026-05-27T11:26:23Z,2026-05-27T11:26:23Z
44593,4653,4894,duet,0.373,40,2026-05-27T11:26:23Z,2026-05-27T11:26:23Z
44594,5041,4622,inspired_by,0.263,66,2026-05-27T11:26:23Z,2026-05-27T11:26:23Z
44595,4725,4842,follows,0.769,28,2026-05-27T11:26:23Z,2026-05-27T11:26:23Z
44596,4703,4650,collaborates,0.116,58,2026-05-27T11:26:23Z,2026-05-27T11:26:23Z
44597,4644,5017,mentioned,0.62,86,2026-05-27T11:26:23Z,2026-05-27T11:26:23Z
44598,4726,4929,reshared,0.48,117,2026-05-27T11:26:23Z,2026-05-27T11:26:23Z
44599,4705,5005,tagged,0.571,28,2026-05-27T11:26:23Z,2026-05-27T11:26:23Z
44600,5055,4958,duet,0.456,154,2026-05-27T11:26:23Z,2026-05-27T11:26:23Z
44601,4961,4969,inspired_by,0.325,101,2026-05-27T11:26:23Z,2026-05-27T11:26:23Z
44602,4732,4857,follows,0.492,183,2026-05-27T11:26:23Z,2026-05-27T11:26:23Z
44603,5011,5048,collaborates,0.261,182,2026-05-27T11:26:23Z,2026-05-27T11:26:23Z
44604,4715,4728,mentioned,0.375,20,2026-05-27T11:26:23Z,2026-05-27T11:26:23Z
44605,4611,4597,reshared,0.448,132,2026-05-27T11:26:23Z,2026-05-27T11:26:23Z
44606,4844,4895,tagged,0.588,66,2026-05-27T11:26:23Z,2026-05-27T11:26:23Z
44607,4946,4893,duet,0.646,106,2026-05-27T11:26:23Z,2026-05-27T11:26:23Z
44608,4764,4572,inspired_by,0.666,104,2026-05-27T11:26:23Z,2026-05-27T11:26:23Z
44609,5046,4617,follows,0.532,175,2026-05-27T11:26:23Z,2026-05-27T11:26:23Z
44610,4596,4806,collaborates,0.975,142,2026-05-27T11:26:23Z,2026-05-27T11:26:23Z
44611,4606,4629,mentioned,0.751,114,2026-05-27T11:26:23Z,2026-05-27T11:26:23Z
44612,5059,4683,reshared,0.423,133,2026-05-27T11:26:23Z,2026-05-27T11:26:23Z
44613,5031,4777,tagged,0.5,169,2026-05-27T11:26:23Z,2026-05-27T11:26:23Z
44614,4546,4576,duet,0.855,75,2026-05-27T11:26:23Z,2026-05-27T11:26:23Z
44615,4881,4572,inspired_by,0.106,93,2026-05-27T11:26:23Z,2026-05-27T11:26:23Z
44616,5046,4574,follows,0.375,187,2026-05-27T11:26:23Z,2026-05-27T11:26:23Z
44617,4930,4702,collaborates,0.746,143,2026-05-27T11:26:23Z,2026-05-27T11:26:23Z
44618,4593,5059,mentioned,0.871,172,2026-05-27T11:26:23Z,2026-05-27T11:26:23Z
44619,4585,4890,reshared,0.514,167,2026-05-27T11:26:23Z,2026-05-27T11:26:23Z
44620,5053,4986,tagged,0.992,145,2026-05-27T11:26:23Z,2026-05-27T11:26:23Z
44621,4987,4859,duet,0.387,180,2026-05-27T11:26:23Z,2026-05-27T11:26:23Z
44622,5009,4660,inspired_by,0.643,191,2026-05-27T11:26:23Z,2026-05-27T11:26:23Z
44623,4960,4701,follows,0.426,186,2026-05-27T11:26:23Z,2026-05-27T11:26:23Z
44624,4913,4678,collaborates,0.981,108,2026-05-27T11:26:23Z,2026-05-27T11:26:23Z
44625,4682,4587,mentioned,0.22,197,2026-05-27T11:26:23Z,2026-05-27T11:26:23Z
44626,5058,4676,reshared,0.172,194,2026-05-27T11:26:23Z,2026-05-27T11:26:23Z
44627,5047,4915,tagged,0.314,187,2026-05-27T11:26:23Z,2026-05-27T11:26:23Z
44628,4751,4832,duet,0.444,10,2026-05-27T11:26:23Z,2026-05-27T11:26:23Z
44629,4546,4922,inspired_by,0.19,27,2026-05-27T11:26:23Z,2026-05-27T11:26:23Z
44630,4865,4948,follows,0.737,91,2026-05-27T11:26:23Z,2026-05-27T11:26:23Z
44631,4546,5051,collaborates,0.707,76,2026-05-27T11:26:23Z,2026-05-27T11:26:23Z
44632,4986,4611,mentioned,0.249,101,2026-05-27T11:26:23Z,2026-05-27T11:26:23Z
44633,5003,4835,reshared,0.331,31,2026-05-27T11:26:23Z,2026-05-27T11:26:23Z
44634,4631,4711,tagged,0.499,122,2026-05-27T11:26:23Z,2026-05-27T11:26:23Z
44635,4791,4750,duet,0.478,142,2026-05-27T11:26:23Z,2026-05-27T11:26:23Z
44636,4543,4990,inspired_by,0.936,69,2026-05-27T11:26:23Z,2026-05-27T11:26:23Z
44637,4996,4673,follows,0.28,174,2026-05-27T11:26:23Z,2026-05-27T11:26:23Z
44638,4930,4548,collaborates,0.299,47,2026-05-27T11:26:23Z,2026-05-27T11:26:23Z
44639,4930,4912,mentioned,0.698,164,2026-05-27T11:26:23Z,2026-05-27T11:26:23Z
44640,5055,4713,reshared,0.46,123,2026-05-27T11:26:23Z,2026-05-27T11:26:23Z
44641,4906,4589,tagged,0.43,142,2026-05-27T11:26:23Z,2026-05-27T11:26:23Z
44642,4775,4764,duet,0.669,105,2026-05-27T11:26:23Z,2026-05-27T11:26:23Z
44643,4800,4541,inspired_by,0.488,62,2026-05-27T11:26:23Z,2026-05-27T11:26:23Z
44644,4678,4928,follows,0.946,98,2026-05-27T11:26:23Z,2026-05-27T11:26:23Z
44645,4575,4983,collaborates,0.258,65,2026-05-27T11:26:23Z,2026-05-27T11:26:23Z
44646,4967,5000,mentioned,0.405,123,2026-05-27T11:26:23Z,2026-05-27T11:26:23Z
44647,4867,4799,reshared,0.589,40,2026-05-27T11:26:23Z,2026-05-27T11:26:23Z
44648,4673,4742,tagged,0.752,75,2026-05-27T11:26:23Z,2026-05-27T11:26:23Z
44649,4828,4941,duet,0.617,52,2026-05-27T11:26:23Z,2026-05-27T11:26:23Z
44650,4619,4688,inspired_by,0.843,165,2026-05-27T11:26:23Z,2026-05-27T11:26:23Z
44651,4598,4631,follows,0.465,141,2026-05-27T11:26:23Z,2026-05-27T11:26:23Z
44652,5013,4928,collaborates,0.223,145,2026-05-27T11:26:23Z,2026-05-27T11:26:23Z
44653,4685,4618,mentioned,0.424,126,2026-05-27T11:26:23Z,2026-05-27T11:26:23Z
44654,4675,4848,reshared,0.372,148,2026-05-27T11:26:23Z,2026-05-27T11:26:23Z
44655,5026,4601,tagged,0.213,167,2026-05-27T11:26:23Z,2026-05-27T11:26:23Z
44656,4865,4817,duet,0.846,94,2026-05-27T11:26:23Z,2026-05-27T11:26:23Z
44657,4592,4589,inspired_by,0.661,21,2026-05-27T11:26:23Z,2026-05-27T11:26:23Z
44658,4905,4762,follows,0.349,93,2026-05-27T11:26:23Z,2026-05-27T11:26:23Z
44659,4906,4913,collaborates,0.393,123,2026-05-27T11:26:23Z,2026-05-27T11:26:23Z
44660,4835,4643,mentioned,0.463,42,2026-05-27T11:26:23Z,2026-05-27T11:26:23Z
44661,4613,4762,reshared,0.564,187,2026-05-27T11:26:23Z,2026-05-27T11:26:23Z
44662,5060,4619,tagged,0.52,122,2026-05-27T11:26:23Z,2026-05-27T11:26:23Z
44663,4562,5026,duet,0.941,196,2026-05-27T11:26:23Z,2026-05-27T11:26:23Z
44664,4834,4772,inspired_by,0.503,95,2026-05-27T11:26:23Z,2026-05-27T11:26:23Z
44665,4995,4677,follows,0.655,113,2026-05-27T11:26:23Z,2026-05-27T11:26:23Z
44666,4730,5025,collaborates,0.938,151,2026-05-27T11:26:23Z,2026-05-27T11:26:23Z
44667,4842,4904,mentioned,0.936,139,2026-05-27T11:26:23Z,2026-05-27T11:26:23Z
44668,4956,4563,reshared,0.635,92,2026-05-27T11:26:23Z,2026-05-27T11:26:23Z
44669,4908,4949,tagged,0.477,14,2026-05-27T11:26:23Z,2026-05-27T11:26:23Z
44670,5018,4941,duet,0.132,133,2026-05-27T11:26:23Z,2026-05-27T11:26:23Z
44671,4660,4764,inspired_by,0.426,8,2026-05-27T11:26:23Z,2026-05-27T11:26:23Z
44672,4749,4620,follows,0.217,108,2026-05-27T11:26:23Z,2026-05-27T11:26:23Z
44673,4599,5005,collaborates,0.82,113,2026-05-27T11:26:23Z,2026-05-27T11:26:23Z
44674,4710,5024,mentioned,0.8,115,2026-05-27T11:26:23Z,2026-05-27T11:26:23Z
44675,4864,4682,reshared,0.639,42,2026-05-27T11:26:23Z,2026-05-27T11:26:23Z
44676,4551,4801,tagged,0.571,27,2026-05-27T11:26:23Z,2026-05-27T11:26:23Z
44677,4594,4930,duet,0.963,67,2026-05-27T11:26:23Z,2026-05-27T11:26:23Z
44678,4676,5027,inspired_by,0.148,143,2026-05-27T11:26:23Z,2026-05-27T11:26:23Z
44679,4565,4885,follows,0.358,11,2026-05-27T11:26:23Z,2026-05-27T11:26:23Z
44680,4792,5045,collaborates,0.204,87,2026-05-27T11:26:23Z,2026-05-27T11:26:23Z
44681,4958,4671,mentioned,0.552,142,2026-05-27T11:26:23Z,2026-05-27T11:26:23Z
44682,4692,5008,reshared,0.554,103,2026-05-27T11:26:23Z,2026-05-27T11:26:23Z
44683,4757,4732,tagged,0.649,158,2026-05-27T11:26:23Z,2026-05-27T11:26:23Z
44684,4892,4751,duet,0.805,64,2026-05-27T11:26:23Z,2026-05-27T11:26:23Z
44685,4679,5019,inspired_by,0.73,88,2026-05-27T11:26:23Z,2026-05-27T11:26:23Z
44686,4951,4805,follows,0.487,71,2026-05-27T11:26:23Z,2026-05-27T11:26:23Z
44687,4856,4960,collaborates,0.589,67,2026-05-27T11:26:23Z,2026-05-27T11:26:23Z
44688,4814,4767,mentioned,0.186,28,2026-05-27T11:26:23Z,2026-05-27T11:26:23Z
44689,4776,4648,reshared,0.908,180,2026-05-27T11:26:23Z,2026-05-27T11:26:23Z
44690,4649,4633,tagged,0.468,121,2026-05-27T11:26:23Z,2026-05-27T11:26:23Z
44691,4731,4884,duet,0.426,12,2026-05-27T11:26:23Z,2026-05-27T11:26:23Z
44692,4691,4674,inspired_by,0.818,129,2026-05-27T11:26:23Z,2026-05-27T11:26:23Z
44693,5009,4632,follows,0.115,166,2026-05-27T11:26:23Z,2026-05-27T11:26:23Z
44694,4734,4558,collaborates,0.775,94,2026-05-27T11:26:23Z,2026-05-27T11:26:23Z
44695,4832,4627,mentioned,0.745,3,2026-05-27T11:26:23Z,2026-05-27T11:26:23Z
44696,4683,4919,reshared,0.688,51,2026-05-27T11:26:23Z,2026-05-27T11:26:23Z
44697,4883,4587,tagged,0.301,184,2026-05-27T11:26:23Z,2026-05-27T11:26:23Z
44698,5050,4596,inspired_by,0.992,24,2026-05-27T11:26:23Z,2026-05-27T11:26:23Z
44699,5024,4723,follows,0.686,117,2026-05-27T11:26:23Z,2026-05-27T11:26:23Z
44700,4622,4947,collaborates,0.662,79,2026-05-27T11:26:23Z,2026-05-27T11:26:23Z
44701,4546,4771,mentioned,0.285,123,2026-05-27T11:26:23Z,2026-05-27T11:26:23Z
44702,4642,4795,reshared,0.937,164,2026-05-27T11:26:23Z,2026-05-27T11:26:23Z
44703,4770,5005,tagged,0.169,192,2026-05-27T11:26:23Z,2026-05-27T11:26:23Z
44704,4996,4623,duet,0.359,7,2026-05-27T11:26:23Z,2026-05-27T11:26:23Z
44705,4676,4727,inspired_by,0.427,127,2026-05-27T11:26:23Z,2026-05-27T11:26:23Z
44706,4555,4726,follows,0.691,17,2026-05-27T11:26:23Z,2026-05-27T11:26:23Z
44707,4668,4728,collaborates,0.279,93,2026-05-27T11:26:23Z,2026-05-27T11:26:23Z
44708,4775,4592,mentioned,0.554,189,2026-05-27T11:26:23Z,2026-05-27T11:26:23Z
44709,4921,4890,reshared,0.7,12,2026-05-27T11:26:23Z,2026-05-27T11:26:23Z
44710,4653,4675,tagged,0.117,91,2026-05-27T11:26:23Z,2026-05-27T11:26:23Z
44711,4848,4870,duet,0.253,176,2026-05-27T11:26:23Z,2026-05-27T11:26:23Z
44712,4892,4958,inspired_by,0.416,149,2026-05-27T11:26:23Z,2026-05-27T11:26:23Z
44713,4573,4799,follows,0.185,110,2026-05-27T11:26:23Z,2026-05-27T11:26:23Z
44714,4731,4889,collaborates,0.135,96,2026-05-27T11:26:23Z,2026-05-27T11:26:23Z
44715,4604,4663,mentioned,0.374,109,2026-05-27T11:26:23Z,2026-05-27T11:26:23Z
44716,4990,4859,reshared,0.785,180,2026-05-27T11:26:23Z,2026-05-27T11:26:23Z
44717,4862,4943,tagged,0.943,94,2026-05-27T11:26:23Z,2026-05-27T11:26:23Z
44718,5023,4648,duet,0.682,143,2026-05-27T11:26:23Z,2026-05-27T11:26:23Z
44719,4634,4716,inspired_by,0.96,130,2026-05-27T11:26:23Z,2026-05-27T11:26:23Z
44720,4857,4931,follows,0.824,30,2026-05-27T11:26:23Z,2026-05-27T11:26:23Z
44721,4658,4555,collaborates,0.78,59,2026-05-27T11:26:23Z,2026-05-27T11:26:23Z
44722,4906,4642,mentioned,0.72,197,2026-05-27T11:26:23Z,2026-05-27T11:26:23Z
44723,4991,4664,reshared,0.212,39,2026-05-27T11:26:23Z,2026-05-27T11:26:23Z
44724,4618,5046,tagged,0.465,92,2026-05-27T11:26:23Z,2026-05-27T11:26:23Z
44725,4643,4579,duet,0.162,142,2026-05-27T11:26:23Z,2026-05-27T11:26:23Z
44726,4847,5007,inspired_by,0.585,194,2026-05-27T11:26:23Z,2026-05-27T11:26:23Z
44727,4696,4979,follows,0.915,105,2026-05-27T11:26:23Z,2026-05-27T11:26:23Z
44728,4656,4749,collaborates,0.85,125,2026-05-27T11:26:23Z,2026-05-27T11:26:23Z
44729,4808,4958,mentioned,0.949,5,2026-05-27T11:26:23Z,2026-05-27T11:26:23Z
44730,4841,4933,reshared,0.383,169,2026-05-27T11:26:23Z,2026-05-27T11:26:23Z
44731,5052,5000,tagged,0.765,70,2026-05-27T11:26:23Z,2026-05-27T11:26:23Z
44732,4930,4581,duet,0.654,147,2026-05-27T11:26:23Z,2026-05-27T11:26:23Z
44733,4992,4684,inspired_by,0.2,106,2026-05-27T11:26:23Z,2026-05-27T11:26:23Z
44734,4908,4598,follows,0.574,1,2026-05-27T11:26:23Z,2026-05-27T11:26:23Z
44735,4933,4623,collaborates,0.669,29,2026-05-27T11:26:23Z,2026-05-27T11:26:23Z
44736,4904,4712,mentioned,0.695,101,2026-05-27T11:26:23Z,2026-05-27T11:26:23Z
44737,4856,4671,reshared,0.717,120,2026-05-27T11:26:23Z,2026-05-27T11:26:23Z
44738,4623,4910,tagged,0.747,116,2026-05-27T11:26:23Z,2026-05-27T11:26:23Z
44739,4566,4657,duet,0.496,68,2026-05-27T11:26:23Z,2026-05-27T11:26:23Z
44740,4835,4860,inspired_by,0.158,84,2026-05-27T11:26:23Z,2026-05-27T11:26:23Z
44741,4554,4757,follows,0.716,91,2026-05-27T11:26:23Z,2026-05-27T11:26:23Z
44742,4624,4896,collaborates,0.32,107,2026-05-27T11:26:23Z,2026-05-27T11:26:23Z
44743,4818,4780,mentioned,0.489,137,2026-05-27T11:26:23Z,2026-05-27T11:26:23Z
44744,5046,4679,reshared,0.455,104,2026-05-27T11:26:23Z,2026-05-27T11:26:23Z
44745,4702,4928,tagged,0.153,3,2026-05-27T11:26:23Z,2026-05-27T11:26:23Z
44746,4905,4998,duet,0.537,158,2026-05-27T11:26:23Z,2026-05-27T11:26:23Z
44747,4628,4942,inspired_by,0.406,170,2026-05-27T11:26:23Z,2026-05-27T11:26:23Z
44748,4586,4746,follows,0.464,90,2026-05-27T11:26:23Z,2026-05-27T11:26:23Z
44749,4854,4587,collaborates,0.234,1,2026-05-27T11:26:23Z,2026-05-27T11:26:23Z
44750,4707,5009,mentioned,0.29,53,2026-05-27T11:26:23Z,2026-05-27T11:26:23Z
44751,4850,4929,reshared,0.494,110,2026-05-27T11:26:23Z,2026-05-27T11:26:23Z
44752,4877,4941,tagged,0.243,75,2026-05-27T11:26:23Z,2026-05-27T11:26:23Z
44753,4816,4696,duet,0.95,145,2026-05-27T11:26:23Z,2026-05-27T11:26:23Z
44754,4867,4941,inspired_by,0.416,119,2026-05-27T11:26:23Z,2026-05-27T11:26:23Z
44755,4797,4674,follows,0.581,170,2026-05-27T11:26:23Z,2026-05-27T11:26:23Z
44756,4617,4554,collaborates,0.71,30,2026-05-27T11:26:23Z,2026-05-27T11:26:23Z
44757,4782,4874,mentioned,0.203,64,2026-05-27T11:26:23Z,2026-05-27T11:26:23Z
44758,4891,5058,reshared,0.135,99,2026-05-27T11:26:23Z,2026-05-27T11:26:23Z
44759,4746,4772,tagged,0.999,31,2026-05-27T11:26:23Z,2026-05-27T11:26:23Z
44760,4770,4951,duet,0.392,1,2026-05-27T11:26:23Z,2026-05-27T11:26:23Z
44761,4910,4703,inspired_by,0.363,131,2026-05-27T11:26:23Z,2026-05-27T11:26:23Z
44762,4568,4879,follows,0.787,39,2026-05-27T11:26:23Z,2026-05-27T11:26:23Z
44763,4835,4643,collaborates,0.683,45,2026-05-27T11:26:23Z,2026-05-27T11:26:23Z
44764,5049,4761,mentioned,0.593,124,2026-05-27T11:26:23Z,2026-05-27T11:26:23Z
44765,4709,4830,reshared,0.612,94,2026-05-27T11:26:23Z,2026-05-27T11:26:23Z
44766,4599,4553,tagged,0.462,155,2026-05-27T11:26:23Z,2026-05-27T11:26:23Z
44767,5015,4667,duet,0.572,192,2026-05-27T11:26:23Z,2026-05-27T11:26:23Z
44768,5045,4950,inspired_by,0.254,13,2026-05-27T11:26:23Z,2026-05-27T11:26:23Z
44769,4943,4907,follows,0.781,191,2026-05-27T11:26:23Z,2026-05-27T11:26:23Z
44770,4916,4556,collaborates,0.276,14,2026-05-27T11:26:23Z,2026-05-27T11:26:23Z
44771,5008,4952,mentioned,0.482,162,2026-05-27T11:26:23Z,2026-05-27T11:26:23Z
44772,4547,4899,reshared,0.608,39,2026-05-27T11:26:23Z,2026-05-27T11:26:23Z
44773,4956,4677,tagged,0.341,143,2026-05-27T11:26:23Z,2026-05-27T11:26:23Z
44774,4995,4576,duet,0.786,175,2026-05-27T11:26:23Z,2026-05-27T11:26:23Z
44775,4741,4834,inspired_by,0.854,81,2026-05-27T11:26:23Z,2026-05-27T11:26:23Z
44776,4809,4664,follows,0.207,170,2026-05-27T11:26:23Z,2026-05-27T11:26:23Z
44777,5043,4911,collaborates,0.269,128,2026-05-27T11:26:23Z,2026-05-27T11:26:23Z
44778,4750,4834,mentioned,0.585,166,2026-05-27T11:26:23Z,2026-05-27T11:26:23Z
44779,4580,4693,reshared,0.234,186,2026-05-27T11:26:23Z,2026-05-27T11:26:23Z
44780,4984,4915,tagged,0.33,90,2026-05-27T11:26:23Z,2026-05-27T11:26:23Z
44781,4813,4546,duet,0.644,110,2026-05-27T11:26:23Z,2026-05-27T11:26:23Z
44782,4930,4779,inspired_by,0.891,46,2026-05-27T11:26:23Z,2026-05-27T11:26:23Z
44783,4653,4556,follows,0.577,186,2026-05-27T11:26:23Z,2026-05-27T11:26:23Z
44784,4865,4685,collaborates,0.846,45,2026-05-27T11:26:23Z,2026-05-27T11:26:23Z
44785,4980,4769,mentioned,0.846,50,2026-05-27T11:26:23Z,2026-05-27T11:26:23Z
44786,4553,4653,reshared,0.532,11,2026-05-27T11:26:23Z,2026-05-27T11:26:23Z
44787,4608,4828,tagged,0.782,196,2026-05-27T11:26:23Z,2026-05-27T11:26:23Z
44788,4571,4551,duet,0.817,179,2026-05-27T11:26:23Z,2026-05-27T11:26:23Z
44789,4768,4720,inspired_by,0.159,148,2026-05-27T11:26:23Z,2026-05-27T11:26:23Z
44790,4684,4668,follows,0.898,24,2026-05-27T11:26:23Z,2026-05-27T11:26:23Z
44791,4918,5020,collaborates,0.258,7,2026-05-27T11:26:23Z,2026-05-27T11:26:23Z
44792,5004,4709,mentioned,0.825,162,2026-05-27T11:26:23Z,2026-05-27T11:26:23Z
44793,4614,4720,reshared,0.416,28,2026-05-27T11:26:23Z,2026-05-27T11:26:23Z
44794,4623,4868,tagged,0.885,40,2026-05-27T11:26:23Z,2026-05-27T11:26:23Z
44795,4943,4616,duet,0.37,22,2026-05-27T11:26:23Z,2026-05-27T11:26:23Z
44796,5016,4542,inspired_by,0.29,159,2026-05-27T11:26:23Z,2026-05-27T11:26:23Z
44797,4815,4884,follows,0.532,100,2026-05-27T11:26:23Z,2026-05-27T11:26:23Z
44798,4567,4616,collaborates,0.648,195,2026-05-27T11:26:23Z,2026-05-27T11:26:23Z
44799,4706,4591,mentioned,0.341,9,2026-05-27T11:26:23Z,2026-05-27T11:26:23Z
44800,4984,5008,reshared,0.873,118,2026-05-27T11:26:23Z,2026-05-27T11:26:23Z
44801,5054,4776,tagged,0.633,32,2026-05-27T11:26:23Z,2026-05-27T11:26:23Z
44802,4871,4977,duet,0.907,61,2026-05-27T11:26:23Z,2026-05-27T11:26:23Z
44803,4872,4843,inspired_by,0.575,71,2026-05-27T11:26:23Z,2026-05-27T11:26:23Z
44804,4774,4883,follows,0.702,8,2026-05-27T11:26:23Z,2026-05-27T11:26:23Z
44805,4750,4762,collaborates,0.857,165,2026-05-27T11:26:23Z,2026-05-27T11:26:23Z
44806,4882,4700,mentioned,0.525,187,2026-05-27T11:26:23Z,2026-05-27T11:26:23Z
44807,4829,4741,reshared,0.443,150,2026-05-27T11:26:23Z,2026-05-27T11:26:23Z
44808,4850,4563,tagged,0.297,100,2026-05-27T11:26:23Z,2026-05-27T11:26:23Z
44809,4990,4684,duet,0.485,55,2026-05-27T11:26:23Z,2026-05-27T11:26:23Z
44810,4622,4725,inspired_by,0.362,51,2026-05-27T11:26:23Z,2026-05-27T11:26:23Z
44811,4550,4545,follows,0.454,16,2026-05-27T11:26:23Z,2026-05-27T11:26:23Z
44812,4665,5001,collaborates,0.929,74,2026-05-27T11:26:23Z,2026-05-27T11:26:23Z
44813,5020,4809,mentioned,0.655,44,2026-05-27T11:26:23Z,2026-05-27T11:26:23Z
44814,4989,4617,reshared,0.562,55,2026-05-27T11:26:23Z,2026-05-27T11:26:23Z
44815,4771,4780,tagged,0.478,29,2026-05-27T11:26:23Z,2026-05-27T11:26:23Z
44816,4803,4620,duet,0.786,189,2026-05-27T11:26:23Z,2026-05-27T11:26:23Z
44817,5059,4588,inspired_by,0.336,38,2026-05-27T11:26:23Z,2026-05-27T11:26:23Z
44818,4590,4617,follows,0.284,41,2026-05-27T11:26:23Z,2026-05-27T11:26:23Z
44819,4643,4625,collaborates,0.862,91,2026-05-27T11:26:23Z,2026-05-27T11:26:23Z
44820,4889,4611,mentioned,0.424,146,2026-05-27T11:26:23Z,2026-05-27T11:26:23Z
44821,4549,4716,reshared,0.624,167,2026-05-27T11:26:23Z,2026-05-27T11:26:23Z
44822,5021,4704,tagged,0.297,18,2026-05-27T11:26:23Z,2026-05-27T11:26:23Z
44823,4641,4871,duet,0.951,165,2026-05-27T11:26:23Z,2026-05-27T11:26:23Z
44824,4633,4863,inspired_by,0.735,128,2026-05-27T11:26:23Z,2026-05-27T11:26:23Z
44825,4957,4615,follows,0.193,9,2026-05-27T11:26:23Z,2026-05-27T11:26:23Z
44826,5028,4984,collaborates,0.533,104,2026-05-27T11:26:23Z,2026-05-27T11:26:23Z
44827,4870,4893,mentioned,0.361,65,2026-05-27T11:26:23Z,2026-05-27T11:26:23Z
44828,4875,4818,reshared,0.143,181,2026-05-27T11:26:23Z,2026-05-27T11:26:23Z
44829,4847,4848,tagged,0.601,165,2026-05-27T11:26:23Z,2026-05-27T11:26:23Z
44830,4756,4583,duet,0.585,177,2026-05-27T11:26:23Z,2026-05-27T11:26:23Z
44831,5019,4805,inspired_by,0.276,3,2026-05-27T11:26:23Z,2026-05-27T11:26:23Z
44832,4597,4764,follows,0.691,116,2026-05-27T11:26:23Z,2026-05-27T11:26:23Z
44833,4951,4800,collaborates,0.391,189,2026-05-27T11:26:23Z,2026-05-27T11:26:23Z
44834,4958,4653,mentioned,0.608,75,2026-05-27T11:26:23Z,2026-05-27T11:26:23Z
44835,4587,4618,reshared,0.671,135,2026-05-27T11:26:23Z,2026-05-27T11:26:23Z
44836,4797,4970,tagged,0.22,122,2026-05-27T11:26:23Z,2026-05-27T11:26:23Z
44837,4953,4919,duet,0.356,117,2026-05-27T11:26:23Z,2026-05-27T11:26:23Z
44838,4909,4556,inspired_by,0.657,117,2026-05-27T11:26:23Z,2026-05-27T11:26:23Z
44839,4857,4873,follows,0.22,159,2026-05-27T11:26:23Z,2026-05-27T11:26:23Z
44840,4899,4749,collaborates,0.121,11,2026-05-27T11:26:23Z,2026-05-27T11:26:23Z
44841,4893,4879,mentioned,0.521,37,2026-05-27T11:26:23Z,2026-05-27T11:26:23Z
44842,4704,4657,reshared,0.723,30,2026-05-27T11:26:23Z,2026-05-27T11:26:23Z
44843,4660,4603,tagged,0.408,188,2026-05-27T11:26:23Z,2026-05-27T11:26:23Z
44844,4964,5043,duet,0.511,109,2026-05-27T11:26:23Z,2026-05-27T11:26:23Z
44845,4598,4988,inspired_by,0.375,38,2026-05-27T11:26:23Z,2026-05-27T11:26:23Z
44846,4811,4609,follows,0.879,153,2026-05-27T11:26:23Z,2026-05-27T11:26:23Z
44847,5007,4777,collaborates,0.376,79,2026-05-27T11:26:23Z,2026-05-27T11:26:23Z
44848,4771,4741,mentioned,0.212,182,2026-05-27T11:26:23Z,2026-05-27T11:26:23Z
44849,5043,4750,reshared,0.537,147,2026-05-27T11:26:23Z,2026-05-27T11:26:23Z
44850,4595,4894,tagged,0.382,43,2026-05-27T11:26:23Z,2026-05-27T11:26:23Z
44851,4827,4664,duet,0.389,108,2026-05-27T11:26:23Z,2026-05-27T11:26:23Z
44852,4750,4797,inspired_by,0.79,96,2026-05-27T11:26:23Z,2026-05-27T11:26:23Z
44853,4843,4706,follows,0.71,152,2026-05-27T11:26:23Z,2026-05-27T11:26:23Z
44854,4627,5060,collaborates,0.662,55,2026-05-27T11:26:23Z,2026-05-27T11:26:23Z
44855,4573,4644,mentioned,0.106,85,2026-05-27T11:26:23Z,2026-05-27T11:26:23Z
44856,4975,4759,reshared,0.721,71,2026-05-27T11:26:23Z,2026-05-27T11:26:23Z
44857,4580,5060,tagged,0.171,83,2026-05-27T11:26:23Z,2026-05-27T11:26:23Z
44858,4730,4910,duet,0.601,2,2026-05-27T11:26:23Z,2026-05-27T11:26:23Z
44859,4762,4601,inspired_by,0.52,194,2026-05-27T11:26:23Z,2026-05-27T11:26:23Z
44860,4653,4557,follows,0.627,84,2026-05-27T11:26:23Z,2026-05-27T11:26:23Z
44861,4779,4663,collaborates,0.55,48,2026-05-27T11:26:23Z,2026-05-27T11:26:23Z
44862,4690,4986,mentioned,0.435,18,2026-05-27T11:26:23Z,2026-05-27T11:26:23Z
44863,4556,5054,reshared,0.407,28,2026-05-27T11:26:23Z,2026-05-27T11:26:23Z
44864,5045,5009,tagged,0.166,21,2026-05-27T11:26:23Z,2026-05-27T11:26:23Z
44865,4805,4755,duet,0.895,198,2026-05-27T11:26:23Z,2026-05-27T11:26:23Z
44866,4699,4615,inspired_by,0.547,91,2026-05-27T11:26:23Z,2026-05-27T11:26:23Z
44867,4728,4863,follows,0.716,72,2026-05-27T11:26:23Z,2026-05-27T11:26:23Z
44868,4652,4552,collaborates,0.631,80,2026-05-27T11:26:23Z,2026-05-27T11:26:23Z
44869,4644,4811,mentioned,0.163,119,2026-05-27T11:26:23Z,2026-05-27T11:26:23Z
44870,5029,4762,reshared,0.265,4,2026-05-27T11:26:23Z,2026-05-27T11:26:23Z
44871,4687,4947,tagged,0.913,43,2026-05-27T11:26:23Z,2026-05-27T11:26:23Z
44872,4591,4990,duet,0.594,39,2026-05-27T11:26:23Z,2026-05-27T11:26:23Z
44873,4683,4559,inspired_by,0.542,13,2026-05-27T11:26:23Z,2026-05-27T11:26:23Z
44874,4990,4692,follows,0.21,115,2026-05-27T11:26:23Z,2026-05-27T11:26:23Z
44875,5055,4782,collaborates,0.146,136,2026-05-27T11:26:23Z,2026-05-27T11:26:23Z
44876,4869,4774,mentioned,0.831,178,2026-05-27T11:26:23Z,2026-05-27T11:26:23Z
44877,4933,4570,reshared,0.821,130,2026-05-27T11:26:23Z,2026-05-27T11:26:23Z
44878,4735,4821,tagged,0.506,95,2026-05-27T11:26:23Z,2026-05-27T11:26:23Z
44879,5013,4653,duet,0.787,49,2026-05-27T11:26:23Z,2026-05-27T11:26:23Z
44880,5007,5022,inspired_by,0.862,29,2026-05-27T11:26:23Z,2026-05-27T11:26:23Z
44881,4701,4753,follows,0.269,192,2026-05-27T11:26:23Z,2026-05-27T11:26:23Z
44882,4576,4907,collaborates,0.63,87,2026-05-27T11:26:23Z,2026-05-27T11:26:23Z
44883,4808,5008,mentioned,0.417,128,2026-05-27T11:26:23Z,2026-05-27T11:26:23Z
44884,4945,4960,reshared,0.828,94,2026-05-27T11:26:23Z,2026-05-27T11:26:23Z
44885,4868,4567,tagged,0.921,30,2026-05-27T11:26:23Z,2026-05-27T11:26:23Z
44886,4606,5041,duet,0.82,192,2026-05-27T11:26:23Z,2026-05-27T11:26:23Z
44887,4928,4792,inspired_by,0.122,23,2026-05-27T11:26:23Z,2026-05-27T11:26:23Z
44888,4542,4572,follows,0.396,194,2026-05-27T11:26:23Z,2026-05-27T11:26:23Z
44889,4774,4644,collaborates,0.425,176,2026-05-27T11:26:23Z,2026-05-27T11:26:23Z
44890,4858,5051,mentioned,0.792,129,2026-05-27T11:26:23Z,2026-05-27T11:26:23Z
44891,4557,4654,reshared,0.753,68,2026-05-27T11:26:23Z,2026-05-27T11:26:23Z
44892,4541,4880,tagged,0.409,105,2026-05-27T11:26:23Z,2026-05-27T11:26:23Z
44893,4563,4946,duet,0.176,134,2026-05-27T11:26:23Z,2026-05-27T11:26:23Z
44894,4727,5018,inspired_by,0.968,90,2026-05-27T11:26:23Z,2026-05-27T11:26:23Z
44895,4993,4849,follows,0.638,67,2026-05-27T11:26:23Z,2026-05-27T11:26:23Z
44896,4880,4813,collaborates,0.658,167,2026-05-27T11:26:23Z,2026-05-27T11:26:23Z
44897,4565,4618,mentioned,0.763,120,2026-05-27T11:26:23Z,2026-05-27T11:26:23Z
44898,4963,4711,reshared,0.9,189,2026-05-27T11:26:23Z,2026-05-27T11:26:23Z
44899,4866,4846,tagged,0.902,180,2026-05-27T11:26:23Z,2026-05-27T11:26:23Z
44900,4917,4587,duet,0.135,65,2026-05-27T11:26:23Z,2026-05-27T11:26:23Z
44901,4993,4870,inspired_by,0.416,170,2026-05-27T11:26:23Z,2026-05-27T11:26:23Z
44902,4904,4761,follows,0.4,158,2026-05-27T11:26:23Z,2026-05-27T11:26:23Z
44903,4620,4712,collaborates,0.876,169,2026-05-27T11:26:23Z,2026-05-27T11:26:23Z
44904,4749,4624,mentioned,0.624,110,2026-05-27T11:26:23Z,2026-05-27T11:26:23Z
44905,4645,4802,reshared,0.49,90,2026-05-27T11:26:23Z,2026-05-27T11:26:23Z
44906,4683,4696,tagged,0.165,103,2026-05-27T11:26:23Z,2026-05-27T11:26:23Z
44907,4561,5000,duet,0.623,24,2026-05-27T11:26:23Z,2026-05-27T11:26:23Z
44908,5018,4913,inspired_by,0.686,139,2026-05-27T11:26:23Z,2026-05-27T11:26:23Z
44909,4623,4669,follows,0.172,157,2026-05-27T11:26:23Z,2026-05-27T11:26:23Z
44910,4718,4664,collaborates,0.801,112,2026-05-27T11:26:23Z,2026-05-27T11:26:23Z
44911,4649,4916,mentioned,0.709,86,2026-05-27T11:26:23Z,2026-05-27T11:26:23Z
44912,4552,5025,reshared,0.684,133,2026-05-27T11:26:23Z,2026-05-27T11:26:23Z
44913,4680,4861,tagged,0.366,46,2026-05-27T11:26:23Z,2026-05-27T11:26:23Z
44914,4812,4964,duet,0.128,198,2026-05-27T11:26:23Z,2026-05-27T11:26:23Z
44915,4919,4699,inspired_by,0.937,6,2026-05-27T11:26:23Z,2026-05-27T11:26:23Z
44916,4994,4805,follows,0.983,136,2026-05-27T11:26:23Z,2026-05-27T11:26:23Z
44917,4712,4942,collaborates,0.749,88,2026-05-27T11:26:23Z,2026-05-27T11:26:23Z
44918,5041,4763,mentioned,0.782,100,2026-05-27T11:26:23Z,2026-05-27T11:26:23Z
44919,4908,4581,reshared,0.838,193,2026-05-27T11:26:23Z,2026-05-27T11:26:23Z
44920,4959,5051,tagged,0.145,155,2026-05-27T11:26:23Z,2026-05-27T11:26:23Z
44921,4644,4645,duet,0.221,176,2026-05-27T11:26:23Z,2026-05-27T11:26:23Z
44922,4962,5053,inspired_by,0.439,181,2026-05-27T11:26:23Z,2026-05-27T11:26:23Z
44923,5031,4773,follows,0.606,127,2026-05-27T11:26:23Z,2026-05-27T11:26:23Z
44924,4964,4660,collaborates,0.757,80,2026-05-27T11:26:23Z,2026-05-27T11:26:23Z
44925,4652,4589,mentioned,0.831,33,2026-05-27T11:26:23Z,2026-05-27T11:26:23Z
44926,4694,4772,reshared,0.939,178,2026-05-27T11:26:23Z,2026-05-27T11:26:23Z
44927,5002,4684,tagged,0.131,93,2026-05-27T11:26:23Z,2026-05-27T11:26:23Z
44928,4978,5028,duet,0.188,75,2026-05-27T11:26:23Z,2026-05-27T11:26:23Z
44929,5025,4591,inspired_by,0.341,180,2026-05-27T11:26:23Z,2026-05-27T11:26:23Z
44930,4916,4989,follows,0.277,79,2026-05-27T11:26:23Z,2026-05-27T11:26:23Z
44931,4720,4880,collaborates,0.822,194,2026-05-27T11:26:23Z,2026-05-27T11:26:23Z
44932,4889,4983,mentioned,0.351,53,2026-05-27T11:26:23Z,2026-05-27T11:26:23Z
44933,4588,4632,reshared,0.998,68,2026-05-27T11:26:23Z,2026-05-27T11:26:23Z
44934,5003,4916,tagged,0.318,152,2026-05-27T11:26:23Z,2026-05-27T11:26:23Z
44935,4980,5050,duet,0.175,148,2026-05-27T11:26:23Z,2026-05-27T11:26:23Z
44936,4998,4847,inspired_by,0.283,123,2026-05-27T11:26:23Z,2026-05-27T11:26:23Z
44937,4754,4834,follows,0.174,44,2026-05-27T11:26:23Z,2026-05-27T11:26:23Z
44938,4558,4606,collaborates,0.635,158,2026-05-27T11:26:23Z,2026-05-27T11:26:23Z
44939,4741,4547,mentioned,0.201,8,2026-05-27T11:26:23Z,2026-05-27T11:26:23Z
44940,4542,4792,reshared,0.866,124,2026-05-27T11:26:23Z,2026-05-27T11:26:23Z
44941,4690,4906,tagged,0.862,164,2026-05-27T11:26:23Z,2026-05-27T11:26:23Z
44942,5059,4618,duet,0.177,74,2026-05-27T11:26:23Z,2026-05-27T11:26:23Z
44943,4709,4578,inspired_by,0.534,135,2026-05-27T11:26:23Z,2026-05-27T11:26:23Z
44944,4744,4750,follows,0.657,48,2026-05-27T11:26:23Z,2026-05-27T11:26:23Z
44945,4780,4846,collaborates,0.796,86,2026-05-27T11:26:23Z,2026-05-27T11:26:23Z
44946,4728,4691,mentioned,0.553,12,2026-05-27T11:26:23Z,2026-05-27T11:26:23Z
44947,4558,5003,reshared,0.467,87,2026-05-27T11:26:23Z,2026-05-27T11:26:23Z
44948,4918,4657,tagged,0.349,22,2026-05-27T11:26:23Z,2026-05-27T11:26:23Z
44949,4820,4680,duet,0.984,122,2026-05-27T11:26:23Z,2026-05-27T11:26:23Z
44950,4780,4594,inspired_by,0.706,160,2026-05-27T11:26:23Z,2026-05-27T11:26:23Z
44951,4825,4571,follows,0.865,193,2026-05-27T11:26:23Z,2026-05-27T11:26:23Z
44952,4922,4894,collaborates,0.125,92,2026-05-27T11:26:23Z,2026-05-27T11:26:23Z
44953,4759,4824,mentioned,0.811,14,2026-05-27T11:26:23Z,2026-05-27T11:26:23Z
44954,4595,4946,reshared,0.311,95,2026-05-27T11:26:23Z,2026-05-27T11:26:23Z
44955,4746,4886,tagged,0.89,184,2026-05-27T11:26:23Z,2026-05-27T11:26:23Z
44956,4752,4863,duet,0.292,47,2026-05-27T11:26:23Z,2026-05-27T11:26:23Z
44957,4947,4815,inspired_by,0.513,68,2026-05-27T11:26:23Z,2026-05-27T11:26:23Z
44958,4641,4664,follows,0.421,26,2026-05-27T11:26:23Z,2026-05-27T11:26:23Z
44959,4589,4599,collaborates,0.309,143,2026-05-27T11:26:23Z,2026-05-27T11:26:23Z
44960,4849,4757,mentioned,0.79,103,2026-05-27T11:26:23Z,2026-05-27T11:26:23Z
44961,4941,4770,reshared,0.985,52,2026-05-27T11:26:23Z,2026-05-27T11:26:23Z
44962,4852,4846,tagged,0.358,169,2026-05-27T11:26:23Z,2026-05-27T11:26:23Z
44963,4823,4548,duet,0.899,55,2026-05-27T11:26:23Z,2026-05-27T11:26:23Z
44964,4884,5008,inspired_by,0.268,112,2026-05-27T11:26:23Z,2026-05-27T11:26:23Z
44965,5056,4559,follows,0.375,115,2026-05-27T11:26:23Z,2026-05-27T11:26:23Z
44966,4732,4625,collaborates,0.929,27,2026-05-27T11:26:23Z,2026-05-27T11:26:23Z
44967,4542,5058,mentioned,0.403,152,2026-05-27T11:26:23Z,2026-05-27T11:26:23Z
44968,4777,4627,reshared,0.94,116,2026-05-27T11:26:23Z,2026-05-27T11:26:23Z
44969,4746,4950,tagged,0.328,72,2026-05-27T11:26:23Z,2026-05-27T11:26:23Z
44970,4932,4815,duet,0.711,77,2026-05-27T11:26:23Z,2026-05-27T11:26:23Z
44971,4550,4583,inspired_by,0.881,77,2026-05-27T11:26:23Z,2026-05-27T11:26:23Z
44972,4805,4775,follows,0.325,86,2026-05-27T11:26:23Z,2026-05-27T11:26:23Z
44973,4574,4794,collaborates,0.581,193,2026-05-27T11:26:23Z,2026-05-27T11:26:23Z
44974,4793,4609,mentioned,0.977,71,2026-05-27T11:26:23Z,2026-05-27T11:26:23Z
44975,4578,4824,reshared,0.16,171,2026-05-27T11:26:23Z,2026-05-27T11:26:23Z
44976,5041,4632,tagged,0.377,114,2026-05-27T11:26:23Z,2026-05-27T11:26:23Z
44977,4655,4716,duet,0.832,22,2026-05-27T11:26:23Z,2026-05-27T11:26:23Z
44978,4845,4570,inspired_by,0.781,105,2026-05-27T11:26:23Z,2026-05-27T11:26:23Z
44979,4545,4749,follows,0.883,196,2026-05-27T11:26:23Z,2026-05-27T11:26:23Z
44980,4965,5018,collaborates,0.327,158,2026-05-27T11:26:23Z,2026-05-27T11:26:23Z
44981,4830,4977,mentioned,0.975,24,2026-05-27T11:26:23Z,2026-05-27T11:26:23Z
44982,4698,4834,reshared,0.58,167,2026-05-27T11:26:23Z,2026-05-27T11:26:23Z
44983,4647,4997,tagged,0.107,33,2026-05-27T11:26:23Z,2026-05-27T11:26:23Z
44984,4590,4579,duet,0.963,33,2026-05-27T11:26:23Z,2026-05-27T11:26:23Z
44985,4555,4966,inspired_by,0.146,114,2026-05-27T11:26:23Z,2026-05-27T11:26:23Z
44986,4612,5031,follows,0.286,24,2026-05-27T11:26:23Z,2026-05-27T11:26:23Z
44987,4601,4688,collaborates,0.171,31,2026-05-27T11:26:23Z,2026-05-27T11:26:23Z
44988,4716,4692,mentioned,0.684,191,2026-05-27T11:26:23Z,2026-05-27T11:26:23Z
44989,5027,4745,reshared,0.122,156,2026-05-27T11:26:23Z,2026-05-27T11:26:23Z
44990,4965,4750,tagged,0.688,23,2026-05-27T11:26:23Z,2026-05-27T11:26:23Z
44991,4729,5060,duet,0.238,139,2026-05-27T11:26:23Z,2026-05-27T11:26:23Z
44992,4892,4578,inspired_by,0.164,185,2026-05-27T11:26:23Z,2026-05-27T11:26:23Z
44993,5043,4998,follows,0.881,99,2026-05-27T11:26:23Z,2026-05-27T11:26:23Z
44994,4571,4858,collaborates,0.594,21,2026-05-27T11:26:23Z,2026-05-27T11:26:23Z
44995,4972,5052,mentioned,0.18,71,2026-05-27T11:26:23Z,2026-05-27T11:26:23Z
44996,4915,4992,reshared,0.798,158,2026-05-27T11:26:23Z,2026-05-27T11:26:23Z
44997,4870,4814,tagged,0.545,3,2026-05-27T11:26:23Z,2026-05-27T11:26:23Z
44998,4713,4565,duet,0.872,138,2026-05-27T11:26:23Z,2026-05-27T11:26:23Z
44999,4941,4733,inspired_by,0.296,88,2026-05-27T11:26:23Z,2026-05-27T11:26:23Z
45000,5045,5022,follows,0.462,151,2026-05-27T11:26:23Z,2026-05-27T11:26:23Z
45001,4605,5055,collaborates,0.186,49,2026-05-27T11:26:23Z,2026-05-27T11:26:23Z
45002,4554,4781,mentioned,0.101,114,2026-05-27T11:26:23Z,2026-05-27T11:26:23Z
45003,5053,4986,reshared,0.86,125,2026-05-27T11:26:23Z,2026-05-27T11:26:23Z
45004,4551,4779,tagged,0.714,26,2026-05-27T11:26:23Z,2026-05-27T11:26:23Z
45005,4726,4962,duet,0.122,185,2026-05-27T11:26:23Z,2026-05-27T11:26:23Z
45006,4864,4904,inspired_by,0.905,190,2026-05-27T11:26:23Z,2026-05-27T11:26:23Z
45007,4625,4809,follows,0.874,24,2026-05-27T11:26:23Z,2026-05-27T11:26:23Z
45008,4722,4893,collaborates,0.578,196,2026-05-27T11:26:23Z,2026-05-27T11:26:23Z
45009,4862,4886,mentioned,0.985,121,2026-05-27T11:26:23Z,2026-05-27T11:26:23Z
45010,4984,5031,reshared,0.982,133,2026-05-27T11:26:23Z,2026-05-27T11:26:23Z
45011,4861,4630,tagged,0.286,69,2026-05-27T11:26:23Z,2026-05-27T11:26:23Z
45012,4890,4754,duet,0.717,160,2026-05-27T11:26:23Z,2026-05-27T11:26:23Z
45013,4871,4574,inspired_by,0.164,61,2026-05-27T11:26:23Z,2026-05-27T11:26:23Z
45014,4878,5051,follows,0.548,91,2026-05-27T11:26:23Z,2026-05-27T11:26:23Z
45015,4577,4798,collaborates,0.999,58,2026-05-27T11:26:23Z,2026-05-27T11:26:23Z
45016,5022,4603,mentioned,0.83,60,2026-05-27T11:26:23Z,2026-05-27T11:26:23Z
45017,4725,4682,reshared,0.449,47,2026-05-27T11:26:23Z,2026-05-27T11:26:23Z
45018,4600,4619,tagged,0.391,43,2026-05-27T11:26:23Z,2026-05-27T11:26:23Z
45019,4855,4894,duet,0.348,62,2026-05-27T11:26:23Z,2026-05-27T11:26:23Z
45020,4910,4780,inspired_by,0.177,28,2026-05-27T11:26:23Z,2026-05-27T11:26:23Z
45021,4549,4698,follows,0.412,89,2026-05-27T11:26:23Z,2026-05-27T11:26:23Z
45022,4964,4994,collaborates,0.445,23,2026-05-27T11:26:23Z,2026-05-27T11:26:23Z
45023,4743,4901,mentioned,0.497,65,2026-05-27T11:26:23Z,2026-05-27T11:26:23Z
45024,4881,4864,reshared,0.9,111,2026-05-27T11:26:23Z,2026-05-27T11:26:23Z
45025,4956,4560,tagged,0.785,64,2026-05-27T11:26:23Z,2026-05-27T11:26:23Z
45026,4861,5047,duet,0.132,183,2026-05-27T11:26:23Z,2026-05-27T11:26:23Z
45027,4667,4756,inspired_by,0.383,133,2026-05-27T11:26:23Z,2026-05-27T11:26:23Z
45028,4866,5026,follows,0.64,79,2026-05-27T11:26:23Z,2026-05-27T11:26:23Z
45029,4754,4904,collaborates,0.724,91,2026-05-27T11:26:23Z,2026-05-27T11:26:23Z
45030,4935,4949,mentioned,0.283,147,2026-05-27T11:26:23Z,2026-05-27T11:26:23Z
45031,5004,4729,reshared,0.869,12,2026-05-27T11:26:23Z,2026-05-27T11:26:23Z
45032,4791,4554,tagged,0.732,130,2026-05-27T11:26:23Z,2026-05-27T11:26:23Z
45033,4767,4807,duet,0.771,131,2026-05-27T11:26:23Z,2026-05-27T11:26:23Z
45034,4831,4697,inspired_by,0.716,176,2026-05-27T11:26:23Z,2026-05-27T11:26:23Z
45035,4541,4575,follows,0.235,195,2026-05-27T11:26:23Z,2026-05-27T11:26:23Z
45036,4660,4611,collaborates,0.373,64,2026-05-27T11:26:23Z,2026-05-27T11:26:23Z
45037,4634,4561,mentioned,0.909,67,2026-05-27T11:26:23Z,2026-05-27T11:26:23Z
45038,4622,4668,reshared,0.852,135,2026-05-27T11:26:23Z,2026-05-27T11:26:23Z
45039,4693,4942,tagged,0.621,124,2026-05-27T11:26:23Z,2026-05-27T11:26:23Z
45040,4721,4964,duet,0.217,126,2026-05-27T11:26:23Z,2026-05-27T11:26:23Z
45041,4669,4791,inspired_by,0.938,66,2026-05-27T11:26:23Z,2026-05-27T11:26:23Z
45042,4699,5030,follows,0.592,113,2026-05-27T11:26:23Z,2026-05-27T11:26:23Z
45043,4803,4913,collaborates,0.477,109,2026-05-27T11:26:23Z,2026-05-27T11:26:23Z
45044,4943,4848,mentioned,0.136,128,2026-05-27T11:26:23Z,2026-05-27T11:26:23Z
45045,4912,4679,reshared,0.788,44,2026-05-27T11:26:23Z,2026-05-27T11:26:23Z
45046,4915,4852,tagged,0.173,197,2026-05-27T11:26:23Z,2026-05-27T11:26:23Z
45047,4574,5042,duet,0.761,25,2026-05-27T11:26:23Z,2026-05-27T11:26:23Z
45048,4848,4811,inspired_by,0.687,154,2026-05-27T11:26:23Z,2026-05-27T11:26:23Z
45049,4618,4982,follows,0.109,151,2026-05-27T11:26:23Z,2026-05-27T11:26:23Z
45050,4686,4551,collaborates,0.651,64,2026-05-27T11:26:23Z,2026-05-27T11:26:23Z
45051,4676,4812,mentioned,0.355,50,2026-05-27T11:26:23Z,2026-05-27T11:26:23Z
45052,4957,4680,reshared,0.205,19,2026-05-27T11:26:23Z,2026-05-27T11:26:23Z
45053,5048,4678,tagged,0.267,83,2026-05-27T11:26:23Z,2026-05-27T11:26:23Z
45054,5058,4613,duet,0.867,73,2026-05-27T11:26:23Z,2026-05-27T11:26:23Z
45055,4572,4990,inspired_by,0.936,3,2026-05-27T11:26:23Z,2026-05-27T11:26:23Z
45056,4997,4816,follows,0.866,133,2026-05-27T11:26:23Z,2026-05-27T11:26:23Z
45057,4649,5057,collaborates,0.846,187,2026-05-27T11:26:23Z,2026-05-27T11:26:23Z
45058,4563,4935,mentioned,0.784,127,2026-05-27T11:26:23Z,2026-05-27T11:26:23Z
45059,4883,4795,reshared,0.454,100,2026-05-27T11:26:23Z,2026-05-27T11:26:23Z
45060,4554,4945,tagged,0.466,13,2026-05-27T11:26:23Z,2026-05-27T11:26:23Z
45061,4571,4975,duet,0.699,125,2026-05-27T11:26:23Z,2026-05-27T11:26:23Z
45062,4693,4997,inspired_by,0.71,74,2026-05-27T11:26:23Z,2026-05-27T11:26:23Z
45063,4971,5042,follows,0.938,199,2026-05-27T11:26:23Z,2026-05-27T11:26:23Z
45064,4818,4748,collaborates,0.234,25,2026-05-27T11:26:23Z,2026-05-27T11:26:23Z
45065,4857,4631,mentioned,0.218,186,2026-05-27T11:26:23Z,2026-05-27T11:26:23Z
45066,4964,4992,reshared,0.4,113,2026-05-27T11:26:23Z,2026-05-27T11:26:23Z
45067,4993,4923,tagged,0.293,93,2026-05-27T11:26:23Z,2026-05-27T11:26:23Z
45068,4645,4953,duet,0.834,32,2026-05-27T11:26:23Z,2026-05-27T11:26:23Z
45069,4904,4602,inspired_by,0.58,155,2026-05-27T11:26:23Z,2026-05-27T11:26:23Z
45070,4775,4647,follows,0.621,161,2026-05-27T11:26:23Z,2026-05-27T11:26:23Z
45071,4548,5013,collaborates,0.543,33,2026-05-27T11:26:23Z,2026-05-27T11:26:23Z
45072,4754,4585,mentioned,0.506,54,2026-05-27T11:26:23Z,2026-05-27T11:26:23Z
45073,5016,4958,reshared,0.751,112,2026-05-27T11:26:23Z,2026-05-27T11:26:23Z
45074,4705,4971,tagged,0.137,124,2026-05-27T11:26:23Z,2026-05-27T11:26:23Z
45075,4557,4560,duet,0.989,90,2026-05-27T11:26:23Z,2026-05-27T11:26:23Z
45076,4596,4986,inspired_by,0.377,16,2026-05-27T11:26:23Z,2026-05-27T11:26:23Z
45077,4820,4714,follows,0.956,84,2026-05-27T11:26:23Z,2026-05-27T11:26:23Z
45078,4770,4746,collaborates,0.726,134,2026-05-27T11:26:23Z,2026-05-27T11:26:23Z
45079,4752,4908,mentioned,0.333,7,2026-05-27T11:26:23Z,2026-05-27T11:26:23Z
45080,4602,4674,reshared,0.152,159,2026-05-27T11:26:23Z,2026-05-27T11:26:23Z
45081,5046,4585,tagged,0.687,33,2026-05-27T11:26:23Z,2026-05-27T11:26:23Z
45082,4606,4669,duet,0.599,87,2026-05-27T11:26:23Z,2026-05-27T11:26:23Z
45083,5022,4776,inspired_by,0.34,97,2026-05-27T11:26:23Z,2026-05-27T11:26:23Z
45084,4657,5058,follows,0.564,64,2026-05-27T11:26:23Z,2026-05-27T11:26:23Z
45085,5012,4931,collaborates,0.939,120,2026-05-27T11:26:23Z,2026-05-27T11:26:23Z
45086,4887,4570,mentioned,0.493,51,2026-05-27T11:26:23Z,2026-05-27T11:26:23Z
45087,4619,4597,reshared,0.539,65,2026-05-27T11:26:23Z,2026-05-27T11:26:23Z
45088,4820,4597,tagged,0.186,12,2026-05-27T11:26:23Z,2026-05-27T11:26:23Z
45089,4612,4723,duet,0.648,185,2026-05-27T11:26:23Z,2026-05-27T11:26:23Z
45090,4863,4721,inspired_by,0.646,10,2026-05-27T11:26:23Z,2026-05-27T11:26:23Z
45091,4991,4658,follows,0.987,177,2026-05-27T11:26:23Z,2026-05-27T11:26:23Z
45092,4728,4653,collaborates,0.413,115,2026-05-27T11:26:23Z,2026-05-27T11:26:23Z
45093,4615,4720,mentioned,0.104,16,2026-05-27T11:26:23Z,2026-05-27T11:26:23Z
45094,4747,4622,reshared,0.217,7,2026-05-27T11:26:23Z,2026-05-27T11:26:23Z
45095,4805,4606,tagged,0.18,106,2026-05-27T11:26:23Z,2026-05-27T11:26:23Z
45096,4867,4962,duet,0.836,77,2026-05-27T11:26:23Z,2026-05-27T11:26:23Z
45097,4879,4852,inspired_by,0.563,62,2026-05-27T11:26:23Z,2026-05-27T11:26:23Z
45098,4683,4619,follows,0.831,114,2026-05-27T11:26:23Z,2026-05-27T11:26:23Z
45099,4835,4828,collaborates,0.847,2,2026-05-27T11:26:23Z,2026-05-27T11:26:23Z
45100,4631,4772,mentioned,0.334,87,2026-05-27T11:26:23Z,2026-05-27T11:26:23Z
45101,4734,4844,reshared,0.175,164,2026-05-27T11:26:23Z,2026-05-27T11:26:23Z
45102,4654,5000,tagged,0.277,64,2026-05-27T11:26:23Z,2026-05-27T11:26:23Z
45103,4579,4757,duet,0.967,149,2026-05-27T11:26:23Z,2026-05-27T11:26:23Z
45104,4822,4976,inspired_by,0.417,100,2026-05-27T11:26:23Z,2026-05-27T11:26:23Z
45105,5017,4777,follows,0.783,98,2026-05-27T11:26:23Z,2026-05-27T11:26:23Z
45106,4665,4760,collaborates,0.169,143,2026-05-27T11:26:23Z,2026-05-27T11:26:23Z
45107,4896,4873,mentioned,0.29,128,2026-05-27T11:26:23Z,2026-05-27T11:26:23Z
45108,4603,4876,reshared,0.265,81,2026-05-27T11:26:23Z,2026-05-27T11:26:23Z
45109,4735,4602,tagged,0.729,77,2026-05-27T11:26:23Z,2026-05-27T11:26:23Z
45110,4907,4551,duet,0.676,86,2026-05-27T11:26:23Z,2026-05-27T11:26:23Z
45111,4971,4818,inspired_by,0.978,48,2026-05-27T11:26:23Z,2026-05-27T11:26:23Z
45112,4699,4669,follows,0.865,76,2026-05-27T11:26:23Z,2026-05-27T11:26:23Z
45113,4624,4798,collaborates,0.603,21,2026-05-27T11:26:23Z,2026-05-27T11:26:23Z
45114,4798,4692,mentioned,0.248,137,2026-05-27T11:26:23Z,2026-05-27T11:26:23Z
45115,4794,4668,reshared,0.44,43,2026-05-27T11:26:23Z,2026-05-27T11:26:23Z
45116,4846,4774,tagged,0.943,121,2026-05-27T11:26:23Z,2026-05-27T11:26:23Z
45117,4973,4647,duet,0.754,114,2026-05-27T11:26:23Z,2026-05-27T11:26:23Z
45118,5027,4823,inspired_by,0.369,105,2026-05-27T11:26:23Z,2026-05-27T11:26:23Z
45119,4864,4578,follows,0.629,31,2026-05-27T11:26:23Z,2026-05-27T11:26:23Z
45120,4678,4979,collaborates,0.705,181,2026-05-27T11:26:23Z,2026-05-27T11:26:23Z
45121,4795,4772,mentioned,0.813,97,2026-05-27T11:26:23Z,2026-05-27T11:26:23Z
45122,4589,4849,reshared,0.724,112,2026-05-27T11:26:23Z,2026-05-27T11:26:23Z
45123,4955,4547,tagged,0.28,196,2026-05-27T11:26:23Z,2026-05-27T11:26:23Z
45124,4924,5031,duet,0.197,162,2026-05-27T11:26:23Z,2026-05-27T11:26:23Z
45125,4542,4560,inspired_by,0.545,184,2026-05-27T11:26:23Z,2026-05-27T11:26:23Z
45126,4956,4732,follows,0.554,76,2026-05-27T11:26:23Z,2026-05-27T11:26:23Z
45127,4793,4995,collaborates,0.262,128,2026-05-27T11:26:23Z,2026-05-27T11:26:23Z
45128,5029,4712,mentioned,0.218,26,2026-05-27T11:26:23Z,2026-05-27T11:26:23Z
45129,5044,4830,reshared,0.937,105,2026-05-27T11:26:23Z,2026-05-27T11:26:23Z
45130,4983,5021,tagged,0.548,47,2026-05-27T11:26:23Z,2026-05-27T11:26:23Z
45131,5041,4587,duet,0.876,169,2026-05-27T11:26:23Z,2026-05-27T11:26:23Z
45132,4581,4782,inspired_by,0.808,157,2026-05-27T11:26:23Z,2026-05-27T11:26:23Z
45133,4746,4598,follows,0.344,110,2026-05-27T11:26:23Z,2026-05-27T11:26:23Z
45134,4688,4629,collaborates,0.523,112,2026-05-27T11:26:23Z,2026-05-27T11:26:23Z
45135,4872,4832,mentioned,0.651,151,2026-05-27T11:26:23Z,2026-05-27T11:26:23Z
45136,4921,4551,reshared,0.478,85,2026-05-27T11:26:23Z,2026-05-27T11:26:23Z
45137,4629,4874,tagged,0.388,190,2026-05-27T11:26:23Z,2026-05-27T11:26:23Z
45138,4769,4595,duet,0.318,137,2026-05-27T11:26:23Z,2026-05-27T11:26:23Z
45139,4897,4728,inspired_by,0.106,143,2026-05-27T11:26:23Z,2026-05-27T11:26:23Z
45140,4711,4718,follows,0.87,156,2026-05-27T11:26:23Z,2026-05-27T11:26:23Z
45141,4898,4748,collaborates,0.676,68,2026-05-27T11:26:23Z,2026-05-27T11:26:23Z
45142,5019,4898,mentioned,0.908,34,2026-05-27T11:26:23Z,2026-05-27T11:26:23Z
45143,4793,4651,reshared,0.371,110,2026-05-27T11:26:23Z,2026-05-27T11:26:23Z
45144,4846,4633,tagged,0.231,12,2026-05-27T11:26:23Z,2026-05-27T11:26:23Z
45145,4677,4551,duet,0.435,187,2026-05-27T11:26:23Z,2026-05-27T11:26:23Z
45146,4878,4686,inspired_by,0.763,63,2026-05-27T11:26:23Z,2026-05-27T11:26:23Z
45147,4812,4674,follows,0.504,72,2026-05-27T11:26:23Z,2026-05-27T11:26:23Z
45148,4844,4557,collaborates,0.932,104,2026-05-27T11:26:23Z,2026-05-27T11:26:23Z
45149,4777,4942,mentioned,0.908,128,2026-05-27T11:26:23Z,2026-05-27T11:26:23Z
45150,4772,4878,reshared,0.62,21,2026-05-27T11:26:23Z,2026-05-27T11:26:23Z
45151,4994,4995,tagged,0.454,14,2026-05-27T11:26:23Z,2026-05-27T11:26:23Z
45152,4741,5056,duet,0.798,199,2026-05-27T11:26:23Z,2026-05-27T11:26:23Z
45153,4652,4623,inspired_by,0.817,99,2026-05-27T11:26:23Z,2026-05-27T11:26:23Z
45154,4842,4880,follows,0.895,24,2026-05-27T11:26:23Z,2026-05-27T11:26:23Z
45155,4853,4587,collaborates,0.427,61,2026-05-27T11:26:23Z,2026-05-27T11:26:23Z
45156,4579,4553,mentioned,0.536,116,2026-05-27T11:26:23Z,2026-05-27T11:26:23Z
45157,4781,4627,reshared,0.338,131,2026-05-27T11:26:23Z,2026-05-27T11:26:23Z
45158,4542,4694,tagged,0.469,77,2026-05-27T11:26:23Z,2026-05-27T11:26:23Z
45159,4895,5045,duet,0.638,139,2026-05-27T11:26:23Z,2026-05-27T11:26:23Z
45160,4649,4604,inspired_by,0.34,27,2026-05-27T11:26:23Z,2026-05-27T11:26:23Z
45161,4726,4625,follows,0.328,131,2026-05-27T11:26:23Z,2026-05-27T11:26:23Z
45162,4719,4575,collaborates,0.664,150,2026-05-27T11:26:23Z,2026-05-27T11:26:23Z
45163,4661,4896,mentioned,0.896,167,2026-05-27T11:26:23Z,2026-05-27T11:26:23Z
45164,4849,5043,reshared,0.616,39,2026-05-27T11:26:23Z,2026-05-27T11:26:23Z
45165,5058,4919,tagged,0.387,99,2026-05-27T11:26:23Z,2026-05-27T11:26:23Z
45166,4617,4727,duet,0.926,64,2026-05-27T11:26:23Z,2026-05-27T11:26:23Z
45167,4602,5010,inspired_by,0.473,98,2026-05-27T11:26:23Z,2026-05-27T11:26:23Z
45168,4587,4875,follows,0.269,76,2026-05-27T11:26:23Z,2026-05-27T11:26:23Z
45169,4545,4792,collaborates,0.829,51,2026-05-27T11:26:23Z,2026-05-27T11:26:23Z
45170,4822,4914,mentioned,0.463,164,2026-05-27T11:26:23Z,2026-05-27T11:26:23Z
45171,4687,4729,reshared,0.982,104,2026-05-27T11:26:23Z,2026-05-27T11:26:23Z
45172,4557,4886,tagged,0.879,158,2026-05-27T11:26:23Z,2026-05-27T11:26:23Z
45173,4695,4984,duet,0.338,99,2026-05-27T11:26:23Z,2026-05-27T11:26:23Z
45174,4927,5044,inspired_by,0.983,113,2026-05-27T11:26:23Z,2026-05-27T11:26:23Z
45175,4681,4833,follows,0.506,119,2026-05-27T11:26:23Z,2026-05-27T11:26:23Z
45176,5011,4586,collaborates,0.938,22,2026-05-27T11:26:23Z,2026-05-27T11:26:23Z
45177,4705,5053,mentioned,0.794,7,2026-05-27T11:26:23Z,2026-05-27T11:26:23Z
45178,4831,4645,reshared,0.243,101,2026-05-27T11:26:23Z,2026-05-27T11:26:23Z
45179,4863,4750,tagged,0.812,193,2026-05-27T11:26:23Z,2026-05-27T11:26:23Z
45180,4667,4957,duet,0.125,15,2026-05-27T11:26:23Z,2026-05-27T11:26:23Z
45181,4950,4949,inspired_by,0.988,70,2026-05-27T11:26:23Z,2026-05-27T11:26:23Z
45182,4864,4865,follows,0.529,91,2026-05-27T11:26:23Z,2026-05-27T11:26:23Z
45183,4972,4755,collaborates,0.916,120,2026-05-27T11:26:23Z,2026-05-27T11:26:23Z
45184,4982,4549,mentioned,0.146,102,2026-05-27T11:26:23Z,2026-05-27T11:26:23Z
45185,4846,4596,reshared,0.975,130,2026-05-27T11:26:23Z,2026-05-27T11:26:23Z
45186,4774,4871,tagged,0.685,15,2026-05-27T11:26:23Z,2026-05-27T11:26:23Z
45187,4747,4606,duet,0.385,117,2026-05-27T11:26:23Z,2026-05-27T11:26:23Z
45188,4984,4860,inspired_by,0.416,195,2026-05-27T11:26:23Z,2026-05-27T11:26:23Z
45189,4582,4730,follows,0.74,7,2026-05-27T11:26:23Z,2026-05-27T11:26:23Z
45190,5016,4597,collaborates,0.436,13,2026-05-27T11:26:23Z,2026-05-27T11:26:23Z
45191,4660,4777,mentioned,0.908,23,2026-05-27T11:26:23Z,2026-05-27T11:26:23Z
45192,4701,4913,reshared,0.662,148,2026-05-27T11:26:23Z,2026-05-27T11:26:23Z
45193,4976,4978,tagged,0.21,17,2026-05-27T11:26:23Z,2026-05-27T11:26:23Z
45194,4585,4858,duet,0.703,48,2026-05-27T11:26:23Z,2026-05-27T11:26:23Z
45195,4974,4645,inspired_by,0.598,35,2026-05-27T11:26:23Z,2026-05-27T11:26:23Z
45196,4782,4587,follows,0.575,168,2026-05-27T11:26:23Z,2026-05-27T11:26:23Z
45197,4942,5013,collaborates,0.366,105,2026-05-27T11:26:23Z,2026-05-27T11:26:23Z
45198,4724,4779,mentioned,0.515,10,2026-05-27T11:26:23Z,2026-05-27T11:26:23Z
45199,4888,4863,reshared,0.153,134,2026-05-27T11:26:23Z,2026-05-27T11:26:23Z
45200,4687,4946,tagged,0.675,20,2026-05-27T11:26:23Z,2026-05-27T11:26:23Z
45201,4731,4667,duet,0.356,157,2026-05-27T11:26:23Z,2026-05-27T11:26:23Z
45202,4931,4693,inspired_by,0.719,186,2026-05-27T11:26:23Z,2026-05-27T11:26:23Z
45203,4979,4696,follows,0.856,181,2026-05-27T11:26:23Z,2026-05-27T11:26:23Z
45204,4928,4748,collaborates,0.309,132,2026-05-27T11:26:23Z,2026-05-27T11:26:23Z
45205,4778,4601,mentioned,0.337,119,2026-05-27T11:26:23Z,2026-05-27T11:26:23Z
45206,4680,5026,reshared,0.306,141,2026-05-27T11:26:23Z,2026-05-27T11:26:23Z
45207,4841,4794,tagged,0.542,171,2026-05-27T11:26:23Z,2026-05-27T11:26:23Z
45208,4769,4588,duet,0.666,58,2026-05-27T11:26:23Z,2026-05-27T11:26:23Z
45209,4554,5009,inspired_by,0.332,39,2026-05-27T11:26:23Z,2026-05-27T11:26:23Z
45210,4698,4958,follows,0.166,105,2026-05-27T11:26:23Z,2026-05-27T11:26:23Z
45211,4966,4878,collaborates,0.788,144,2026-05-27T11:26:23Z,2026-05-27T11:26:23Z
45212,4811,4835,mentioned,0.902,174,2026-05-27T11:26:23Z,2026-05-27T11:26:23Z
45213,4757,4608,reshared,0.925,184,2026-05-27T11:26:23Z,2026-05-27T11:26:23Z
45214,5051,4632,tagged,0.699,174,2026-05-27T11:26:23Z,2026-05-27T11:26:23Z
45215,4900,4563,duet,0.254,67,2026-05-27T11:26:23Z,2026-05-27T11:26:23Z
45216,4899,4900,inspired_by,0.221,177,2026-05-27T11:26:23Z,2026-05-27T11:26:23Z
45217,4959,4647,follows,0.774,197,2026-05-27T11:26:23Z,2026-05-27T11:26:23Z
45218,4571,4749,collaborates,0.164,115,2026-05-27T11:26:23Z,2026-05-27T11:26:23Z
45219,4981,4801,mentioned,0.969,67,2026-05-27T11:26:23Z,2026-05-27T11:26:23Z
45220,4579,4672,reshared,0.527,97,2026-05-27T11:26:23Z,2026-05-27T11:26:23Z
45221,5010,4821,tagged,0.716,127,2026-05-27T11:26:23Z,2026-05-27T11:26:23Z
45222,4664,4875,duet,0.718,35,2026-05-27T11:26:23Z,2026-05-27T11:26:23Z
45223,4728,4862,inspired_by,0.833,4,2026-05-27T11:26:23Z,2026-05-27T11:26:23Z
45224,4841,4922,follows,0.693,26,2026-05-27T11:26:23Z,2026-05-27T11:26:23Z
45225,4813,4613,collaborates,0.462,191,2026-05-27T11:26:23Z,2026-05-27T11:26:23Z
45226,4970,4861,mentioned,0.474,179,2026-05-27T11:26:23Z,2026-05-27T11:26:23Z
45227,4722,4782,reshared,0.362,131,2026-05-27T11:26:23Z,2026-05-27T11:26:23Z
45228,4554,4913,tagged,0.46,88,2026-05-27T11:26:23Z,2026-05-27T11:26:23Z
45229,5009,4635,duet,0.91,57,2026-05-27T11:26:23Z,2026-05-27T11:26:23Z
45230,4931,4619,inspired_by,0.953,147,2026-05-27T11:26:23Z,2026-05-27T11:26:23Z
45231,4984,4796,follows,0.488,179,2026-05-27T11:26:23Z,2026-05-27T11:26:23Z
45232,4766,4668,collaborates,0.803,169,2026-05-27T11:26:23Z,2026-05-27T11:26:23Z
45233,4632,4844,mentioned,0.476,19,2026-05-27T11:26:23Z,2026-05-27T11:26:23Z
45234,4757,4563,reshared,0.223,81,2026-05-27T11:26:23Z,2026-05-27T11:26:23Z
45235,4899,4964,tagged,0.513,149,2026-05-27T11:26:23Z,2026-05-27T11:26:23Z
45236,4746,4593,duet,0.687,40,2026-05-27T11:26:23Z,2026-05-27T11:26:23Z
45237,4953,4710,inspired_by,0.251,17,2026-05-27T11:26:23Z,2026-05-27T11:26:23Z
45238,4730,4722,follows,0.231,166,2026-05-27T11:26:23Z,2026-05-27T11:26:23Z
45239,4685,4965,collaborates,0.975,157,2026-05-27T11:26:23Z,2026-05-27T11:26:23Z
45240,4642,4999,mentioned,0.978,142,2026-05-27T11:26:23Z,2026-05-27T11:26:23Z
45241,4895,4762,reshared,0.744,12,2026-05-27T11:26:23Z,2026-05-27T11:26:23Z
45242,4857,5044,tagged,0.604,117,2026-05-27T11:26:23Z,2026-05-27T11:26:23Z
45243,4933,4691,duet,0.56,160,2026-05-27T11:26:23Z,2026-05-27T11:26:23Z
45244,4958,4908,inspired_by,0.862,152,2026-05-27T11:26:23Z,2026-05-27T11:26:23Z
45245,4755,4962,follows,0.295,57,2026-05-27T11:26:23Z,2026-05-27T11:26:23Z
45246,4743,4845,collaborates,0.3,66,2026-05-27T11:26:23Z,2026-05-27T11:26:23Z
45247,4749,4762,mentioned,0.245,56,2026-05-27T11:26:23Z,2026-05-27T11:26:23Z
45248,5004,4709,reshared,0.801,188,2026-05-27T11:26:23Z,2026-05-27T11:26:23Z
45249,4562,4773,tagged,0.898,58,2026-05-27T11:26:23Z,2026-05-27T11:26:23Z
45250,5042,4799,duet,0.868,126,2026-05-27T11:26:23Z,2026-05-27T11:26:23Z
45251,5029,4588,inspired_by,0.67,104,2026-05-27T11:26:23Z,2026-05-27T11:26:23Z
45252,4870,4633,follows,0.531,146,2026-05-27T11:26:23Z,2026-05-27T11:26:23Z
45253,4705,4564,collaborates,0.136,179,2026-05-27T11:26:23Z,2026-05-27T11:26:23Z
45254,4743,4752,mentioned,0.226,171,2026-05-27T11:26:23Z,2026-05-27T11:26:23Z
45255,4883,4890,reshared,0.316,171,2026-05-27T11:26:23Z,2026-05-27T11:26:23Z
45256,5002,4672,tagged,0.547,109,2026-05-27T11:26:23Z,2026-05-27T11:26:23Z
45257,4572,4898,duet,0.795,176,2026-05-27T11:26:23Z,2026-05-27T11:26:23Z
45258,4908,4591,inspired_by,0.783,73,2026-05-27T11:26:23Z,2026-05-27T11:26:23Z
45259,5048,4899,follows,0.359,142,2026-05-27T11:26:23Z,2026-05-27T11:26:23Z
45260,4594,4884,collaborates,0.576,90,2026-05-27T11:26:23Z,2026-05-27T11:26:23Z
45261,4977,4765,mentioned,0.137,143,2026-05-27T11:26:23Z,2026-05-27T11:26:23Z
45262,4660,4692,reshared,0.463,152,2026-05-27T11:26:23Z,2026-05-27T11:26:23Z
45263,4612,4965,tagged,0.81,41,2026-05-27T11:26:23Z,2026-05-27T11:26:23Z
45264,4867,4603,duet,0.869,97,2026-05-27T11:26:23Z,2026-05-27T11:26:23Z
45265,4753,4565,inspired_by,0.941,68,2026-05-27T11:26:23Z,2026-05-27T11:26:23Z
45266,4880,4724,follows,0.638,128,2026-05-27T11:26:23Z,2026-05-27T11:26:23Z
45267,4871,4972,collaborates,0.511,91,2026-05-27T11:26:23Z,2026-05-27T11:26:23Z
45268,5052,5043,mentioned,0.748,120,2026-05-27T11:26:23Z,2026-05-27T11:26:23Z
45269,4941,4601,reshared,0.241,102,2026-05-27T11:26:23Z,2026-05-27T11:26:23Z
45270,5027,4980,tagged,0.835,194,2026-05-27T11:26:23Z,2026-05-27T11:26:23Z
45271,5008,4618,duet,0.739,17,2026-05-27T11:26:23Z,2026-05-27T11:26:23Z
45272,5027,4562,inspired_by,0.959,13,2026-05-27T11:26:23Z,2026-05-27T11:26:23Z
45273,4767,5019,follows,0.778,47,2026-05-27T11:26:23Z,2026-05-27T11:26:23Z
45274,4898,4972,collaborates,0.741,4,2026-05-27T11:26:23Z,2026-05-27T11:26:23Z
45275,5015,4780,mentioned,0.532,158,2026-05-27T11:26:23Z,2026-05-27T11:26:23Z
45276,4862,4816,reshared,0.879,29,2026-05-27T11:26:23Z,2026-05-27T11:26:23Z
45277,4628,4945,tagged,0.448,82,2026-05-27T11:26:23Z,2026-05-27T11:26:23Z
45278,4541,4759,duet,0.823,2,2026-05-27T11:26:23Z,2026-05-27T11:26:23Z
45279,4730,4842,inspired_by,0.986,40,2026-05-27T11:26:23Z,2026-05-27T11:26:23Z
45280,4571,4715,follows,0.256,191,2026-05-27T11:26:23Z,2026-05-27T11:26:23Z
45281,4673,4941,collaborates,0.937,85,2026-05-27T11:26:23Z,2026-05-27T11:26:23Z
45282,4588,4657,mentioned,0.964,191,2026-05-27T11:26:23Z,2026-05-27T11:26:23Z
45283,5041,4994,reshared,0.652,34,2026-05-27T11:26:23Z,2026-05-27T11:26:23Z
45284,4911,4677,tagged,0.538,173,2026-05-27T11:26:23Z,2026-05-27T11:26:23Z
45285,5001,5060,duet,0.305,175,2026-05-27T11:26:23Z,2026-05-27T11:26:23Z
45286,4567,4901,inspired_by,0.298,112,2026-05-27T11:26:23Z,2026-05-27T11:26:23Z
45287,5058,4842,follows,0.556,42,2026-05-27T11:26:23Z,2026-05-27T11:26:23Z
45288,4711,4553,collaborates,0.629,172,2026-05-27T11:26:23Z,2026-05-27T11:26:23Z
45289,4734,4894,mentioned,0.715,67,2026-05-27T11:26:23Z,2026-05-27T11:26:23Z
45290,4562,5006,reshared,0.136,193,2026-05-27T11:26:23Z,2026-05-27T11:26:23Z
45291,4593,4578,tagged,0.138,179,2026-05-27T11:26:23Z,2026-05-27T11:26:23Z
45292,4841,4874,duet,0.922,98,2026-05-27T11:26:23Z,2026-05-27T11:26:23Z
45293,4970,5010,inspired_by,0.179,135,2026-05-27T11:26:23Z,2026-05-27T11:26:23Z
45294,4728,4896,follows,0.492,181,2026-05-27T11:26:23Z,2026-05-27T11:26:23Z
45295,5029,4894,collaborates,0.574,144,2026-05-27T11:26:23Z,2026-05-27T11:26:23Z
45296,4580,4683,mentioned,0.373,9,2026-05-27T11:26:23Z,2026-05-27T11:26:23Z
45297,5045,4600,reshared,0.146,65,2026-05-27T11:26:23Z,2026-05-27T11:26:23Z
45298,4709,4689,tagged,0.413,167,2026-05-27T11:26:23Z,2026-05-27T11:26:23Z
45299,4884,4894,duet,0.273,137,2026-05-27T11:26:23Z,2026-05-27T11:26:23Z
45300,4707,4883,inspired_by,0.499,187,2026-05-27T11:26:23Z,2026-05-27T11:26:23Z
45301,5025,4568,follows,0.548,95,2026-05-27T11:26:23Z,2026-05-27T11:26:23Z
45302,4976,4953,collaborates,0.756,66,2026-05-27T11:26:23Z,2026-05-27T11:26:23Z
45303,4971,4751,mentioned,0.341,68,2026-05-27T11:26:23Z,2026-05-27T11:26:23Z
45304,4957,4685,reshared,0.517,119,2026-05-27T11:26:23Z,2026-05-27T11:26:23Z
45305,5055,4828,tagged,0.413,12,2026-05-27T11:26:23Z,2026-05-27T11:26:23Z
45306,4677,4603,duet,0.777,11,2026-05-27T11:26:23Z,2026-05-27T11:26:23Z
45307,4791,4742,inspired_by,0.943,82,2026-05-27T11:26:23Z,2026-05-27T11:26:23Z
45308,4809,4708,follows,0.903,150,2026-05-27T11:26:23Z,2026-05-27T11:26:23Z
45309,4634,4906,collaborates,0.407,94,2026-05-27T11:26:23Z,2026-05-27T11:26:23Z
45310,5048,4568,mentioned,0.246,163,2026-05-27T11:26:23Z,2026-05-27T11:26:23Z
45311,4569,4950,reshared,0.964,197,2026-05-27T11:26:23Z,2026-05-27T11:26:23Z
45312,4777,4894,tagged,0.588,92,2026-05-27T11:26:23Z,2026-05-27T11:26:23Z
45313,4567,5009,duet,0.616,28,2026-05-27T11:26:23Z,2026-05-27T11:26:23Z
45314,4742,4916,inspired_by,0.996,90,2026-05-27T11:26:23Z,2026-05-27T11:26:23Z
45315,4606,4625,follows,0.921,186,2026-05-27T11:26:23Z,2026-05-27T11:26:23Z
45316,4581,4723,collaborates,0.824,22,2026-05-27T11:26:23Z,2026-05-27T11:26:23Z
45317,4973,4833,mentioned,0.745,101,2026-05-27T11:26:23Z,2026-05-27T11:26:23Z
45318,4987,4671,reshared,0.772,141,2026-05-27T11:26:23Z,2026-05-27T11:26:23Z
45319,4829,4688,tagged,0.614,162,2026-05-27T11:26:23Z,2026-05-27T11:26:23Z
45320,4644,4766,duet,0.643,19,2026-05-27T11:26:23Z,2026-05-27T11:26:23Z
45321,5055,4966,inspired_by,0.633,28,2026-05-27T11:26:23Z,2026-05-27T11:26:23Z
45322,4641,5009,follows,0.106,89,2026-05-27T11:26:23Z,2026-05-27T11:26:23Z
45323,4752,4919,collaborates,0.533,42,2026-05-27T11:26:23Z,2026-05-27T11:26:23Z
45324,4951,4593,mentioned,0.144,133,2026-05-27T11:26:23Z,2026-05-27T11:26:23Z
45325,4896,4656,reshared,0.578,55,2026-05-27T11:26:23Z,2026-05-27T11:26:23Z
45326,4768,4664,tagged,0.187,1,2026-05-27T11:26:23Z,2026-05-27T11:26:23Z
45327,4682,4579,duet,0.979,79,2026-05-27T11:26:23Z,2026-05-27T11:26:23Z
45328,4916,4843,inspired_by,0.23,122,2026-05-27T11:26:23Z,2026-05-27T11:26:23Z
45329,4878,4627,follows,0.823,182,2026-05-27T11:26:23Z,2026-05-27T11:26:23Z
45330,4699,4900,collaborates,0.225,43,2026-05-27T11:26:23Z,2026-05-27T11:26:23Z
45331,4709,4950,mentioned,0.545,26,2026-05-27T11:26:23Z,2026-05-27T11:26:23Z
45332,4985,4708,reshared,0.393,134,2026-05-27T11:26:23Z,2026-05-27T11:26:23Z
45333,4603,4566,tagged,0.377,166,2026-05-27T11:26:23Z,2026-05-27T11:26:23Z
45334,4922,4677,duet,0.499,17,2026-05-27T11:26:23Z,2026-05-27T11:26:23Z
45335,4954,4959,inspired_by,0.386,73,2026-05-27T11:26:23Z,2026-05-27T11:26:23Z
45336,4845,4776,follows,0.126,125,2026-05-27T11:26:23Z,2026-05-27T11:26:23Z
45337,4850,4769,collaborates,0.794,174,2026-05-27T11:26:23Z,2026-05-27T11:26:23Z
45338,5007,4825,mentioned,0.749,188,2026-05-27T11:26:23Z,2026-05-27T11:26:23Z
45339,4847,4830,reshared,0.344,96,2026-05-27T11:26:23Z,2026-05-27T11:26:23Z
45340,5028,4546,tagged,0.805,179,2026-05-27T11:26:23Z,2026-05-27T11:26:23Z
45341,4563,4665,duet,0.69,49,2026-05-27T11:26:23Z,2026-05-27T11:26:23Z
45342,4564,4770,inspired_by,0.179,6,2026-05-27T11:26:23Z,2026-05-27T11:26:23Z
45343,4669,4676,follows,0.476,22,2026-05-27T11:26:24Z,2026-05-27T11:26:24Z
45344,4597,4705,collaborates,0.905,121,2026-05-27T11:26:24Z,2026-05-27T11:26:24Z
45345,4965,4680,mentioned,0.446,152,2026-05-27T11:26:24Z,2026-05-27T11:26:24Z
45346,4653,5006,reshared,0.35,100,2026-05-27T11:26:24Z,2026-05-27T11:26:24Z
45347,4571,4771,tagged,0.619,86,2026-05-27T11:26:24Z,2026-05-27T11:26:24Z
45348,5053,4628,duet,0.308,111,2026-05-27T11:26:24Z,2026-05-27T11:26:24Z
45349,4884,4879,inspired_by,0.906,53,2026-05-27T11:26:24Z,2026-05-27T11:26:24Z
45350,4618,4753,follows,0.317,28,2026-05-27T11:26:24Z,2026-05-27T11:26:24Z
45351,5026,4680,collaborates,0.745,20,2026-05-27T11:26:24Z,2026-05-27T11:26:24Z
45352,4819,4577,mentioned,0.342,82,2026-05-27T11:26:24Z,2026-05-27T11:26:24Z
45353,4556,4627,reshared,0.213,173,2026-05-27T11:26:24Z,2026-05-27T11:26:24Z
45354,4549,4641,tagged,0.701,17,2026-05-27T11:26:24Z,2026-05-27T11:26:24Z
45355,4624,4955,duet,0.379,63,2026-05-27T11:26:24Z,2026-05-27T11:26:24Z
45356,4999,4681,inspired_by,0.636,186,2026-05-27T11:26:24Z,2026-05-27T11:26:24Z
45357,4924,4979,follows,0.322,138,2026-05-27T11:26:24Z,2026-05-27T11:26:24Z
45358,4943,5052,collaborates,0.12,158,2026-05-27T11:26:24Z,2026-05-27T11:26:24Z
45359,4801,4908,mentioned,0.758,109,2026-05-27T11:26:24Z,2026-05-27T11:26:24Z
45360,4827,4545,reshared,0.843,48,2026-05-27T11:26:24Z,2026-05-27T11:26:24Z
45361,4981,4589,tagged,0.731,37,2026-05-27T11:26:24Z,2026-05-27T11:26:24Z
45362,4950,4615,duet,0.355,44,2026-05-27T11:26:24Z,2026-05-27T11:26:24Z
45363,4928,4572,inspired_by,0.533,162,2026-05-27T11:26:24Z,2026-05-27T11:26:24Z
45364,4892,4698,follows,0.854,129,2026-05-27T11:26:24Z,2026-05-27T11:26:24Z
45365,4660,4594,collaborates,0.891,194,2026-05-27T11:26:24Z,2026-05-27T11:26:24Z
45366,4576,4769,mentioned,0.902,71,2026-05-27T11:26:24Z,2026-05-27T11:26:24Z
45367,4644,4877,reshared,0.281,198,2026-05-27T11:26:24Z,2026-05-27T11:26:24Z
45368,4973,4569,tagged,0.881,19,2026-05-27T11:26:24Z,2026-05-27T11:26:24Z
45369,4904,4819,duet,0.179,81,2026-05-27T11:26:24Z,2026-05-27T11:26:24Z
45370,4832,4972,inspired_by,0.149,40,2026-05-27T11:26:24Z,2026-05-27T11:26:24Z
45371,5014,4664,follows,0.167,197,2026-05-27T11:26:24Z,2026-05-27T11:26:24Z
45372,4977,5005,collaborates,0.87,173,2026-05-27T11:26:24Z,2026-05-27T11:26:24Z
45373,4876,4573,mentioned,0.641,84,2026-05-27T11:26:24Z,2026-05-27T11:26:24Z
45374,4609,4985,reshared,0.303,81,2026-05-27T11:26:24Z,2026-05-27T11:26:24Z
45375,4924,4573,tagged,0.724,52,2026-05-27T11:26:24Z,2026-05-27T11:26:24Z
45376,4908,4613,duet,0.711,196,2026-05-27T11:26:24Z,2026-05-27T11:26:24Z
45377,4603,4677,inspired_by,0.672,43,2026-05-27T11:26:24Z,2026-05-27T11:26:24Z
45378,4794,4813,follows,0.818,16,2026-05-27T11:26:24Z,2026-05-27T11:26:24Z
45379,4709,4834,collaborates,0.273,14,2026-05-27T11:26:24Z,2026-05-27T11:26:24Z
45380,4877,4799,mentioned,0.19,198,2026-05-27T11:26:24Z,2026-05-27T11:26:24Z
45381,4771,4548,reshared,0.532,24,2026-05-27T11:26:24Z,2026-05-27T11:26:24Z
45382,4897,4821,tagged,0.988,99,2026-05-27T11:26:24Z,2026-05-27T11:26:24Z
45383,4762,4691,duet,0.71,150,2026-05-27T11:26:24Z,2026-05-27T11:26:24Z
45384,5046,4862,follows,0.855,148,2026-05-27T11:26:24Z,2026-05-27T11:26:24Z
45385,4778,4822,collaborates,0.675,141,2026-05-27T11:26:24Z,2026-05-27T11:26:24Z
45386,4822,4760,mentioned,0.452,150,2026-05-27T11:26:24Z,2026-05-27T11:26:24Z
45387,4844,4934,reshared,0.174,98,2026-05-27T11:26:24Z,2026-05-27T11:26:24Z
45388,4702,4999,tagged,0.499,161,2026-05-27T11:26:24Z,2026-05-27T11:26:24Z
45389,4594,4954,duet,0.687,125,2026-05-27T11:26:24Z,2026-05-27T11:26:24Z
45390,4572,4673,inspired_by,0.469,156,2026-05-27T11:26:24Z,2026-05-27T11:26:24Z
45391,4890,4934,follows,0.827,116,2026-05-27T11:26:24Z,2026-05-27T11:26:24Z
45392,4777,4753,collaborates,0.178,148,2026-05-27T11:26:24Z,2026-05-27T11:26:24Z
45393,4831,4779,mentioned,0.294,162,2026-05-27T11:26:24Z,2026-05-27T11:26:24Z
45394,4678,4759,reshared,0.731,13,2026-05-27T11:26:24Z,2026-05-27T11:26:24Z
45395,4910,4797,tagged,0.315,42,2026-05-27T11:26:24Z,2026-05-27T11:26:24Z
45396,4768,5026,duet,0.505,113,2026-05-27T11:26:24Z,2026-05-27T11:26:24Z
45397,4705,4772,inspired_by,0.473,61,2026-05-27T11:26:24Z,2026-05-27T11:26:24Z
45398,4731,4552,follows,0.395,169,2026-05-27T11:26:24Z,2026-05-27T11:26:24Z
45399,4882,5049,collaborates,0.969,9,2026-05-27T11:26:24Z,2026-05-27T11:26:24Z
45400,4565,4888,mentioned,0.6,24,2026-05-27T11:26:24Z,2026-05-27T11:26:24Z
45401,5015,4896,reshared,0.316,61,2026-05-27T11:26:24Z,2026-05-27T11:26:24Z
45402,4955,4748,tagged,0.442,194,2026-05-27T11:26:24Z,2026-05-27T11:26:24Z
45403,4864,4561,duet,0.167,179,2026-05-27T11:26:24Z,2026-05-27T11:26:24Z
45404,4598,4769,inspired_by,0.502,112,2026-05-27T11:26:24Z,2026-05-27T11:26:24Z
45405,4726,4835,follows,0.936,89,2026-05-27T11:26:24Z,2026-05-27T11:26:24Z
45406,4714,4961,collaborates,0.116,101,2026-05-27T11:26:24Z,2026-05-27T11:26:24Z
45407,4818,4628,mentioned,0.308,151,2026-05-27T11:26:24Z,2026-05-27T11:26:24Z
45408,4941,4922,reshared,0.343,80,2026-05-27T11:26:24Z,2026-05-27T11:26:24Z
45409,5028,4625,tagged,0.858,158,2026-05-27T11:26:24Z,2026-05-27T11:26:24Z
45410,4975,4933,duet,0.825,60,2026-05-27T11:26:24Z,2026-05-27T11:26:24Z
45411,4723,4798,inspired_by,0.228,130,2026-05-27T11:26:24Z,2026-05-27T11:26:24Z
45412,4631,4745,follows,0.12,100,2026-05-27T11:26:24Z,2026-05-27T11:26:24Z
45413,4814,4556,collaborates,0.423,115,2026-05-27T11:26:24Z,2026-05-27T11:26:24Z
45414,4664,4817,mentioned,0.648,134,2026-05-27T11:26:24Z,2026-05-27T11:26:24Z
45415,4615,4558,reshared,0.338,162,2026-05-27T11:26:24Z,2026-05-27T11:26:24Z
45416,4833,4855,tagged,0.52,87,2026-05-27T11:26:24Z,2026-05-27T11:26:24Z
45417,4904,5021,duet,0.712,196,2026-05-27T11:26:24Z,2026-05-27T11:26:24Z
45418,4887,4826,inspired_by,0.212,162,2026-05-27T11:26:24Z,2026-05-27T11:26:24Z
45419,4821,4756,follows,0.31,174,2026-05-27T11:26:24Z,2026-05-27T11:26:24Z
45420,4582,4730,collaborates,0.989,16,2026-05-27T11:26:24Z,2026-05-27T11:26:24Z
45421,5042,4791,mentioned,0.5,73,2026-05-27T11:26:24Z,2026-05-27T11:26:24Z
45422,4935,4828,reshared,0.342,109,2026-05-27T11:26:24Z,2026-05-27T11:26:24Z
45423,4743,4896,tagged,0.174,107,2026-05-27T11:26:24Z,2026-05-27T11:26:24Z
45424,4704,4959,duet,0.881,171,2026-05-27T11:26:24Z,2026-05-27T11:26:24Z
45425,4574,4744,inspired_by,0.322,127,2026-05-27T11:26:24Z,2026-05-27T11:26:24Z
45426,4955,4742,follows,0.585,93,2026-05-27T11:26:24Z,2026-05-27T11:26:24Z
45427,4965,4574,collaborates,0.106,186,2026-05-27T11:26:24Z,2026-05-27T11:26:24Z
45428,4682,4912,mentioned,0.662,42,2026-05-27T11:26:24Z,2026-05-27T11:26:24Z
45429,4984,4679,reshared,0.504,149,2026-05-27T11:26:24Z,2026-05-27T11:26:24Z
45430,4862,4730,tagged,0.668,60,2026-05-27T11:26:24Z,2026-05-27T11:26:24Z
45431,4898,4698,duet,0.984,62,2026-05-27T11:26:24Z,2026-05-27T11:26:24Z
45432,4658,4906,inspired_by,0.331,48,2026-05-27T11:26:24Z,2026-05-27T11:26:24Z
45433,4799,4978,follows,0.188,178,2026-05-27T11:26:24Z,2026-05-27T11:26:24Z
45434,4849,4651,collaborates,0.643,165,2026-05-27T11:26:24Z,2026-05-27T11:26:24Z
45435,4646,4555,mentioned,0.973,168,2026-05-27T11:26:24Z,2026-05-27T11:26:24Z
45436,4974,4750,reshared,0.889,145,2026-05-27T11:26:24Z,2026-05-27T11:26:24Z
45437,4615,4958,tagged,0.168,109,2026-05-27T11:26:24Z,2026-05-27T11:26:24Z
45438,4576,4725,duet,0.619,146,2026-05-27T11:26:24Z,2026-05-27T11:26:24Z
45439,4776,4946,inspired_by,0.274,91,2026-05-27T11:26:24Z,2026-05-27T11:26:24Z
45440,4810,4873,follows,0.642,119,2026-05-27T11:26:24Z,2026-05-27T11:26:24Z
45441,4688,4664,collaborates,0.945,141,2026-05-27T11:26:24Z,2026-05-27T11:26:24Z
45442,4819,4625,mentioned,0.35,22,2026-05-27T11:26:24Z,2026-05-27T11:26:24Z
45443,4981,4683,reshared,0.241,199,2026-05-27T11:26:24Z,2026-05-27T11:26:24Z
45444,4955,4991,tagged,0.711,10,2026-05-27T11:26:24Z,2026-05-27T11:26:24Z
45445,4609,4680,duet,0.355,30,2026-05-27T11:26:24Z,2026-05-27T11:26:24Z
45446,5047,5041,inspired_by,0.929,48,2026-05-27T11:26:24Z,2026-05-27T11:26:24Z
45447,4849,4665,follows,0.166,53,2026-05-27T11:26:24Z,2026-05-27T11:26:24Z
45448,4853,4922,collaborates,0.608,30,2026-05-27T11:26:24Z,2026-05-27T11:26:24Z
45449,5021,5008,mentioned,0.446,155,2026-05-27T11:26:24Z,2026-05-27T11:26:24Z
45450,4881,4656,reshared,0.211,76,2026-05-27T11:26:24Z,2026-05-27T11:26:24Z
45451,5006,4696,tagged,0.395,86,2026-05-27T11:26:24Z,2026-05-27T11:26:24Z
45452,4674,5018,duet,0.776,63,2026-05-27T11:26:24Z,2026-05-27T11:26:24Z
45453,5046,4812,inspired_by,0.719,11,2026-05-27T11:26:24Z,2026-05-27T11:26:24Z
45454,4561,4769,follows,0.91,107,2026-05-27T11:26:24Z,2026-05-27T11:26:24Z
45455,4718,4811,collaborates,0.127,170,2026-05-27T11:26:24Z,2026-05-27T11:26:24Z
45456,4613,4778,mentioned,0.669,112,2026-05-27T11:26:24Z,2026-05-27T11:26:24Z
45457,4690,5046,reshared,0.754,76,2026-05-27T11:26:24Z,2026-05-27T11:26:24Z
45458,4960,5047,tagged,0.224,55,2026-05-27T11:26:24Z,2026-05-27T11:26:24Z
45459,4802,5017,duet,0.132,64,2026-05-27T11:26:24Z,2026-05-27T11:26:24Z
45460,5009,4757,inspired_by,0.197,176,2026-05-27T11:26:24Z,2026-05-27T11:26:24Z
45461,4727,4898,follows,0.953,87,2026-05-27T11:26:24Z,2026-05-27T11:26:24Z
45462,4802,4698,collaborates,0.506,149,2026-05-27T11:26:24Z,2026-05-27T11:26:24Z
45463,4970,4582,mentioned,0.884,60,2026-05-27T11:26:24Z,2026-05-27T11:26:24Z
45464,4888,4684,reshared,0.42,22,2026-05-27T11:26:24Z,2026-05-27T11:26:24Z
45465,4885,4806,tagged,0.348,53,2026-05-27T11:26:24Z,2026-05-27T11:26:24Z
45466,4847,5044,duet,0.521,145,2026-05-27T11:26:24Z,2026-05-27T11:26:24Z
45467,4819,4909,inspired_by,0.894,154,2026-05-27T11:26:24Z,2026-05-27T11:26:24Z
45468,5052,4688,follows,0.11,10,2026-05-27T11:26:24Z,2026-05-27T11:26:24Z
45469,4893,4856,collaborates,0.845,52,2026-05-27T11:26:24Z,2026-05-27T11:26:24Z
45470,4811,4899,mentioned,0.8,128,2026-05-27T11:26:24Z,2026-05-27T11:26:24Z
45471,4707,4733,reshared,0.159,4,2026-05-27T11:26:24Z,2026-05-27T11:26:24Z
45472,4815,5051,tagged,0.815,30,2026-05-27T11:26:24Z,2026-05-27T11:26:24Z
45473,4886,4855,duet,0.333,13,2026-05-27T11:26:24Z,2026-05-27T11:26:24Z
45474,4572,4678,inspired_by,0.109,194,2026-05-27T11:26:24Z,2026-05-27T11:26:24Z
45475,4993,4620,follows,0.184,98,2026-05-27T11:26:24Z,2026-05-27T11:26:24Z
45476,5003,4951,collaborates,0.364,20,2026-05-27T11:26:24Z,2026-05-27T11:26:24Z
45477,4554,4729,mentioned,0.618,124,2026-05-27T11:26:24Z,2026-05-27T11:26:24Z
45478,4811,4714,reshared,0.179,59,2026-05-27T11:26:24Z,2026-05-27T11:26:24Z
45479,4867,4677,tagged,0.413,73,2026-05-27T11:26:24Z,2026-05-27T11:26:24Z
45480,4773,4646,duet,0.901,173,2026-05-27T11:26:24Z,2026-05-27T11:26:24Z
45481,4861,4800,inspired_by,0.669,103,2026-05-27T11:26:24Z,2026-05-27T11:26:24Z
45482,4831,4810,follows,0.922,2,2026-05-27T11:26:24Z,2026-05-27T11:26:24Z
45483,5050,4650,collaborates,0.345,40,2026-05-27T11:26:24Z,2026-05-27T11:26:24Z
45484,4846,4725,mentioned,0.403,143,2026-05-27T11:26:24Z,2026-05-27T11:26:24Z
45485,4794,4866,reshared,0.99,160,2026-05-27T11:26:24Z,2026-05-27T11:26:24Z
45486,4650,4909,tagged,0.431,107,2026-05-27T11:26:24Z,2026-05-27T11:26:24Z
45487,4828,4717,duet,0.752,36,2026-05-27T11:26:24Z,2026-05-27T11:26:24Z
45488,5042,5015,inspired_by,0.844,135,2026-05-27T11:26:24Z,2026-05-27T11:26:24Z
45489,5055,5020,follows,0.585,151,2026-05-27T11:26:24Z,2026-05-27T11:26:24Z
45490,4726,4683,collaborates,0.22,112,2026-05-27T11:26:24Z,2026-05-27T11:26:24Z
45491,4651,4800,mentioned,0.95,73,2026-05-27T11:26:24Z,2026-05-27T11:26:24Z
45492,4744,4604,reshared,0.501,84,2026-05-27T11:26:24Z,2026-05-27T11:26:24Z
45493,4719,5025,tagged,0.457,66,2026-05-27T11:26:24Z,2026-05-27T11:26:24Z
45494,5046,4927,duet,0.86,82,2026-05-27T11:26:24Z,2026-05-27T11:26:24Z
45495,4577,4542,inspired_by,0.943,82,2026-05-27T11:26:24Z,2026-05-27T11:26:24Z
45496,4792,4590,follows,0.597,76,2026-05-27T11:26:24Z,2026-05-27T11:26:24Z
45497,4924,5054,collaborates,0.91,192,2026-05-27T11:26:24Z,2026-05-27T11:26:24Z
45498,4652,5003,mentioned,0.663,153,2026-05-27T11:26:24Z,2026-05-27T11:26:24Z
45499,4624,5026,reshared,0.379,198,2026-05-27T11:26:24Z,2026-05-27T11:26:24Z
45500,4556,4761,tagged,0.291,8,2026-05-27T11:26:24Z,2026-05-27T11:26:24Z
45501,4542,4594,duet,0.977,180,2026-05-27T11:26:24Z,2026-05-27T11:26:24Z
45502,5057,4648,inspired_by,0.751,164,2026-05-27T11:26:24Z,2026-05-27T11:26:24Z
45503,4999,4822,follows,0.347,8,2026-05-27T11:26:24Z,2026-05-27T11:26:24Z
45504,4835,4972,collaborates,0.545,184,2026-05-27T11:26:24Z,2026-05-27T11:26:24Z
45505,4622,4900,mentioned,0.327,125,2026-05-27T11:26:24Z,2026-05-27T11:26:24Z
45506,4972,4969,reshared,0.483,125,2026-05-27T11:26:24Z,2026-05-27T11:26:24Z
45507,4952,4735,tagged,0.587,154,2026-05-27T11:26:24Z,2026-05-27T11:26:24Z
45508,4624,4728,duet,0.553,95,2026-05-27T11:26:24Z,2026-05-27T11:26:24Z
45509,5018,5041,inspired_by,0.623,53,2026-05-27T11:26:24Z,2026-05-27T11:26:24Z
45510,4866,4768,follows,0.854,136,2026-05-27T11:26:24Z,2026-05-27T11:26:24Z
45511,4827,5000,collaborates,0.567,69,2026-05-27T11:26:24Z,2026-05-27T11:26:24Z
45512,4950,4614,mentioned,0.811,118,2026-05-27T11:26:24Z,2026-05-27T11:26:24Z
45513,4674,4813,reshared,0.762,125,2026-05-27T11:26:24Z,2026-05-27T11:26:24Z
45514,4892,4996,tagged,0.145,90,2026-05-27T11:26:24Z,2026-05-27T11:26:24Z
45515,4741,5023,duet,0.863,58,2026-05-27T11:26:24Z,2026-05-27T11:26:24Z
45516,4764,4559,inspired_by,0.28,94,2026-05-27T11:26:24Z,2026-05-27T11:26:24Z
45517,4717,4793,follows,0.717,152,2026-05-27T11:26:24Z,2026-05-27T11:26:24Z
45518,4678,4571,collaborates,0.608,180,2026-05-27T11:26:24Z,2026-05-27T11:26:24Z
45519,4831,4952,mentioned,0.304,174,2026-05-27T11:26:24Z,2026-05-27T11:26:24Z
45520,4685,4878,reshared,0.472,54,2026-05-27T11:26:24Z,2026-05-27T11:26:24Z
45521,4748,4856,tagged,0.518,57,2026-05-27T11:26:24Z,2026-05-27T11:26:24Z
45522,4983,4976,duet,0.212,180,2026-05-27T11:26:24Z,2026-05-27T11:26:24Z
45523,4759,4585,inspired_by,0.723,179,2026-05-27T11:26:24Z,2026-05-27T11:26:24Z
45524,5007,5004,follows,0.592,87,2026-05-27T11:26:24Z,2026-05-27T11:26:24Z
45525,4649,5017,collaborates,0.496,105,2026-05-27T11:26:24Z,2026-05-27T11:26:24Z
45526,4922,4888,mentioned,0.89,85,2026-05-27T11:26:24Z,2026-05-27T11:26:24Z
45527,4758,5051,reshared,0.749,37,2026-05-27T11:26:24Z,2026-05-27T11:26:24Z
45528,4911,4617,tagged,0.614,15,2026-05-27T11:26:24Z,2026-05-27T11:26:24Z
45529,5005,4872,duet,0.952,64,2026-05-27T11:26:24Z,2026-05-27T11:26:24Z
45530,4557,5000,inspired_by,0.513,184,2026-05-27T11:26:24Z,2026-05-27T11:26:24Z
45531,4609,4713,follows,0.46,126,2026-05-27T11:26:24Z,2026-05-27T11:26:24Z
45532,4772,4649,collaborates,0.992,26,2026-05-27T11:26:24Z,2026-05-27T11:26:24Z
45533,4793,4911,mentioned,0.991,87,2026-05-27T11:26:24Z,2026-05-27T11:26:24Z
45534,4599,4974,reshared,0.334,185,2026-05-27T11:26:24Z,2026-05-27T11:26:24Z
45535,4850,4719,tagged,0.109,5,2026-05-27T11:26:24Z,2026-05-27T11:26:24Z
45536,4660,4598,duet,0.624,132,2026-05-27T11:26:24Z,2026-05-27T11:26:24Z
45537,4925,4745,inspired_by,0.41,71,2026-05-27T11:26:24Z,2026-05-27T11:26:24Z
45538,4813,4795,follows,0.973,62,2026-05-27T11:26:24Z,2026-05-27T11:26:24Z
45539,4816,4924,collaborates,0.848,49,2026-05-27T11:26:24Z,2026-05-27T11:26:24Z
45540,4714,4876,mentioned,0.937,77,2026-05-27T11:26:24Z,2026-05-27T11:26:24Z
45541,4723,4863,reshared,0.298,79,2026-05-27T11:26:24Z,2026-05-27T11:26:24Z
45542,4744,4668,tagged,0.535,106,2026-05-27T11:26:24Z,2026-05-27T11:26:24Z
45543,4625,4734,duet,0.663,3,2026-05-27T11:26:24Z,2026-05-27T11:26:24Z
45544,4921,4989,inspired_by,0.26,12,2026-05-27T11:26:24Z,2026-05-27T11:26:24Z
45545,4928,5017,follows,0.516,163,2026-05-27T11:26:24Z,2026-05-27T11:26:24Z
45546,4923,4861,collaborates,0.765,114,2026-05-27T11:26:24Z,2026-05-27T11:26:24Z
45547,4913,4870,mentioned,0.579,70,2026-05-27T11:26:24Z,2026-05-27T11:26:24Z
45548,4814,4947,reshared,0.501,136,2026-05-27T11:26:24Z,2026-05-27T11:26:24Z
45549,4696,4774,tagged,0.573,1,2026-05-27T11:26:24Z,2026-05-27T11:26:24Z
45550,4932,4852,duet,0.74,192,2026-05-27T11:26:24Z,2026-05-27T11:26:24Z
45551,5052,4710,inspired_by,0.187,107,2026-05-27T11:26:24Z,2026-05-27T11:26:24Z
45552,4715,4586,follows,0.249,67,2026-05-27T11:26:24Z,2026-05-27T11:26:24Z
45553,4880,4648,collaborates,0.818,150,2026-05-27T11:26:24Z,2026-05-27T11:26:24Z
45554,4680,4916,mentioned,0.233,86,2026-05-27T11:26:24Z,2026-05-27T11:26:24Z
45555,4608,4883,reshared,0.822,24,2026-05-27T11:26:24Z,2026-05-27T11:26:24Z
45556,4830,4623,tagged,0.712,66,2026-05-27T11:26:24Z,2026-05-27T11:26:24Z
45557,4600,4618,duet,0.671,175,2026-05-27T11:26:24Z,2026-05-27T11:26:24Z
45558,4631,4579,inspired_by,0.32,142,2026-05-27T11:26:24Z,2026-05-27T11:26:24Z
45559,4862,5031,follows,0.671,93,2026-05-27T11:26:24Z,2026-05-27T11:26:24Z
45560,4917,4755,collaborates,0.225,104,2026-05-27T11:26:24Z,2026-05-27T11:26:24Z
45561,4908,4944,mentioned,0.571,87,2026-05-27T11:26:24Z,2026-05-27T11:26:24Z
45562,4689,4882,reshared,0.106,1,2026-05-27T11:26:24Z,2026-05-27T11:26:24Z
45563,4893,5057,tagged,0.488,50,2026-05-27T11:26:24Z,2026-05-27T11:26:24Z
45564,4868,4651,duet,0.617,24,2026-05-27T11:26:24Z,2026-05-27T11:26:24Z
45565,5047,4751,inspired_by,0.62,161,2026-05-27T11:26:24Z,2026-05-27T11:26:24Z
45566,4835,4856,follows,0.532,5,2026-05-27T11:26:24Z,2026-05-27T11:26:24Z
45567,4999,4925,collaborates,0.569,4,2026-05-27T11:26:24Z,2026-05-27T11:26:24Z
45568,4656,4608,mentioned,0.255,166,2026-05-27T11:26:24Z,2026-05-27T11:26:24Z
45569,4792,5023,reshared,0.172,43,2026-05-27T11:26:24Z,2026-05-27T11:26:24Z
45570,4827,4652,tagged,0.631,120,2026-05-27T11:26:24Z,2026-05-27T11:26:24Z
45571,4817,4690,duet,0.267,40,2026-05-27T11:26:24Z,2026-05-27T11:26:24Z
45572,4860,4728,inspired_by,0.403,132,2026-05-27T11:26:24Z,2026-05-27T11:26:24Z
45573,4801,4796,follows,0.568,181,2026-05-27T11:26:24Z,2026-05-27T11:26:24Z
45574,4874,4653,collaborates,0.579,86,2026-05-27T11:26:24Z,2026-05-27T11:26:24Z
45575,4953,4834,mentioned,0.239,20,2026-05-27T11:26:24Z,2026-05-27T11:26:24Z
45576,4769,4714,reshared,0.355,5,2026-05-27T11:26:24Z,2026-05-27T11:26:24Z
45577,4711,4949,tagged,0.692,5,2026-05-27T11:26:24Z,2026-05-27T11:26:24Z
45578,4566,4846,duet,0.2,45,2026-05-27T11:26:24Z,2026-05-27T11:26:24Z
45579,5042,4670,inspired_by,0.219,178,2026-05-27T11:26:24Z,2026-05-27T11:26:24Z
45580,5031,4585,follows,0.118,88,2026-05-27T11:26:24Z,2026-05-27T11:26:24Z
45581,4600,4687,collaborates,0.706,40,2026-05-27T11:26:24Z,2026-05-27T11:26:24Z
45582,4956,4930,mentioned,0.384,83,2026-05-27T11:26:24Z,2026-05-27T11:26:24Z
45583,4566,4897,reshared,0.336,53,2026-05-27T11:26:24Z,2026-05-27T11:26:24Z
45584,4875,5045,tagged,0.277,153,2026-05-27T11:26:24Z,2026-05-27T11:26:24Z
45585,4602,5000,duet,0.125,60,2026-05-27T11:26:24Z,2026-05-27T11:26:24Z
45586,4850,4641,inspired_by,0.662,6,2026-05-27T11:26:24Z,2026-05-27T11:26:24Z
45587,4748,4567,follows,0.162,164,2026-05-27T11:26:24Z,2026-05-27T11:26:24Z
45588,4722,4858,collaborates,0.192,126,2026-05-27T11:26:24Z,2026-05-27T11:26:24Z
45589,5009,4919,mentioned,0.319,145,2026-05-27T11:26:24Z,2026-05-27T11:26:24Z
45590,4651,4745,reshared,0.839,15,2026-05-27T11:26:24Z,2026-05-27T11:26:24Z
45591,4597,5007,tagged,0.483,125,2026-05-27T11:26:24Z,2026-05-27T11:26:24Z
45592,4686,5027,duet,0.278,21,2026-05-27T11:26:24Z,2026-05-27T11:26:24Z
45593,4679,5058,inspired_by,0.771,170,2026-05-27T11:26:24Z,2026-05-27T11:26:24Z
45594,4687,4743,follows,0.311,13,2026-05-27T11:26:24Z,2026-05-27T11:26:24Z
45595,4903,4958,collaborates,0.588,35,2026-05-27T11:26:24Z,2026-05-27T11:26:24Z
45596,4984,4857,mentioned,0.628,112,2026-05-27T11:26:24Z,2026-05-27T11:26:24Z
45597,4860,4591,reshared,0.863,11,2026-05-27T11:26:24Z,2026-05-27T11:26:24Z
45598,4813,4651,tagged,0.362,106,2026-05-27T11:26:24Z,2026-05-27T11:26:24Z
45599,4903,4807,duet,0.252,22,2026-05-27T11:26:24Z,2026-05-27T11:26:24Z
45600,4811,4722,inspired_by,0.832,164,2026-05-27T11:26:24Z,2026-05-27T11:26:24Z
45601,4843,4747,follows,0.521,133,2026-05-27T11:26:24Z,2026-05-27T11:26:24Z
45602,4812,4692,collaborates,0.154,68,2026-05-27T11:26:24Z,2026-05-27T11:26:24Z
45603,4902,4653,mentioned,0.984,53,2026-05-27T11:26:24Z,2026-05-27T11:26:24Z
45604,4813,4750,reshared,0.545,98,2026-05-27T11:26:24Z,2026-05-27T11:26:24Z
45605,5009,4574,tagged,0.947,15,2026-05-27T11:26:24Z,2026-05-27T11:26:24Z
45606,4655,4858,duet,0.16,76,2026-05-27T11:26:24Z,2026-05-27T11:26:24Z
45607,5009,4996,inspired_by,0.892,34,2026-05-27T11:26:24Z,2026-05-27T11:26:24Z
45608,4776,4798,follows,0.872,82,2026-05-27T11:26:24Z,2026-05-27T11:26:24Z
45609,4922,4887,collaborates,0.727,122,2026-05-27T11:26:24Z,2026-05-27T11:26:24Z
45610,4915,4826,mentioned,0.585,66,2026-05-27T11:26:24Z,2026-05-27T11:26:24Z
45611,4646,4913,reshared,0.877,143,2026-05-27T11:26:24Z,2026-05-27T11:26:24Z
45612,4699,4873,tagged,0.542,188,2026-05-27T11:26:24Z,2026-05-27T11:26:24Z
45613,4914,4703,duet,0.299,144,2026-05-27T11:26:24Z,2026-05-27T11:26:24Z
45614,4889,4870,inspired_by,0.57,183,2026-05-27T11:26:24Z,2026-05-27T11:26:24Z
45615,4550,4916,follows,0.523,128,2026-05-27T11:26:24Z,2026-05-27T11:26:24Z
45616,5024,4992,collaborates,0.329,51,2026-05-27T11:26:24Z,2026-05-27T11:26:24Z
45617,4543,4548,mentioned,0.293,28,2026-05-27T11:26:24Z,2026-05-27T11:26:24Z
45618,4712,4688,reshared,0.247,194,2026-05-27T11:26:24Z,2026-05-27T11:26:24Z
45619,4548,4903,tagged,0.547,11,2026-05-27T11:26:24Z,2026-05-27T11:26:24Z
45620,4932,4869,duet,0.307,141,2026-05-27T11:26:24Z,2026-05-27T11:26:24Z
45621,4700,4760,inspired_by,0.752,33,2026-05-27T11:26:24Z,2026-05-27T11:26:24Z
45622,4576,4548,follows,0.247,167,2026-05-27T11:26:24Z,2026-05-27T11:26:24Z
45623,4921,4866,collaborates,0.174,138,2026-05-27T11:26:24Z,2026-05-27T11:26:24Z
45624,4961,4811,mentioned,0.354,12,2026-05-27T11:26:24Z,2026-05-27T11:26:24Z
45625,4998,4544,reshared,0.809,122,2026-05-27T11:26:24Z,2026-05-27T11:26:24Z
45626,4584,4970,tagged,0.189,181,2026-05-27T11:26:24Z,2026-05-27T11:26:24Z
45627,4953,5048,duet,0.135,18,2026-05-27T11:26:24Z,2026-05-27T11:26:24Z
45628,4977,4583,inspired_by,0.386,43,2026-05-27T11:26:24Z,2026-05-27T11:26:24Z
45629,4720,4725,follows,0.646,74,2026-05-27T11:26:24Z,2026-05-27T11:26:24Z
45630,4681,4730,collaborates,0.143,101,2026-05-27T11:26:24Z,2026-05-27T11:26:24Z
45631,4732,5002,mentioned,0.426,30,2026-05-27T11:26:24Z,2026-05-27T11:26:24Z
45632,4730,4905,reshared,0.746,78,2026-05-27T11:26:24Z,2026-05-27T11:26:24Z
45633,4885,4993,tagged,0.78,134,2026-05-27T11:26:24Z,2026-05-27T11:26:24Z
45634,4830,4764,duet,0.661,86,2026-05-27T11:26:24Z,2026-05-27T11:26:24Z
45635,4792,4827,inspired_by,0.666,181,2026-05-27T11:26:24Z,2026-05-27T11:26:24Z
45636,4811,4621,follows,0.367,156,2026-05-27T11:26:24Z,2026-05-27T11:26:24Z
45637,5009,4628,collaborates,0.908,34,2026-05-27T11:26:24Z,2026-05-27T11:26:24Z
45638,4582,4956,mentioned,0.968,35,2026-05-27T11:26:24Z,2026-05-27T11:26:24Z
45639,4632,5014,reshared,0.225,145,2026-05-27T11:26:24Z,2026-05-27T11:26:24Z
45640,4584,5055,tagged,0.297,86,2026-05-27T11:26:24Z,2026-05-27T11:26:24Z
45641,5013,4648,duet,0.326,14,2026-05-27T11:26:24Z,2026-05-27T11:26:24Z
45642,4699,4827,inspired_by,0.142,179,2026-05-27T11:26:24Z,2026-05-27T11:26:24Z
45643,4567,4873,follows,0.899,113,2026-05-27T11:26:24Z,2026-05-27T11:26:24Z
45644,4691,4728,collaborates,0.261,12,2026-05-27T11:26:24Z,2026-05-27T11:26:24Z
45645,4649,4887,mentioned,0.689,192,2026-05-27T11:26:24Z,2026-05-27T11:26:24Z
45646,5024,5009,reshared,0.406,62,2026-05-27T11:26:24Z,2026-05-27T11:26:24Z
45647,4552,4863,tagged,0.502,69,2026-05-27T11:26:24Z,2026-05-27T11:26:24Z
45648,4899,4661,duet,0.813,91,2026-05-27T11:26:24Z,2026-05-27T11:26:24Z
45649,4585,5027,inspired_by,0.293,165,2026-05-27T11:26:24Z,2026-05-27T11:26:24Z
45650,4587,4657,follows,0.802,9,2026-05-27T11:26:24Z,2026-05-27T11:26:24Z
45651,4571,4712,collaborates,0.867,148,2026-05-27T11:26:24Z,2026-05-27T11:26:24Z
45652,4563,5030,mentioned,0.217,37,2026-05-27T11:26:24Z,2026-05-27T11:26:24Z
45653,5048,4696,reshared,0.449,95,2026-05-27T11:26:24Z,2026-05-27T11:26:24Z
45654,4934,4715,tagged,0.869,77,2026-05-27T11:26:24Z,2026-05-27T11:26:24Z
45655,4548,4769,duet,0.106,87,2026-05-27T11:26:24Z,2026-05-27T11:26:24Z
45656,4633,4818,inspired_by,0.177,34,2026-05-27T11:26:24Z,2026-05-27T11:26:24Z
45657,4544,4813,follows,0.397,35,2026-05-27T11:26:24Z,2026-05-27T11:26:24Z
45658,4878,4779,collaborates,0.403,68,2026-05-27T11:26:24Z,2026-05-27T11:26:24Z
45659,4987,4976,mentioned,0.947,143,2026-05-27T11:26:24Z,2026-05-27T11:26:24Z
45660,4713,4600,reshared,0.896,193,2026-05-27T11:26:24Z,2026-05-27T11:26:24Z
45661,4672,4890,tagged,0.41,105,2026-05-27T11:26:24Z,2026-05-27T11:26:24Z
45662,4851,4820,duet,0.747,84,2026-05-27T11:26:24Z,2026-05-27T11:26:24Z
45663,5047,4906,inspired_by,0.526,76,2026-05-27T11:26:24Z,2026-05-27T11:26:24Z
45664,4978,4808,follows,0.937,28,2026-05-27T11:26:24Z,2026-05-27T11:26:24Z
45665,5029,4629,collaborates,0.76,48,2026-05-27T11:26:24Z,2026-05-27T11:26:24Z
45666,4718,4609,mentioned,0.37,84,2026-05-27T11:26:24Z,2026-05-27T11:26:24Z
45667,5046,4823,reshared,0.848,50,2026-05-27T11:26:24Z,2026-05-27T11:26:24Z
45668,4880,4631,tagged,0.861,95,2026-05-27T11:26:24Z,2026-05-27T11:26:24Z
45669,4968,4831,duet,0.105,152,2026-05-27T11:26:24Z,2026-05-27T11:26:24Z
45670,4603,4659,inspired_by,0.495,108,2026-05-27T11:26:24Z,2026-05-27T11:26:24Z
45671,4915,4721,follows,0.575,109,2026-05-27T11:26:24Z,2026-05-27T11:26:24Z
45672,4860,4889,collaborates,0.636,51,2026-05-27T11:26:24Z,2026-05-27T11:26:24Z
45673,4982,4580,mentioned,0.206,30,2026-05-27T11:26:24Z,2026-05-27T11:26:24Z
45674,4596,4593,reshared,0.982,43,2026-05-27T11:26:24Z,2026-05-27T11:26:24Z
45675,4685,4658,tagged,0.804,92,2026-05-27T11:26:24Z,2026-05-27T11:26:24Z
45676,4896,4692,duet,0.78,178,2026-05-27T11:26:24Z,2026-05-27T11:26:24Z
45677,4852,5022,inspired_by,0.522,118,2026-05-27T11:26:24Z,2026-05-27T11:26:24Z
45678,4628,4606,follows,0.982,166,2026-05-27T11:26:24Z,2026-05-27T11:26:24Z
45679,4965,4997,collaborates,0.721,138,2026-05-27T11:26:24Z,2026-05-27T11:26:24Z
45680,4993,4868,mentioned,0.241,132,2026-05-27T11:26:24Z,2026-05-27T11:26:24Z
45681,4961,4944,reshared,0.847,118,2026-05-27T11:26:24Z,2026-05-27T11:26:24Z
45682,4554,4684,tagged,0.777,49,2026-05-27T11:26:24Z,2026-05-27T11:26:24Z
45683,4769,4810,duet,0.648,166,2026-05-27T11:26:24Z,2026-05-27T11:26:24Z
45684,4592,4771,inspired_by,0.536,195,2026-05-27T11:26:24Z,2026-05-27T11:26:24Z
45685,4800,4735,follows,0.812,151,2026-05-27T11:26:24Z,2026-05-27T11:26:24Z
45686,4920,4955,collaborates,0.169,97,2026-05-27T11:26:24Z,2026-05-27T11:26:24Z
45687,4825,4683,mentioned,0.97,41,2026-05-27T11:26:24Z,2026-05-27T11:26:24Z
45688,5055,4943,reshared,0.313,144,2026-05-27T11:26:24Z,2026-05-27T11:26:24Z
45689,4829,4912,tagged,0.657,84,2026-05-27T11:26:24Z,2026-05-27T11:26:24Z
45690,4606,4948,duet,0.39,167,2026-05-27T11:26:24Z,2026-05-27T11:26:24Z
45691,4750,4886,inspired_by,0.291,32,2026-05-27T11:26:24Z,2026-05-27T11:26:24Z
45692,5044,4754,follows,0.11,127,2026-05-27T11:26:24Z,2026-05-27T11:26:24Z
45693,5048,4735,collaborates,0.924,73,2026-05-27T11:26:24Z,2026-05-27T11:26:24Z
45694,4826,5053,mentioned,0.366,148,2026-05-27T11:26:24Z,2026-05-27T11:26:24Z
45695,4847,4584,reshared,0.105,11,2026-05-27T11:26:24Z,2026-05-27T11:26:24Z
45696,4552,4588,tagged,0.724,16,2026-05-27T11:26:24Z,2026-05-27T11:26:24Z
45697,4912,4634,duet,0.246,182,2026-05-27T11:26:24Z,2026-05-27T11:26:24Z
45698,4830,4853,inspired_by,0.633,26,2026-05-27T11:26:24Z,2026-05-27T11:26:24Z
45699,4691,4776,follows,0.131,84,2026-05-27T11:26:24Z,2026-05-27T11:26:24Z
45700,4606,4775,collaborates,0.702,132,2026-05-27T11:26:24Z,2026-05-27T11:26:24Z
45701,4873,4853,mentioned,0.656,154,2026-05-27T11:26:24Z,2026-05-27T11:26:24Z
45702,5054,4896,reshared,0.234,125,2026-05-27T11:26:24Z,2026-05-27T11:26:24Z
45703,5056,4842,tagged,0.278,78,2026-05-27T11:26:24Z,2026-05-27T11:26:24Z
45704,4868,4893,duet,0.905,97,2026-05-27T11:26:24Z,2026-05-27T11:26:24Z
45705,4960,4893,inspired_by,0.313,89,2026-05-27T11:26:24Z,2026-05-27T11:26:24Z
45706,4895,4613,follows,0.421,157,2026-05-27T11:26:24Z,2026-05-27T11:26:24Z
45707,4542,4574,collaborates,0.757,32,2026-05-27T11:26:24Z,2026-05-27T11:26:24Z
45708,4967,4868,mentioned,0.501,3,2026-05-27T11:26:24Z,2026-05-27T11:26:24Z
45709,4610,4865,reshared,0.832,69,2026-05-27T11:26:24Z,2026-05-27T11:26:24Z
45710,4734,4632,tagged,0.527,161,2026-05-27T11:26:24Z,2026-05-27T11:26:24Z
45711,4954,4618,duet,0.158,71,2026-05-27T11:26:24Z,2026-05-27T11:26:24Z
45712,4952,4771,inspired_by,0.377,23,2026-05-27T11:26:24Z,2026-05-27T11:26:24Z
45713,4765,4743,follows,0.917,41,2026-05-27T11:26:24Z,2026-05-27T11:26:24Z
45714,4877,4658,collaborates,0.947,44,2026-05-27T11:26:24Z,2026-05-27T11:26:24Z
45715,4746,4750,mentioned,0.196,79,2026-05-27T11:26:24Z,2026-05-27T11:26:24Z
45716,4797,5041,reshared,0.884,44,2026-05-27T11:26:24Z,2026-05-27T11:26:24Z
45717,4643,4998,tagged,0.355,54,2026-05-27T11:26:24Z,2026-05-27T11:26:24Z
45718,4584,4661,duet,0.647,118,2026-05-27T11:26:24Z,2026-05-27T11:26:24Z
45719,5042,4983,inspired_by,0.295,182,2026-05-27T11:26:24Z,2026-05-27T11:26:24Z
45720,4673,4847,follows,0.563,44,2026-05-27T11:26:24Z,2026-05-27T11:26:24Z
45721,4942,4580,collaborates,0.649,131,2026-05-27T11:26:24Z,2026-05-27T11:26:24Z
45722,5005,4633,mentioned,0.647,107,2026-05-27T11:26:24Z,2026-05-27T11:26:24Z
45723,4922,4954,reshared,0.111,45,2026-05-27T11:26:24Z,2026-05-27T11:26:24Z
45724,4877,4645,tagged,0.651,110,2026-05-27T11:26:24Z,2026-05-27T11:26:24Z
45725,4899,4824,duet,0.531,187,2026-05-27T11:26:24Z,2026-05-27T11:26:24Z
45726,4844,4991,inspired_by,0.557,99,2026-05-27T11:26:24Z,2026-05-27T11:26:24Z
45727,4874,4707,follows,0.525,24,2026-05-27T11:26:24Z,2026-05-27T11:26:24Z
45728,4735,5006,collaborates,0.199,16,2026-05-27T11:26:24Z,2026-05-27T11:26:24Z
45729,4982,4729,mentioned,0.234,62,2026-05-27T11:26:24Z,2026-05-27T11:26:24Z
45730,4885,4829,reshared,0.579,16,2026-05-27T11:26:24Z,2026-05-27T11:26:24Z
45731,4925,4615,tagged,0.514,52,2026-05-27T11:26:24Z,2026-05-27T11:26:24Z
45732,4841,4578,duet,0.394,181,2026-05-27T11:26:24Z,2026-05-27T11:26:24Z
45733,4828,5023,inspired_by,0.619,93,2026-05-27T11:26:24Z,2026-05-27T11:26:24Z
45734,4888,4584,follows,0.994,28,2026-05-27T11:26:24Z,2026-05-27T11:26:24Z
45735,4557,4603,collaborates,0.695,135,2026-05-27T11:26:24Z,2026-05-27T11:26:24Z
45736,4551,5005,mentioned,0.569,130,2026-05-27T11:26:24Z,2026-05-27T11:26:24Z
45737,4791,4892,reshared,0.348,120,2026-05-27T11:26:24Z,2026-05-27T11:26:24Z
45738,4641,4724,tagged,0.543,96,2026-05-27T11:26:24Z,2026-05-27T11:26:24Z
45739,5021,5048,duet,0.53,115,2026-05-27T11:26:24Z,2026-05-27T11:26:24Z
45740,4684,4960,inspired_by,0.898,18,2026-05-27T11:26:24Z,2026-05-27T11:26:24Z
45741,4692,4648,follows,0.477,117,2026-05-27T11:26:24Z,2026-05-27T11:26:24Z
45742,5025,4754,collaborates,0.541,32,2026-05-27T11:26:24Z,2026-05-27T11:26:24Z
45743,4617,4953,mentioned,0.13,30,2026-05-27T11:26:24Z,2026-05-27T11:26:24Z
45744,4616,4800,reshared,0.646,34,2026-05-27T11:26:24Z,2026-05-27T11:26:24Z
45745,5058,4973,tagged,0.137,115,2026-05-27T11:26:24Z,2026-05-27T11:26:24Z
45746,4585,4720,duet,0.766,173,2026-05-27T11:26:24Z,2026-05-27T11:26:24Z
45747,4630,4883,inspired_by,0.591,59,2026-05-27T11:26:24Z,2026-05-27T11:26:24Z
45748,4573,4841,follows,0.384,163,2026-05-27T11:26:24Z,2026-05-27T11:26:24Z
45749,4769,4893,collaborates,0.72,153,2026-05-27T11:26:24Z,2026-05-27T11:26:24Z
45750,4880,4621,mentioned,0.669,180,2026-05-27T11:26:24Z,2026-05-27T11:26:24Z
45751,4593,4703,reshared,0.225,74,2026-05-27T11:26:24Z,2026-05-27T11:26:24Z
45752,5003,4941,tagged,0.265,38,2026-05-27T11:26:24Z,2026-05-27T11:26:24Z
45753,4906,4904,duet,0.694,168,2026-05-27T11:26:24Z,2026-05-27T11:26:24Z
45754,4685,4599,inspired_by,0.507,156,2026-05-27T11:26:24Z,2026-05-27T11:26:24Z
45755,4726,4562,follows,0.691,5,2026-05-27T11:26:24Z,2026-05-27T11:26:24Z
45756,5024,5021,collaborates,0.588,69,2026-05-27T11:26:24Z,2026-05-27T11:26:24Z
45757,4881,4919,mentioned,0.783,164,2026-05-27T11:26:24Z,2026-05-27T11:26:24Z
45758,4607,4882,reshared,0.604,30,2026-05-27T11:26:24Z,2026-05-27T11:26:24Z
45759,4616,4750,tagged,0.361,156,2026-05-27T11:26:24Z,2026-05-27T11:26:24Z
45760,4645,4894,duet,0.397,91,2026-05-27T11:26:24Z,2026-05-27T11:26:24Z
45761,4665,4941,inspired_by,0.119,106,2026-05-27T11:26:24Z,2026-05-27T11:26:24Z
45762,5056,4597,follows,0.137,147,2026-05-27T11:26:24Z,2026-05-27T11:26:24Z
45763,4763,4878,collaborates,0.543,12,2026-05-27T11:26:24Z,2026-05-27T11:26:24Z
45764,4954,5014,mentioned,0.225,123,2026-05-27T11:26:24Z,2026-05-27T11:26:24Z
45765,4726,5003,reshared,0.994,58,2026-05-27T11:26:24Z,2026-05-27T11:26:24Z
45766,4733,4908,tagged,0.258,195,2026-05-27T11:26:24Z,2026-05-27T11:26:24Z
45767,5002,4848,duet,0.913,16,2026-05-27T11:26:24Z,2026-05-27T11:26:24Z
45768,4731,4889,inspired_by,0.921,155,2026-05-27T11:26:24Z,2026-05-27T11:26:24Z
45769,4850,4727,follows,0.468,93,2026-05-27T11:26:24Z,2026-05-27T11:26:24Z
45770,4695,5059,collaborates,0.516,152,2026-05-27T11:26:24Z,2026-05-27T11:26:24Z
45771,5008,4872,mentioned,0.753,168,2026-05-27T11:26:24Z,2026-05-27T11:26:24Z
45772,4884,4548,reshared,0.723,41,2026-05-27T11:26:24Z,2026-05-27T11:26:24Z
45773,4696,4889,tagged,0.447,99,2026-05-27T11:26:24Z,2026-05-27T11:26:24Z
45774,4598,4998,duet,0.155,85,2026-05-27T11:26:24Z,2026-05-27T11:26:24Z
45775,4594,4931,inspired_by,0.252,70,2026-05-27T11:26:24Z,2026-05-27T11:26:24Z
45776,4579,5002,follows,0.601,10,2026-05-27T11:26:24Z,2026-05-27T11:26:24Z
45777,4845,4870,collaborates,0.166,52,2026-05-27T11:26:24Z,2026-05-27T11:26:24Z
45778,4565,4681,mentioned,0.887,88,2026-05-27T11:26:24Z,2026-05-27T11:26:24Z
45779,4592,4686,reshared,0.844,22,2026-05-27T11:26:24Z,2026-05-27T11:26:24Z
45780,5054,4701,tagged,0.21,145,2026-05-27T11:26:24Z,2026-05-27T11:26:24Z
45781,4581,4766,duet,0.798,3,2026-05-27T11:26:24Z,2026-05-27T11:26:24Z
45782,4710,4708,inspired_by,0.684,95,2026-05-27T11:26:24Z,2026-05-27T11:26:24Z
45783,4908,4943,follows,0.922,160,2026-05-27T11:26:24Z,2026-05-27T11:26:24Z
45784,4565,4621,collaborates,0.935,56,2026-05-27T11:26:24Z,2026-05-27T11:26:24Z
45785,4612,4716,mentioned,0.124,48,2026-05-27T11:26:24Z,2026-05-27T11:26:24Z
45786,5058,4631,reshared,0.396,191,2026-05-27T11:26:24Z,2026-05-27T11:26:24Z
45787,4542,5029,tagged,0.345,28,2026-05-27T11:26:24Z,2026-05-27T11:26:24Z
45788,4860,4943,duet,0.155,29,2026-05-27T11:26:24Z,2026-05-27T11:26:24Z
45789,4590,5059,inspired_by,0.639,3,2026-05-27T11:26:24Z,2026-05-27T11:26:24Z
45790,4910,4909,follows,0.52,2,2026-05-27T11:26:24Z,2026-05-27T11:26:24Z
45791,4621,4986,collaborates,0.246,142,2026-05-27T11:26:24Z,2026-05-27T11:26:24Z
45792,4661,4956,mentioned,0.484,147,2026-05-27T11:26:24Z,2026-05-27T11:26:24Z
45793,4764,4804,reshared,0.661,168,2026-05-27T11:26:24Z,2026-05-27T11:26:24Z
45794,4750,4577,tagged,0.523,110,2026-05-27T11:26:24Z,2026-05-27T11:26:24Z
45795,4877,4714,duet,0.763,1,2026-05-27T11:26:24Z,2026-05-27T11:26:24Z
45796,4907,4675,inspired_by,0.858,36,2026-05-27T11:26:24Z,2026-05-27T11:26:24Z
45797,4854,4826,follows,0.33,69,2026-05-27T11:26:24Z,2026-05-27T11:26:24Z
45798,5019,4677,collaborates,0.89,45,2026-05-27T11:26:24Z,2026-05-27T11:26:24Z
45799,4749,4764,mentioned,0.198,118,2026-05-27T11:26:24Z,2026-05-27T11:26:24Z
45800,4947,4666,reshared,0.306,180,2026-05-27T11:26:24Z,2026-05-27T11:26:24Z
45801,4994,4727,duet,0.663,160,2026-05-27T11:26:24Z,2026-05-27T11:26:24Z
45802,4913,4813,inspired_by,0.493,179,2026-05-27T11:26:24Z,2026-05-27T11:26:24Z
45803,4816,4904,follows,0.167,172,2026-05-27T11:26:24Z,2026-05-27T11:26:24Z
45804,4633,4608,collaborates,0.749,23,2026-05-27T11:26:24Z,2026-05-27T11:26:24Z
45805,4774,4559,mentioned,0.748,113,2026-05-27T11:26:24Z,2026-05-27T11:26:24Z
45806,4604,4818,reshared,0.893,29,2026-05-27T11:26:24Z,2026-05-27T11:26:24Z
45807,4574,4625,tagged,0.126,91,2026-05-27T11:26:24Z,2026-05-27T11:26:24Z
45808,4615,4968,duet,0.331,140,2026-05-27T11:26:24Z,2026-05-27T11:26:24Z
45809,4986,4776,inspired_by,0.682,38,2026-05-27T11:26:24Z,2026-05-27T11:26:24Z
45810,4731,4935,follows,0.691,48,2026-05-27T11:26:24Z,2026-05-27T11:26:24Z
45811,4647,4699,collaborates,0.212,138,2026-05-27T11:26:24Z,2026-05-27T11:26:24Z
45812,4928,4815,mentioned,0.128,64,2026-05-27T11:26:24Z,2026-05-27T11:26:24Z
45813,4605,4708,reshared,0.515,89,2026-05-27T11:26:24Z,2026-05-27T11:26:24Z
45814,4763,4613,tagged,0.352,178,2026-05-27T11:26:24Z,2026-05-27T11:26:24Z
45815,4885,4701,duet,0.735,139,2026-05-27T11:26:24Z,2026-05-27T11:26:24Z
45816,4987,4721,inspired_by,0.397,145,2026-05-27T11:26:24Z,2026-05-27T11:26:24Z
45817,4795,5026,follows,0.805,27,2026-05-27T11:26:24Z,2026-05-27T11:26:24Z
45818,4793,4988,collaborates,0.336,142,2026-05-27T11:26:24Z,2026-05-27T11:26:24Z
45819,4904,4731,mentioned,0.558,101,2026-05-27T11:26:24Z,2026-05-27T11:26:24Z
45820,4556,4955,reshared,0.316,168,2026-05-27T11:26:24Z,2026-05-27T11:26:24Z
45821,4669,4577,tagged,0.849,183,2026-05-27T11:26:24Z,2026-05-27T11:26:24Z
45822,4722,4909,duet,0.621,179,2026-05-27T11:26:24Z,2026-05-27T11:26:24Z
45823,4952,4690,inspired_by,0.517,79,2026-05-27T11:26:24Z,2026-05-27T11:26:24Z
45824,4759,4647,follows,0.638,80,2026-05-27T11:26:24Z,2026-05-27T11:26:24Z
45825,4923,4830,collaborates,0.539,52,2026-05-27T11:26:24Z,2026-05-27T11:26:24Z
45826,5055,4877,mentioned,0.769,194,2026-05-27T11:26:24Z,2026-05-27T11:26:24Z
45827,5018,4896,reshared,0.596,142,2026-05-27T11:26:24Z,2026-05-27T11:26:24Z
45828,4995,4927,tagged,0.617,107,2026-05-27T11:26:24Z,2026-05-27T11:26:24Z
45829,4598,4822,duet,0.848,125,2026-05-27T11:26:24Z,2026-05-27T11:26:24Z
45830,5043,4958,inspired_by,0.121,80,2026-05-27T11:26:24Z,2026-05-27T11:26:24Z
45831,4992,4662,follows,0.476,192,2026-05-27T11:26:24Z,2026-05-27T11:26:24Z
45832,4955,4544,collaborates,0.47,22,2026-05-27T11:26:24Z,2026-05-27T11:26:24Z
45833,4551,4727,mentioned,0.635,69,2026-05-27T11:26:24Z,2026-05-27T11:26:24Z
45834,4755,4542,reshared,0.375,93,2026-05-27T11:26:24Z,2026-05-27T11:26:24Z
45835,4983,4844,tagged,0.728,82,2026-05-27T11:26:24Z,2026-05-27T11:26:24Z
45836,4933,4657,duet,0.203,57,2026-05-27T11:26:24Z,2026-05-27T11:26:24Z
45837,4563,4968,inspired_by,0.613,82,2026-05-27T11:26:24Z,2026-05-27T11:26:24Z
45838,4779,4645,follows,0.221,10,2026-05-27T11:26:24Z,2026-05-27T11:26:24Z
45839,4918,4579,collaborates,0.236,100,2026-05-27T11:26:24Z,2026-05-27T11:26:24Z
45840,4632,4855,mentioned,0.27,189,2026-05-27T11:26:24Z,2026-05-27T11:26:24Z
45841,4674,4985,reshared,0.384,123,2026-05-27T11:26:24Z,2026-05-27T11:26:24Z
45842,4707,4690,tagged,0.799,116,2026-05-27T11:26:24Z,2026-05-27T11:26:24Z
45843,5059,4728,duet,0.254,195,2026-05-27T11:26:24Z,2026-05-27T11:26:24Z
45844,4975,4582,inspired_by,0.807,187,2026-05-27T11:26:24Z,2026-05-27T11:26:24Z
45845,4544,5046,follows,0.739,198,2026-05-27T11:26:24Z,2026-05-27T11:26:24Z
45846,4908,4958,collaborates,0.127,134,2026-05-27T11:26:24Z,2026-05-27T11:26:24Z
45847,4874,4615,mentioned,0.611,81,2026-05-27T11:26:24Z,2026-05-27T11:26:24Z
45848,4971,4849,reshared,0.833,42,2026-05-27T11:26:24Z,2026-05-27T11:26:24Z
45849,4900,4591,tagged,0.754,3,2026-05-27T11:26:24Z,2026-05-27T11:26:24Z
45850,4559,4641,duet,0.74,182,2026-05-27T11:26:24Z,2026-05-27T11:26:24Z
45851,4554,4576,inspired_by,0.146,97,2026-05-27T11:26:24Z,2026-05-27T11:26:24Z
45852,4597,4807,follows,0.679,18,2026-05-27T11:26:24Z,2026-05-27T11:26:24Z
45853,4887,4944,collaborates,0.923,171,2026-05-27T11:26:24Z,2026-05-27T11:26:24Z
45854,5055,4749,mentioned,0.626,30,2026-05-27T11:26:24Z,2026-05-27T11:26:24Z
45855,4649,4664,reshared,0.418,69,2026-05-27T11:26:24Z,2026-05-27T11:26:24Z
45856,4622,4594,tagged,0.639,12,2026-05-27T11:26:24Z,2026-05-27T11:26:24Z
45857,4684,4683,duet,0.261,59,2026-05-27T11:26:24Z,2026-05-27T11:26:24Z
45858,4951,4707,inspired_by,0.468,55,2026-05-27T11:26:24Z,2026-05-27T11:26:24Z
45859,4879,4712,follows,0.903,93,2026-05-27T11:26:24Z,2026-05-27T11:26:24Z
45860,4926,4933,collaborates,0.766,60,2026-05-27T11:26:24Z,2026-05-27T11:26:24Z
45861,4897,4853,mentioned,0.661,189,2026-05-27T11:26:24Z,2026-05-27T11:26:24Z
45862,4632,4817,reshared,0.619,36,2026-05-27T11:26:24Z,2026-05-27T11:26:24Z
45863,4591,4931,tagged,0.931,111,2026-05-27T11:26:24Z,2026-05-27T11:26:24Z
45864,5049,4896,duet,0.963,65,2026-05-27T11:26:24Z,2026-05-27T11:26:24Z
45865,4635,4669,inspired_by,0.372,131,2026-05-27T11:26:24Z,2026-05-27T11:26:24Z
45866,4865,4851,follows,0.844,28,2026-05-27T11:26:24Z,2026-05-27T11:26:24Z
45867,4704,4814,collaborates,0.214,146,2026-05-27T11:26:24Z,2026-05-27T11:26:24Z
45868,4663,4859,mentioned,0.473,75,2026-05-27T11:26:24Z,2026-05-27T11:26:24Z
45869,4648,4776,reshared,0.569,43,2026-05-27T11:26:24Z,2026-05-27T11:26:24Z
45870,4545,4632,tagged,0.425,199,2026-05-27T11:26:24Z,2026-05-27T11:26:24Z
45871,4663,4810,duet,0.262,96,2026-05-27T11:26:24Z,2026-05-27T11:26:24Z
45872,4708,4624,inspired_by,0.851,92,2026-05-27T11:26:24Z,2026-05-27T11:26:24Z
45873,4895,4599,follows,0.311,179,2026-05-27T11:26:24Z,2026-05-27T11:26:24Z
45874,4654,4964,collaborates,0.987,132,2026-05-27T11:26:24Z,2026-05-27T11:26:24Z
45875,5045,4818,mentioned,0.797,167,2026-05-27T11:26:24Z,2026-05-27T11:26:24Z
45876,4917,4745,reshared,0.636,72,2026-05-27T11:26:24Z,2026-05-27T11:26:24Z
45877,4729,4582,tagged,0.653,113,2026-05-27T11:26:24Z,2026-05-27T11:26:24Z
45878,4545,5009,duet,0.518,55,2026-05-27T11:26:24Z,2026-05-27T11:26:24Z
45879,4692,4627,inspired_by,0.584,190,2026-05-27T11:26:24Z,2026-05-27T11:26:24Z
45880,5023,4678,follows,0.643,47,2026-05-27T11:26:24Z,2026-05-27T11:26:24Z
45881,4853,4652,collaborates,0.179,108,2026-05-27T11:26:24Z,2026-05-27T11:26:24Z
45882,4712,4695,mentioned,0.991,125,2026-05-27T11:26:24Z,2026-05-27T11:26:24Z
45883,4714,4845,reshared,0.735,143,2026-05-27T11:26:24Z,2026-05-27T11:26:24Z
45884,4997,4721,tagged,0.757,35,2026-05-27T11:26:24Z,2026-05-27T11:26:24Z
45885,4752,4556,duet,0.33,195,2026-05-27T11:26:24Z,2026-05-27T11:26:24Z
45886,4995,4579,inspired_by,0.17,12,2026-05-27T11:26:24Z,2026-05-27T11:26:24Z
45887,4947,4763,follows,0.3,4,2026-05-27T11:26:24Z,2026-05-27T11:26:24Z
45888,5041,4957,collaborates,0.514,128,2026-05-27T11:26:24Z,2026-05-27T11:26:24Z
45889,4910,4597,mentioned,0.901,164,2026-05-27T11:26:24Z,2026-05-27T11:26:24Z
45890,4703,4608,reshared,0.357,115,2026-05-27T11:26:24Z,2026-05-27T11:26:24Z
45891,5014,4884,tagged,0.988,159,2026-05-27T11:26:24Z,2026-05-27T11:26:24Z
45892,4587,4627,duet,0.832,96,2026-05-27T11:26:24Z,2026-05-27T11:26:24Z
45893,4754,4863,inspired_by,0.364,132,2026-05-27T11:26:24Z,2026-05-27T11:26:24Z
45894,4846,5058,follows,0.61,145,2026-05-27T11:26:24Z,2026-05-27T11:26:24Z
45895,4933,4853,collaborates,0.683,172,2026-05-27T11:26:24Z,2026-05-27T11:26:24Z
45896,5025,4725,mentioned,0.815,125,2026-05-27T11:26:24Z,2026-05-27T11:26:24Z
45897,4775,4816,reshared,0.347,2,2026-05-27T11:26:24Z,2026-05-27T11:26:24Z
45898,4946,4985,tagged,0.399,75,2026-05-27T11:26:24Z,2026-05-27T11:26:24Z
45899,4704,4920,duet,0.325,143,2026-05-27T11:26:24Z,2026-05-27T11:26:24Z
45900,4818,4655,inspired_by,0.69,189,2026-05-27T11:26:24Z,2026-05-27T11:26:24Z
45901,4800,5020,follows,0.725,182,2026-05-27T11:26:24Z,2026-05-27T11:26:24Z
45902,4924,4847,collaborates,0.736,126,2026-05-27T11:26:24Z,2026-05-27T11:26:24Z
45903,4994,4615,mentioned,0.256,127,2026-05-27T11:26:24Z,2026-05-27T11:26:24Z
45904,4993,4959,reshared,0.464,45,2026-05-27T11:26:24Z,2026-05-27T11:26:24Z
45905,4898,4666,tagged,0.8,76,2026-05-27T11:26:24Z,2026-05-27T11:26:24Z
45906,4665,4726,duet,0.126,85,2026-05-27T11:26:24Z,2026-05-27T11:26:24Z
45907,4567,4654,inspired_by,0.814,122,2026-05-27T11:26:24Z,2026-05-27T11:26:24Z
45908,4865,4803,follows,0.192,113,2026-05-27T11:26:24Z,2026-05-27T11:26:24Z
45909,4572,4614,collaborates,0.571,126,2026-05-27T11:26:24Z,2026-05-27T11:26:24Z
45910,4810,4606,mentioned,0.62,77,2026-05-27T11:26:24Z,2026-05-27T11:26:24Z
45911,4586,4763,reshared,0.497,133,2026-05-27T11:26:24Z,2026-05-27T11:26:24Z
45912,4764,5023,tagged,0.341,38,2026-05-27T11:26:24Z,2026-05-27T11:26:24Z
45913,4946,4880,duet,0.719,40,2026-05-27T11:26:24Z,2026-05-27T11:26:24Z
45914,4951,4732,inspired_by,0.833,183,2026-05-27T11:26:24Z,2026-05-27T11:26:24Z
45915,4715,4547,follows,0.476,178,2026-05-27T11:26:24Z,2026-05-27T11:26:24Z
45916,4558,5048,collaborates,0.642,94,2026-05-27T11:26:24Z,2026-05-27T11:26:24Z
45917,4615,4592,mentioned,0.649,160,2026-05-27T11:26:24Z,2026-05-27T11:26:24Z
45918,4970,4765,reshared,0.634,195,2026-05-27T11:26:24Z,2026-05-27T11:26:24Z
45919,4651,4792,tagged,0.76,111,2026-05-27T11:26:24Z,2026-05-27T11:26:24Z
45920,4579,4928,duet,0.503,169,2026-05-27T11:26:24Z,2026-05-27T11:26:24Z
45921,4871,4794,inspired_by,0.556,7,2026-05-27T11:26:24Z,2026-05-27T11:26:24Z
45922,4559,4611,follows,0.366,140,2026-05-27T11:26:24Z,2026-05-27T11:26:24Z
45923,4985,4856,collaborates,0.596,114,2026-05-27T11:26:24Z,2026-05-27T11:26:24Z
45924,4545,4943,mentioned,0.355,149,2026-05-27T11:26:24Z,2026-05-27T11:26:24Z
45925,4925,4997,reshared,0.846,194,2026-05-27T11:26:24Z,2026-05-27T11:26:24Z
45926,4664,4973,tagged,0.807,92,2026-05-27T11:26:24Z,2026-05-27T11:26:24Z
45927,4806,4974,duet,0.878,22,2026-05-27T11:26:24Z,2026-05-27T11:26:24Z
45928,4921,4541,inspired_by,0.136,59,2026-05-27T11:26:24Z,2026-05-27T11:26:24Z
45929,4709,4590,follows,0.488,60,2026-05-27T11:26:24Z,2026-05-27T11:26:24Z
45930,4715,4688,collaborates,0.268,8,2026-05-27T11:26:24Z,2026-05-27T11:26:24Z
45931,4590,5057,mentioned,0.93,20,2026-05-27T11:26:24Z,2026-05-27T11:26:24Z
45932,5020,4896,reshared,0.298,34,2026-05-27T11:26:24Z,2026-05-27T11:26:24Z
45933,4890,4877,tagged,0.113,167,2026-05-27T11:26:24Z,2026-05-27T11:26:24Z
45934,4901,4903,duet,0.924,127,2026-05-27T11:26:24Z,2026-05-27T11:26:24Z
45935,4960,5050,inspired_by,0.703,78,2026-05-27T11:26:24Z,2026-05-27T11:26:24Z
45936,4610,4626,follows,0.381,197,2026-05-27T11:26:24Z,2026-05-27T11:26:24Z
45937,5052,4803,collaborates,0.145,135,2026-05-27T11:26:24Z,2026-05-27T11:26:24Z
45938,4674,4797,mentioned,0.606,193,2026-05-27T11:26:24Z,2026-05-27T11:26:24Z
45939,4558,4714,reshared,0.513,154,2026-05-27T11:26:24Z,2026-05-27T11:26:24Z
45940,4955,5001,tagged,0.318,145,2026-05-27T11:26:24Z,2026-05-27T11:26:24Z
45941,4768,4961,duet,0.655,12,2026-05-27T11:26:24Z,2026-05-27T11:26:24Z
45942,4868,4826,inspired_by,0.378,24,2026-05-27T11:26:24Z,2026-05-27T11:26:24Z
45943,4601,4856,follows,0.123,40,2026-05-27T11:26:24Z,2026-05-27T11:26:24Z
45944,4980,4943,collaborates,0.151,135,2026-05-27T11:26:24Z,2026-05-27T11:26:24Z
45945,4682,4653,mentioned,0.63,69,2026-05-27T11:26:24Z,2026-05-27T11:26:24Z
45946,4961,4543,reshared,0.539,188,2026-05-27T11:26:24Z,2026-05-27T11:26:24Z
45947,4689,4660,tagged,0.949,175,2026-05-27T11:26:24Z,2026-05-27T11:26:24Z
45948,5017,4872,duet,0.453,60,2026-05-27T11:26:24Z,2026-05-27T11:26:24Z
45949,4634,4799,inspired_by,0.656,31,2026-05-27T11:26:24Z,2026-05-27T11:26:24Z
45950,4641,4798,follows,0.499,8,2026-05-27T11:26:24Z,2026-05-27T11:26:24Z
45951,4871,5010,collaborates,0.124,186,2026-05-27T11:26:24Z,2026-05-27T11:26:24Z
45952,4978,4564,mentioned,0.306,180,2026-05-27T11:26:24Z,2026-05-27T11:26:24Z
45953,4727,4898,reshared,0.928,83,2026-05-27T11:26:24Z,2026-05-27T11:26:24Z
45954,4589,4961,tagged,0.65,148,2026-05-27T11:26:24Z,2026-05-27T11:26:24Z
45955,4829,4710,duet,0.559,191,2026-05-27T11:26:24Z,2026-05-27T11:26:24Z
45956,4905,4961,inspired_by,0.394,32,2026-05-27T11:26:24Z,2026-05-27T11:26:24Z
45957,4591,4629,follows,0.742,191,2026-05-27T11:26:24Z,2026-05-27T11:26:24Z
45958,4568,4814,collaborates,0.758,157,2026-05-27T11:26:24Z,2026-05-27T11:26:24Z
45959,4876,4585,mentioned,0.348,173,2026-05-27T11:26:24Z,2026-05-27T11:26:24Z
45960,4795,4745,reshared,0.984,65,2026-05-27T11:26:24Z,2026-05-27T11:26:24Z
45961,4993,4662,tagged,0.488,20,2026-05-27T11:26:24Z,2026-05-27T11:26:24Z
45962,4817,4923,duet,0.583,188,2026-05-27T11:26:24Z,2026-05-27T11:26:24Z
45963,4834,4967,inspired_by,0.161,74,2026-05-27T11:26:24Z,2026-05-27T11:26:24Z
45964,4858,4979,follows,0.607,6,2026-05-27T11:26:24Z,2026-05-27T11:26:24Z
45965,4648,4965,collaborates,0.147,170,2026-05-27T11:26:24Z,2026-05-27T11:26:24Z
45966,4875,4722,mentioned,0.317,34,2026-05-27T11:26:24Z,2026-05-27T11:26:24Z
45967,4631,4604,reshared,0.381,25,2026-05-27T11:26:24Z,2026-05-27T11:26:24Z
45968,5044,4721,tagged,0.476,92,2026-05-27T11:26:24Z,2026-05-27T11:26:24Z
45969,4774,4852,duet,0.428,178,2026-05-27T11:26:24Z,2026-05-27T11:26:24Z
45970,4582,4912,inspired_by,0.678,61,2026-05-27T11:26:24Z,2026-05-27T11:26:24Z
45971,4634,4775,follows,0.44,36,2026-05-27T11:26:24Z,2026-05-27T11:26:24Z
45972,4830,4643,collaborates,0.659,103,2026-05-27T11:26:24Z,2026-05-27T11:26:24Z
45973,4995,4542,mentioned,0.466,181,2026-05-27T11:26:24Z,2026-05-27T11:26:24Z
45974,5027,4633,reshared,0.621,123,2026-05-27T11:26:24Z,2026-05-27T11:26:24Z
45975,4620,4893,tagged,0.764,42,2026-05-27T11:26:24Z,2026-05-27T11:26:24Z
45976,4606,4882,duet,0.96,26,2026-05-27T11:26:24Z,2026-05-27T11:26:24Z
45977,4657,4779,inspired_by,0.491,81,2026-05-27T11:26:24Z,2026-05-27T11:26:24Z
45978,4689,4965,follows,0.367,102,2026-05-27T11:26:24Z,2026-05-27T11:26:24Z
45979,4594,4564,collaborates,0.422,12,2026-05-27T11:26:24Z,2026-05-27T11:26:24Z
45980,4863,4911,mentioned,0.582,68,2026-05-27T11:26:24Z,2026-05-27T11:26:24Z
45981,4651,4689,reshared,0.551,182,2026-05-27T11:26:24Z,2026-05-27T11:26:24Z
45982,4744,4842,tagged,0.5,49,2026-05-27T11:26:24Z,2026-05-27T11:26:24Z
45983,4795,4627,duet,0.278,23,2026-05-27T11:26:24Z,2026-05-27T11:26:24Z
45984,4543,4602,inspired_by,0.325,9,2026-05-27T11:26:24Z,2026-05-27T11:26:24Z
45985,4911,5055,follows,0.874,146,2026-05-27T11:26:24Z,2026-05-27T11:26:24Z
45986,4680,4620,collaborates,0.885,127,2026-05-27T11:26:24Z,2026-05-27T11:26:24Z
45987,4703,5051,mentioned,0.558,33,2026-05-27T11:26:24Z,2026-05-27T11:26:24Z
45988,4618,4725,reshared,0.565,140,2026-05-27T11:26:24Z,2026-05-27T11:26:24Z
45989,4847,4635,tagged,0.716,27,2026-05-27T11:26:24Z,2026-05-27T11:26:24Z
45990,4863,4600,duet,0.74,93,2026-05-27T11:26:24Z,2026-05-27T11:26:24Z
45991,4725,4632,inspired_by,0.368,3,2026-05-27T11:26:24Z,2026-05-27T11:26:24Z
45992,5022,4843,follows,0.781,99,2026-05-27T11:26:24Z,2026-05-27T11:26:24Z
45993,4799,4931,collaborates,0.357,86,2026-05-27T11:26:24Z,2026-05-27T11:26:24Z
45994,4695,4709,mentioned,0.117,193,2026-05-27T11:26:24Z,2026-05-27T11:26:24Z
45995,4609,4858,reshared,0.321,88,2026-05-27T11:26:24Z,2026-05-27T11:26:24Z
45996,4807,4563,tagged,0.318,156,2026-05-27T11:26:24Z,2026-05-27T11:26:24Z
45997,4911,4575,duet,0.494,81,2026-05-27T11:26:24Z,2026-05-27T11:26:24Z
45998,4667,4648,inspired_by,0.666,180,2026-05-27T11:26:24Z,2026-05-27T11:26:24Z
45999,5044,5060,follows,0.506,39,2026-05-27T11:26:24Z,2026-05-27T11:26:24Z
46000,4628,4815,collaborates,0.365,26,2026-05-27T11:26:24Z,2026-05-27T11:26:24Z
46001,4808,5054,mentioned,0.844,149,2026-05-27T11:26:24Z,2026-05-27T11:26:24Z
46002,4766,4753,reshared,0.829,174,2026-05-27T11:26:24Z,2026-05-27T11:26:24Z
46003,4699,4611,tagged,0.893,19,2026-05-27T11:26:24Z,2026-05-27T11:26:24Z
46004,4609,4794,duet,0.881,15,2026-05-27T11:26:24Z,2026-05-27T11:26:24Z
46005,4679,4771,inspired_by,0.384,174,2026-05-27T11:26:24Z,2026-05-27T11:26:24Z
46006,4747,4746,follows,0.324,12,2026-05-27T11:26:24Z,2026-05-27T11:26:24Z
46007,4920,4709,collaborates,0.895,199,2026-05-27T11:26:24Z,2026-05-27T11:26:24Z
46008,4843,4670,mentioned,0.799,197,2026-05-27T11:26:24Z,2026-05-27T11:26:24Z
46009,4622,4919,reshared,0.935,25,2026-05-27T11:26:24Z,2026-05-27T11:26:24Z
46010,5013,4679,tagged,0.493,5,2026-05-27T11:26:24Z,2026-05-27T11:26:24Z
46011,4881,4801,duet,0.922,153,2026-05-27T11:26:24Z,2026-05-27T11:26:24Z
46012,4922,4582,inspired_by,0.18,86,2026-05-27T11:26:24Z,2026-05-27T11:26:24Z
46013,4660,5015,follows,0.755,75,2026-05-27T11:26:24Z,2026-05-27T11:26:24Z
46014,4992,4971,collaborates,0.284,30,2026-05-27T11:26:24Z,2026-05-27T11:26:24Z
46015,4970,4571,mentioned,0.727,102,2026-05-27T11:26:24Z,2026-05-27T11:26:24Z
46016,4559,4655,reshared,0.122,135,2026-05-27T11:26:24Z,2026-05-27T11:26:24Z
46017,4906,4729,tagged,0.922,13,2026-05-27T11:26:24Z,2026-05-27T11:26:24Z
46018,4985,4717,duet,0.634,120,2026-05-27T11:26:24Z,2026-05-27T11:26:24Z
46019,4654,4782,inspired_by,0.344,147,2026-05-27T11:26:24Z,2026-05-27T11:26:24Z
46020,4573,4889,follows,0.793,38,2026-05-27T11:26:24Z,2026-05-27T11:26:24Z
46021,4572,4557,collaborates,0.578,11,2026-05-27T11:26:24Z,2026-05-27T11:26:24Z
46022,4943,4681,mentioned,0.76,166,2026-05-27T11:26:24Z,2026-05-27T11:26:24Z
46023,4995,4904,reshared,0.986,32,2026-05-27T11:26:24Z,2026-05-27T11:26:24Z
46024,4650,4897,tagged,0.871,80,2026-05-27T11:26:24Z,2026-05-27T11:26:24Z
46025,4961,4679,duet,0.37,140,2026-05-27T11:26:24Z,2026-05-27T11:26:24Z
46026,4620,4888,inspired_by,0.472,62,2026-05-27T11:26:24Z,2026-05-27T11:26:24Z
46027,4943,4817,follows,0.521,142,2026-05-27T11:26:24Z,2026-05-27T11:26:24Z
46028,4909,5019,collaborates,0.732,140,2026-05-27T11:26:24Z,2026-05-27T11:26:24Z
46029,4613,4627,mentioned,0.362,134,2026-05-27T11:26:24Z,2026-05-27T11:26:24Z
46030,4907,4951,reshared,0.642,198,2026-05-27T11:26:24Z,2026-05-27T11:26:24Z
46031,4605,4920,tagged,0.582,2,2026-05-27T11:26:24Z,2026-05-27T11:26:24Z
46032,4561,4612,duet,0.215,117,2026-05-27T11:26:24Z,2026-05-27T11:26:24Z
46033,4779,4922,inspired_by,0.608,152,2026-05-27T11:26:24Z,2026-05-27T11:26:24Z
46034,5021,4651,follows,0.502,109,2026-05-27T11:26:24Z,2026-05-27T11:26:24Z
46035,4702,5005,collaborates,0.182,6,2026-05-27T11:26:24Z,2026-05-27T11:26:24Z
46036,4949,4712,mentioned,0.161,19,2026-05-27T11:26:24Z,2026-05-27T11:26:24Z
46037,4707,4806,reshared,0.457,136,2026-05-27T11:26:24Z,2026-05-27T11:26:24Z
46038,4645,4961,tagged,0.975,106,2026-05-27T11:26:24Z,2026-05-27T11:26:24Z
46039,4728,4714,duet,0.45,75,2026-05-27T11:26:24Z,2026-05-27T11:26:24Z
46040,4620,4687,inspired_by,0.933,180,2026-05-27T11:26:24Z,2026-05-27T11:26:24Z
46041,4683,4961,follows,0.295,171,2026-05-27T11:26:24Z,2026-05-27T11:26:24Z
46042,4992,4607,collaborates,0.623,167,2026-05-27T11:26:24Z,2026-05-27T11:26:24Z
46043,4894,4950,mentioned,0.359,42,2026-05-27T11:26:24Z,2026-05-27T11:26:24Z
46044,5010,4872,reshared,0.409,199,2026-05-27T11:26:24Z,2026-05-27T11:26:24Z
46045,4994,4816,tagged,0.515,159,2026-05-27T11:26:24Z,2026-05-27T11:26:24Z
46046,4656,4690,duet,0.195,148,2026-05-27T11:26:24Z,2026-05-27T11:26:24Z
46047,4917,4571,inspired_by,0.67,44,2026-05-27T11:26:24Z,2026-05-27T11:26:24Z
46048,5004,4857,follows,0.376,49,2026-05-27T11:26:24Z,2026-05-27T11:26:24Z
46049,4624,4751,collaborates,0.288,173,2026-05-27T11:26:24Z,2026-05-27T11:26:24Z
46050,4977,4880,mentioned,0.487,28,2026-05-27T11:26:24Z,2026-05-27T11:26:24Z
46051,4662,4888,reshared,0.971,185,2026-05-27T11:26:24Z,2026-05-27T11:26:24Z
46052,4721,4759,tagged,0.371,157,2026-05-27T11:26:24Z,2026-05-27T11:26:24Z
46053,4548,4931,duet,0.798,105,2026-05-27T11:26:24Z,2026-05-27T11:26:24Z
46054,4597,4887,inspired_by,0.872,17,2026-05-27T11:26:24Z,2026-05-27T11:26:24Z
46055,4830,4971,follows,0.702,23,2026-05-27T11:26:24Z,2026-05-27T11:26:24Z
46056,4895,4690,collaborates,0.744,77,2026-05-27T11:26:24Z,2026-05-27T11:26:24Z
46057,4545,4850,mentioned,0.545,177,2026-05-27T11:26:24Z,2026-05-27T11:26:24Z
46058,4827,4723,reshared,0.389,133,2026-05-27T11:26:24Z,2026-05-27T11:26:24Z
46059,4556,4895,tagged,0.973,169,2026-05-27T11:26:24Z,2026-05-27T11:26:24Z
46060,4805,4681,duet,0.38,151,2026-05-27T11:26:24Z,2026-05-27T11:26:24Z
46061,4619,4844,inspired_by,0.709,111,2026-05-27T11:26:24Z,2026-05-27T11:26:24Z
46062,5046,4961,follows,0.117,37,2026-05-27T11:26:24Z,2026-05-27T11:26:24Z
46063,4675,4954,collaborates,0.194,9,2026-05-27T11:26:24Z,2026-05-27T11:26:24Z
46064,4657,4582,mentioned,0.267,130,2026-05-27T11:26:24Z,2026-05-27T11:26:24Z
46065,4964,4705,reshared,0.564,59,2026-05-27T11:26:24Z,2026-05-27T11:26:24Z
46066,4773,5006,tagged,0.342,171,2026-05-27T11:26:24Z,2026-05-27T11:26:24Z
46067,4731,4926,duet,0.36,128,2026-05-27T11:26:24Z,2026-05-27T11:26:24Z
46068,4756,5029,inspired_by,0.755,149,2026-05-27T11:26:24Z,2026-05-27T11:26:24Z
46069,4643,4684,follows,0.336,68,2026-05-27T11:26:24Z,2026-05-27T11:26:24Z
46070,4698,4860,collaborates,0.478,124,2026-05-27T11:26:24Z,2026-05-27T11:26:24Z
46071,4799,4919,mentioned,0.582,154,2026-05-27T11:26:24Z,2026-05-27T11:26:24Z
46072,5020,4548,reshared,0.953,114,2026-05-27T11:26:24Z,2026-05-27T11:26:24Z
46073,4962,4803,tagged,0.925,96,2026-05-27T11:26:24Z,2026-05-27T11:26:24Z
46074,4671,4679,duet,0.558,29,2026-05-27T11:26:24Z,2026-05-27T11:26:24Z
46075,4565,4612,inspired_by,0.899,150,2026-05-27T11:26:24Z,2026-05-27T11:26:24Z
46076,4663,4596,follows,0.803,69,2026-05-27T11:26:24Z,2026-05-27T11:26:24Z
46077,4607,4684,collaborates,0.439,77,2026-05-27T11:26:24Z,2026-05-27T11:26:24Z
46078,4674,4748,mentioned,0.847,94,2026-05-27T11:26:24Z,2026-05-27T11:26:24Z
46079,4859,4634,reshared,0.906,117,2026-05-27T11:26:24Z,2026-05-27T11:26:24Z
46080,4864,4602,tagged,0.333,161,2026-05-27T11:26:24Z,2026-05-27T11:26:24Z
46081,4753,5001,duet,0.265,71,2026-05-27T11:26:24Z,2026-05-27T11:26:24Z
46082,4619,4744,inspired_by,0.451,117,2026-05-27T11:26:24Z,2026-05-27T11:26:24Z
46083,4853,4799,follows,0.465,185,2026-05-27T11:26:24Z,2026-05-27T11:26:24Z
46084,4620,4778,collaborates,0.636,151,2026-05-27T11:26:24Z,2026-05-27T11:26:24Z
46085,4549,4700,mentioned,0.728,73,2026-05-27T11:26:24Z,2026-05-27T11:26:24Z
46086,4664,5051,reshared,0.189,151,2026-05-27T11:26:24Z,2026-05-27T11:26:24Z
46087,5027,4924,tagged,0.355,135,2026-05-27T11:26:24Z,2026-05-27T11:26:24Z
46088,4964,4584,duet,0.27,132,2026-05-27T11:26:24Z,2026-05-27T11:26:24Z
46089,4941,4760,inspired_by,0.742,93,2026-05-27T11:26:24Z,2026-05-27T11:26:24Z
46090,4951,4776,follows,0.347,79,2026-05-27T11:26:24Z,2026-05-27T11:26:24Z
46091,4722,5016,collaborates,0.173,183,2026-05-27T11:26:24Z,2026-05-27T11:26:24Z
46092,4793,4576,mentioned,0.132,70,2026-05-27T11:26:24Z,2026-05-27T11:26:24Z
46093,4598,4762,reshared,0.161,79,2026-05-27T11:26:24Z,2026-05-27T11:26:24Z
46094,4769,4567,tagged,0.102,179,2026-05-27T11:26:24Z,2026-05-27T11:26:24Z
46095,4668,4582,duet,0.25,161,2026-05-27T11:26:24Z,2026-05-27T11:26:24Z
46096,4721,4729,inspired_by,0.954,11,2026-05-27T11:26:24Z,2026-05-27T11:26:24Z
46097,4931,4861,follows,0.305,113,2026-05-27T11:26:24Z,2026-05-27T11:26:24Z
46098,4598,5046,collaborates,0.705,83,2026-05-27T11:26:24Z,2026-05-27T11:26:24Z
46099,5055,4782,mentioned,0.615,171,2026-05-27T11:26:24Z,2026-05-27T11:26:24Z
46100,4880,4697,reshared,0.22,142,2026-05-27T11:26:24Z,2026-05-27T11:26:24Z
46101,4716,4772,tagged,0.417,116,2026-05-27T11:26:24Z,2026-05-27T11:26:24Z
46102,4992,4546,duet,0.547,161,2026-05-27T11:26:24Z,2026-05-27T11:26:24Z
46103,4989,4624,inspired_by,0.618,7,2026-05-27T11:26:24Z,2026-05-27T11:26:24Z
46104,4972,4603,follows,0.778,55,2026-05-27T11:26:24Z,2026-05-27T11:26:24Z
46105,4799,4644,collaborates,0.782,160,2026-05-27T11:26:24Z,2026-05-27T11:26:24Z
46106,4990,4889,mentioned,0.337,79,2026-05-27T11:26:24Z,2026-05-27T11:26:24Z
46107,4583,4646,reshared,0.622,171,2026-05-27T11:26:24Z,2026-05-27T11:26:24Z
46108,4811,4743,tagged,0.746,109,2026-05-27T11:26:24Z,2026-05-27T11:26:24Z
46109,4717,4563,duet,0.316,168,2026-05-27T11:26:24Z,2026-05-27T11:26:24Z
46110,4645,4651,inspired_by,0.94,74,2026-05-27T11:26:24Z,2026-05-27T11:26:24Z
46111,4998,4857,follows,0.964,45,2026-05-27T11:26:24Z,2026-05-27T11:26:24Z
46112,4804,4567,collaborates,0.923,197,2026-05-27T11:26:24Z,2026-05-27T11:26:24Z
46113,4547,4906,mentioned,0.789,32,2026-05-27T11:26:24Z,2026-05-27T11:26:24Z
46114,4793,4601,reshared,0.989,15,2026-05-27T11:26:24Z,2026-05-27T11:26:24Z
46115,4726,4916,tagged,0.598,66,2026-05-27T11:26:24Z,2026-05-27T11:26:24Z
46116,4871,4927,duet,0.838,146,2026-05-27T11:26:24Z,2026-05-27T11:26:24Z
46117,4611,4926,inspired_by,0.627,94,2026-05-27T11:26:24Z,2026-05-27T11:26:24Z
46118,4808,4801,follows,0.615,122,2026-05-27T11:26:24Z,2026-05-27T11:26:24Z
46119,4923,4618,collaborates,0.386,38,2026-05-27T11:26:24Z,2026-05-27T11:26:24Z
46120,4770,4653,mentioned,0.432,7,2026-05-27T11:26:24Z,2026-05-27T11:26:24Z
46121,4770,4588,reshared,0.183,166,2026-05-27T11:26:24Z,2026-05-27T11:26:24Z
46122,4793,4715,tagged,0.167,1,2026-05-27T11:26:24Z,2026-05-27T11:26:24Z
46123,4734,4680,duet,0.912,10,2026-05-27T11:26:24Z,2026-05-27T11:26:24Z
46124,4801,4610,inspired_by,0.196,130,2026-05-27T11:26:24Z,2026-05-27T11:26:24Z
46125,4651,4887,follows,0.873,90,2026-05-27T11:26:24Z,2026-05-27T11:26:24Z
46126,4819,4921,collaborates,0.91,30,2026-05-27T11:26:24Z,2026-05-27T11:26:24Z
46127,4844,4732,mentioned,0.291,105,2026-05-27T11:26:24Z,2026-05-27T11:26:24Z
46128,4971,4718,reshared,0.898,2,2026-05-27T11:26:24Z,2026-05-27T11:26:24Z
46129,4992,4849,tagged,0.702,99,2026-05-27T11:26:24Z,2026-05-27T11:26:24Z
46130,5023,4893,duet,0.763,129,2026-05-27T11:26:24Z,2026-05-27T11:26:24Z
46131,4916,4946,inspired_by,0.335,96,2026-05-27T11:26:24Z,2026-05-27T11:26:24Z
46132,4549,4867,follows,0.162,103,2026-05-27T11:26:24Z,2026-05-27T11:26:24Z
46133,4710,4657,collaborates,0.334,32,2026-05-27T11:26:24Z,2026-05-27T11:26:24Z
46134,4826,4832,mentioned,0.254,64,2026-05-27T11:26:24Z,2026-05-27T11:26:24Z
46135,4933,4629,reshared,0.909,43,2026-05-27T11:26:24Z,2026-05-27T11:26:24Z
46136,4829,4843,tagged,0.831,72,2026-05-27T11:26:24Z,2026-05-27T11:26:24Z
46137,4621,4804,duet,0.833,51,2026-05-27T11:26:24Z,2026-05-27T11:26:24Z
46138,4913,4869,inspired_by,0.89,70,2026-05-27T11:26:24Z,2026-05-27T11:26:24Z
46139,4733,4701,follows,0.349,82,2026-05-27T11:26:24Z,2026-05-27T11:26:24Z
46140,4591,4869,collaborates,0.734,136,2026-05-27T11:26:24Z,2026-05-27T11:26:24Z
46141,4874,4585,mentioned,0.647,99,2026-05-27T11:26:24Z,2026-05-27T11:26:24Z
46142,4697,4694,reshared,0.735,4,2026-05-27T11:26:24Z,2026-05-27T11:26:24Z
46143,4717,4819,tagged,0.125,143,2026-05-27T11:26:24Z,2026-05-27T11:26:24Z
46144,4926,4728,duet,0.378,13,2026-05-27T11:26:24Z,2026-05-27T11:26:24Z
46145,4717,4978,inspired_by,0.732,97,2026-05-27T11:26:24Z,2026-05-27T11:26:24Z
46146,4646,4923,follows,0.941,33,2026-05-27T11:26:24Z,2026-05-27T11:26:24Z
46147,4827,4646,collaborates,0.175,88,2026-05-27T11:26:24Z,2026-05-27T11:26:24Z
46148,4862,4699,mentioned,0.81,94,2026-05-27T11:26:24Z,2026-05-27T11:26:24Z
46149,4599,4892,reshared,0.287,149,2026-05-27T11:26:24Z,2026-05-27T11:26:24Z
46150,4695,4567,tagged,0.744,17,2026-05-27T11:26:24Z,2026-05-27T11:26:24Z
46151,4867,4882,duet,0.839,146,2026-05-27T11:26:24Z,2026-05-27T11:26:24Z
46152,4984,4589,inspired_by,0.331,191,2026-05-27T11:26:24Z,2026-05-27T11:26:24Z
46153,4698,4654,follows,0.467,104,2026-05-27T11:26:24Z,2026-05-27T11:26:24Z
46154,4895,4821,collaborates,0.831,91,2026-05-27T11:26:24Z,2026-05-27T11:26:24Z
46155,5010,4575,mentioned,0.252,76,2026-05-27T11:26:24Z,2026-05-27T11:26:24Z
46156,4631,4878,reshared,0.448,181,2026-05-27T11:26:24Z,2026-05-27T11:26:24Z
46157,4934,4608,tagged,0.801,53,2026-05-27T11:26:24Z,2026-05-27T11:26:24Z
46158,4619,5011,duet,0.633,100,2026-05-27T11:26:24Z,2026-05-27T11:26:24Z
46159,4768,4958,inspired_by,0.349,25,2026-05-27T11:26:24Z,2026-05-27T11:26:24Z
46160,4881,4582,follows,0.18,23,2026-05-27T11:26:24Z,2026-05-27T11:26:24Z
46161,4878,4589,collaborates,0.454,163,2026-05-27T11:26:24Z,2026-05-27T11:26:24Z
46162,4698,4725,mentioned,0.543,143,2026-05-27T11:26:24Z,2026-05-27T11:26:24Z
46163,4664,5018,reshared,0.35,111,2026-05-27T11:26:24Z,2026-05-27T11:26:24Z
46164,4901,4602,tagged,0.145,52,2026-05-27T11:26:24Z,2026-05-27T11:26:24Z
46165,4582,4610,duet,0.481,22,2026-05-27T11:26:24Z,2026-05-27T11:26:24Z
46166,4577,4923,inspired_by,0.95,81,2026-05-27T11:26:24Z,2026-05-27T11:26:24Z
46167,5003,4971,follows,0.969,161,2026-05-27T11:26:24Z,2026-05-27T11:26:24Z
46168,5004,4901,collaborates,0.257,197,2026-05-27T11:26:24Z,2026-05-27T11:26:24Z
46169,5055,5014,mentioned,0.782,43,2026-05-27T11:26:24Z,2026-05-27T11:26:24Z
46170,4890,4976,reshared,0.266,116,2026-05-27T11:26:24Z,2026-05-27T11:26:24Z
46171,4768,4542,tagged,0.968,25,2026-05-27T11:26:24Z,2026-05-27T11:26:24Z
46172,5042,4912,duet,0.442,95,2026-05-27T11:26:24Z,2026-05-27T11:26:24Z
46173,4715,4972,inspired_by,0.253,74,2026-05-27T11:26:24Z,2026-05-27T11:26:24Z
46174,4915,4624,follows,0.368,35,2026-05-27T11:26:24Z,2026-05-27T11:26:24Z
46175,4997,4965,collaborates,0.278,76,2026-05-27T11:26:24Z,2026-05-27T11:26:24Z
46176,4960,4606,mentioned,0.767,117,2026-05-27T11:26:24Z,2026-05-27T11:26:24Z
46177,4561,4781,reshared,0.106,115,2026-05-27T11:26:24Z,2026-05-27T11:26:24Z
46178,4873,4670,tagged,0.83,31,2026-05-27T11:26:24Z,2026-05-27T11:26:24Z
46179,4988,4891,duet,0.881,188,2026-05-27T11:26:24Z,2026-05-27T11:26:24Z
46180,5024,4857,inspired_by,0.779,138,2026-05-27T11:26:24Z,2026-05-27T11:26:24Z
46181,4956,4685,follows,0.153,32,2026-05-27T11:26:24Z,2026-05-27T11:26:24Z
46182,4600,4792,collaborates,0.759,49,2026-05-27T11:26:24Z,2026-05-27T11:26:24Z
46183,4676,4931,mentioned,0.818,62,2026-05-27T11:26:24Z,2026-05-27T11:26:24Z
46184,4676,4867,reshared,0.302,194,2026-05-27T11:26:24Z,2026-05-27T11:26:24Z
46185,4988,4852,tagged,0.815,22,2026-05-27T11:26:24Z,2026-05-27T11:26:24Z
46186,4572,4622,duet,0.816,60,2026-05-27T11:26:24Z,2026-05-27T11:26:24Z
46187,4995,4633,inspired_by,0.745,101,2026-05-27T11:26:24Z,2026-05-27T11:26:24Z
46188,4673,4747,follows,0.902,188,2026-05-27T11:26:24Z,2026-05-27T11:26:24Z
46189,4548,5050,collaborates,0.689,107,2026-05-27T11:26:24Z,2026-05-27T11:26:24Z
46190,4769,4801,mentioned,0.578,167,2026-05-27T11:26:24Z,2026-05-27T11:26:24Z
46191,4691,4969,reshared,0.852,152,2026-05-27T11:26:24Z,2026-05-27T11:26:24Z
46192,4972,5018,tagged,0.55,141,2026-05-27T11:26:24Z,2026-05-27T11:26:24Z
46193,4691,4545,duet,0.381,81,2026-05-27T11:26:24Z,2026-05-27T11:26:24Z
46194,4568,4653,inspired_by,0.888,127,2026-05-27T11:26:24Z,2026-05-27T11:26:24Z
46195,4751,4605,follows,0.717,138,2026-05-27T11:26:24Z,2026-05-27T11:26:24Z
46196,4908,4650,collaborates,0.698,184,2026-05-27T11:26:24Z,2026-05-27T11:26:24Z
46197,4802,4587,mentioned,0.508,52,2026-05-27T11:26:24Z,2026-05-27T11:26:24Z
46198,4959,4983,reshared,0.33,41,2026-05-27T11:26:24Z,2026-05-27T11:26:24Z
46199,4567,5055,tagged,0.146,54,2026-05-27T11:26:24Z,2026-05-27T11:26:24Z
46200,5013,4673,duet,0.482,154,2026-05-27T11:26:24Z,2026-05-27T11:26:24Z
46201,4646,4684,inspired_by,0.647,188,2026-05-27T11:26:24Z,2026-05-27T11:26:24Z
46202,4700,4648,follows,0.364,186,2026-05-27T11:26:24Z,2026-05-27T11:26:24Z
46203,5016,4672,collaborates,0.809,88,2026-05-27T11:26:24Z,2026-05-27T11:26:24Z
46204,4997,4793,mentioned,0.343,41,2026-05-27T11:26:24Z,2026-05-27T11:26:24Z
46205,4873,4718,reshared,0.632,46,2026-05-27T11:26:24Z,2026-05-27T11:26:24Z
46206,4592,4847,tagged,0.326,68,2026-05-27T11:26:24Z,2026-05-27T11:26:24Z
46207,4774,4702,duet,0.344,20,2026-05-27T11:26:24Z,2026-05-27T11:26:24Z
46208,4589,4692,inspired_by,0.113,70,2026-05-27T11:26:24Z,2026-05-27T11:26:24Z
46209,4829,4985,follows,0.367,155,2026-05-27T11:26:24Z,2026-05-27T11:26:24Z
46210,4967,4776,collaborates,0.769,23,2026-05-27T11:26:24Z,2026-05-27T11:26:24Z
46211,4630,4889,mentioned,0.132,115,2026-05-27T11:26:24Z,2026-05-27T11:26:24Z
46212,5018,4557,reshared,0.313,155,2026-05-27T11:26:24Z,2026-05-27T11:26:24Z
46213,4548,4658,tagged,0.499,86,2026-05-27T11:26:24Z,2026-05-27T11:26:24Z
46214,4587,4633,duet,0.422,138,2026-05-27T11:26:24Z,2026-05-27T11:26:24Z
46215,4733,4858,inspired_by,0.383,106,2026-05-27T11:26:24Z,2026-05-27T11:26:24Z
46216,4908,4666,follows,0.964,99,2026-05-27T11:26:24Z,2026-05-27T11:26:24Z
46217,4583,4569,collaborates,0.956,49,2026-05-27T11:26:24Z,2026-05-27T11:26:24Z
46218,4599,4889,mentioned,0.485,68,2026-05-27T11:26:24Z,2026-05-27T11:26:24Z
46219,4649,4549,reshared,0.126,61,2026-05-27T11:26:24Z,2026-05-27T11:26:24Z
46220,5019,4991,tagged,0.549,39,2026-05-27T11:26:24Z,2026-05-27T11:26:24Z
46221,5045,4716,duet,0.718,43,2026-05-27T11:26:24Z,2026-05-27T11:26:24Z
46222,4683,4754,inspired_by,0.712,74,2026-05-27T11:26:24Z,2026-05-27T11:26:24Z
46223,4649,4704,follows,0.456,178,2026-05-27T11:26:24Z,2026-05-27T11:26:24Z
46224,4780,4546,collaborates,0.19,150,2026-05-27T11:26:24Z,2026-05-27T11:26:24Z
46225,4924,4918,mentioned,0.379,96,2026-05-27T11:26:24Z,2026-05-27T11:26:24Z
46226,4897,5054,reshared,0.352,145,2026-05-27T11:26:24Z,2026-05-27T11:26:24Z
46227,5007,4868,tagged,0.172,56,2026-05-27T11:26:24Z,2026-05-27T11:26:24Z
46228,5011,4603,duet,0.993,3,2026-05-27T11:26:24Z,2026-05-27T11:26:24Z
46229,4941,4757,inspired_by,0.345,39,2026-05-27T11:26:24Z,2026-05-27T11:26:24Z
46230,4829,4966,follows,0.174,20,2026-05-27T11:26:24Z,2026-05-27T11:26:24Z
46231,4704,4901,collaborates,0.239,172,2026-05-27T11:26:24Z,2026-05-27T11:26:24Z
46232,4976,5054,mentioned,0.813,22,2026-05-27T11:26:24Z,2026-05-27T11:26:24Z
46233,5002,5051,reshared,0.899,106,2026-05-27T11:26:24Z,2026-05-27T11:26:24Z
46234,4869,4554,tagged,0.669,90,2026-05-27T11:26:24Z,2026-05-27T11:26:24Z
46235,5020,4576,duet,0.764,188,2026-05-27T11:26:24Z,2026-05-27T11:26:24Z
46236,5059,4921,inspired_by,0.911,28,2026-05-27T11:26:24Z,2026-05-27T11:26:24Z
46237,4797,4710,follows,0.159,67,2026-05-27T11:26:24Z,2026-05-27T11:26:24Z
46238,4861,4776,collaborates,0.337,172,2026-05-27T11:26:24Z,2026-05-27T11:26:24Z
46239,4630,5056,mentioned,0.606,29,2026-05-27T11:26:24Z,2026-05-27T11:26:24Z
46240,4860,5017,reshared,0.949,127,2026-05-27T11:26:24Z,2026-05-27T11:26:24Z
46241,4652,4601,tagged,0.977,84,2026-05-27T11:26:24Z,2026-05-27T11:26:24Z
46242,4577,4921,duet,0.344,96,2026-05-27T11:26:24Z,2026-05-27T11:26:24Z
46243,4894,4700,inspired_by,0.3,136,2026-05-27T11:26:24Z,2026-05-27T11:26:24Z
46244,4677,4553,follows,0.119,199,2026-05-27T11:26:24Z,2026-05-27T11:26:24Z
46245,4755,4953,collaborates,0.307,79,2026-05-27T11:26:24Z,2026-05-27T11:26:24Z
46246,4655,4555,mentioned,0.4,123,2026-05-27T11:26:24Z,2026-05-27T11:26:24Z
46247,5015,4919,reshared,0.634,135,2026-05-27T11:26:24Z,2026-05-27T11:26:24Z
46248,4942,4885,tagged,0.626,84,2026-05-27T11:26:24Z,2026-05-27T11:26:24Z
46249,4871,4554,duet,0.479,48,2026-05-27T11:26:24Z,2026-05-27T11:26:24Z
46250,4670,5016,inspired_by,0.618,117,2026-05-27T11:26:24Z,2026-05-27T11:26:24Z
46251,4589,5028,follows,0.325,6,2026-05-27T11:26:24Z,2026-05-27T11:26:24Z
46252,4721,4954,collaborates,0.856,19,2026-05-27T11:26:24Z,2026-05-27T11:26:24Z
46253,4883,5041,mentioned,0.651,36,2026-05-27T11:26:24Z,2026-05-27T11:26:24Z
46254,4915,4842,reshared,0.196,162,2026-05-27T11:26:24Z,2026-05-27T11:26:24Z
46255,5026,4944,tagged,0.333,5,2026-05-27T11:26:24Z,2026-05-27T11:26:24Z
46256,4850,4913,duet,0.352,97,2026-05-27T11:26:24Z,2026-05-27T11:26:24Z
46257,4928,4667,inspired_by,0.13,182,2026-05-27T11:26:24Z,2026-05-27T11:26:24Z
46258,4760,4768,follows,0.447,112,2026-05-27T11:26:24Z,2026-05-27T11:26:24Z
46259,4797,4619,collaborates,0.557,177,2026-05-27T11:26:24Z,2026-05-27T11:26:24Z
46260,4867,4983,mentioned,0.632,181,2026-05-27T11:26:24Z,2026-05-27T11:26:24Z
46261,4601,4570,reshared,0.307,113,2026-05-27T11:26:24Z,2026-05-27T11:26:24Z
46262,4634,4917,tagged,0.143,112,2026-05-27T11:26:24Z,2026-05-27T11:26:24Z
46263,4752,4958,duet,0.693,84,2026-05-27T11:26:24Z,2026-05-27T11:26:24Z
46264,4545,4904,inspired_by,0.271,125,2026-05-27T11:26:24Z,2026-05-27T11:26:24Z
46265,4911,4869,follows,0.158,51,2026-05-27T11:26:24Z,2026-05-27T11:26:24Z
46266,4710,4824,collaborates,0.281,45,2026-05-27T11:26:24Z,2026-05-27T11:26:24Z
46267,4966,4624,mentioned,0.459,93,2026-05-27T11:26:24Z,2026-05-27T11:26:24Z
46268,4549,4823,reshared,0.406,70,2026-05-27T11:26:24Z,2026-05-27T11:26:24Z
46269,4569,4873,tagged,0.279,58,2026-05-27T11:26:24Z,2026-05-27T11:26:24Z
46270,4844,5023,duet,0.57,101,2026-05-27T11:26:24Z,2026-05-27T11:26:24Z
46271,4999,5004,inspired_by,0.57,72,2026-05-27T11:26:24Z,2026-05-27T11:26:24Z
46272,5001,4708,follows,0.908,141,2026-05-27T11:26:24Z,2026-05-27T11:26:24Z
46273,4831,4863,collaborates,0.134,193,2026-05-27T11:26:24Z,2026-05-27T11:26:24Z
46274,4870,4902,mentioned,0.798,1,2026-05-27T11:26:24Z,2026-05-27T11:26:24Z
46275,4721,4681,reshared,0.307,61,2026-05-27T11:26:24Z,2026-05-27T11:26:24Z
46276,4955,4956,tagged,0.623,166,2026-05-27T11:26:24Z,2026-05-27T11:26:24Z
46277,4912,4960,duet,0.927,49,2026-05-27T11:26:24Z,2026-05-27T11:26:24Z
46278,4711,4845,inspired_by,0.541,146,2026-05-27T11:26:24Z,2026-05-27T11:26:24Z
46279,4667,4728,follows,0.712,197,2026-05-27T11:26:24Z,2026-05-27T11:26:24Z
46280,4777,4915,collaborates,0.202,149,2026-05-27T11:26:24Z,2026-05-27T11:26:24Z
46281,4609,4545,mentioned,0.332,3,2026-05-27T11:26:24Z,2026-05-27T11:26:24Z
46282,4825,5020,reshared,0.861,172,2026-05-27T11:26:24Z,2026-05-27T11:26:24Z
46283,4698,4727,tagged,0.252,195,2026-05-27T11:26:24Z,2026-05-27T11:26:24Z
46284,4889,4545,duet,0.144,43,2026-05-27T11:26:24Z,2026-05-27T11:26:24Z
46285,4926,4675,inspired_by,0.431,100,2026-05-27T11:26:24Z,2026-05-27T11:26:24Z
46286,4887,4905,follows,0.468,160,2026-05-27T11:26:24Z,2026-05-27T11:26:24Z
46287,4553,4994,collaborates,0.7,150,2026-05-27T11:26:24Z,2026-05-27T11:26:24Z
46288,4853,4978,mentioned,0.638,23,2026-05-27T11:26:24Z,2026-05-27T11:26:24Z
46289,4806,4626,reshared,0.619,126,2026-05-27T11:26:24Z,2026-05-27T11:26:24Z
46290,4814,4570,tagged,0.844,52,2026-05-27T11:26:24Z,2026-05-27T11:26:24Z
46291,4758,4655,duet,0.473,90,2026-05-27T11:26:24Z,2026-05-27T11:26:24Z
46292,4852,4891,inspired_by,0.945,13,2026-05-27T11:26:24Z,2026-05-27T11:26:24Z
46293,5047,4541,follows,0.613,173,2026-05-27T11:26:24Z,2026-05-27T11:26:24Z
46294,4858,4760,collaborates,0.971,126,2026-05-27T11:26:24Z,2026-05-27T11:26:24Z
46295,5031,4800,mentioned,0.995,184,2026-05-27T11:26:24Z,2026-05-27T11:26:24Z
46296,5021,4747,reshared,0.73,168,2026-05-27T11:26:24Z,2026-05-27T11:26:24Z
46297,4995,4967,tagged,0.971,131,2026-05-27T11:26:24Z,2026-05-27T11:26:24Z
46298,4903,4984,duet,0.932,16,2026-05-27T11:26:24Z,2026-05-27T11:26:24Z
46299,4580,4661,inspired_by,0.301,169,2026-05-27T11:26:24Z,2026-05-27T11:26:24Z
46300,4597,4601,follows,0.608,22,2026-05-27T11:26:24Z,2026-05-27T11:26:24Z
46301,4871,4822,collaborates,0.581,49,2026-05-27T11:26:24Z,2026-05-27T11:26:24Z
46302,4773,4847,mentioned,0.915,28,2026-05-27T11:26:24Z,2026-05-27T11:26:24Z
46303,4724,4720,reshared,0.371,105,2026-05-27T11:26:24Z,2026-05-27T11:26:24Z
46304,4941,5008,tagged,0.989,176,2026-05-27T11:26:24Z,2026-05-27T11:26:24Z
46305,4850,5020,duet,0.817,171,2026-05-27T11:26:24Z,2026-05-27T11:26:24Z
46306,4659,4563,inspired_by,0.325,120,2026-05-27T11:26:24Z,2026-05-27T11:26:24Z
46307,4665,4730,follows,0.226,100,2026-05-27T11:26:24Z,2026-05-27T11:26:24Z
46308,4897,4722,collaborates,0.993,101,2026-05-27T11:26:24Z,2026-05-27T11:26:24Z
46309,4870,4568,mentioned,0.514,41,2026-05-27T11:26:24Z,2026-05-27T11:26:24Z
46310,4696,4802,reshared,0.251,112,2026-05-27T11:26:24Z,2026-05-27T11:26:24Z
46311,4617,4880,tagged,0.762,157,2026-05-27T11:26:24Z,2026-05-27T11:26:24Z
46312,4697,4994,duet,0.923,61,2026-05-27T11:26:24Z,2026-05-27T11:26:24Z
46313,4822,4802,inspired_by,0.363,22,2026-05-27T11:26:24Z,2026-05-27T11:26:24Z
46314,4774,4815,follows,0.455,146,2026-05-27T11:26:24Z,2026-05-27T11:26:24Z
46315,4845,4906,collaborates,0.647,23,2026-05-27T11:26:24Z,2026-05-27T11:26:24Z
46316,4609,4563,mentioned,0.611,83,2026-05-27T11:26:24Z,2026-05-27T11:26:24Z
46317,4926,4580,reshared,0.288,195,2026-05-27T11:26:24Z,2026-05-27T11:26:24Z
46318,4916,4915,tagged,0.636,40,2026-05-27T11:26:24Z,2026-05-27T11:26:24Z
46319,4858,4813,duet,0.915,17,2026-05-27T11:26:24Z,2026-05-27T11:26:24Z
46320,4617,4827,inspired_by,0.492,173,2026-05-27T11:26:24Z,2026-05-27T11:26:24Z
46321,4794,4928,follows,0.919,40,2026-05-27T11:26:24Z,2026-05-27T11:26:24Z
46322,4720,4770,collaborates,0.499,37,2026-05-27T11:26:24Z,2026-05-27T11:26:24Z
46323,4634,4888,mentioned,0.25,93,2026-05-27T11:26:24Z,2026-05-27T11:26:24Z
46324,4591,4913,reshared,0.869,193,2026-05-27T11:26:24Z,2026-05-27T11:26:24Z
46325,4575,4729,tagged,0.536,25,2026-05-27T11:26:24Z,2026-05-27T11:26:24Z
46326,4831,4914,duet,0.355,10,2026-05-27T11:26:24Z,2026-05-27T11:26:24Z
46327,4596,4895,inspired_by,0.297,160,2026-05-27T11:26:24Z,2026-05-27T11:26:24Z
46329,4758,5051,collaborates,0.735,140,2026-05-27T11:26:24Z,2026-05-27T11:26:24Z
46330,4750,4815,mentioned,0.779,174,2026-05-27T11:26:24Z,2026-05-27T11:26:24Z
46331,4600,4706,reshared,0.362,158,2026-05-27T11:26:24Z,2026-05-27T11:26:24Z
46332,4802,4919,tagged,0.358,158,2026-05-27T11:26:24Z,2026-05-27T11:26:24Z
46333,4604,4687,duet,0.366,113,2026-05-27T11:26:24Z,2026-05-27T11:26:24Z
46334,4621,4792,inspired_by,0.706,161,2026-05-27T11:26:24Z,2026-05-27T11:26:24Z
46335,4996,4642,follows,0.585,154,2026-05-27T11:26:24Z,2026-05-27T11:26:24Z
46336,4686,4929,collaborates,0.114,173,2026-05-27T11:26:24Z,2026-05-27T11:26:24Z
46337,4567,4657,mentioned,0.302,109,2026-05-27T11:26:24Z,2026-05-27T11:26:24Z
46338,4910,4650,reshared,0.61,106,2026-05-27T11:26:24Z,2026-05-27T11:26:24Z
46339,4864,4965,tagged,0.659,2,2026-05-27T11:26:24Z,2026-05-27T11:26:24Z
46340,4552,4879,duet,0.273,145,2026-05-27T11:26:24Z,2026-05-27T11:26:24Z
46341,4920,4898,inspired_by,0.195,128,2026-05-27T11:26:24Z,2026-05-27T11:26:24Z
46342,4584,4578,follows,0.898,99,2026-05-27T11:26:24Z,2026-05-27T11:26:24Z
46343,4722,5049,collaborates,0.643,3,2026-05-27T11:26:24Z,2026-05-27T11:26:24Z
46344,5052,4601,mentioned,0.112,136,2026-05-27T11:26:25Z,2026-05-27T11:26:25Z
46345,4796,4579,reshared,0.306,119,2026-05-27T11:26:25Z,2026-05-27T11:26:25Z
46346,4847,4552,tagged,0.155,80,2026-05-27T11:26:25Z,2026-05-27T11:26:25Z
46347,5009,4932,duet,0.893,52,2026-05-27T11:26:25Z,2026-05-27T11:26:25Z
46348,4617,4877,inspired_by,0.3,150,2026-05-27T11:26:25Z,2026-05-27T11:26:25Z
46349,4858,5010,follows,0.8,184,2026-05-27T11:26:25Z,2026-05-27T11:26:25Z
46350,4833,4927,collaborates,0.632,10,2026-05-27T11:26:25Z,2026-05-27T11:26:25Z
46351,4975,4686,mentioned,0.609,109,2026-05-27T11:26:25Z,2026-05-27T11:26:25Z
46352,4677,4685,reshared,0.677,107,2026-05-27T11:26:25Z,2026-05-27T11:26:25Z
46353,4852,5060,tagged,0.379,21,2026-05-27T11:26:25Z,2026-05-27T11:26:25Z
46354,4649,4763,duet,0.436,59,2026-05-27T11:26:25Z,2026-05-27T11:26:25Z
46355,4800,4662,inspired_by,0.662,55,2026-05-27T11:26:25Z,2026-05-27T11:26:25Z
46356,4581,4546,follows,0.342,28,2026-05-27T11:26:25Z,2026-05-27T11:26:25Z
46357,4726,4734,collaborates,0.277,19,2026-05-27T11:26:25Z,2026-05-27T11:26:25Z
46358,4887,4817,mentioned,0.655,189,2026-05-27T11:26:25Z,2026-05-27T11:26:25Z
46359,4994,4597,reshared,0.469,104,2026-05-27T11:26:25Z,2026-05-27T11:26:25Z
46360,4968,4993,tagged,0.647,140,2026-05-27T11:26:25Z,2026-05-27T11:26:25Z
46361,4618,4572,duet,0.434,97,2026-05-27T11:26:25Z,2026-05-27T11:26:25Z
46362,4995,4896,inspired_by,0.149,37,2026-05-27T11:26:25Z,2026-05-27T11:26:25Z
46363,4716,4572,follows,0.594,106,2026-05-27T11:26:25Z,2026-05-27T11:26:25Z
46364,4900,4949,collaborates,0.932,3,2026-05-27T11:26:25Z,2026-05-27T11:26:25Z
46365,4910,4630,mentioned,0.894,89,2026-05-27T11:26:25Z,2026-05-27T11:26:25Z
46366,4766,4660,reshared,0.555,69,2026-05-27T11:26:25Z,2026-05-27T11:26:25Z
46367,4955,4901,tagged,0.852,161,2026-05-27T11:26:25Z,2026-05-27T11:26:25Z
46368,4868,4584,duet,0.929,134,2026-05-27T11:26:25Z,2026-05-27T11:26:25Z
46369,4816,4803,inspired_by,0.823,86,2026-05-27T11:26:25Z,2026-05-27T11:26:25Z
46370,4985,4714,follows,0.806,39,2026-05-27T11:26:25Z,2026-05-27T11:26:25Z
46371,4611,5017,collaborates,0.162,52,2026-05-27T11:26:25Z,2026-05-27T11:26:25Z
46372,4679,4876,mentioned,0.868,76,2026-05-27T11:26:25Z,2026-05-27T11:26:25Z
46373,4719,4702,reshared,0.841,68,2026-05-27T11:26:25Z,2026-05-27T11:26:25Z
46374,4957,4903,tagged,0.5,160,2026-05-27T11:26:25Z,2026-05-27T11:26:25Z
46375,4873,4691,duet,0.947,73,2026-05-27T11:26:25Z,2026-05-27T11:26:25Z
46376,4668,4987,inspired_by,0.757,87,2026-05-27T11:26:25Z,2026-05-27T11:26:25Z
46377,5050,4911,follows,0.194,179,2026-05-27T11:26:25Z,2026-05-27T11:26:25Z
46378,4864,4633,collaborates,0.756,96,2026-05-27T11:26:25Z,2026-05-27T11:26:25Z
46379,4651,4717,mentioned,0.208,166,2026-05-27T11:26:25Z,2026-05-27T11:26:25Z
46380,4961,4869,reshared,0.752,47,2026-05-27T11:26:25Z,2026-05-27T11:26:25Z
46381,4648,4949,tagged,0.888,8,2026-05-27T11:26:25Z,2026-05-27T11:26:25Z
46382,4709,4977,duet,0.294,182,2026-05-27T11:26:25Z,2026-05-27T11:26:25Z
46383,4558,4900,inspired_by,0.338,99,2026-05-27T11:26:25Z,2026-05-27T11:26:25Z
46384,4920,4921,follows,0.964,89,2026-05-27T11:26:25Z,2026-05-27T11:26:25Z
46385,4869,4566,collaborates,0.75,151,2026-05-27T11:26:25Z,2026-05-27T11:26:25Z
46386,4948,4626,mentioned,0.145,139,2026-05-27T11:26:25Z,2026-05-27T11:26:25Z
46387,4714,4791,reshared,0.558,80,2026-05-27T11:26:25Z,2026-05-27T11:26:25Z
46388,4660,4548,tagged,0.784,181,2026-05-27T11:26:25Z,2026-05-27T11:26:25Z
46389,4800,4930,duet,0.684,171,2026-05-27T11:26:25Z,2026-05-27T11:26:25Z
46390,4820,4745,inspired_by,0.153,91,2026-05-27T11:26:25Z,2026-05-27T11:26:25Z
46391,5046,4873,follows,0.316,97,2026-05-27T11:26:25Z,2026-05-27T11:26:25Z
46392,4691,4806,collaborates,0.699,19,2026-05-27T11:26:25Z,2026-05-27T11:26:25Z
46393,4667,4887,mentioned,0.676,157,2026-05-27T11:26:25Z,2026-05-27T11:26:25Z
46394,5048,4857,reshared,0.939,134,2026-05-27T11:26:25Z,2026-05-27T11:26:25Z
46395,4879,4935,tagged,0.126,79,2026-05-27T11:26:25Z,2026-05-27T11:26:25Z
46396,4601,4704,duet,0.508,153,2026-05-27T11:26:25Z,2026-05-27T11:26:25Z
46397,4661,4699,inspired_by,0.573,135,2026-05-27T11:26:25Z,2026-05-27T11:26:25Z
46398,4765,4589,follows,0.166,119,2026-05-27T11:26:25Z,2026-05-27T11:26:25Z
46399,4799,4633,collaborates,0.754,176,2026-05-27T11:26:25Z,2026-05-27T11:26:25Z
46400,4565,4849,mentioned,0.549,179,2026-05-27T11:26:25Z,2026-05-27T11:26:25Z
46401,4955,4895,reshared,0.422,128,2026-05-27T11:26:25Z,2026-05-27T11:26:25Z
46402,4815,4985,tagged,0.357,59,2026-05-27T11:26:25Z,2026-05-27T11:26:25Z
46403,4823,5015,duet,0.463,44,2026-05-27T11:26:25Z,2026-05-27T11:26:25Z
46404,4972,4556,inspired_by,0.505,174,2026-05-27T11:26:25Z,2026-05-27T11:26:25Z
46405,5051,5005,follows,0.671,33,2026-05-27T11:26:25Z,2026-05-27T11:26:25Z
46406,5023,4746,collaborates,0.278,138,2026-05-27T11:26:25Z,2026-05-27T11:26:25Z
46407,4805,4707,mentioned,0.101,41,2026-05-27T11:26:25Z,2026-05-27T11:26:25Z
46408,4617,4791,reshared,0.712,178,2026-05-27T11:26:25Z,2026-05-27T11:26:25Z
46409,5048,4549,tagged,0.227,40,2026-05-27T11:26:25Z,2026-05-27T11:26:25Z
46410,4759,4823,duet,0.158,18,2026-05-27T11:26:25Z,2026-05-27T11:26:25Z
46411,4754,4603,inspired_by,0.463,155,2026-05-27T11:26:25Z,2026-05-27T11:26:25Z
46412,4634,5014,follows,0.174,132,2026-05-27T11:26:25Z,2026-05-27T11:26:25Z
46413,4582,4670,collaborates,0.735,176,2026-05-27T11:26:25Z,2026-05-27T11:26:25Z
46414,4806,4824,mentioned,0.515,66,2026-05-27T11:26:25Z,2026-05-27T11:26:25Z
46415,4571,4854,reshared,0.336,139,2026-05-27T11:26:25Z,2026-05-27T11:26:25Z
46416,4994,4715,tagged,0.49,127,2026-05-27T11:26:25Z,2026-05-27T11:26:25Z
46417,4934,4915,duet,0.253,132,2026-05-27T11:26:25Z,2026-05-27T11:26:25Z
46418,4573,4719,inspired_by,0.339,75,2026-05-27T11:26:25Z,2026-05-27T11:26:25Z
46419,4688,4615,follows,0.815,199,2026-05-27T11:26:25Z,2026-05-27T11:26:25Z
46420,4566,4893,collaborates,0.405,13,2026-05-27T11:26:25Z,2026-05-27T11:26:25Z
46421,4846,4604,mentioned,0.816,84,2026-05-27T11:26:25Z,2026-05-27T11:26:25Z
46422,4659,4667,reshared,0.185,189,2026-05-27T11:26:25Z,2026-05-27T11:26:25Z
46423,4692,4950,tagged,0.97,90,2026-05-27T11:26:25Z,2026-05-27T11:26:25Z
46424,4952,4943,duet,0.201,77,2026-05-27T11:26:25Z,2026-05-27T11:26:25Z
46425,4883,4797,inspired_by,0.367,161,2026-05-27T11:26:25Z,2026-05-27T11:26:25Z
46426,4658,4782,follows,0.293,129,2026-05-27T11:26:25Z,2026-05-27T11:26:25Z
46427,4575,4810,collaborates,0.449,134,2026-05-27T11:26:25Z,2026-05-27T11:26:25Z
46428,4694,5051,mentioned,0.478,145,2026-05-27T11:26:25Z,2026-05-27T11:26:25Z
46429,4988,4629,reshared,0.979,29,2026-05-27T11:26:25Z,2026-05-27T11:26:25Z
46430,4692,4921,tagged,0.159,22,2026-05-27T11:26:25Z,2026-05-27T11:26:25Z
46431,4605,4995,duet,0.844,47,2026-05-27T11:26:25Z,2026-05-27T11:26:25Z
46432,4923,4894,inspired_by,0.562,9,2026-05-27T11:26:25Z,2026-05-27T11:26:25Z
46433,4769,4627,follows,0.943,154,2026-05-27T11:26:25Z,2026-05-27T11:26:25Z
46434,4882,4884,collaborates,0.239,135,2026-05-27T11:26:25Z,2026-05-27T11:26:25Z
46435,4615,4601,mentioned,0.302,139,2026-05-27T11:26:25Z,2026-05-27T11:26:25Z
46436,4632,4961,reshared,0.887,136,2026-05-27T11:26:25Z,2026-05-27T11:26:25Z
46437,4745,4721,tagged,0.506,67,2026-05-27T11:26:25Z,2026-05-27T11:26:25Z
46438,4804,4591,duet,0.554,54,2026-05-27T11:26:25Z,2026-05-27T11:26:25Z
46439,4794,4605,inspired_by,0.555,187,2026-05-27T11:26:25Z,2026-05-27T11:26:25Z
46440,4610,4915,follows,0.189,70,2026-05-27T11:26:25Z,2026-05-27T11:26:25Z
46441,5042,4824,collaborates,0.979,1,2026-05-27T11:26:25Z,2026-05-27T11:26:25Z
46442,4564,4798,mentioned,0.55,180,2026-05-27T11:26:25Z,2026-05-27T11:26:25Z
46443,5030,4568,reshared,0.762,183,2026-05-27T11:26:25Z,2026-05-27T11:26:25Z
46444,4928,4577,tagged,0.604,85,2026-05-27T11:26:25Z,2026-05-27T11:26:25Z
46445,4844,5008,duet,0.866,163,2026-05-27T11:26:25Z,2026-05-27T11:26:25Z
46446,4779,4835,inspired_by,0.995,149,2026-05-27T11:26:25Z,2026-05-27T11:26:25Z
46447,4718,4603,follows,0.143,10,2026-05-27T11:26:25Z,2026-05-27T11:26:25Z
46448,5060,4573,collaborates,0.178,130,2026-05-27T11:26:25Z,2026-05-27T11:26:25Z
46449,4621,5015,mentioned,0.345,57,2026-05-27T11:26:25Z,2026-05-27T11:26:25Z
46450,4541,4548,reshared,0.614,8,2026-05-27T11:26:25Z,2026-05-27T11:26:25Z
46451,4780,4927,tagged,0.325,108,2026-05-27T11:26:25Z,2026-05-27T11:26:25Z
46452,4621,4667,duet,0.537,46,2026-05-27T11:26:25Z,2026-05-27T11:26:25Z
46453,4620,4660,inspired_by,0.911,156,2026-05-27T11:26:25Z,2026-05-27T11:26:25Z
46454,4959,4886,follows,0.171,139,2026-05-27T11:26:25Z,2026-05-27T11:26:25Z
46455,4593,4987,collaborates,0.857,60,2026-05-27T11:26:25Z,2026-05-27T11:26:25Z
46456,4982,4694,mentioned,0.346,32,2026-05-27T11:26:25Z,2026-05-27T11:26:25Z
46457,4776,4561,reshared,0.852,196,2026-05-27T11:26:25Z,2026-05-27T11:26:25Z
46458,4641,4846,tagged,0.399,134,2026-05-27T11:26:25Z,2026-05-27T11:26:25Z
46459,4858,4883,duet,0.891,33,2026-05-27T11:26:25Z,2026-05-27T11:26:25Z
46460,5027,4813,inspired_by,0.935,186,2026-05-27T11:26:25Z,2026-05-27T11:26:25Z
46461,4741,5020,follows,0.635,158,2026-05-27T11:26:25Z,2026-05-27T11:26:25Z
46462,4722,4593,collaborates,0.77,63,2026-05-27T11:26:25Z,2026-05-27T11:26:25Z
46463,4827,4986,mentioned,0.728,98,2026-05-27T11:26:25Z,2026-05-27T11:26:25Z
46464,4799,4764,reshared,0.105,82,2026-05-27T11:26:25Z,2026-05-27T11:26:25Z
46465,4665,4988,tagged,0.547,32,2026-05-27T11:26:25Z,2026-05-27T11:26:25Z
46466,4584,4896,duet,0.714,169,2026-05-27T11:26:25Z,2026-05-27T11:26:25Z
46467,4664,4651,inspired_by,0.731,69,2026-05-27T11:26:25Z,2026-05-27T11:26:25Z
46468,4993,4946,follows,0.741,67,2026-05-27T11:26:25Z,2026-05-27T11:26:25Z
46469,4553,4654,collaborates,0.738,168,2026-05-27T11:26:25Z,2026-05-27T11:26:25Z
46470,4719,4923,mentioned,0.505,40,2026-05-27T11:26:25Z,2026-05-27T11:26:25Z
46471,4847,4924,reshared,0.116,49,2026-05-27T11:26:25Z,2026-05-27T11:26:25Z
46472,4808,4559,tagged,0.489,5,2026-05-27T11:26:25Z,2026-05-27T11:26:25Z
46473,4749,4591,duet,0.438,174,2026-05-27T11:26:25Z,2026-05-27T11:26:25Z
46474,5041,4760,inspired_by,0.529,121,2026-05-27T11:26:25Z,2026-05-27T11:26:25Z
46475,4667,4666,follows,0.423,189,2026-05-27T11:26:25Z,2026-05-27T11:26:25Z
46476,4682,4672,collaborates,0.255,190,2026-05-27T11:26:25Z,2026-05-27T11:26:25Z
46477,4978,4831,mentioned,0.87,95,2026-05-27T11:26:25Z,2026-05-27T11:26:25Z
46478,4957,5057,reshared,0.585,157,2026-05-27T11:26:25Z,2026-05-27T11:26:25Z
46479,4580,4699,tagged,0.855,70,2026-05-27T11:26:25Z,2026-05-27T11:26:25Z
46480,4878,4665,duet,0.215,54,2026-05-27T11:26:25Z,2026-05-27T11:26:25Z
46481,4999,4865,inspired_by,0.117,9,2026-05-27T11:26:25Z,2026-05-27T11:26:25Z
46482,4756,4642,follows,0.32,102,2026-05-27T11:26:25Z,2026-05-27T11:26:25Z
46483,4894,4673,collaborates,0.486,48,2026-05-27T11:26:25Z,2026-05-27T11:26:25Z
46484,4586,4960,mentioned,0.489,172,2026-05-27T11:26:25Z,2026-05-27T11:26:25Z
46485,4891,4825,reshared,0.967,15,2026-05-27T11:26:25Z,2026-05-27T11:26:25Z
46486,4721,4615,tagged,0.502,157,2026-05-27T11:26:25Z,2026-05-27T11:26:25Z
46487,4897,4578,duet,0.768,99,2026-05-27T11:26:25Z,2026-05-27T11:26:25Z
46488,4746,4744,inspired_by,0.637,198,2026-05-27T11:26:25Z,2026-05-27T11:26:25Z
46489,4722,4630,follows,0.102,88,2026-05-27T11:26:25Z,2026-05-27T11:26:25Z
46490,4760,4862,collaborates,0.827,31,2026-05-27T11:26:25Z,2026-05-27T11:26:25Z
46491,4765,4893,mentioned,0.739,180,2026-05-27T11:26:25Z,2026-05-27T11:26:25Z
46493,4599,4951,tagged,0.337,70,2026-05-27T11:26:25Z,2026-05-27T11:26:25Z
46494,4912,4933,duet,0.623,162,2026-05-27T11:26:25Z,2026-05-27T11:26:25Z
46495,4933,4941,inspired_by,0.321,136,2026-05-27T11:26:25Z,2026-05-27T11:26:25Z
46496,4561,4913,follows,0.455,53,2026-05-27T11:26:25Z,2026-05-27T11:26:25Z
46497,4708,4571,collaborates,0.295,80,2026-05-27T11:26:25Z,2026-05-27T11:26:25Z
46498,5056,4814,mentioned,0.198,93,2026-05-27T11:26:25Z,2026-05-27T11:26:25Z
46499,5005,4884,reshared,0.357,190,2026-05-27T11:26:25Z,2026-05-27T11:26:25Z
46500,4764,5004,tagged,0.786,172,2026-05-27T11:26:25Z,2026-05-27T11:26:25Z
46501,4795,4996,duet,0.9,196,2026-05-27T11:26:25Z,2026-05-27T11:26:25Z
46502,5058,4589,inspired_by,0.627,24,2026-05-27T11:26:25Z,2026-05-27T11:26:25Z
46503,4593,4976,follows,0.588,198,2026-05-27T11:26:25Z,2026-05-27T11:26:25Z
46504,4891,4628,collaborates,0.771,110,2026-05-27T11:26:25Z,2026-05-27T11:26:25Z
46505,5009,4597,mentioned,0.849,110,2026-05-27T11:26:25Z,2026-05-27T11:26:25Z
46506,4791,5023,reshared,0.915,190,2026-05-27T11:26:25Z,2026-05-27T11:26:25Z
46507,5012,4969,tagged,0.788,45,2026-05-27T11:26:25Z,2026-05-27T11:26:25Z
46508,4653,5041,duet,0.885,187,2026-05-27T11:26:25Z,2026-05-27T11:26:25Z
46509,4885,4678,inspired_by,0.751,122,2026-05-27T11:26:25Z,2026-05-27T11:26:25Z
46510,4830,4665,follows,0.245,126,2026-05-27T11:26:25Z,2026-05-27T11:26:25Z
46511,4915,4980,collaborates,0.326,26,2026-05-27T11:26:25Z,2026-05-27T11:26:25Z
46512,4630,4609,mentioned,0.258,21,2026-05-27T11:26:25Z,2026-05-27T11:26:25Z
46513,4650,4571,reshared,0.876,104,2026-05-27T11:26:25Z,2026-05-27T11:26:25Z
46514,4731,5019,tagged,0.701,62,2026-05-27T11:26:25Z,2026-05-27T11:26:25Z
46515,4934,4992,duet,0.436,99,2026-05-27T11:26:25Z,2026-05-27T11:26:25Z
46516,4672,4552,inspired_by,0.194,191,2026-05-27T11:26:25Z,2026-05-27T11:26:25Z
46517,4710,5004,follows,0.709,165,2026-05-27T11:26:25Z,2026-05-27T11:26:25Z
46518,4586,4635,collaborates,0.455,136,2026-05-27T11:26:25Z,2026-05-27T11:26:25Z
46519,4811,4673,mentioned,0.238,32,2026-05-27T11:26:25Z,2026-05-27T11:26:25Z
46520,4549,4760,reshared,0.135,196,2026-05-27T11:26:25Z,2026-05-27T11:26:25Z
46521,4770,4990,tagged,0.239,53,2026-05-27T11:26:25Z,2026-05-27T11:26:25Z
46522,4798,4907,duet,0.731,96,2026-05-27T11:26:25Z,2026-05-27T11:26:25Z
46523,4709,4571,inspired_by,0.75,164,2026-05-27T11:26:25Z,2026-05-27T11:26:25Z
46524,4697,4713,follows,0.83,129,2026-05-27T11:26:25Z,2026-05-27T11:26:25Z
46525,4582,5042,collaborates,0.305,192,2026-05-27T11:26:25Z,2026-05-27T11:26:25Z
46526,4661,4981,mentioned,0.104,90,2026-05-27T11:26:25Z,2026-05-27T11:26:25Z
46527,5030,4977,reshared,0.907,144,2026-05-27T11:26:25Z,2026-05-27T11:26:25Z
46528,4615,4923,tagged,0.857,79,2026-05-27T11:26:25Z,2026-05-27T11:26:25Z
46529,4965,4567,duet,0.228,70,2026-05-27T11:26:25Z,2026-05-27T11:26:25Z
46530,4574,4700,inspired_by,0.595,189,2026-05-27T11:26:25Z,2026-05-27T11:26:25Z
46531,5041,4944,follows,0.694,76,2026-05-27T11:26:25Z,2026-05-27T11:26:25Z
46532,5013,4663,collaborates,0.842,72,2026-05-27T11:26:25Z,2026-05-27T11:26:25Z
46534,4770,4989,reshared,0.802,14,2026-05-27T11:26:25Z,2026-05-27T11:26:25Z
46535,4591,4653,tagged,0.495,146,2026-05-27T11:26:25Z,2026-05-27T11:26:25Z
46536,5043,4550,duet,0.389,15,2026-05-27T11:26:25Z,2026-05-27T11:26:25Z
46537,4733,4646,inspired_by,0.903,16,2026-05-27T11:26:25Z,2026-05-27T11:26:25Z
46538,4609,4555,follows,0.206,181,2026-05-27T11:26:25Z,2026-05-27T11:26:25Z
46539,4590,5049,collaborates,0.378,115,2026-05-27T11:26:25Z,2026-05-27T11:26:25Z
46540,4574,4727,mentioned,0.521,45,2026-05-27T11:26:25Z,2026-05-27T11:26:25Z
46541,4887,4899,reshared,0.685,18,2026-05-27T11:26:25Z,2026-05-27T11:26:25Z
46542,4556,4977,tagged,0.885,71,2026-05-27T11:26:25Z,2026-05-27T11:26:25Z
46543,4850,4903,duet,0.387,88,2026-05-27T11:26:25Z,2026-05-27T11:26:25Z
46544,4766,5018,inspired_by,0.428,15,2026-05-27T11:26:25Z,2026-05-27T11:26:25Z
46545,4781,4963,follows,0.223,124,2026-05-27T11:26:25Z,2026-05-27T11:26:25Z
46546,4643,4983,collaborates,0.136,30,2026-05-27T11:26:25Z,2026-05-27T11:26:25Z
46547,4855,4970,mentioned,0.985,123,2026-05-27T11:26:25Z,2026-05-27T11:26:25Z
46548,4925,4990,reshared,0.378,75,2026-05-27T11:26:25Z,2026-05-27T11:26:25Z
46549,4800,4605,tagged,0.885,123,2026-05-27T11:26:25Z,2026-05-27T11:26:25Z
46550,4842,4912,duet,0.266,81,2026-05-27T11:26:25Z,2026-05-27T11:26:25Z
46551,4972,4955,inspired_by,0.647,156,2026-05-27T11:26:25Z,2026-05-27T11:26:25Z
46552,4854,4799,follows,0.377,60,2026-05-27T11:26:25Z,2026-05-27T11:26:25Z
46553,4632,4621,collaborates,0.362,154,2026-05-27T11:26:25Z,2026-05-27T11:26:25Z
46554,4859,4820,mentioned,0.266,178,2026-05-27T11:26:25Z,2026-05-27T11:26:25Z
46555,4698,4765,reshared,0.176,91,2026-05-27T11:26:25Z,2026-05-27T11:26:25Z
46556,4710,4588,tagged,0.348,81,2026-05-27T11:26:25Z,2026-05-27T11:26:25Z
46557,4562,4563,duet,0.775,32,2026-05-27T11:26:25Z,2026-05-27T11:26:25Z
46558,4954,4604,inspired_by,0.573,120,2026-05-27T11:26:25Z,2026-05-27T11:26:25Z
46559,4629,4730,follows,0.805,104,2026-05-27T11:26:25Z,2026-05-27T11:26:25Z
46560,5015,4650,collaborates,0.908,45,2026-05-27T11:26:25Z,2026-05-27T11:26:25Z
46561,4624,4876,mentioned,0.127,103,2026-05-27T11:26:25Z,2026-05-27T11:26:25Z
46562,4825,4763,reshared,0.357,31,2026-05-27T11:26:25Z,2026-05-27T11:26:25Z
46563,4843,4890,tagged,0.679,46,2026-05-27T11:26:25Z,2026-05-27T11:26:25Z
46564,4698,4748,duet,0.523,192,2026-05-27T11:26:25Z,2026-05-27T11:26:25Z
46565,4588,4754,inspired_by,0.663,17,2026-05-27T11:26:25Z,2026-05-27T11:26:25Z
46566,4726,4549,follows,0.746,188,2026-05-27T11:26:25Z,2026-05-27T11:26:25Z
46567,4724,4752,collaborates,0.911,198,2026-05-27T11:26:25Z,2026-05-27T11:26:25Z
46568,4655,4634,mentioned,0.992,135,2026-05-27T11:26:25Z,2026-05-27T11:26:25Z
46569,5016,5051,reshared,0.699,57,2026-05-27T11:26:25Z,2026-05-27T11:26:25Z
46570,5007,4676,tagged,0.325,194,2026-05-27T11:26:25Z,2026-05-27T11:26:25Z
46571,4735,4878,duet,0.939,2,2026-05-27T11:26:25Z,2026-05-27T11:26:25Z
46572,4805,5006,inspired_by,0.258,124,2026-05-27T11:26:25Z,2026-05-27T11:26:25Z
46573,4800,5021,follows,0.189,80,2026-05-27T11:26:25Z,2026-05-27T11:26:25Z
46574,4812,4949,collaborates,0.977,98,2026-05-27T11:26:25Z,2026-05-27T11:26:25Z
46575,4867,4557,mentioned,0.172,5,2026-05-27T11:26:25Z,2026-05-27T11:26:25Z
46576,4833,4842,reshared,0.647,74,2026-05-27T11:26:25Z,2026-05-27T11:26:25Z
46577,4926,4604,tagged,0.23,10,2026-05-27T11:26:25Z,2026-05-27T11:26:25Z
46578,4773,5008,duet,0.739,10,2026-05-27T11:26:25Z,2026-05-27T11:26:25Z
46579,4826,4903,inspired_by,0.298,123,2026-05-27T11:26:25Z,2026-05-27T11:26:25Z
46580,5042,4589,follows,0.652,186,2026-05-27T11:26:25Z,2026-05-27T11:26:25Z
46581,4828,4774,collaborates,0.776,92,2026-05-27T11:26:25Z,2026-05-27T11:26:25Z
46582,5056,4677,mentioned,0.428,182,2026-05-27T11:26:25Z,2026-05-27T11:26:25Z
46583,4943,4930,reshared,0.859,73,2026-05-27T11:26:25Z,2026-05-27T11:26:25Z
46584,4543,5024,tagged,0.718,54,2026-05-27T11:26:25Z,2026-05-27T11:26:25Z
46585,4942,4802,duet,0.2,110,2026-05-27T11:26:25Z,2026-05-27T11:26:25Z
46586,4922,4853,inspired_by,0.7,85,2026-05-27T11:26:25Z,2026-05-27T11:26:25Z
46587,4776,4949,follows,0.416,48,2026-05-27T11:26:25Z,2026-05-27T11:26:25Z
46588,4542,4888,collaborates,0.418,63,2026-05-27T11:26:25Z,2026-05-27T11:26:25Z
46589,4579,4876,mentioned,0.582,164,2026-05-27T11:26:25Z,2026-05-27T11:26:25Z
46590,4648,4751,reshared,0.577,29,2026-05-27T11:26:25Z,2026-05-27T11:26:25Z
46591,4855,4644,tagged,0.625,113,2026-05-27T11:26:25Z,2026-05-27T11:26:25Z
46592,4973,5026,duet,0.2,69,2026-05-27T11:26:25Z,2026-05-27T11:26:25Z
46593,4833,4663,inspired_by,0.722,56,2026-05-27T11:26:25Z,2026-05-27T11:26:25Z
46594,4615,4869,follows,0.817,127,2026-05-27T11:26:25Z,2026-05-27T11:26:25Z
46595,4869,4714,collaborates,0.817,109,2026-05-27T11:26:25Z,2026-05-27T11:26:25Z
46596,4926,4542,mentioned,0.443,43,2026-05-27T11:26:25Z,2026-05-27T11:26:25Z
46597,4626,4960,reshared,0.551,171,2026-05-27T11:26:25Z,2026-05-27T11:26:25Z
46598,4645,4708,tagged,0.969,30,2026-05-27T11:26:25Z,2026-05-27T11:26:25Z
46599,4980,4960,duet,0.808,39,2026-05-27T11:26:25Z,2026-05-27T11:26:25Z
46600,4588,4968,inspired_by,0.426,4,2026-05-27T11:26:25Z,2026-05-27T11:26:25Z
46601,4662,4669,follows,0.859,44,2026-05-27T11:26:25Z,2026-05-27T11:26:25Z
46602,4811,4544,collaborates,0.311,9,2026-05-27T11:26:25Z,2026-05-27T11:26:25Z
46603,4587,4893,mentioned,0.765,83,2026-05-27T11:26:25Z,2026-05-27T11:26:25Z
46604,4745,4646,reshared,0.142,133,2026-05-27T11:26:25Z,2026-05-27T11:26:25Z
46605,4774,4826,tagged,0.696,194,2026-05-27T11:26:25Z,2026-05-27T11:26:25Z
46606,5049,4557,duet,0.158,161,2026-05-27T11:26:25Z,2026-05-27T11:26:25Z
46607,4721,4780,inspired_by,0.261,49,2026-05-27T11:26:25Z,2026-05-27T11:26:25Z
46608,4888,4759,follows,0.652,93,2026-05-27T11:26:25Z,2026-05-27T11:26:25Z
46609,5050,4581,collaborates,0.283,198,2026-05-27T11:26:25Z,2026-05-27T11:26:25Z
46610,4913,4699,mentioned,0.891,140,2026-05-27T11:26:25Z,2026-05-27T11:26:25Z
46611,4683,4668,reshared,0.352,77,2026-05-27T11:26:25Z,2026-05-27T11:26:25Z
46612,4543,4852,tagged,0.286,154,2026-05-27T11:26:25Z,2026-05-27T11:26:25Z
46613,5030,4916,duet,0.102,198,2026-05-27T11:26:25Z,2026-05-27T11:26:25Z
46614,4960,4768,inspired_by,0.271,111,2026-05-27T11:26:25Z,2026-05-27T11:26:25Z
46615,4899,4709,follows,0.909,20,2026-05-27T11:26:25Z,2026-05-27T11:26:25Z
46616,4683,5000,collaborates,0.169,28,2026-05-27T11:26:25Z,2026-05-27T11:26:25Z
46617,4971,4805,mentioned,0.599,96,2026-05-27T11:26:25Z,2026-05-27T11:26:25Z
46618,4647,5049,reshared,0.235,19,2026-05-27T11:26:25Z,2026-05-27T11:26:25Z
46619,4721,4942,tagged,0.364,168,2026-05-27T11:26:25Z,2026-05-27T11:26:25Z
46620,4903,4942,duet,0.424,138,2026-05-27T11:26:25Z,2026-05-27T11:26:25Z
46621,4891,4727,inspired_by,0.588,186,2026-05-27T11:26:25Z,2026-05-27T11:26:25Z
46622,4742,4606,follows,0.379,140,2026-05-27T11:26:25Z,2026-05-27T11:26:25Z
46623,4607,4845,collaborates,0.18,189,2026-05-27T11:26:25Z,2026-05-27T11:26:25Z
46624,4588,5025,mentioned,0.501,85,2026-05-27T11:26:25Z,2026-05-27T11:26:25Z
46625,4772,4613,reshared,0.257,66,2026-05-27T11:26:25Z,2026-05-27T11:26:25Z
46626,4945,4725,tagged,0.943,78,2026-05-27T11:26:25Z,2026-05-27T11:26:25Z
46627,4774,5028,duet,0.666,80,2026-05-27T11:26:25Z,2026-05-27T11:26:25Z
46628,4881,4574,inspired_by,0.566,119,2026-05-27T11:26:25Z,2026-05-27T11:26:25Z
46629,4610,4889,follows,0.128,19,2026-05-27T11:26:25Z,2026-05-27T11:26:25Z
46630,4605,4574,collaborates,0.522,163,2026-05-27T11:26:25Z,2026-05-27T11:26:25Z
46631,4868,4601,mentioned,0.903,92,2026-05-27T11:26:25Z,2026-05-27T11:26:25Z
46632,4606,4727,reshared,0.831,48,2026-05-27T11:26:25Z,2026-05-27T11:26:25Z
46633,4745,4810,tagged,0.528,78,2026-05-27T11:26:25Z,2026-05-27T11:26:25Z
46634,4902,4691,duet,0.465,84,2026-05-27T11:26:25Z,2026-05-27T11:26:25Z
46635,4597,4609,inspired_by,0.679,147,2026-05-27T11:26:25Z,2026-05-27T11:26:25Z
46636,4684,4976,follows,0.313,18,2026-05-27T11:26:25Z,2026-05-27T11:26:25Z
46637,4546,4618,collaborates,0.321,115,2026-05-27T11:26:25Z,2026-05-27T11:26:25Z
46638,4732,4811,mentioned,0.684,20,2026-05-27T11:26:25Z,2026-05-27T11:26:25Z
46639,5000,4819,reshared,0.52,163,2026-05-27T11:26:25Z,2026-05-27T11:26:25Z
46640,4645,4713,tagged,0.443,105,2026-05-27T11:26:25Z,2026-05-27T11:26:25Z
46641,4965,4959,duet,0.617,138,2026-05-27T11:26:25Z,2026-05-27T11:26:25Z
46642,4560,4973,inspired_by,0.958,79,2026-05-27T11:26:25Z,2026-05-27T11:26:25Z
46643,4573,4880,follows,0.233,194,2026-05-27T11:26:25Z,2026-05-27T11:26:25Z
46644,4632,5055,collaborates,0.39,38,2026-05-27T11:26:25Z,2026-05-27T11:26:25Z
46645,5060,4930,mentioned,0.552,117,2026-05-27T11:26:25Z,2026-05-27T11:26:25Z
46646,5001,4830,reshared,0.425,40,2026-05-27T11:26:25Z,2026-05-27T11:26:25Z
46647,4841,4905,tagged,0.691,154,2026-05-27T11:26:25Z,2026-05-27T11:26:25Z
46648,4663,4883,duet,0.755,187,2026-05-27T11:26:25Z,2026-05-27T11:26:25Z
46649,4642,4775,inspired_by,0.136,178,2026-05-27T11:26:25Z,2026-05-27T11:26:25Z
46650,4597,4926,follows,0.229,141,2026-05-27T11:26:25Z,2026-05-27T11:26:25Z
46651,4721,4794,collaborates,0.673,17,2026-05-27T11:26:25Z,2026-05-27T11:26:25Z
46652,4900,4662,mentioned,0.23,64,2026-05-27T11:26:25Z,2026-05-27T11:26:25Z
46653,4646,4868,reshared,0.351,170,2026-05-27T11:26:25Z,2026-05-27T11:26:25Z
46654,4851,4858,tagged,0.788,45,2026-05-27T11:26:25Z,2026-05-27T11:26:25Z
46655,4905,4842,duet,0.94,100,2026-05-27T11:26:25Z,2026-05-27T11:26:25Z
46656,4968,4718,inspired_by,0.463,98,2026-05-27T11:26:25Z,2026-05-27T11:26:25Z
46657,4952,4599,follows,0.917,137,2026-05-27T11:26:25Z,2026-05-27T11:26:25Z
46658,5011,4679,collaborates,0.621,25,2026-05-27T11:26:25Z,2026-05-27T11:26:25Z
46659,4683,5055,mentioned,0.432,90,2026-05-27T11:26:25Z,2026-05-27T11:26:25Z
46660,4722,4698,reshared,0.478,35,2026-05-27T11:26:25Z,2026-05-27T11:26:25Z
46661,4932,5050,tagged,0.537,130,2026-05-27T11:26:25Z,2026-05-27T11:26:25Z
46662,4642,4607,duet,0.842,42,2026-05-27T11:26:25Z,2026-05-27T11:26:25Z
46663,4653,4669,inspired_by,0.109,117,2026-05-27T11:26:25Z,2026-05-27T11:26:25Z
46664,4828,4832,follows,0.196,12,2026-05-27T11:26:25Z,2026-05-27T11:26:25Z
46665,4912,4727,collaborates,0.454,84,2026-05-27T11:26:25Z,2026-05-27T11:26:25Z
46666,4679,5053,mentioned,0.557,26,2026-05-27T11:26:25Z,2026-05-27T11:26:25Z
46667,5003,4651,reshared,0.409,121,2026-05-27T11:26:25Z,2026-05-27T11:26:25Z
46668,4653,4672,tagged,0.185,41,2026-05-27T11:26:25Z,2026-05-27T11:26:25Z
46669,5010,4952,duet,0.465,190,2026-05-27T11:26:25Z,2026-05-27T11:26:25Z
46670,4878,4596,inspired_by,0.341,90,2026-05-27T11:26:25Z,2026-05-27T11:26:25Z
46671,4971,4900,follows,0.614,119,2026-05-27T11:26:25Z,2026-05-27T11:26:25Z
46672,5057,4802,collaborates,0.405,82,2026-05-27T11:26:25Z,2026-05-27T11:26:25Z
46673,4862,4617,mentioned,0.452,73,2026-05-27T11:26:25Z,2026-05-27T11:26:25Z
46674,5043,4643,reshared,0.25,130,2026-05-27T11:26:25Z,2026-05-27T11:26:25Z
46675,4903,4913,tagged,0.895,116,2026-05-27T11:26:25Z,2026-05-27T11:26:25Z
46676,5000,4550,duet,0.982,17,2026-05-27T11:26:25Z,2026-05-27T11:26:25Z
46677,4950,4567,inspired_by,0.929,90,2026-05-27T11:26:25Z,2026-05-27T11:26:25Z
46678,4894,4897,follows,0.497,59,2026-05-27T11:26:25Z,2026-05-27T11:26:25Z
46679,4596,4702,collaborates,0.242,7,2026-05-27T11:26:25Z,2026-05-27T11:26:25Z
46680,5052,4761,mentioned,0.599,194,2026-05-27T11:26:25Z,2026-05-27T11:26:25Z
46681,4817,4628,reshared,0.82,144,2026-05-27T11:26:25Z,2026-05-27T11:26:25Z
46682,4557,4549,tagged,0.842,64,2026-05-27T11:26:25Z,2026-05-27T11:26:25Z
46683,4697,4774,duet,0.572,167,2026-05-27T11:26:25Z,2026-05-27T11:26:25Z
46684,4920,4959,inspired_by,0.518,100,2026-05-27T11:26:25Z,2026-05-27T11:26:25Z
46685,4849,4906,follows,0.608,123,2026-05-27T11:26:25Z,2026-05-27T11:26:25Z
46686,4720,4960,collaborates,0.838,20,2026-05-27T11:26:25Z,2026-05-27T11:26:25Z
46687,4842,4811,mentioned,0.709,171,2026-05-27T11:26:25Z,2026-05-27T11:26:25Z
46688,4966,4702,reshared,0.262,77,2026-05-27T11:26:25Z,2026-05-27T11:26:25Z
46689,4547,4833,tagged,0.706,43,2026-05-27T11:26:25Z,2026-05-27T11:26:25Z
46690,4635,4670,duet,0.877,2,2026-05-27T11:26:25Z,2026-05-27T11:26:25Z
46691,4599,5044,inspired_by,0.752,24,2026-05-27T11:26:25Z,2026-05-27T11:26:25Z
46692,4903,4856,follows,0.89,39,2026-05-27T11:26:25Z,2026-05-27T11:26:25Z
46693,4560,4714,collaborates,0.884,183,2026-05-27T11:26:25Z,2026-05-27T11:26:25Z
46694,4770,4981,mentioned,0.9,148,2026-05-27T11:26:25Z,2026-05-27T11:26:25Z
46695,4832,4932,reshared,0.684,164,2026-05-27T11:26:25Z,2026-05-27T11:26:25Z
46696,4906,4598,tagged,0.761,126,2026-05-27T11:26:25Z,2026-05-27T11:26:25Z
46697,5055,5015,duet,0.935,48,2026-05-27T11:26:25Z,2026-05-27T11:26:25Z
46698,4628,4748,inspired_by,0.434,97,2026-05-27T11:26:25Z,2026-05-27T11:26:25Z
46699,4842,4850,follows,0.739,119,2026-05-27T11:26:25Z,2026-05-27T11:26:25Z
46700,4602,4975,collaborates,0.258,114,2026-05-27T11:26:25Z,2026-05-27T11:26:25Z
46701,4906,4763,mentioned,0.26,115,2026-05-27T11:26:25Z,2026-05-27T11:26:25Z
46702,4623,4777,reshared,0.815,3,2026-05-27T11:26:25Z,2026-05-27T11:26:25Z
46703,4661,4928,tagged,0.441,21,2026-05-27T11:26:25Z,2026-05-27T11:26:25Z
46704,4781,4711,duet,0.734,70,2026-05-27T11:26:25Z,2026-05-27T11:26:25Z
46705,4847,4573,inspired_by,0.5,122,2026-05-27T11:26:25Z,2026-05-27T11:26:25Z
46706,5004,4593,follows,0.312,46,2026-05-27T11:26:25Z,2026-05-27T11:26:25Z
46707,4568,4614,collaborates,0.477,196,2026-05-27T11:26:25Z,2026-05-27T11:26:25Z
46708,4841,5000,mentioned,0.282,22,2026-05-27T11:26:25Z,2026-05-27T11:26:25Z
46709,4773,4619,reshared,0.191,65,2026-05-27T11:26:25Z,2026-05-27T11:26:25Z
46710,4845,4754,tagged,0.747,46,2026-05-27T11:26:25Z,2026-05-27T11:26:25Z
46711,4574,4923,duet,0.284,159,2026-05-27T11:26:25Z,2026-05-27T11:26:25Z
46712,4697,5016,inspired_by,0.102,63,2026-05-27T11:26:25Z,2026-05-27T11:26:25Z
46713,4750,4820,follows,0.705,16,2026-05-27T11:26:25Z,2026-05-27T11:26:25Z
46714,4898,4718,collaborates,0.248,169,2026-05-27T11:26:25Z,2026-05-27T11:26:25Z
46715,4764,4845,mentioned,0.949,194,2026-05-27T11:26:25Z,2026-05-27T11:26:25Z
46716,4634,4865,reshared,0.45,114,2026-05-27T11:26:25Z,2026-05-27T11:26:25Z
46717,4650,4609,tagged,0.854,117,2026-05-27T11:26:25Z,2026-05-27T11:26:25Z
46718,4974,4832,duet,0.405,42,2026-05-27T11:26:25Z,2026-05-27T11:26:25Z
46719,4970,5022,inspired_by,0.571,42,2026-05-27T11:26:25Z,2026-05-27T11:26:25Z
46720,4990,4758,follows,0.478,88,2026-05-27T11:26:25Z,2026-05-27T11:26:25Z
46721,4576,4827,collaborates,0.856,122,2026-05-27T11:26:25Z,2026-05-27T11:26:25Z
46722,4576,5022,mentioned,0.116,12,2026-05-27T11:26:25Z,2026-05-27T11:26:25Z
46723,4730,4830,reshared,0.369,184,2026-05-27T11:26:25Z,2026-05-27T11:26:25Z
46724,4876,4797,tagged,0.652,72,2026-05-27T11:26:25Z,2026-05-27T11:26:25Z
46725,4715,4684,duet,0.229,120,2026-05-27T11:26:25Z,2026-05-27T11:26:25Z
46726,4850,4990,inspired_by,0.879,180,2026-05-27T11:26:25Z,2026-05-27T11:26:25Z
46727,4675,4963,follows,0.133,152,2026-05-27T11:26:25Z,2026-05-27T11:26:25Z
46728,4571,4881,collaborates,0.743,75,2026-05-27T11:26:25Z,2026-05-27T11:26:25Z
46729,4804,4625,mentioned,0.701,107,2026-05-27T11:26:25Z,2026-05-27T11:26:25Z
46730,4892,4745,reshared,0.882,38,2026-05-27T11:26:25Z,2026-05-27T11:26:25Z
46731,5058,5047,tagged,0.418,125,2026-05-27T11:26:25Z,2026-05-27T11:26:25Z
46732,4630,4628,duet,0.196,148,2026-05-27T11:26:25Z,2026-05-27T11:26:25Z
46733,4894,4617,inspired_by,0.733,183,2026-05-27T11:26:25Z,2026-05-27T11:26:25Z
46734,4881,4745,follows,0.393,25,2026-05-27T11:26:25Z,2026-05-27T11:26:25Z
46735,4648,4723,collaborates,0.711,89,2026-05-27T11:26:25Z,2026-05-27T11:26:25Z
46736,4983,4629,mentioned,0.847,148,2026-05-27T11:26:25Z,2026-05-27T11:26:25Z
46737,5054,5003,reshared,0.684,32,2026-05-27T11:26:25Z,2026-05-27T11:26:25Z
46738,4763,4645,tagged,0.324,175,2026-05-27T11:26:25Z,2026-05-27T11:26:25Z
46739,4964,4741,duet,0.387,118,2026-05-27T11:26:25Z,2026-05-27T11:26:25Z
46740,4575,4658,inspired_by,0.408,35,2026-05-27T11:26:25Z,2026-05-27T11:26:25Z
46742,5010,4773,collaborates,0.795,110,2026-05-27T11:26:25Z,2026-05-27T11:26:25Z
46743,4962,4822,mentioned,0.124,136,2026-05-27T11:26:25Z,2026-05-27T11:26:25Z
46744,4924,5009,reshared,0.902,46,2026-05-27T11:26:25Z,2026-05-27T11:26:25Z
46745,4876,4666,tagged,0.91,95,2026-05-27T11:26:25Z,2026-05-27T11:26:25Z
46746,4992,5050,duet,0.73,165,2026-05-27T11:26:25Z,2026-05-27T11:26:25Z
46747,4731,4912,inspired_by,0.635,36,2026-05-27T11:26:25Z,2026-05-27T11:26:25Z
46748,5056,4617,follows,0.186,160,2026-05-27T11:26:25Z,2026-05-27T11:26:25Z
46749,4762,4867,collaborates,0.444,147,2026-05-27T11:26:25Z,2026-05-27T11:26:25Z
46750,4797,5010,mentioned,0.21,187,2026-05-27T11:26:25Z,2026-05-27T11:26:25Z
46751,5028,4677,reshared,0.504,61,2026-05-27T11:26:25Z,2026-05-27T11:26:25Z
46752,4953,4677,tagged,0.96,169,2026-05-27T11:26:25Z,2026-05-27T11:26:25Z
46753,4730,4952,duet,0.517,134,2026-05-27T11:26:25Z,2026-05-27T11:26:25Z
46754,4756,4565,inspired_by,0.513,48,2026-05-27T11:26:25Z,2026-05-27T11:26:25Z
46755,4947,4800,follows,0.537,31,2026-05-27T11:26:25Z,2026-05-27T11:26:25Z
46756,4798,4908,collaborates,0.584,54,2026-05-27T11:26:25Z,2026-05-27T11:26:25Z
46757,5026,4832,mentioned,0.354,61,2026-05-27T11:26:25Z,2026-05-27T11:26:25Z
46758,4850,4713,reshared,0.934,128,2026-05-27T11:26:25Z,2026-05-27T11:26:25Z
46759,4990,4675,tagged,0.431,113,2026-05-27T11:26:25Z,2026-05-27T11:26:25Z
46760,4722,4753,duet,0.684,25,2026-05-27T11:26:25Z,2026-05-27T11:26:25Z
46761,4675,4715,inspired_by,0.571,122,2026-05-27T11:26:25Z,2026-05-27T11:26:25Z
46762,4811,4891,follows,0.882,135,2026-05-27T11:26:25Z,2026-05-27T11:26:25Z
46763,4894,4818,collaborates,0.914,185,2026-05-27T11:26:25Z,2026-05-27T11:26:25Z
46764,4981,4830,mentioned,0.556,31,2026-05-27T11:26:25Z,2026-05-27T11:26:25Z
46765,4792,4685,reshared,0.641,96,2026-05-27T11:26:25Z,2026-05-27T11:26:25Z
46766,4766,4619,tagged,0.582,51,2026-05-27T11:26:25Z,2026-05-27T11:26:25Z
46767,4876,4829,duet,0.855,39,2026-05-27T11:26:25Z,2026-05-27T11:26:25Z
46768,4664,4772,inspired_by,0.867,84,2026-05-27T11:26:25Z,2026-05-27T11:26:25Z
46769,4828,4646,follows,0.608,57,2026-05-27T11:26:25Z,2026-05-27T11:26:25Z
46770,4546,4877,collaborates,0.388,186,2026-05-27T11:26:25Z,2026-05-27T11:26:25Z
46771,4614,4933,mentioned,0.627,87,2026-05-27T11:26:25Z,2026-05-27T11:26:25Z
46772,4741,5059,reshared,0.875,1,2026-05-27T11:26:25Z,2026-05-27T11:26:25Z
46773,4896,4732,tagged,0.174,46,2026-05-27T11:26:25Z,2026-05-27T11:26:25Z
46774,4651,4843,duet,0.529,90,2026-05-27T11:26:25Z,2026-05-27T11:26:25Z
46775,4676,4683,inspired_by,0.364,110,2026-05-27T11:26:25Z,2026-05-27T11:26:25Z
46776,4887,4826,follows,0.339,113,2026-05-27T11:26:25Z,2026-05-27T11:26:25Z
46777,4715,4630,collaborates,0.763,195,2026-05-27T11:26:25Z,2026-05-27T11:26:25Z
46778,4621,4600,mentioned,0.251,157,2026-05-27T11:26:25Z,2026-05-27T11:26:25Z
46779,4588,4566,reshared,0.104,75,2026-05-27T11:26:25Z,2026-05-27T11:26:25Z
46780,4602,4960,tagged,0.532,166,2026-05-27T11:26:25Z,2026-05-27T11:26:25Z
46781,4989,4598,duet,0.245,53,2026-05-27T11:26:25Z,2026-05-27T11:26:25Z
46782,4654,5007,inspired_by,0.594,7,2026-05-27T11:26:25Z,2026-05-27T11:26:25Z
46783,4878,4767,follows,0.712,72,2026-05-27T11:26:25Z,2026-05-27T11:26:25Z
46784,4585,4886,collaborates,0.502,185,2026-05-27T11:26:25Z,2026-05-27T11:26:25Z
46785,4710,4924,mentioned,0.748,106,2026-05-27T11:26:25Z,2026-05-27T11:26:25Z
46786,4927,4933,reshared,0.18,114,2026-05-27T11:26:25Z,2026-05-27T11:26:25Z
46787,4684,4651,tagged,0.987,185,2026-05-27T11:26:25Z,2026-05-27T11:26:25Z
46788,4911,4571,duet,0.162,44,2026-05-27T11:26:25Z,2026-05-27T11:26:25Z
46789,4983,4614,inspired_by,0.893,154,2026-05-27T11:26:25Z,2026-05-27T11:26:25Z
46790,4558,4888,follows,0.925,166,2026-05-27T11:26:25Z,2026-05-27T11:26:25Z
46791,4662,4581,collaborates,0.784,72,2026-05-27T11:26:25Z,2026-05-27T11:26:25Z
46792,4833,4978,mentioned,0.332,75,2026-05-27T11:26:25Z,2026-05-27T11:26:25Z
46793,4580,4829,reshared,0.965,12,2026-05-27T11:26:25Z,2026-05-27T11:26:25Z
46794,4753,4801,tagged,0.163,2,2026-05-27T11:26:25Z,2026-05-27T11:26:25Z
46795,5020,4866,duet,0.789,53,2026-05-27T11:26:25Z,2026-05-27T11:26:25Z
46796,4688,4829,inspired_by,0.781,42,2026-05-27T11:26:25Z,2026-05-27T11:26:25Z
46797,4587,4778,follows,0.608,184,2026-05-27T11:26:25Z,2026-05-27T11:26:25Z
46798,5050,4661,collaborates,0.351,196,2026-05-27T11:26:25Z,2026-05-27T11:26:25Z
46799,4573,4669,mentioned,0.956,189,2026-05-27T11:26:25Z,2026-05-27T11:26:25Z
46800,4615,4671,reshared,0.361,195,2026-05-27T11:26:25Z,2026-05-27T11:26:25Z
46801,4950,5052,tagged,0.562,100,2026-05-27T11:26:25Z,2026-05-27T11:26:25Z
46802,4716,4773,duet,0.855,74,2026-05-27T11:26:25Z,2026-05-27T11:26:25Z
46803,4749,4864,inspired_by,0.658,157,2026-05-27T11:26:25Z,2026-05-27T11:26:25Z
46804,4997,4915,follows,0.632,132,2026-05-27T11:26:25Z,2026-05-27T11:26:25Z
46805,4621,4799,collaborates,0.954,36,2026-05-27T11:26:25Z,2026-05-27T11:26:25Z
46806,4993,4562,mentioned,0.197,183,2026-05-27T11:26:25Z,2026-05-27T11:26:25Z
46807,4970,4684,reshared,0.751,103,2026-05-27T11:26:25Z,2026-05-27T11:26:25Z
46808,4553,4715,tagged,0.864,69,2026-05-27T11:26:25Z,2026-05-27T11:26:25Z
46809,5003,4914,duet,0.305,2,2026-05-27T11:26:25Z,2026-05-27T11:26:25Z
46810,4991,4946,inspired_by,0.965,117,2026-05-27T11:26:25Z,2026-05-27T11:26:25Z
46811,4741,4767,follows,0.449,58,2026-05-27T11:26:25Z,2026-05-27T11:26:25Z
46812,4695,4620,collaborates,0.443,146,2026-05-27T11:26:25Z,2026-05-27T11:26:25Z
46813,5008,4673,mentioned,0.77,152,2026-05-27T11:26:25Z,2026-05-27T11:26:25Z
46814,4576,4958,reshared,0.165,123,2026-05-27T11:26:25Z,2026-05-27T11:26:25Z
46815,4835,4610,tagged,0.644,139,2026-05-27T11:26:25Z,2026-05-27T11:26:25Z
46816,4809,4673,duet,0.361,10,2026-05-27T11:26:25Z,2026-05-27T11:26:25Z
46817,4828,4589,inspired_by,0.974,117,2026-05-27T11:26:25Z,2026-05-27T11:26:25Z
46818,4944,4946,follows,0.228,117,2026-05-27T11:26:25Z,2026-05-27T11:26:25Z
46819,4717,4943,collaborates,0.976,128,2026-05-27T11:26:25Z,2026-05-27T11:26:25Z
46820,4607,4819,mentioned,0.447,156,2026-05-27T11:26:25Z,2026-05-27T11:26:25Z
46821,4564,4849,reshared,0.241,164,2026-05-27T11:26:25Z,2026-05-27T11:26:25Z
46822,4880,4730,tagged,0.75,160,2026-05-27T11:26:25Z,2026-05-27T11:26:25Z
46823,5018,4943,duet,0.798,15,2026-05-27T11:26:25Z,2026-05-27T11:26:25Z
46824,4604,4618,inspired_by,0.689,3,2026-05-27T11:26:25Z,2026-05-27T11:26:25Z
46825,4932,4576,follows,0.655,58,2026-05-27T11:26:25Z,2026-05-27T11:26:25Z
46826,4765,4670,collaborates,0.221,33,2026-05-27T11:26:25Z,2026-05-27T11:26:25Z
46827,4757,4795,mentioned,0.841,129,2026-05-27T11:26:25Z,2026-05-27T11:26:25Z
46828,4942,4743,reshared,0.475,68,2026-05-27T11:26:25Z,2026-05-27T11:26:25Z
46829,4800,4855,tagged,0.73,111,2026-05-27T11:26:25Z,2026-05-27T11:26:25Z
46830,4866,4545,duet,0.623,49,2026-05-27T11:26:25Z,2026-05-27T11:26:25Z
46831,4967,4954,inspired_by,0.954,21,2026-05-27T11:26:25Z,2026-05-27T11:26:25Z
46832,4704,4765,follows,0.375,179,2026-05-27T11:26:25Z,2026-05-27T11:26:25Z
46833,4582,4949,collaborates,0.946,171,2026-05-27T11:26:25Z,2026-05-27T11:26:25Z
46834,4600,5013,mentioned,0.599,128,2026-05-27T11:26:25Z,2026-05-27T11:26:25Z
46835,4617,5043,reshared,0.643,57,2026-05-27T11:26:25Z,2026-05-27T11:26:25Z
46836,5007,4898,tagged,0.484,1,2026-05-27T11:26:25Z,2026-05-27T11:26:25Z
46837,4944,4881,duet,0.372,13,2026-05-27T11:26:25Z,2026-05-27T11:26:25Z
46838,4557,4679,inspired_by,0.301,10,2026-05-27T11:26:25Z,2026-05-27T11:26:25Z
46839,4760,4708,follows,0.204,40,2026-05-27T11:26:25Z,2026-05-27T11:26:25Z
46840,4595,4683,collaborates,0.796,102,2026-05-27T11:26:25Z,2026-05-27T11:26:25Z
46841,4662,4635,mentioned,0.876,125,2026-05-27T11:26:25Z,2026-05-27T11:26:25Z
46842,4598,4898,reshared,0.59,85,2026-05-27T11:26:25Z,2026-05-27T11:26:25Z
46843,4616,4745,tagged,0.134,171,2026-05-27T11:26:25Z,2026-05-27T11:26:25Z
46844,4652,4964,duet,0.551,107,2026-05-27T11:26:25Z,2026-05-27T11:26:25Z
46845,4761,4731,inspired_by,0.111,51,2026-05-27T11:26:25Z,2026-05-27T11:26:25Z
46846,4900,4888,follows,0.432,171,2026-05-27T11:26:25Z,2026-05-27T11:26:25Z
46847,5005,4728,collaborates,0.254,127,2026-05-27T11:26:25Z,2026-05-27T11:26:25Z
46848,4830,4990,mentioned,0.693,9,2026-05-27T11:26:25Z,2026-05-27T11:26:25Z
46849,4556,4551,reshared,0.674,91,2026-05-27T11:26:25Z,2026-05-27T11:26:25Z
46850,4804,4961,tagged,0.495,141,2026-05-27T11:26:25Z,2026-05-27T11:26:25Z
46851,4692,4957,duet,0.83,128,2026-05-27T11:26:25Z,2026-05-27T11:26:25Z
46852,4605,4551,inspired_by,0.306,10,2026-05-27T11:26:25Z,2026-05-27T11:26:25Z
46853,5053,4606,follows,0.952,171,2026-05-27T11:26:25Z,2026-05-27T11:26:25Z
46854,4916,4620,collaborates,0.238,26,2026-05-27T11:26:25Z,2026-05-27T11:26:25Z
46855,4766,4733,mentioned,0.361,162,2026-05-27T11:26:25Z,2026-05-27T11:26:25Z
46856,5043,4874,reshared,0.246,188,2026-05-27T11:26:25Z,2026-05-27T11:26:25Z
46857,5041,4769,tagged,0.373,42,2026-05-27T11:26:25Z,2026-05-27T11:26:25Z
46858,5022,4772,duet,0.963,169,2026-05-27T11:26:25Z,2026-05-27T11:26:25Z
46859,4880,4835,inspired_by,0.962,136,2026-05-27T11:26:25Z,2026-05-27T11:26:25Z
46860,4983,4858,follows,0.588,106,2026-05-27T11:26:25Z,2026-05-27T11:26:25Z
46861,4661,4648,collaborates,0.682,199,2026-05-27T11:26:25Z,2026-05-27T11:26:25Z
46862,4609,4554,mentioned,0.698,33,2026-05-27T11:26:25Z,2026-05-27T11:26:25Z
46863,5047,4595,reshared,0.292,36,2026-05-27T11:26:25Z,2026-05-27T11:26:25Z
46864,4898,4958,tagged,0.378,150,2026-05-27T11:26:25Z,2026-05-27T11:26:25Z
46865,4857,4797,duet,0.975,157,2026-05-27T11:26:25Z,2026-05-27T11:26:25Z
46866,4906,4644,inspired_by,0.491,35,2026-05-27T11:26:25Z,2026-05-27T11:26:25Z
46867,4689,4623,follows,0.287,121,2026-05-27T11:26:25Z,2026-05-27T11:26:25Z
46868,4560,4911,collaborates,0.649,3,2026-05-27T11:26:25Z,2026-05-27T11:26:25Z
46869,4719,4698,mentioned,0.559,168,2026-05-27T11:26:25Z,2026-05-27T11:26:25Z
46870,5020,4933,reshared,0.998,126,2026-05-27T11:26:25Z,2026-05-27T11:26:25Z
46871,4910,4587,tagged,0.327,123,2026-05-27T11:26:25Z,2026-05-27T11:26:25Z
46872,4624,4994,duet,0.962,70,2026-05-27T11:26:25Z,2026-05-27T11:26:25Z
46873,5056,4873,inspired_by,0.723,141,2026-05-27T11:26:25Z,2026-05-27T11:26:25Z
46874,4766,4773,follows,0.57,34,2026-05-27T11:26:25Z,2026-05-27T11:26:25Z
46875,4918,4949,collaborates,0.852,137,2026-05-27T11:26:25Z,2026-05-27T11:26:25Z
46876,4556,4983,mentioned,0.263,85,2026-05-27T11:26:25Z,2026-05-27T11:26:25Z
46877,4621,4586,reshared,0.793,50,2026-05-27T11:26:25Z,2026-05-27T11:26:25Z
46878,4574,4757,tagged,0.399,32,2026-05-27T11:26:25Z,2026-05-27T11:26:25Z
46879,4946,4866,duet,0.659,51,2026-05-27T11:26:25Z,2026-05-27T11:26:25Z
46880,4674,4623,inspired_by,0.178,150,2026-05-27T11:26:25Z,2026-05-27T11:26:25Z
46881,4594,4752,follows,0.732,156,2026-05-27T11:26:25Z,2026-05-27T11:26:25Z
46882,4855,4828,collaborates,0.226,94,2026-05-27T11:26:25Z,2026-05-27T11:26:25Z
46883,4587,4828,mentioned,0.961,194,2026-05-27T11:26:25Z,2026-05-27T11:26:25Z
46884,4880,5014,reshared,0.772,81,2026-05-27T11:26:25Z,2026-05-27T11:26:25Z
46885,4887,4732,tagged,0.543,103,2026-05-27T11:26:25Z,2026-05-27T11:26:25Z
46886,4752,4701,duet,0.586,158,2026-05-27T11:26:25Z,2026-05-27T11:26:25Z
46887,4775,4854,inspired_by,0.385,147,2026-05-27T11:26:25Z,2026-05-27T11:26:25Z
46888,4771,4908,follows,0.596,113,2026-05-27T11:26:25Z,2026-05-27T11:26:25Z
46889,4930,4604,collaborates,0.787,148,2026-05-27T11:26:25Z,2026-05-27T11:26:25Z
46890,4774,4900,mentioned,0.399,67,2026-05-27T11:26:25Z,2026-05-27T11:26:25Z
46891,4796,4860,reshared,0.487,65,2026-05-27T11:26:25Z,2026-05-27T11:26:25Z
46892,4547,4904,tagged,0.372,31,2026-05-27T11:26:25Z,2026-05-27T11:26:25Z
46893,4922,4722,duet,0.73,189,2026-05-27T11:26:25Z,2026-05-27T11:26:25Z
46894,5014,4625,inspired_by,0.946,127,2026-05-27T11:26:25Z,2026-05-27T11:26:25Z
46895,4958,5008,follows,0.669,114,2026-05-27T11:26:25Z,2026-05-27T11:26:25Z
46896,4993,4582,collaborates,0.194,82,2026-05-27T11:26:25Z,2026-05-27T11:26:25Z
46897,4914,4957,mentioned,0.403,150,2026-05-27T11:26:25Z,2026-05-27T11:26:25Z
46898,4935,4872,reshared,0.841,176,2026-05-27T11:26:25Z,2026-05-27T11:26:25Z
46899,4627,4928,tagged,0.974,103,2026-05-27T11:26:25Z,2026-05-27T11:26:25Z
46900,4984,5021,duet,0.13,44,2026-05-27T11:26:25Z,2026-05-27T11:26:25Z
46901,4670,4558,inspired_by,0.986,108,2026-05-27T11:26:25Z,2026-05-27T11:26:25Z
46902,4810,4880,follows,0.862,93,2026-05-27T11:26:25Z,2026-05-27T11:26:25Z
46903,4653,4893,collaborates,0.865,149,2026-05-27T11:26:25Z,2026-05-27T11:26:25Z
46904,4847,4970,mentioned,0.486,159,2026-05-27T11:26:25Z,2026-05-27T11:26:25Z
46905,4761,4868,reshared,0.175,137,2026-05-27T11:26:25Z,2026-05-27T11:26:25Z
46906,4543,4719,tagged,0.406,91,2026-05-27T11:26:25Z,2026-05-27T11:26:25Z
46907,4741,4761,duet,0.934,39,2026-05-27T11:26:25Z,2026-05-27T11:26:25Z
46908,4813,4776,inspired_by,0.844,10,2026-05-27T11:26:25Z,2026-05-27T11:26:25Z
46909,4727,4655,follows,0.308,166,2026-05-27T11:26:25Z,2026-05-27T11:26:25Z
46910,4995,5028,collaborates,0.919,34,2026-05-27T11:26:25Z,2026-05-27T11:26:25Z
46911,5004,4807,mentioned,0.309,170,2026-05-27T11:26:25Z,2026-05-27T11:26:25Z
46912,4694,4686,reshared,0.805,92,2026-05-27T11:26:25Z,2026-05-27T11:26:25Z
46913,4755,4991,tagged,0.684,59,2026-05-27T11:26:25Z,2026-05-27T11:26:25Z
46914,4768,4796,duet,0.711,153,2026-05-27T11:26:25Z,2026-05-27T11:26:25Z
46915,4629,4701,inspired_by,0.993,173,2026-05-27T11:26:25Z,2026-05-27T11:26:25Z
46916,4546,4681,follows,0.819,147,2026-05-27T11:26:25Z,2026-05-27T11:26:25Z
46917,4722,4965,collaborates,0.564,87,2026-05-27T11:26:25Z,2026-05-27T11:26:25Z
46918,4912,4920,mentioned,0.79,94,2026-05-27T11:26:25Z,2026-05-27T11:26:25Z
46919,4561,4894,reshared,0.525,151,2026-05-27T11:26:25Z,2026-05-27T11:26:25Z
46920,4695,4607,tagged,0.592,73,2026-05-27T11:26:25Z,2026-05-27T11:26:25Z
46921,4587,4623,duet,0.395,31,2026-05-27T11:26:25Z,2026-05-27T11:26:25Z
46922,4627,4816,inspired_by,0.488,86,2026-05-27T11:26:25Z,2026-05-27T11:26:25Z
46923,4562,4554,follows,0.445,122,2026-05-27T11:26:25Z,2026-05-27T11:26:25Z
46924,4912,4913,collaborates,0.584,80,2026-05-27T11:26:25Z,2026-05-27T11:26:25Z
46925,4813,4756,mentioned,0.491,87,2026-05-27T11:26:25Z,2026-05-27T11:26:25Z
46926,4610,4993,reshared,0.3,79,2026-05-27T11:26:25Z,2026-05-27T11:26:25Z
46927,4923,4833,tagged,0.476,89,2026-05-27T11:26:25Z,2026-05-27T11:26:25Z
46928,5003,5016,duet,0.649,160,2026-05-27T11:26:25Z,2026-05-27T11:26:25Z
46929,4703,4810,inspired_by,0.144,170,2026-05-27T11:26:25Z,2026-05-27T11:26:25Z
46930,4921,5028,follows,0.328,186,2026-05-27T11:26:25Z,2026-05-27T11:26:25Z
46931,4986,4623,collaborates,0.565,10,2026-05-27T11:26:25Z,2026-05-27T11:26:25Z
46932,4663,4634,mentioned,0.743,159,2026-05-27T11:26:25Z,2026-05-27T11:26:25Z
46933,4934,4619,reshared,0.962,196,2026-05-27T11:26:25Z,2026-05-27T11:26:25Z
46934,4667,4635,tagged,0.714,142,2026-05-27T11:26:25Z,2026-05-27T11:26:25Z
46935,4633,4780,duet,0.879,5,2026-05-27T11:26:25Z,2026-05-27T11:26:25Z
46936,4666,4918,inspired_by,0.915,121,2026-05-27T11:26:25Z,2026-05-27T11:26:25Z
46937,4678,4717,follows,0.603,72,2026-05-27T11:26:25Z,2026-05-27T11:26:25Z
46938,4761,4908,collaborates,0.701,155,2026-05-27T11:26:25Z,2026-05-27T11:26:25Z
46939,4552,4804,mentioned,0.178,152,2026-05-27T11:26:25Z,2026-05-27T11:26:25Z
46940,4545,4844,reshared,0.783,47,2026-05-27T11:26:25Z,2026-05-27T11:26:25Z
46941,4756,4701,tagged,0.966,101,2026-05-27T11:26:25Z,2026-05-27T11:26:25Z
46942,4633,4901,duet,0.663,56,2026-05-27T11:26:25Z,2026-05-27T11:26:25Z
46943,4685,4718,inspired_by,0.59,86,2026-05-27T11:26:25Z,2026-05-27T11:26:25Z
46944,4863,5020,follows,0.335,144,2026-05-27T11:26:25Z,2026-05-27T11:26:25Z
46945,4682,5021,collaborates,0.323,27,2026-05-27T11:26:25Z,2026-05-27T11:26:25Z
46946,4927,4903,mentioned,0.179,31,2026-05-27T11:26:25Z,2026-05-27T11:26:25Z
46947,4881,4854,reshared,0.356,79,2026-05-27T11:26:25Z,2026-05-27T11:26:25Z
46948,4843,4981,tagged,0.688,45,2026-05-27T11:26:25Z,2026-05-27T11:26:25Z
46949,4975,4862,duet,0.863,167,2026-05-27T11:26:25Z,2026-05-27T11:26:25Z
46950,4860,4872,inspired_by,0.926,6,2026-05-27T11:26:25Z,2026-05-27T11:26:25Z
46951,4829,4617,follows,0.266,163,2026-05-27T11:26:25Z,2026-05-27T11:26:25Z
46952,4669,4597,collaborates,0.266,85,2026-05-27T11:26:25Z,2026-05-27T11:26:25Z
46953,4629,4774,mentioned,0.585,51,2026-05-27T11:26:25Z,2026-05-27T11:26:25Z
46954,4811,4595,reshared,0.994,155,2026-05-27T11:26:25Z,2026-05-27T11:26:25Z
46955,4908,4617,tagged,0.412,191,2026-05-27T11:26:25Z,2026-05-27T11:26:25Z
46956,4625,4743,duet,0.307,130,2026-05-27T11:26:25Z,2026-05-27T11:26:25Z
46957,4798,4823,inspired_by,0.481,157,2026-05-27T11:26:25Z,2026-05-27T11:26:25Z
46958,4674,4695,follows,0.29,38,2026-05-27T11:26:25Z,2026-05-27T11:26:25Z
46959,5026,4621,collaborates,0.773,50,2026-05-27T11:26:25Z,2026-05-27T11:26:25Z
46960,4864,4551,mentioned,0.39,191,2026-05-27T11:26:25Z,2026-05-27T11:26:25Z
46961,4921,4598,reshared,0.593,100,2026-05-27T11:26:25Z,2026-05-27T11:26:25Z
46962,4634,4588,tagged,0.168,65,2026-05-27T11:26:25Z,2026-05-27T11:26:25Z
46963,4791,4982,duet,0.161,1,2026-05-27T11:26:25Z,2026-05-27T11:26:25Z
46964,4719,4899,inspired_by,0.24,153,2026-05-27T11:26:25Z,2026-05-27T11:26:25Z
46965,4579,4628,follows,0.196,191,2026-05-27T11:26:25Z,2026-05-27T11:26:25Z
46966,4834,4629,collaborates,0.281,103,2026-05-27T11:26:25Z,2026-05-27T11:26:25Z
46967,4579,5045,mentioned,0.988,108,2026-05-27T11:26:25Z,2026-05-27T11:26:25Z
46968,4912,4849,reshared,0.844,148,2026-05-27T11:26:25Z,2026-05-27T11:26:25Z
46969,4593,4931,tagged,0.879,8,2026-05-27T11:26:25Z,2026-05-27T11:26:25Z
46970,4635,4775,duet,0.23,135,2026-05-27T11:26:25Z,2026-05-27T11:26:25Z
46971,4563,4864,inspired_by,0.337,96,2026-05-27T11:26:25Z,2026-05-27T11:26:25Z
46972,4981,4976,follows,0.335,190,2026-05-27T11:26:25Z,2026-05-27T11:26:25Z
46973,4606,4983,collaborates,0.6,151,2026-05-27T11:26:25Z,2026-05-27T11:26:25Z
46974,4809,4821,mentioned,0.619,108,2026-05-27T11:26:25Z,2026-05-27T11:26:25Z
46975,4683,4745,reshared,0.722,189,2026-05-27T11:26:25Z,2026-05-27T11:26:25Z
46976,4590,4791,tagged,0.691,167,2026-05-27T11:26:25Z,2026-05-27T11:26:25Z
46977,4869,4613,duet,0.728,64,2026-05-27T11:26:25Z,2026-05-27T11:26:25Z
46978,5012,4813,inspired_by,0.315,120,2026-05-27T11:26:25Z,2026-05-27T11:26:25Z
46979,4588,5054,follows,0.433,186,2026-05-27T11:26:25Z,2026-05-27T11:26:25Z
46980,4963,4956,collaborates,0.944,84,2026-05-27T11:26:25Z,2026-05-27T11:26:25Z
46981,4677,4577,mentioned,0.442,169,2026-05-27T11:26:25Z,2026-05-27T11:26:25Z
46982,4866,4980,reshared,0.409,60,2026-05-27T11:26:25Z,2026-05-27T11:26:25Z
46983,4718,4541,tagged,0.914,153,2026-05-27T11:26:25Z,2026-05-27T11:26:25Z
46984,4981,4961,duet,0.957,97,2026-05-27T11:26:25Z,2026-05-27T11:26:25Z
46985,4579,4849,inspired_by,0.801,5,2026-05-27T11:26:25Z,2026-05-27T11:26:25Z
46986,4917,4585,follows,0.336,94,2026-05-27T11:26:25Z,2026-05-27T11:26:25Z
46987,4776,5024,collaborates,0.876,51,2026-05-27T11:26:25Z,2026-05-27T11:26:25Z
46988,4761,4987,mentioned,0.725,52,2026-05-27T11:26:25Z,2026-05-27T11:26:25Z
46989,4997,5024,reshared,0.545,125,2026-05-27T11:26:25Z,2026-05-27T11:26:25Z
46990,4792,4746,tagged,0.522,74,2026-05-27T11:26:25Z,2026-05-27T11:26:25Z
46991,4959,4796,duet,0.212,20,2026-05-27T11:26:25Z,2026-05-27T11:26:25Z
46992,4675,4705,inspired_by,0.441,37,2026-05-27T11:26:25Z,2026-05-27T11:26:25Z
46993,4990,4795,follows,0.352,10,2026-05-27T11:26:25Z,2026-05-27T11:26:25Z
46994,4706,4818,collaborates,0.549,189,2026-05-27T11:26:25Z,2026-05-27T11:26:25Z
46995,4561,5028,mentioned,0.795,68,2026-05-27T11:26:25Z,2026-05-27T11:26:25Z
46996,4943,4728,reshared,0.289,174,2026-05-27T11:26:25Z,2026-05-27T11:26:25Z
46997,4848,4576,tagged,0.722,10,2026-05-27T11:26:25Z,2026-05-27T11:26:25Z
46998,4841,5027,duet,0.31,96,2026-05-27T11:26:25Z,2026-05-27T11:26:25Z
46999,4612,5003,inspired_by,0.206,58,2026-05-27T11:26:25Z,2026-05-27T11:26:25Z
47000,4956,4768,follows,0.475,181,2026-05-27T11:26:25Z,2026-05-27T11:26:25Z
47001,4824,4926,collaborates,0.36,93,2026-05-27T11:26:25Z,2026-05-27T11:26:25Z
47002,4723,5057,mentioned,0.689,85,2026-05-27T11:26:25Z,2026-05-27T11:26:25Z
47003,5011,4990,reshared,0.267,56,2026-05-27T11:26:25Z,2026-05-27T11:26:25Z
47004,4693,4633,tagged,0.431,91,2026-05-27T11:26:25Z,2026-05-27T11:26:25Z
47005,5015,4997,duet,0.613,37,2026-05-27T11:26:25Z,2026-05-27T11:26:25Z
47006,4852,4584,inspired_by,0.532,140,2026-05-27T11:26:25Z,2026-05-27T11:26:25Z
47007,4906,4918,follows,0.952,97,2026-05-27T11:26:25Z,2026-05-27T11:26:25Z
47008,5008,4953,collaborates,0.198,108,2026-05-27T11:26:25Z,2026-05-27T11:26:25Z
47009,5014,4906,mentioned,0.877,138,2026-05-27T11:26:25Z,2026-05-27T11:26:25Z
47010,4619,4709,reshared,0.967,54,2026-05-27T11:26:25Z,2026-05-27T11:26:25Z
47011,4666,4792,tagged,0.757,184,2026-05-27T11:26:25Z,2026-05-27T11:26:25Z
47012,4918,4947,duet,0.194,103,2026-05-27T11:26:25Z,2026-05-27T11:26:25Z
47013,4772,4673,inspired_by,0.436,186,2026-05-27T11:26:25Z,2026-05-27T11:26:25Z
47014,4917,4925,follows,0.239,138,2026-05-27T11:26:25Z,2026-05-27T11:26:25Z
47015,4759,4894,collaborates,0.28,69,2026-05-27T11:26:25Z,2026-05-27T11:26:25Z
47016,4604,4844,mentioned,0.981,9,2026-05-27T11:26:25Z,2026-05-27T11:26:25Z
47017,4710,4987,reshared,0.872,62,2026-05-27T11:26:25Z,2026-05-27T11:26:25Z
47018,4545,4855,tagged,0.444,66,2026-05-27T11:26:25Z,2026-05-27T11:26:25Z
47019,4831,4542,duet,0.623,27,2026-05-27T11:26:25Z,2026-05-27T11:26:25Z
47020,4812,4911,inspired_by,0.82,107,2026-05-27T11:26:25Z,2026-05-27T11:26:25Z
47021,5050,4827,follows,0.49,80,2026-05-27T11:26:25Z,2026-05-27T11:26:25Z
47022,4984,4641,collaborates,0.778,129,2026-05-27T11:26:25Z,2026-05-27T11:26:25Z
47023,4831,4625,mentioned,0.377,35,2026-05-27T11:26:25Z,2026-05-27T11:26:25Z
47024,4945,4547,reshared,0.679,121,2026-05-27T11:26:25Z,2026-05-27T11:26:25Z
47025,4704,4711,tagged,0.562,107,2026-05-27T11:26:25Z,2026-05-27T11:26:25Z
47026,4932,5031,duet,0.877,96,2026-05-27T11:26:25Z,2026-05-27T11:26:25Z
47027,4735,4662,inspired_by,0.922,73,2026-05-27T11:26:25Z,2026-05-27T11:26:25Z
47028,4616,4624,follows,0.545,161,2026-05-27T11:26:25Z,2026-05-27T11:26:25Z
47029,4745,4657,collaborates,0.507,196,2026-05-27T11:26:25Z,2026-05-27T11:26:25Z
47030,4705,4773,mentioned,0.976,4,2026-05-27T11:26:25Z,2026-05-27T11:26:25Z
47031,4583,5013,reshared,0.412,121,2026-05-27T11:26:25Z,2026-05-27T11:26:25Z
47032,5025,4655,tagged,0.857,140,2026-05-27T11:26:25Z,2026-05-27T11:26:25Z
47033,4924,4860,duet,0.425,147,2026-05-27T11:26:25Z,2026-05-27T11:26:25Z
47034,5024,4703,inspired_by,0.501,121,2026-05-27T11:26:25Z,2026-05-27T11:26:25Z
47035,4728,4644,follows,0.767,63,2026-05-27T11:26:25Z,2026-05-27T11:26:25Z
47036,4827,4819,collaborates,0.437,31,2026-05-27T11:26:25Z,2026-05-27T11:26:25Z
47037,4979,4583,mentioned,0.551,54,2026-05-27T11:26:25Z,2026-05-27T11:26:25Z
47038,5008,4634,reshared,0.196,124,2026-05-27T11:26:25Z,2026-05-27T11:26:25Z
47039,4723,5028,tagged,0.228,101,2026-05-27T11:26:25Z,2026-05-27T11:26:25Z
47040,4562,4833,duet,0.655,152,2026-05-27T11:26:25Z,2026-05-27T11:26:25Z
47041,4542,4779,inspired_by,0.989,90,2026-05-27T11:26:25Z,2026-05-27T11:26:25Z
47042,4899,4719,follows,0.96,126,2026-05-27T11:26:25Z,2026-05-27T11:26:25Z
47043,4768,5025,collaborates,0.659,38,2026-05-27T11:26:25Z,2026-05-27T11:26:25Z
47044,4598,4747,mentioned,0.542,123,2026-05-27T11:26:25Z,2026-05-27T11:26:25Z
47045,4978,4696,reshared,0.441,176,2026-05-27T11:26:25Z,2026-05-27T11:26:25Z
47046,4929,4716,tagged,0.669,69,2026-05-27T11:26:25Z,2026-05-27T11:26:25Z
47047,4966,4749,duet,0.853,89,2026-05-27T11:26:25Z,2026-05-27T11:26:25Z
47048,4766,4904,inspired_by,0.922,184,2026-05-27T11:26:25Z,2026-05-27T11:26:25Z
47049,4995,4562,follows,0.202,66,2026-05-27T11:26:25Z,2026-05-27T11:26:25Z
47050,4701,4649,collaborates,0.923,178,2026-05-27T11:26:25Z,2026-05-27T11:26:25Z
47051,4844,4888,mentioned,0.372,124,2026-05-27T11:26:25Z,2026-05-27T11:26:25Z
47052,4854,4544,reshared,0.17,100,2026-05-27T11:26:25Z,2026-05-27T11:26:25Z
47053,4589,4664,tagged,0.604,155,2026-05-27T11:26:25Z,2026-05-27T11:26:25Z
47054,4891,4860,duet,0.797,92,2026-05-27T11:26:25Z,2026-05-27T11:26:25Z
47055,4879,4892,inspired_by,0.964,132,2026-05-27T11:26:25Z,2026-05-27T11:26:25Z
47056,4891,4570,follows,0.579,31,2026-05-27T11:26:25Z,2026-05-27T11:26:25Z
47057,5014,4641,collaborates,0.352,158,2026-05-27T11:26:25Z,2026-05-27T11:26:25Z
47058,5026,4707,mentioned,0.182,87,2026-05-27T11:26:25Z,2026-05-27T11:26:25Z
47059,4681,4883,reshared,0.449,126,2026-05-27T11:26:25Z,2026-05-27T11:26:25Z
47060,4543,5049,tagged,0.78,113,2026-05-27T11:26:25Z,2026-05-27T11:26:25Z
47061,4950,4701,duet,0.913,111,2026-05-27T11:26:25Z,2026-05-27T11:26:25Z
47062,4601,4766,inspired_by,0.386,1,2026-05-27T11:26:25Z,2026-05-27T11:26:25Z
47063,4881,4761,follows,0.928,56,2026-05-27T11:26:25Z,2026-05-27T11:26:25Z
47064,4597,4942,collaborates,0.482,86,2026-05-27T11:26:25Z,2026-05-27T11:26:25Z
47065,4562,4892,mentioned,0.348,132,2026-05-27T11:26:25Z,2026-05-27T11:26:25Z
47066,4563,4575,reshared,0.694,36,2026-05-27T11:26:25Z,2026-05-27T11:26:25Z
47067,4706,4980,tagged,0.118,20,2026-05-27T11:26:25Z,2026-05-27T11:26:25Z
47068,4592,4593,duet,0.836,18,2026-05-27T11:26:25Z,2026-05-27T11:26:25Z
47069,4611,4568,inspired_by,0.808,132,2026-05-27T11:26:25Z,2026-05-27T11:26:25Z
47070,4680,4724,follows,0.379,138,2026-05-27T11:26:25Z,2026-05-27T11:26:25Z
47071,4698,4650,collaborates,0.516,44,2026-05-27T11:26:25Z,2026-05-27T11:26:25Z
47072,4580,4673,mentioned,0.381,28,2026-05-27T11:26:25Z,2026-05-27T11:26:25Z
47073,5049,5053,reshared,0.234,108,2026-05-27T11:26:25Z,2026-05-27T11:26:25Z
47074,4808,4554,tagged,0.342,170,2026-05-27T11:26:25Z,2026-05-27T11:26:25Z
47075,4925,4902,duet,0.872,99,2026-05-27T11:26:25Z,2026-05-27T11:26:25Z
47076,4854,4689,inspired_by,0.39,83,2026-05-27T11:26:25Z,2026-05-27T11:26:25Z
47077,4901,5049,follows,0.316,187,2026-05-27T11:26:25Z,2026-05-27T11:26:25Z
47078,4882,4716,collaborates,0.414,114,2026-05-27T11:26:25Z,2026-05-27T11:26:25Z
47079,4942,4558,mentioned,0.927,33,2026-05-27T11:26:25Z,2026-05-27T11:26:25Z
47080,5046,4688,reshared,0.761,145,2026-05-27T11:26:25Z,2026-05-27T11:26:25Z
47081,4867,4884,tagged,0.415,37,2026-05-27T11:26:25Z,2026-05-27T11:26:25Z
47082,5008,4716,duet,0.488,21,2026-05-27T11:26:25Z,2026-05-27T11:26:25Z
47083,5050,4852,inspired_by,0.307,106,2026-05-27T11:26:25Z,2026-05-27T11:26:25Z
47084,4611,4965,follows,0.277,21,2026-05-27T11:26:25Z,2026-05-27T11:26:25Z
47085,4650,4719,collaborates,0.517,170,2026-05-27T11:26:25Z,2026-05-27T11:26:25Z
47086,4766,4601,mentioned,0.454,172,2026-05-27T11:26:25Z,2026-05-27T11:26:25Z
47087,5027,4598,reshared,0.581,64,2026-05-27T11:26:25Z,2026-05-27T11:26:25Z
47088,4684,4718,tagged,0.354,20,2026-05-27T11:26:25Z,2026-05-27T11:26:25Z
47089,4933,5008,duet,0.116,82,2026-05-27T11:26:25Z,2026-05-27T11:26:25Z
47090,4989,4653,inspired_by,0.7,71,2026-05-27T11:26:25Z,2026-05-27T11:26:25Z
47091,4645,5051,follows,0.919,45,2026-05-27T11:26:25Z,2026-05-27T11:26:25Z
47092,5030,4889,collaborates,0.659,161,2026-05-27T11:26:25Z,2026-05-27T11:26:25Z
47093,4570,4829,mentioned,0.282,110,2026-05-27T11:26:25Z,2026-05-27T11:26:25Z
47094,4831,4912,reshared,0.387,27,2026-05-27T11:26:25Z,2026-05-27T11:26:25Z
47095,4682,4688,tagged,0.451,129,2026-05-27T11:26:25Z,2026-05-27T11:26:25Z
47096,4569,4629,duet,0.614,28,2026-05-27T11:26:25Z,2026-05-27T11:26:25Z
47097,4990,4720,inspired_by,0.771,110,2026-05-27T11:26:25Z,2026-05-27T11:26:25Z
47098,4947,4793,follows,0.132,99,2026-05-27T11:26:25Z,2026-05-27T11:26:25Z
47099,4951,4950,collaborates,0.613,161,2026-05-27T11:26:25Z,2026-05-27T11:26:25Z
47100,4730,4978,mentioned,0.127,93,2026-05-27T11:26:25Z,2026-05-27T11:26:25Z
47101,4592,4615,reshared,0.311,153,2026-05-27T11:26:25Z,2026-05-27T11:26:25Z
47102,4879,4762,tagged,0.347,46,2026-05-27T11:26:25Z,2026-05-27T11:26:25Z
47103,4661,4773,duet,0.596,85,2026-05-27T11:26:25Z,2026-05-27T11:26:25Z
47104,4913,4677,inspired_by,0.746,72,2026-05-27T11:26:25Z,2026-05-27T11:26:25Z
47105,4675,4717,follows,0.321,158,2026-05-27T11:26:25Z,2026-05-27T11:26:25Z
47106,5030,4582,collaborates,0.856,173,2026-05-27T11:26:25Z,2026-05-27T11:26:25Z
47107,4891,4725,mentioned,0.161,149,2026-05-27T11:26:25Z,2026-05-27T11:26:25Z
47108,4951,5029,reshared,0.195,10,2026-05-27T11:26:25Z,2026-05-27T11:26:25Z
47109,4906,4845,tagged,0.269,43,2026-05-27T11:26:25Z,2026-05-27T11:26:25Z
47110,4758,4695,duet,0.25,156,2026-05-27T11:26:25Z,2026-05-27T11:26:25Z
47111,4747,4676,inspired_by,0.877,8,2026-05-27T11:26:25Z,2026-05-27T11:26:25Z
47112,4954,4800,follows,0.828,55,2026-05-27T11:26:25Z,2026-05-27T11:26:25Z
47113,5049,5014,collaborates,0.417,65,2026-05-27T11:26:25Z,2026-05-27T11:26:25Z
47114,4587,4583,mentioned,0.802,31,2026-05-27T11:26:25Z,2026-05-27T11:26:25Z
47115,4961,4664,reshared,0.485,187,2026-05-27T11:26:25Z,2026-05-27T11:26:25Z
47116,4812,4712,tagged,0.279,89,2026-05-27T11:26:25Z,2026-05-27T11:26:25Z
47117,4897,5004,duet,0.427,145,2026-05-27T11:26:25Z,2026-05-27T11:26:25Z
47118,4585,4557,inspired_by,0.494,159,2026-05-27T11:26:25Z,2026-05-27T11:26:25Z
47119,4647,4609,follows,0.24,102,2026-05-27T11:26:25Z,2026-05-27T11:26:25Z
47120,4719,4828,collaborates,0.377,83,2026-05-27T11:26:25Z,2026-05-27T11:26:25Z
47121,4859,4811,mentioned,0.457,27,2026-05-27T11:26:25Z,2026-05-27T11:26:25Z
47122,4994,4716,reshared,0.809,189,2026-05-27T11:26:25Z,2026-05-27T11:26:25Z
47123,4894,4878,tagged,0.223,42,2026-05-27T11:26:25Z,2026-05-27T11:26:25Z
47124,4682,4654,duet,0.12,29,2026-05-27T11:26:25Z,2026-05-27T11:26:25Z
47125,4914,4956,inspired_by,0.955,74,2026-05-27T11:26:25Z,2026-05-27T11:26:25Z
47126,5057,4914,follows,0.599,159,2026-05-27T11:26:25Z,2026-05-27T11:26:25Z
47127,4770,4893,collaborates,0.127,74,2026-05-27T11:26:25Z,2026-05-27T11:26:25Z
47128,4670,4919,mentioned,0.803,128,2026-05-27T11:26:25Z,2026-05-27T11:26:25Z
47129,4727,4868,reshared,0.561,87,2026-05-27T11:26:25Z,2026-05-27T11:26:25Z
47130,4687,4819,tagged,0.523,110,2026-05-27T11:26:25Z,2026-05-27T11:26:25Z
47131,4726,4807,duet,0.862,187,2026-05-27T11:26:25Z,2026-05-27T11:26:25Z
47132,4556,4952,inspired_by,0.371,114,2026-05-27T11:26:25Z,2026-05-27T11:26:25Z
47133,4675,4921,follows,0.795,149,2026-05-27T11:26:25Z,2026-05-27T11:26:25Z
47134,4627,4842,collaborates,0.426,181,2026-05-27T11:26:25Z,2026-05-27T11:26:25Z
47135,4847,4599,mentioned,0.489,109,2026-05-27T11:26:25Z,2026-05-27T11:26:25Z
47136,4956,4704,reshared,0.248,23,2026-05-27T11:26:25Z,2026-05-27T11:26:25Z
47137,4750,4913,tagged,0.521,83,2026-05-27T11:26:25Z,2026-05-27T11:26:25Z
47138,4845,4646,duet,0.93,176,2026-05-27T11:26:25Z,2026-05-27T11:26:25Z
47139,4952,4925,inspired_by,0.416,135,2026-05-27T11:26:25Z,2026-05-27T11:26:25Z
47140,4810,4703,follows,0.41,151,2026-05-27T11:26:25Z,2026-05-27T11:26:25Z
47141,4560,4603,collaborates,0.248,23,2026-05-27T11:26:25Z,2026-05-27T11:26:25Z
47142,4567,4571,mentioned,0.599,46,2026-05-27T11:26:25Z,2026-05-27T11:26:25Z
47143,4794,5048,reshared,0.136,1,2026-05-27T11:26:25Z,2026-05-27T11:26:25Z
47144,4971,4901,tagged,0.938,61,2026-05-27T11:26:25Z,2026-05-27T11:26:25Z
47145,4612,4730,duet,0.23,132,2026-05-27T11:26:25Z,2026-05-27T11:26:25Z
47146,4616,4948,inspired_by,0.337,159,2026-05-27T11:26:25Z,2026-05-27T11:26:25Z
47147,4902,5026,follows,0.644,168,2026-05-27T11:26:25Z,2026-05-27T11:26:25Z
47148,4654,4615,collaborates,0.262,55,2026-05-27T11:26:25Z,2026-05-27T11:26:25Z
47149,4987,4851,mentioned,0.82,125,2026-05-27T11:26:25Z,2026-05-27T11:26:25Z
47150,4747,5050,reshared,0.131,1,2026-05-27T11:26:25Z,2026-05-27T11:26:25Z
47151,4985,4920,tagged,0.161,183,2026-05-27T11:26:25Z,2026-05-27T11:26:25Z
47152,4883,5016,duet,0.165,100,2026-05-27T11:26:25Z,2026-05-27T11:26:25Z
47153,4792,5002,inspired_by,0.135,154,2026-05-27T11:26:25Z,2026-05-27T11:26:25Z
47154,4800,4743,follows,0.728,142,2026-05-27T11:26:25Z,2026-05-27T11:26:25Z
47155,4770,4627,collaborates,0.166,21,2026-05-27T11:26:25Z,2026-05-27T11:26:25Z
47156,4974,4875,mentioned,0.36,43,2026-05-27T11:26:25Z,2026-05-27T11:26:25Z
47157,4842,4769,reshared,0.462,106,2026-05-27T11:26:25Z,2026-05-27T11:26:25Z
47158,4865,4905,tagged,0.592,123,2026-05-27T11:26:25Z,2026-05-27T11:26:25Z
47159,4621,5042,duet,0.575,142,2026-05-27T11:26:25Z,2026-05-27T11:26:25Z
47160,4760,4622,inspired_by,0.83,129,2026-05-27T11:26:25Z,2026-05-27T11:26:25Z
47161,4751,4980,follows,0.61,28,2026-05-27T11:26:25Z,2026-05-27T11:26:25Z
47162,4716,4865,collaborates,0.971,184,2026-05-27T11:26:25Z,2026-05-27T11:26:25Z
47163,4841,4796,mentioned,0.426,141,2026-05-27T11:26:25Z,2026-05-27T11:26:25Z
47164,4916,4861,reshared,0.732,163,2026-05-27T11:26:25Z,2026-05-27T11:26:25Z
47165,4897,4888,tagged,0.476,177,2026-05-27T11:26:25Z,2026-05-27T11:26:25Z
47166,4765,4862,duet,0.885,42,2026-05-27T11:26:25Z,2026-05-27T11:26:25Z
47167,4618,4548,inspired_by,0.538,146,2026-05-27T11:26:25Z,2026-05-27T11:26:25Z
47168,4683,4976,follows,0.648,105,2026-05-27T11:26:25Z,2026-05-27T11:26:25Z
47169,4699,4827,collaborates,0.849,91,2026-05-27T11:26:25Z,2026-05-27T11:26:25Z
47170,4890,5017,mentioned,0.569,165,2026-05-27T11:26:25Z,2026-05-27T11:26:25Z
47171,4697,4743,reshared,0.305,48,2026-05-27T11:26:25Z,2026-05-27T11:26:25Z
47172,4563,4928,tagged,0.985,193,2026-05-27T11:26:25Z,2026-05-27T11:26:25Z
47173,4710,4994,duet,0.926,26,2026-05-27T11:26:25Z,2026-05-27T11:26:25Z
47174,4593,4884,inspired_by,0.897,135,2026-05-27T11:26:25Z,2026-05-27T11:26:25Z
47175,4813,4585,follows,0.671,123,2026-05-27T11:26:25Z,2026-05-27T11:26:25Z
47176,5054,4933,collaborates,0.551,63,2026-05-27T11:26:25Z,2026-05-27T11:26:25Z
47177,4579,4578,mentioned,0.344,74,2026-05-27T11:26:25Z,2026-05-27T11:26:25Z
47178,4702,4576,reshared,0.464,92,2026-05-27T11:26:25Z,2026-05-27T11:26:25Z
47179,4699,4797,tagged,0.276,24,2026-05-27T11:26:25Z,2026-05-27T11:26:25Z
47180,4879,4767,duet,0.41,81,2026-05-27T11:26:25Z,2026-05-27T11:26:25Z
47181,4878,4824,inspired_by,0.497,160,2026-05-27T11:26:25Z,2026-05-27T11:26:25Z
47182,5015,4858,follows,0.995,97,2026-05-27T11:26:25Z,2026-05-27T11:26:25Z
47183,4620,4656,collaborates,0.452,140,2026-05-27T11:26:25Z,2026-05-27T11:26:25Z
47184,4893,5054,mentioned,0.901,42,2026-05-27T11:26:25Z,2026-05-27T11:26:25Z
47185,5047,4589,reshared,0.938,184,2026-05-27T11:26:25Z,2026-05-27T11:26:25Z
47186,4989,4977,tagged,0.765,124,2026-05-27T11:26:25Z,2026-05-27T11:26:25Z
47187,4986,4753,duet,0.612,94,2026-05-27T11:26:25Z,2026-05-27T11:26:25Z
47188,5012,4891,inspired_by,0.901,177,2026-05-27T11:26:25Z,2026-05-27T11:26:25Z
47189,4797,5003,follows,0.693,193,2026-05-27T11:26:25Z,2026-05-27T11:26:25Z
47190,4822,4753,collaborates,0.227,37,2026-05-27T11:26:25Z,2026-05-27T11:26:25Z
47191,4583,5052,mentioned,0.432,131,2026-05-27T11:26:25Z,2026-05-27T11:26:25Z
47192,4665,4679,reshared,0.453,122,2026-05-27T11:26:25Z,2026-05-27T11:26:25Z
47193,4801,4976,tagged,0.863,189,2026-05-27T11:26:25Z,2026-05-27T11:26:25Z
47194,4834,4996,duet,0.504,104,2026-05-27T11:26:25Z,2026-05-27T11:26:25Z
47195,4953,4624,inspired_by,0.269,83,2026-05-27T11:26:25Z,2026-05-27T11:26:25Z
47196,4616,4584,follows,0.316,135,2026-05-27T11:26:25Z,2026-05-27T11:26:25Z
47197,5057,4988,collaborates,0.333,73,2026-05-27T11:26:25Z,2026-05-27T11:26:25Z
47198,4666,4719,mentioned,0.139,32,2026-05-27T11:26:25Z,2026-05-27T11:26:25Z
47199,4685,4758,reshared,0.637,183,2026-05-27T11:26:25Z,2026-05-27T11:26:25Z
47200,5053,5060,tagged,0.206,84,2026-05-27T11:26:25Z,2026-05-27T11:26:25Z
47201,4755,4704,duet,0.15,189,2026-05-27T11:26:25Z,2026-05-27T11:26:25Z
47202,4627,4698,inspired_by,0.52,128,2026-05-27T11:26:25Z,2026-05-27T11:26:25Z
47203,4823,4916,follows,0.648,12,2026-05-27T11:26:25Z,2026-05-27T11:26:25Z
47204,4955,4765,collaborates,0.197,18,2026-05-27T11:26:25Z,2026-05-27T11:26:25Z
47205,4720,4823,mentioned,0.184,70,2026-05-27T11:26:25Z,2026-05-27T11:26:25Z
47206,4949,4586,reshared,0.384,95,2026-05-27T11:26:25Z,2026-05-27T11:26:25Z
47207,4843,4545,tagged,0.898,106,2026-05-27T11:26:25Z,2026-05-27T11:26:25Z
47208,4662,4727,duet,0.656,62,2026-05-27T11:26:25Z,2026-05-27T11:26:25Z
47209,4918,4588,inspired_by,0.546,93,2026-05-27T11:26:25Z,2026-05-27T11:26:25Z
47210,5004,4602,follows,0.459,82,2026-05-27T11:26:25Z,2026-05-27T11:26:25Z
47211,4545,4927,collaborates,0.152,141,2026-05-27T11:26:25Z,2026-05-27T11:26:25Z
47212,4588,5002,mentioned,0.763,80,2026-05-27T11:26:25Z,2026-05-27T11:26:25Z
47213,4858,4548,reshared,0.358,134,2026-05-27T11:26:25Z,2026-05-27T11:26:25Z
47214,4672,4652,tagged,0.981,135,2026-05-27T11:26:25Z,2026-05-27T11:26:25Z
47215,4625,4696,duet,0.272,195,2026-05-27T11:26:25Z,2026-05-27T11:26:25Z
47216,4906,4759,inspired_by,0.242,148,2026-05-27T11:26:25Z,2026-05-27T11:26:25Z
47217,4893,4925,follows,0.476,160,2026-05-27T11:26:25Z,2026-05-27T11:26:25Z
47218,5051,4817,collaborates,0.966,167,2026-05-27T11:26:25Z,2026-05-27T11:26:25Z
47219,4634,4681,mentioned,0.915,14,2026-05-27T11:26:25Z,2026-05-27T11:26:25Z
47220,4776,4725,reshared,0.787,42,2026-05-27T11:26:25Z,2026-05-27T11:26:25Z
47221,4751,4899,tagged,0.72,48,2026-05-27T11:26:25Z,2026-05-27T11:26:25Z
47222,4597,4869,duet,0.485,192,2026-05-27T11:26:25Z,2026-05-27T11:26:25Z
47223,4974,4798,inspired_by,0.42,111,2026-05-27T11:26:25Z,2026-05-27T11:26:25Z
47224,4689,4580,follows,0.383,141,2026-05-27T11:26:25Z,2026-05-27T11:26:25Z
47225,4806,4714,collaborates,0.338,176,2026-05-27T11:26:25Z,2026-05-27T11:26:25Z
47226,4983,4569,mentioned,0.777,177,2026-05-27T11:26:25Z,2026-05-27T11:26:25Z
47227,4551,4973,reshared,0.689,81,2026-05-27T11:26:25Z,2026-05-27T11:26:25Z
47228,4989,4545,tagged,0.999,118,2026-05-27T11:26:25Z,2026-05-27T11:26:25Z
47229,5023,4635,duet,0.806,135,2026-05-27T11:26:25Z,2026-05-27T11:26:25Z
47230,4745,4961,inspired_by,0.711,37,2026-05-27T11:26:25Z,2026-05-27T11:26:25Z
47231,4928,4893,follows,0.141,102,2026-05-27T11:26:25Z,2026-05-27T11:26:25Z
47232,4653,4851,collaborates,0.338,1,2026-05-27T11:26:25Z,2026-05-27T11:26:25Z
47233,4991,4660,mentioned,0.174,57,2026-05-27T11:26:25Z,2026-05-27T11:26:25Z
47234,4985,4723,reshared,0.124,174,2026-05-27T11:26:25Z,2026-05-27T11:26:25Z
47235,4796,4813,tagged,0.337,42,2026-05-27T11:26:25Z,2026-05-27T11:26:25Z
47236,4874,4885,duet,0.798,181,2026-05-27T11:26:25Z,2026-05-27T11:26:25Z
47237,4572,4593,inspired_by,0.749,30,2026-05-27T11:26:25Z,2026-05-27T11:26:25Z
47238,4796,5002,follows,0.606,164,2026-05-27T11:26:25Z,2026-05-27T11:26:25Z
47239,4904,4594,collaborates,0.162,177,2026-05-27T11:26:25Z,2026-05-27T11:26:25Z
47240,4732,4832,mentioned,0.218,64,2026-05-27T11:26:25Z,2026-05-27T11:26:25Z
47241,4697,4546,reshared,0.307,84,2026-05-27T11:26:25Z,2026-05-27T11:26:25Z
47242,4718,4648,tagged,0.468,79,2026-05-27T11:26:25Z,2026-05-27T11:26:25Z
47243,4579,4671,duet,0.203,117,2026-05-27T11:26:25Z,2026-05-27T11:26:25Z
47244,5005,5053,inspired_by,0.433,85,2026-05-27T11:26:25Z,2026-05-27T11:26:25Z
47245,4559,4625,follows,0.926,69,2026-05-27T11:26:25Z,2026-05-27T11:26:25Z
47246,4877,4642,collaborates,0.424,65,2026-05-27T11:26:25Z,2026-05-27T11:26:25Z
47247,4543,5027,mentioned,0.908,177,2026-05-27T11:26:25Z,2026-05-27T11:26:25Z
47248,4844,4924,reshared,0.962,195,2026-05-27T11:26:25Z,2026-05-27T11:26:25Z
47249,4885,4900,tagged,0.339,93,2026-05-27T11:26:25Z,2026-05-27T11:26:25Z
47250,4766,5046,duet,0.141,76,2026-05-27T11:26:25Z,2026-05-27T11:26:25Z
47251,4549,4562,inspired_by,0.396,100,2026-05-27T11:26:25Z,2026-05-27T11:26:25Z
47252,4730,4631,follows,0.248,187,2026-05-27T11:26:25Z,2026-05-27T11:26:25Z
47253,4598,4634,collaborates,0.76,101,2026-05-27T11:26:25Z,2026-05-27T11:26:25Z
47254,4604,4549,mentioned,0.653,151,2026-05-27T11:26:25Z,2026-05-27T11:26:25Z
47255,4768,4962,reshared,0.137,116,2026-05-27T11:26:25Z,2026-05-27T11:26:25Z
47256,4806,4679,tagged,0.998,123,2026-05-27T11:26:25Z,2026-05-27T11:26:25Z
47257,4781,4978,duet,0.56,94,2026-05-27T11:26:25Z,2026-05-27T11:26:25Z
47258,4977,4985,inspired_by,0.967,9,2026-05-27T11:26:25Z,2026-05-27T11:26:25Z
47259,4941,4892,follows,0.67,138,2026-05-27T11:26:25Z,2026-05-27T11:26:25Z
47260,4655,4861,collaborates,0.273,98,2026-05-27T11:26:25Z,2026-05-27T11:26:25Z
47261,5005,4812,mentioned,0.345,14,2026-05-27T11:26:25Z,2026-05-27T11:26:25Z
47262,4856,4911,reshared,0.597,139,2026-05-27T11:26:25Z,2026-05-27T11:26:25Z
47263,4905,4704,tagged,0.464,159,2026-05-27T11:26:25Z,2026-05-27T11:26:25Z
47264,4878,4744,duet,0.267,159,2026-05-27T11:26:25Z,2026-05-27T11:26:25Z
47265,4683,5016,inspired_by,0.81,107,2026-05-27T11:26:25Z,2026-05-27T11:26:25Z
47266,4558,5031,follows,0.312,30,2026-05-27T11:26:25Z,2026-05-27T11:26:25Z
47267,4885,4694,collaborates,0.964,81,2026-05-27T11:26:25Z,2026-05-27T11:26:25Z
47268,5000,4965,mentioned,0.717,133,2026-05-27T11:26:25Z,2026-05-27T11:26:25Z
47269,4549,5057,reshared,0.261,39,2026-05-27T11:26:25Z,2026-05-27T11:26:25Z
47270,4815,4676,tagged,0.776,62,2026-05-27T11:26:25Z,2026-05-27T11:26:25Z
47271,4629,4904,duet,0.654,50,2026-05-27T11:26:25Z,2026-05-27T11:26:25Z
47272,4924,4917,inspired_by,0.143,189,2026-05-27T11:26:25Z,2026-05-27T11:26:25Z
47273,4659,5056,follows,0.927,182,2026-05-27T11:26:25Z,2026-05-27T11:26:25Z
47274,4804,4918,collaborates,0.231,108,2026-05-27T11:26:25Z,2026-05-27T11:26:25Z
47275,5022,4593,mentioned,0.612,135,2026-05-27T11:26:25Z,2026-05-27T11:26:25Z
47276,4724,4881,reshared,0.71,113,2026-05-27T11:26:25Z,2026-05-27T11:26:25Z
47277,4583,5021,tagged,0.477,69,2026-05-27T11:26:25Z,2026-05-27T11:26:25Z
47278,4828,4965,duet,0.608,22,2026-05-27T11:26:25Z,2026-05-27T11:26:25Z
47279,4697,4552,inspired_by,0.235,166,2026-05-27T11:26:25Z,2026-05-27T11:26:25Z
47280,4587,5000,follows,0.699,48,2026-05-27T11:26:25Z,2026-05-27T11:26:25Z
47281,4802,4649,collaborates,0.153,54,2026-05-27T11:26:25Z,2026-05-27T11:26:25Z
47282,4862,4694,mentioned,0.981,113,2026-05-27T11:26:25Z,2026-05-27T11:26:25Z
47283,4553,4734,reshared,0.913,15,2026-05-27T11:26:25Z,2026-05-27T11:26:25Z
47284,4983,4612,tagged,0.67,5,2026-05-27T11:26:25Z,2026-05-27T11:26:25Z
47285,4908,4553,duet,0.316,189,2026-05-27T11:26:25Z,2026-05-27T11:26:25Z
47286,4584,4616,inspired_by,0.69,149,2026-05-27T11:26:25Z,2026-05-27T11:26:25Z
47287,5010,4659,follows,0.879,180,2026-05-27T11:26:25Z,2026-05-27T11:26:25Z
47288,4707,4621,collaborates,0.686,35,2026-05-27T11:26:25Z,2026-05-27T11:26:25Z
47289,4669,5043,mentioned,0.581,70,2026-05-27T11:26:25Z,2026-05-27T11:26:25Z
47290,4924,4634,reshared,0.515,59,2026-05-27T11:26:25Z,2026-05-27T11:26:25Z
47291,4955,4805,tagged,0.462,153,2026-05-27T11:26:25Z,2026-05-27T11:26:25Z
47292,4818,4581,duet,0.287,61,2026-05-27T11:26:25Z,2026-05-27T11:26:25Z
47293,4714,5056,inspired_by,0.79,130,2026-05-27T11:26:25Z,2026-05-27T11:26:25Z
47294,4578,4758,follows,0.741,83,2026-05-27T11:26:25Z,2026-05-27T11:26:25Z
47295,4824,4766,collaborates,0.331,199,2026-05-27T11:26:25Z,2026-05-27T11:26:25Z
47296,4685,4907,mentioned,0.37,174,2026-05-27T11:26:25Z,2026-05-27T11:26:25Z
47297,4847,5019,reshared,0.362,76,2026-05-27T11:26:25Z,2026-05-27T11:26:25Z
47298,4687,4633,tagged,0.578,137,2026-05-27T11:26:25Z,2026-05-27T11:26:25Z
47299,4761,4554,duet,0.823,60,2026-05-27T11:26:25Z,2026-05-27T11:26:25Z
47300,4820,4601,inspired_by,0.367,72,2026-05-27T11:26:25Z,2026-05-27T11:26:25Z
47301,4878,5044,follows,0.933,197,2026-05-27T11:26:25Z,2026-05-27T11:26:25Z
47302,4729,4925,collaborates,0.258,13,2026-05-27T11:26:25Z,2026-05-27T11:26:25Z
47303,4833,4828,mentioned,0.995,181,2026-05-27T11:26:25Z,2026-05-27T11:26:25Z
47304,4547,4808,reshared,0.745,183,2026-05-27T11:26:25Z,2026-05-27T11:26:25Z
47305,5030,4677,tagged,0.218,199,2026-05-27T11:26:25Z,2026-05-27T11:26:25Z
47306,4733,4994,duet,0.465,19,2026-05-27T11:26:25Z,2026-05-27T11:26:25Z
47307,4755,4616,inspired_by,0.666,151,2026-05-27T11:26:25Z,2026-05-27T11:26:25Z
47308,5016,4694,follows,0.997,137,2026-05-27T11:26:25Z,2026-05-27T11:26:25Z
47309,4746,4681,collaborates,0.348,153,2026-05-27T11:26:25Z,2026-05-27T11:26:25Z
47310,4679,4972,mentioned,0.779,50,2026-05-27T11:26:25Z,2026-05-27T11:26:25Z
47311,4879,4610,reshared,0.314,95,2026-05-27T11:26:25Z,2026-05-27T11:26:25Z
47312,4560,4896,tagged,0.446,74,2026-05-27T11:26:25Z,2026-05-27T11:26:25Z
47313,4954,4647,duet,0.903,58,2026-05-27T11:26:25Z,2026-05-27T11:26:25Z
47314,4711,4827,inspired_by,0.432,163,2026-05-27T11:26:25Z,2026-05-27T11:26:25Z
47315,5026,5011,follows,0.932,34,2026-05-27T11:26:25Z,2026-05-27T11:26:25Z
47316,5031,4676,collaborates,0.122,107,2026-05-27T11:26:25Z,2026-05-27T11:26:25Z
47317,4697,4553,mentioned,0.702,46,2026-05-27T11:26:25Z,2026-05-27T11:26:25Z
47318,4876,5008,reshared,0.259,92,2026-05-27T11:26:25Z,2026-05-27T11:26:25Z
47319,4872,4545,tagged,0.824,139,2026-05-27T11:26:25Z,2026-05-27T11:26:25Z
47320,4721,4930,duet,0.237,37,2026-05-27T11:26:25Z,2026-05-27T11:26:25Z
47321,4602,4765,inspired_by,0.832,11,2026-05-27T11:26:25Z,2026-05-27T11:26:25Z
47322,4604,4969,follows,0.568,80,2026-05-27T11:26:25Z,2026-05-27T11:26:25Z
47323,5002,4576,collaborates,0.171,28,2026-05-27T11:26:25Z,2026-05-27T11:26:25Z
47324,4677,4866,reshared,0.119,103,2026-05-27T11:26:25Z,2026-05-27T11:26:25Z
47325,4810,4920,tagged,0.577,198,2026-05-27T11:26:25Z,2026-05-27T11:26:25Z
47326,4796,4857,duet,0.522,30,2026-05-27T11:26:25Z,2026-05-27T11:26:25Z
47327,4573,5009,inspired_by,0.891,122,2026-05-27T11:26:25Z,2026-05-27T11:26:25Z
47328,4854,4760,follows,0.726,139,2026-05-27T11:26:25Z,2026-05-27T11:26:25Z
47329,4972,4584,collaborates,0.194,33,2026-05-27T11:26:25Z,2026-05-27T11:26:25Z
47330,4746,4663,mentioned,0.88,92,2026-05-27T11:26:25Z,2026-05-27T11:26:25Z
47331,4950,4656,reshared,0.688,141,2026-05-27T11:26:25Z,2026-05-27T11:26:25Z
47332,4669,4805,tagged,0.511,171,2026-05-27T11:26:25Z,2026-05-27T11:26:25Z
47333,4795,4998,duet,0.944,118,2026-05-27T11:26:25Z,2026-05-27T11:26:25Z
47334,4782,4675,inspired_by,0.297,114,2026-05-27T11:26:25Z,2026-05-27T11:26:25Z
47335,4894,4859,follows,0.393,164,2026-05-27T11:26:25Z,2026-05-27T11:26:25Z
47336,4854,4775,collaborates,0.45,103,2026-05-27T11:26:25Z,2026-05-27T11:26:25Z
47337,4573,4618,mentioned,0.802,96,2026-05-27T11:26:25Z,2026-05-27T11:26:25Z
47338,4891,4583,reshared,0.205,75,2026-05-27T11:26:25Z,2026-05-27T11:26:25Z
47339,4589,4835,tagged,0.119,90,2026-05-27T11:26:25Z,2026-05-27T11:26:25Z
47340,4816,4906,duet,0.148,22,2026-05-27T11:26:25Z,2026-05-27T11:26:25Z
47341,4727,4971,inspired_by,0.316,179,2026-05-27T11:26:25Z,2026-05-27T11:26:25Z
47342,4587,5001,follows,0.161,186,2026-05-27T11:26:25Z,2026-05-27T11:26:25Z
47343,4871,4697,collaborates,0.98,97,2026-05-27T11:26:25Z,2026-05-27T11:26:25Z
47344,4868,4652,mentioned,0.274,129,2026-05-27T11:26:25Z,2026-05-27T11:26:25Z
47345,4653,4964,reshared,0.157,98,2026-05-27T11:26:25Z,2026-05-27T11:26:25Z
47346,4698,4604,tagged,0.492,181,2026-05-27T11:26:25Z,2026-05-27T11:26:25Z
47347,4648,4804,duet,0.321,27,2026-05-27T11:26:25Z,2026-05-27T11:26:25Z
47348,5021,4793,inspired_by,0.132,109,2026-05-27T11:26:25Z,2026-05-27T11:26:25Z
47349,5014,4724,follows,0.953,85,2026-05-27T11:26:25Z,2026-05-27T11:26:25Z
47350,4702,4617,collaborates,0.329,10,2026-05-27T11:26:25Z,2026-05-27T11:26:25Z
47351,4642,4755,mentioned,0.588,143,2026-05-27T11:26:26Z,2026-05-27T11:26:26Z
47352,4765,4857,reshared,0.633,96,2026-05-27T11:26:26Z,2026-05-27T11:26:26Z
47353,4725,5027,tagged,0.298,38,2026-05-27T11:26:26Z,2026-05-27T11:26:26Z
47354,4694,4570,duet,0.804,173,2026-05-27T11:26:26Z,2026-05-27T11:26:26Z
47355,4669,4727,inspired_by,0.567,187,2026-05-27T11:26:26Z,2026-05-27T11:26:26Z
47356,4758,4827,follows,0.581,156,2026-05-27T11:26:26Z,2026-05-27T11:26:26Z
47357,4824,4584,collaborates,0.597,94,2026-05-27T11:26:26Z,2026-05-27T11:26:26Z
47358,4707,5043,mentioned,0.94,36,2026-05-27T11:26:26Z,2026-05-27T11:26:26Z
47359,4745,4967,reshared,0.598,26,2026-05-27T11:26:26Z,2026-05-27T11:26:26Z
47360,4630,4966,tagged,0.379,66,2026-05-27T11:26:26Z,2026-05-27T11:26:26Z
47361,4862,4865,duet,0.917,190,2026-05-27T11:26:26Z,2026-05-27T11:26:26Z
47362,4835,4690,inspired_by,0.977,44,2026-05-27T11:26:26Z,2026-05-27T11:26:26Z
47363,4816,4988,follows,0.403,171,2026-05-27T11:26:26Z,2026-05-27T11:26:26Z
47364,4742,4652,collaborates,0.592,44,2026-05-27T11:26:26Z,2026-05-27T11:26:26Z
47365,4548,4812,mentioned,0.611,178,2026-05-27T11:26:26Z,2026-05-27T11:26:26Z
47366,4574,5051,reshared,0.159,19,2026-05-27T11:26:26Z,2026-05-27T11:26:26Z
47367,4877,5019,tagged,0.371,36,2026-05-27T11:26:26Z,2026-05-27T11:26:26Z
47368,4690,4795,duet,0.348,37,2026-05-27T11:26:26Z,2026-05-27T11:26:26Z
47369,4614,4884,inspired_by,0.459,34,2026-05-27T11:26:26Z,2026-05-27T11:26:26Z
47370,4566,4989,follows,0.959,197,2026-05-27T11:26:26Z,2026-05-27T11:26:26Z
47371,4908,4758,collaborates,0.287,134,2026-05-27T11:26:26Z,2026-05-27T11:26:26Z
47372,4989,5000,mentioned,0.873,81,2026-05-27T11:26:26Z,2026-05-27T11:26:26Z
47373,5000,4919,reshared,0.81,43,2026-05-27T11:26:26Z,2026-05-27T11:26:26Z
47374,4609,4778,tagged,0.373,86,2026-05-27T11:26:26Z,2026-05-27T11:26:26Z
47375,4652,4831,duet,0.698,179,2026-05-27T11:26:26Z,2026-05-27T11:26:26Z
47376,4945,4741,inspired_by,0.89,185,2026-05-27T11:26:26Z,2026-05-27T11:26:26Z
47377,4889,5004,follows,0.203,133,2026-05-27T11:26:26Z,2026-05-27T11:26:26Z
47378,4813,4847,collaborates,0.755,72,2026-05-27T11:26:26Z,2026-05-27T11:26:26Z
47379,4834,5058,mentioned,0.477,162,2026-05-27T11:26:26Z,2026-05-27T11:26:26Z
47380,4812,4893,reshared,0.116,26,2026-05-27T11:26:26Z,2026-05-27T11:26:26Z
47381,5010,4973,tagged,0.94,198,2026-05-27T11:26:26Z,2026-05-27T11:26:26Z
47382,4730,4934,duet,0.332,118,2026-05-27T11:26:26Z,2026-05-27T11:26:26Z
47383,4798,4678,inspired_by,0.825,182,2026-05-27T11:26:26Z,2026-05-27T11:26:26Z
47384,4904,4959,follows,0.438,13,2026-05-27T11:26:26Z,2026-05-27T11:26:26Z
47385,4776,4817,collaborates,0.79,180,2026-05-27T11:26:26Z,2026-05-27T11:26:26Z
47386,4952,4662,mentioned,0.154,182,2026-05-27T11:26:26Z,2026-05-27T11:26:26Z
47387,4993,4768,reshared,0.24,178,2026-05-27T11:26:26Z,2026-05-27T11:26:26Z
47388,4658,4702,tagged,0.203,197,2026-05-27T11:26:26Z,2026-05-27T11:26:26Z
47389,4654,4921,duet,0.886,70,2026-05-27T11:26:26Z,2026-05-27T11:26:26Z
47390,4578,4848,inspired_by,0.976,49,2026-05-27T11:26:26Z,2026-05-27T11:26:26Z
47391,4686,4952,follows,0.867,67,2026-05-27T11:26:26Z,2026-05-27T11:26:26Z
47392,4586,4958,collaborates,0.766,194,2026-05-27T11:26:26Z,2026-05-27T11:26:26Z
47393,4802,4852,mentioned,0.806,9,2026-05-27T11:26:26Z,2026-05-27T11:26:26Z
47394,4890,4954,reshared,0.193,109,2026-05-27T11:26:26Z,2026-05-27T11:26:26Z
47395,4615,4902,tagged,0.51,12,2026-05-27T11:26:26Z,2026-05-27T11:26:26Z
47396,4610,4623,duet,0.22,150,2026-05-27T11:26:26Z,2026-05-27T11:26:26Z
47397,4963,4796,inspired_by,0.682,163,2026-05-27T11:26:26Z,2026-05-27T11:26:26Z
47398,4959,4798,follows,0.521,80,2026-05-27T11:26:26Z,2026-05-27T11:26:26Z
47399,4999,4561,collaborates,0.265,72,2026-05-27T11:26:26Z,2026-05-27T11:26:26Z
47400,4811,5052,mentioned,0.258,98,2026-05-27T11:26:26Z,2026-05-27T11:26:26Z
47401,4997,4800,reshared,0.587,63,2026-05-27T11:26:26Z,2026-05-27T11:26:26Z
47402,4650,4825,tagged,0.611,140,2026-05-27T11:26:26Z,2026-05-27T11:26:26Z
47403,4890,4815,duet,0.779,112,2026-05-27T11:26:26Z,2026-05-27T11:26:26Z
47404,4669,4821,inspired_by,0.728,80,2026-05-27T11:26:26Z,2026-05-27T11:26:26Z
47405,4925,4869,follows,0.766,137,2026-05-27T11:26:26Z,2026-05-27T11:26:26Z
47406,4812,4841,collaborates,0.391,157,2026-05-27T11:26:26Z,2026-05-27T11:26:26Z
47407,4714,4986,mentioned,0.282,47,2026-05-27T11:26:26Z,2026-05-27T11:26:26Z
47408,4732,4960,reshared,0.939,28,2026-05-27T11:26:26Z,2026-05-27T11:26:26Z
47409,4930,4961,tagged,0.173,4,2026-05-27T11:26:26Z,2026-05-27T11:26:26Z
47410,4998,4558,duet,0.533,175,2026-05-27T11:26:26Z,2026-05-27T11:26:26Z
47411,4604,4624,inspired_by,0.82,181,2026-05-27T11:26:26Z,2026-05-27T11:26:26Z
47412,4934,4683,follows,0.266,89,2026-05-27T11:26:26Z,2026-05-27T11:26:26Z
47413,4973,4959,collaborates,0.771,198,2026-05-27T11:26:26Z,2026-05-27T11:26:26Z
47414,4717,4986,mentioned,0.296,165,2026-05-27T11:26:26Z,2026-05-27T11:26:26Z
47415,4742,5014,reshared,0.481,59,2026-05-27T11:26:26Z,2026-05-27T11:26:26Z
47416,4669,4658,tagged,0.772,19,2026-05-27T11:26:26Z,2026-05-27T11:26:26Z
47417,4822,4631,duet,0.737,184,2026-05-27T11:26:26Z,2026-05-27T11:26:26Z
47418,4549,4849,inspired_by,0.237,138,2026-05-27T11:26:26Z,2026-05-27T11:26:26Z
47419,4910,4958,follows,0.761,70,2026-05-27T11:26:26Z,2026-05-27T11:26:26Z
47420,4803,4866,collaborates,0.294,24,2026-05-27T11:26:26Z,2026-05-27T11:26:26Z
47421,4609,4666,mentioned,0.354,71,2026-05-27T11:26:26Z,2026-05-27T11:26:26Z
47422,4722,4797,reshared,0.175,174,2026-05-27T11:26:26Z,2026-05-27T11:26:26Z
47423,4744,4845,tagged,0.83,33,2026-05-27T11:26:26Z,2026-05-27T11:26:26Z
47424,4555,4844,duet,0.615,29,2026-05-27T11:26:26Z,2026-05-27T11:26:26Z
47425,4877,4669,inspired_by,0.336,158,2026-05-27T11:26:26Z,2026-05-27T11:26:26Z
47426,4873,4832,follows,0.911,61,2026-05-27T11:26:26Z,2026-05-27T11:26:26Z
47427,4717,4941,collaborates,0.468,27,2026-05-27T11:26:26Z,2026-05-27T11:26:26Z
47428,5024,4986,mentioned,0.985,132,2026-05-27T11:26:26Z,2026-05-27T11:26:26Z
47429,4602,4801,reshared,0.94,197,2026-05-27T11:26:26Z,2026-05-27T11:26:26Z
47430,4945,4689,tagged,0.29,115,2026-05-27T11:26:26Z,2026-05-27T11:26:26Z
47431,4707,5059,duet,0.744,14,2026-05-27T11:26:26Z,2026-05-27T11:26:26Z
47432,4568,4704,inspired_by,0.269,92,2026-05-27T11:26:26Z,2026-05-27T11:26:26Z
47433,4544,4719,follows,0.52,80,2026-05-27T11:26:26Z,2026-05-27T11:26:26Z
47434,4598,4888,collaborates,0.543,110,2026-05-27T11:26:26Z,2026-05-27T11:26:26Z
47435,4579,4753,mentioned,0.158,29,2026-05-27T11:26:26Z,2026-05-27T11:26:26Z
47436,4750,4657,reshared,0.385,86,2026-05-27T11:26:26Z,2026-05-27T11:26:26Z
47437,4663,5004,tagged,0.85,104,2026-05-27T11:26:26Z,2026-05-27T11:26:26Z
47438,4907,4847,duet,0.642,140,2026-05-27T11:26:26Z,2026-05-27T11:26:26Z
47439,4894,5019,inspired_by,0.66,192,2026-05-27T11:26:26Z,2026-05-27T11:26:26Z
47440,5058,5047,follows,0.371,60,2026-05-27T11:26:26Z,2026-05-27T11:26:26Z
47441,4642,4846,collaborates,0.585,170,2026-05-27T11:26:26Z,2026-05-27T11:26:26Z
47442,4863,4919,mentioned,0.141,141,2026-05-27T11:26:26Z,2026-05-27T11:26:26Z
47443,5002,4986,reshared,0.407,84,2026-05-27T11:26:26Z,2026-05-27T11:26:26Z
47444,4588,4678,tagged,0.121,81,2026-05-27T11:26:26Z,2026-05-27T11:26:26Z
47445,4967,4730,duet,0.686,140,2026-05-27T11:26:26Z,2026-05-27T11:26:26Z
47446,4995,4555,inspired_by,0.244,157,2026-05-27T11:26:26Z,2026-05-27T11:26:26Z
47447,4602,4852,follows,0.821,197,2026-05-27T11:26:26Z,2026-05-27T11:26:26Z
47448,4575,4773,collaborates,0.479,50,2026-05-27T11:26:26Z,2026-05-27T11:26:26Z
47449,4699,4864,mentioned,0.931,111,2026-05-27T11:26:26Z,2026-05-27T11:26:26Z
47450,4721,4969,reshared,0.995,49,2026-05-27T11:26:26Z,2026-05-27T11:26:26Z
47451,4961,5004,tagged,0.411,103,2026-05-27T11:26:26Z,2026-05-27T11:26:26Z
47452,4631,4698,duet,0.333,117,2026-05-27T11:26:26Z,2026-05-27T11:26:26Z
47453,4934,4904,inspired_by,0.543,193,2026-05-27T11:26:26Z,2026-05-27T11:26:26Z
47454,4596,4811,follows,0.593,105,2026-05-27T11:26:26Z,2026-05-27T11:26:26Z
47455,4693,4754,collaborates,0.398,81,2026-05-27T11:26:26Z,2026-05-27T11:26:26Z
47456,4661,4968,mentioned,0.802,169,2026-05-27T11:26:26Z,2026-05-27T11:26:26Z
47457,4874,4726,reshared,0.237,90,2026-05-27T11:26:26Z,2026-05-27T11:26:26Z
47458,4960,4802,tagged,0.469,127,2026-05-27T11:26:26Z,2026-05-27T11:26:26Z
47459,4950,5012,duet,0.653,160,2026-05-27T11:26:26Z,2026-05-27T11:26:26Z
47460,4702,4619,inspired_by,0.917,124,2026-05-27T11:26:26Z,2026-05-27T11:26:26Z
47461,4947,4954,follows,0.248,139,2026-05-27T11:26:26Z,2026-05-27T11:26:26Z
47462,4671,4845,collaborates,0.129,159,2026-05-27T11:26:26Z,2026-05-27T11:26:26Z
47463,4728,4994,mentioned,0.525,116,2026-05-27T11:26:26Z,2026-05-27T11:26:26Z
47464,4573,4727,reshared,0.467,121,2026-05-27T11:26:26Z,2026-05-27T11:26:26Z
47465,4666,4715,tagged,0.783,88,2026-05-27T11:26:26Z,2026-05-27T11:26:26Z
47466,4791,4687,duet,0.821,82,2026-05-27T11:26:26Z,2026-05-27T11:26:26Z
47467,4646,4584,inspired_by,0.858,114,2026-05-27T11:26:26Z,2026-05-27T11:26:26Z
47468,5056,4898,follows,0.832,168,2026-05-27T11:26:26Z,2026-05-27T11:26:26Z
47469,4712,4932,collaborates,0.674,181,2026-05-27T11:26:26Z,2026-05-27T11:26:26Z
47470,4982,4886,mentioned,0.313,22,2026-05-27T11:26:26Z,2026-05-27T11:26:26Z
47471,4906,4723,reshared,0.835,33,2026-05-27T11:26:26Z,2026-05-27T11:26:26Z
47472,4704,4777,tagged,0.802,66,2026-05-27T11:26:26Z,2026-05-27T11:26:26Z
47473,5006,4975,duet,0.368,120,2026-05-27T11:26:26Z,2026-05-27T11:26:26Z
47474,4557,4706,inspired_by,0.122,11,2026-05-27T11:26:26Z,2026-05-27T11:26:26Z
47475,4626,4956,follows,0.136,159,2026-05-27T11:26:26Z,2026-05-27T11:26:26Z
47476,4851,4751,collaborates,0.431,67,2026-05-27T11:26:26Z,2026-05-27T11:26:26Z
47477,4809,4570,mentioned,0.613,42,2026-05-27T11:26:26Z,2026-05-27T11:26:26Z
47478,4541,4805,reshared,0.532,122,2026-05-27T11:26:26Z,2026-05-27T11:26:26Z
47479,4687,4696,tagged,0.635,72,2026-05-27T11:26:26Z,2026-05-27T11:26:26Z
47480,4669,4579,duet,0.861,185,2026-05-27T11:26:26Z,2026-05-27T11:26:26Z
47481,4769,4569,inspired_by,0.297,23,2026-05-27T11:26:26Z,2026-05-27T11:26:26Z
47482,4601,4603,follows,0.161,75,2026-05-27T11:26:26Z,2026-05-27T11:26:26Z
47483,4633,4997,collaborates,0.345,166,2026-05-27T11:26:26Z,2026-05-27T11:26:26Z
47484,4866,4961,mentioned,0.32,154,2026-05-27T11:26:26Z,2026-05-27T11:26:26Z
47485,4580,4748,reshared,0.185,81,2026-05-27T11:26:26Z,2026-05-27T11:26:26Z
47486,4821,4998,tagged,0.13,69,2026-05-27T11:26:26Z,2026-05-27T11:26:26Z
47487,4578,4657,duet,0.315,60,2026-05-27T11:26:26Z,2026-05-27T11:26:26Z
47488,4842,4806,inspired_by,0.945,88,2026-05-27T11:26:26Z,2026-05-27T11:26:26Z
47489,4627,5027,follows,0.145,63,2026-05-27T11:26:26Z,2026-05-27T11:26:26Z
47490,4661,4815,collaborates,0.677,5,2026-05-27T11:26:26Z,2026-05-27T11:26:26Z
47491,4577,4728,mentioned,0.454,132,2026-05-27T11:26:26Z,2026-05-27T11:26:26Z
47492,4752,4676,reshared,0.116,28,2026-05-27T11:26:26Z,2026-05-27T11:26:26Z
47493,4867,4749,tagged,0.579,111,2026-05-27T11:26:26Z,2026-05-27T11:26:26Z
47494,4882,4622,duet,0.229,52,2026-05-27T11:26:26Z,2026-05-27T11:26:26Z
47495,4982,4971,inspired_by,0.262,80,2026-05-27T11:26:26Z,2026-05-27T11:26:26Z
47496,4894,4718,follows,0.346,193,2026-05-27T11:26:26Z,2026-05-27T11:26:26Z
47497,4686,4694,collaborates,0.579,110,2026-05-27T11:26:26Z,2026-05-27T11:26:26Z
47498,4722,4863,mentioned,0.548,19,2026-05-27T11:26:26Z,2026-05-27T11:26:26Z
47499,4844,4819,reshared,0.203,148,2026-05-27T11:26:26Z,2026-05-27T11:26:26Z
47500,5010,4812,tagged,0.75,51,2026-05-27T11:26:26Z,2026-05-27T11:26:26Z
47501,4964,4731,duet,0.988,98,2026-05-27T11:26:26Z,2026-05-27T11:26:26Z
47502,4593,4798,inspired_by,0.483,136,2026-05-27T11:26:26Z,2026-05-27T11:26:26Z
47503,4967,5017,follows,0.967,42,2026-05-27T11:26:26Z,2026-05-27T11:26:26Z
47504,4720,4710,collaborates,0.427,89,2026-05-27T11:26:26Z,2026-05-27T11:26:26Z
47505,4998,5058,mentioned,0.201,39,2026-05-27T11:26:26Z,2026-05-27T11:26:26Z
47506,5030,4599,reshared,0.397,30,2026-05-27T11:26:26Z,2026-05-27T11:26:26Z
47507,4745,4587,tagged,0.557,16,2026-05-27T11:26:26Z,2026-05-27T11:26:26Z
47508,4886,4990,duet,0.676,192,2026-05-27T11:26:26Z,2026-05-27T11:26:26Z
47509,4899,4603,inspired_by,0.289,6,2026-05-27T11:26:26Z,2026-05-27T11:26:26Z
47510,4870,4801,follows,0.739,1,2026-05-27T11:26:26Z,2026-05-27T11:26:26Z
47511,4730,4778,collaborates,0.847,6,2026-05-27T11:26:26Z,2026-05-27T11:26:26Z
47512,4570,4959,mentioned,0.209,73,2026-05-27T11:26:26Z,2026-05-27T11:26:26Z
47513,4928,4665,reshared,0.277,7,2026-05-27T11:26:26Z,2026-05-27T11:26:26Z
47514,4813,4894,tagged,0.392,58,2026-05-27T11:26:26Z,2026-05-27T11:26:26Z
47515,4624,4630,duet,0.664,73,2026-05-27T11:26:26Z,2026-05-27T11:26:26Z
47516,4720,4920,inspired_by,0.224,183,2026-05-27T11:26:26Z,2026-05-27T11:26:26Z
47517,4875,4753,follows,0.344,133,2026-05-27T11:26:26Z,2026-05-27T11:26:26Z
47518,4669,5016,collaborates,0.536,9,2026-05-27T11:26:26Z,2026-05-27T11:26:26Z
47519,4732,4562,mentioned,0.687,57,2026-05-27T11:26:26Z,2026-05-27T11:26:26Z
47520,4547,4963,reshared,0.117,64,2026-05-27T11:26:26Z,2026-05-27T11:26:26Z
47521,4988,5051,tagged,0.181,2,2026-05-27T11:26:26Z,2026-05-27T11:26:26Z
47522,4660,5031,duet,0.176,62,2026-05-27T11:26:26Z,2026-05-27T11:26:26Z
47523,4753,4586,inspired_by,0.159,55,2026-05-27T11:26:26Z,2026-05-27T11:26:26Z
47524,4581,4941,follows,0.453,49,2026-05-27T11:26:26Z,2026-05-27T11:26:26Z
47525,5022,4972,collaborates,0.994,37,2026-05-27T11:26:26Z,2026-05-27T11:26:26Z
47526,4972,4857,mentioned,0.648,4,2026-05-27T11:26:26Z,2026-05-27T11:26:26Z
47527,4651,4976,reshared,0.258,180,2026-05-27T11:26:26Z,2026-05-27T11:26:26Z
47528,5012,4974,tagged,0.484,141,2026-05-27T11:26:26Z,2026-05-27T11:26:26Z
47529,4606,4901,duet,0.651,21,2026-05-27T11:26:26Z,2026-05-27T11:26:26Z
47530,4627,4876,inspired_by,0.488,133,2026-05-27T11:26:26Z,2026-05-27T11:26:26Z
47531,4717,4855,follows,0.295,41,2026-05-27T11:26:26Z,2026-05-27T11:26:26Z
47532,4967,4622,collaborates,0.448,2,2026-05-27T11:26:26Z,2026-05-27T11:26:26Z
47533,4761,4855,mentioned,0.585,62,2026-05-27T11:26:26Z,2026-05-27T11:26:26Z
47534,4946,4917,reshared,0.344,29,2026-05-27T11:26:26Z,2026-05-27T11:26:26Z
47535,4829,4858,tagged,0.771,107,2026-05-27T11:26:26Z,2026-05-27T11:26:26Z
47536,4584,4556,duet,0.307,25,2026-05-27T11:26:26Z,2026-05-27T11:26:26Z
47537,4831,4797,inspired_by,0.796,81,2026-05-27T11:26:26Z,2026-05-27T11:26:26Z
47538,4708,4593,follows,0.645,171,2026-05-27T11:26:26Z,2026-05-27T11:26:26Z
47539,4691,4793,collaborates,0.919,13,2026-05-27T11:26:26Z,2026-05-27T11:26:26Z
47540,4858,4864,mentioned,0.38,53,2026-05-27T11:26:26Z,2026-05-27T11:26:26Z
47541,4969,4714,reshared,0.354,52,2026-05-27T11:26:26Z,2026-05-27T11:26:26Z
47542,4989,4749,tagged,0.236,53,2026-05-27T11:26:26Z,2026-05-27T11:26:26Z
47543,5024,4847,duet,0.558,115,2026-05-27T11:26:26Z,2026-05-27T11:26:26Z
47544,4955,4793,inspired_by,0.823,157,2026-05-27T11:26:26Z,2026-05-27T11:26:26Z
47545,4621,5049,follows,0.954,149,2026-05-27T11:26:26Z,2026-05-27T11:26:26Z
47546,4751,4754,collaborates,0.981,166,2026-05-27T11:26:26Z,2026-05-27T11:26:26Z
47547,4827,4582,mentioned,0.959,14,2026-05-27T11:26:26Z,2026-05-27T11:26:26Z
47548,4983,4864,reshared,0.234,150,2026-05-27T11:26:26Z,2026-05-27T11:26:26Z
47549,4973,4804,tagged,0.653,101,2026-05-27T11:26:26Z,2026-05-27T11:26:26Z
47550,4754,4582,duet,0.288,30,2026-05-27T11:26:26Z,2026-05-27T11:26:26Z
47551,4725,4592,inspired_by,0.338,111,2026-05-27T11:26:26Z,2026-05-27T11:26:26Z
47552,4776,4758,follows,0.689,102,2026-05-27T11:26:26Z,2026-05-27T11:26:26Z
47553,4543,4726,collaborates,0.874,63,2026-05-27T11:26:26Z,2026-05-27T11:26:26Z
47554,4587,4566,mentioned,0.401,21,2026-05-27T11:26:26Z,2026-05-27T11:26:26Z
47555,4760,4902,reshared,0.44,144,2026-05-27T11:26:26Z,2026-05-27T11:26:26Z
47556,4857,4624,tagged,0.737,86,2026-05-27T11:26:26Z,2026-05-27T11:26:26Z
47557,4546,4696,duet,0.394,185,2026-05-27T11:26:26Z,2026-05-27T11:26:26Z
47558,4704,4881,inspired_by,0.566,72,2026-05-27T11:26:26Z,2026-05-27T11:26:26Z
47559,4646,5022,follows,0.917,41,2026-05-27T11:26:26Z,2026-05-27T11:26:26Z
47560,4621,4823,collaborates,0.799,154,2026-05-27T11:26:26Z,2026-05-27T11:26:26Z
47561,4829,4767,mentioned,0.466,83,2026-05-27T11:26:26Z,2026-05-27T11:26:26Z
47562,4908,4667,reshared,0.549,81,2026-05-27T11:26:26Z,2026-05-27T11:26:26Z
47563,4967,4781,tagged,0.438,98,2026-05-27T11:26:26Z,2026-05-27T11:26:26Z
47564,4802,4915,duet,0.559,158,2026-05-27T11:26:26Z,2026-05-27T11:26:26Z
47565,4762,4972,inspired_by,0.896,141,2026-05-27T11:26:26Z,2026-05-27T11:26:26Z
47566,4541,4807,follows,0.576,21,2026-05-27T11:26:26Z,2026-05-27T11:26:26Z
47567,4962,4851,collaborates,0.496,126,2026-05-27T11:26:26Z,2026-05-27T11:26:26Z
47568,4661,4877,mentioned,0.918,8,2026-05-27T11:26:26Z,2026-05-27T11:26:26Z
47569,4557,4631,reshared,0.741,166,2026-05-27T11:26:26Z,2026-05-27T11:26:26Z
47570,4908,4794,tagged,0.919,89,2026-05-27T11:26:26Z,2026-05-27T11:26:26Z
47571,5041,5050,duet,0.43,193,2026-05-27T11:26:26Z,2026-05-27T11:26:26Z
47572,4549,4945,inspired_by,0.846,25,2026-05-27T11:26:26Z,2026-05-27T11:26:26Z
47573,4720,4605,follows,0.599,176,2026-05-27T11:26:26Z,2026-05-27T11:26:26Z
47574,5045,4689,collaborates,0.819,3,2026-05-27T11:26:26Z,2026-05-27T11:26:26Z
47575,4682,4965,mentioned,0.88,167,2026-05-27T11:26:26Z,2026-05-27T11:26:26Z
47576,4822,4762,reshared,0.588,156,2026-05-27T11:26:26Z,2026-05-27T11:26:26Z
47577,4777,4915,tagged,0.511,135,2026-05-27T11:26:26Z,2026-05-27T11:26:26Z
47578,4741,4961,duet,0.61,8,2026-05-27T11:26:26Z,2026-05-27T11:26:26Z
47579,4933,4688,inspired_by,0.634,170,2026-05-27T11:26:26Z,2026-05-27T11:26:26Z
47580,4721,4857,follows,0.82,98,2026-05-27T11:26:26Z,2026-05-27T11:26:26Z
47581,5060,4695,collaborates,0.522,12,2026-05-27T11:26:26Z,2026-05-27T11:26:26Z
47582,4649,4698,mentioned,0.577,103,2026-05-27T11:26:26Z,2026-05-27T11:26:26Z
47583,4603,4765,reshared,0.281,59,2026-05-27T11:26:26Z,2026-05-27T11:26:26Z
47584,4900,4952,tagged,0.312,184,2026-05-27T11:26:26Z,2026-05-27T11:26:26Z
47585,4681,4921,duet,0.908,143,2026-05-27T11:26:26Z,2026-05-27T11:26:26Z
47586,4966,4951,inspired_by,0.751,98,2026-05-27T11:26:26Z,2026-05-27T11:26:26Z
47587,4632,4968,follows,0.254,17,2026-05-27T11:26:26Z,2026-05-27T11:26:26Z
47588,4755,4704,collaborates,0.229,190,2026-05-27T11:26:26Z,2026-05-27T11:26:26Z
47589,4834,4805,mentioned,0.443,137,2026-05-27T11:26:26Z,2026-05-27T11:26:26Z
47590,4801,4959,reshared,0.875,40,2026-05-27T11:26:26Z,2026-05-27T11:26:26Z
47591,4584,4599,tagged,0.484,81,2026-05-27T11:26:26Z,2026-05-27T11:26:26Z
47592,4843,4935,duet,0.835,29,2026-05-27T11:26:26Z,2026-05-27T11:26:26Z
47593,4982,4608,inspired_by,0.717,20,2026-05-27T11:26:26Z,2026-05-27T11:26:26Z
47594,5060,4849,follows,0.168,10,2026-05-27T11:26:26Z,2026-05-27T11:26:26Z
47595,4894,4981,collaborates,0.624,195,2026-05-27T11:26:26Z,2026-05-27T11:26:26Z
47596,4685,4670,mentioned,0.627,130,2026-05-27T11:26:26Z,2026-05-27T11:26:26Z
47597,4893,4761,reshared,0.495,162,2026-05-27T11:26:26Z,2026-05-27T11:26:26Z
47598,4797,4823,tagged,0.127,79,2026-05-27T11:26:26Z,2026-05-27T11:26:26Z
47599,4578,4559,duet,0.817,118,2026-05-27T11:26:26Z,2026-05-27T11:26:26Z
47600,4983,4770,inspired_by,0.259,16,2026-05-27T11:26:26Z,2026-05-27T11:26:26Z
47601,4760,4596,follows,0.787,181,2026-05-27T11:26:26Z,2026-05-27T11:26:26Z
47602,4942,4950,collaborates,0.203,23,2026-05-27T11:26:26Z,2026-05-27T11:26:26Z
47603,4657,4995,mentioned,0.818,125,2026-05-27T11:26:26Z,2026-05-27T11:26:26Z
47604,4924,4981,reshared,0.313,176,2026-05-27T11:26:26Z,2026-05-27T11:26:26Z
47605,4864,4743,tagged,0.402,167,2026-05-27T11:26:26Z,2026-05-27T11:26:26Z
47606,4542,4967,duet,0.348,49,2026-05-27T11:26:26Z,2026-05-27T11:26:26Z
47607,4710,4902,inspired_by,0.216,199,2026-05-27T11:26:26Z,2026-05-27T11:26:26Z
47608,4912,5000,follows,0.29,30,2026-05-27T11:26:26Z,2026-05-27T11:26:26Z
47609,4962,4726,collaborates,0.316,188,2026-05-27T11:26:26Z,2026-05-27T11:26:26Z
47610,4793,4777,mentioned,0.415,198,2026-05-27T11:26:26Z,2026-05-27T11:26:26Z
47611,4643,4830,reshared,0.333,168,2026-05-27T11:26:26Z,2026-05-27T11:26:26Z
47612,4813,4616,tagged,0.31,164,2026-05-27T11:26:26Z,2026-05-27T11:26:26Z
47613,4844,4665,duet,0.427,84,2026-05-27T11:26:26Z,2026-05-27T11:26:26Z
47614,4713,4751,inspired_by,0.994,169,2026-05-27T11:26:26Z,2026-05-27T11:26:26Z
47615,4631,4881,follows,0.137,101,2026-05-27T11:26:26Z,2026-05-27T11:26:26Z
47616,4643,5012,collaborates,0.701,65,2026-05-27T11:26:26Z,2026-05-27T11:26:26Z
47617,5015,4949,mentioned,0.461,183,2026-05-27T11:26:26Z,2026-05-27T11:26:26Z
47618,4592,4543,reshared,0.197,167,2026-05-27T11:26:26Z,2026-05-27T11:26:26Z
47619,4578,4820,tagged,0.946,103,2026-05-27T11:26:26Z,2026-05-27T11:26:26Z
47620,4558,4613,duet,0.242,190,2026-05-27T11:26:26Z,2026-05-27T11:26:26Z
47621,4575,4866,inspired_by,0.686,187,2026-05-27T11:26:26Z,2026-05-27T11:26:26Z
47622,4906,4994,follows,0.811,165,2026-05-27T11:26:26Z,2026-05-27T11:26:26Z
47623,4679,4894,collaborates,0.921,9,2026-05-27T11:26:26Z,2026-05-27T11:26:26Z
47624,4642,4852,mentioned,0.29,130,2026-05-27T11:26:26Z,2026-05-27T11:26:26Z
47625,4626,4854,reshared,0.802,152,2026-05-27T11:26:26Z,2026-05-27T11:26:26Z
47626,4756,4596,tagged,0.779,18,2026-05-27T11:26:26Z,2026-05-27T11:26:26Z
47627,4545,4942,duet,0.594,89,2026-05-27T11:26:26Z,2026-05-27T11:26:26Z
47628,4856,4698,inspired_by,0.355,176,2026-05-27T11:26:26Z,2026-05-27T11:26:26Z
47629,4860,4688,follows,0.259,121,2026-05-27T11:26:26Z,2026-05-27T11:26:26Z
47630,4712,4957,collaborates,0.655,92,2026-05-27T11:26:26Z,2026-05-27T11:26:26Z
47631,4862,4848,mentioned,0.7,197,2026-05-27T11:26:26Z,2026-05-27T11:26:26Z
47632,4995,4781,reshared,0.574,164,2026-05-27T11:26:26Z,2026-05-27T11:26:26Z
47633,4587,4746,tagged,0.36,50,2026-05-27T11:26:26Z,2026-05-27T11:26:26Z
47634,4602,4678,duet,0.604,122,2026-05-27T11:26:26Z,2026-05-27T11:26:26Z
47635,4963,4922,inspired_by,0.256,6,2026-05-27T11:26:26Z,2026-05-27T11:26:26Z
47636,4832,4776,follows,0.903,98,2026-05-27T11:26:26Z,2026-05-27T11:26:26Z
47637,4803,4620,collaborates,0.619,48,2026-05-27T11:26:26Z,2026-05-27T11:26:26Z
47638,4933,4885,mentioned,0.376,175,2026-05-27T11:26:26Z,2026-05-27T11:26:26Z
47639,4711,5004,reshared,0.624,199,2026-05-27T11:26:26Z,2026-05-27T11:26:26Z
47640,4800,4931,tagged,0.493,69,2026-05-27T11:26:26Z,2026-05-27T11:26:26Z
47641,4763,4693,duet,0.497,8,2026-05-27T11:26:26Z,2026-05-27T11:26:26Z
47642,5046,4678,inspired_by,0.426,36,2026-05-27T11:26:26Z,2026-05-27T11:26:26Z
47643,4999,4592,follows,0.446,12,2026-05-27T11:26:26Z,2026-05-27T11:26:26Z
47644,4746,4825,collaborates,0.271,121,2026-05-27T11:26:26Z,2026-05-27T11:26:26Z
47645,4691,4767,mentioned,0.149,117,2026-05-27T11:26:26Z,2026-05-27T11:26:26Z
47646,5026,4778,reshared,0.286,195,2026-05-27T11:26:26Z,2026-05-27T11:26:26Z
47647,4748,4973,tagged,0.187,98,2026-05-27T11:26:26Z,2026-05-27T11:26:26Z
47648,4718,4705,duet,0.299,24,2026-05-27T11:26:26Z,2026-05-27T11:26:26Z
47649,4916,4908,inspired_by,0.832,176,2026-05-27T11:26:26Z,2026-05-27T11:26:26Z
47650,4843,5048,follows,0.807,95,2026-05-27T11:26:26Z,2026-05-27T11:26:26Z
47651,4968,4768,collaborates,0.69,51,2026-05-27T11:26:26Z,2026-05-27T11:26:26Z
47652,4824,4934,mentioned,0.393,174,2026-05-27T11:26:26Z,2026-05-27T11:26:26Z
47653,4709,4853,reshared,0.457,29,2026-05-27T11:26:26Z,2026-05-27T11:26:26Z
47654,4974,5013,tagged,0.817,18,2026-05-27T11:26:26Z,2026-05-27T11:26:26Z
47655,5043,5049,duet,0.257,6,2026-05-27T11:26:26Z,2026-05-27T11:26:26Z
47656,4819,4559,inspired_by,0.846,60,2026-05-27T11:26:26Z,2026-05-27T11:26:26Z
47657,4666,4654,follows,0.306,133,2026-05-27T11:26:26Z,2026-05-27T11:26:26Z
47658,4671,4730,collaborates,0.851,190,2026-05-27T11:26:26Z,2026-05-27T11:26:26Z
47659,4651,4663,mentioned,0.513,151,2026-05-27T11:26:26Z,2026-05-27T11:26:26Z
47660,5043,4602,reshared,0.746,63,2026-05-27T11:26:26Z,2026-05-27T11:26:26Z
47661,4687,4963,tagged,0.166,92,2026-05-27T11:26:26Z,2026-05-27T11:26:26Z
47662,4960,4598,duet,0.252,72,2026-05-27T11:26:26Z,2026-05-27T11:26:26Z
47663,4828,4664,inspired_by,0.218,92,2026-05-27T11:26:26Z,2026-05-27T11:26:26Z
47664,4909,4774,follows,0.9,68,2026-05-27T11:26:26Z,2026-05-27T11:26:26Z
47665,4992,4697,collaborates,0.393,96,2026-05-27T11:26:26Z,2026-05-27T11:26:26Z
47666,4632,4905,mentioned,0.404,27,2026-05-27T11:26:26Z,2026-05-27T11:26:26Z
47667,5019,4698,reshared,0.481,167,2026-05-27T11:26:26Z,2026-05-27T11:26:26Z
47668,4696,4983,tagged,0.914,65,2026-05-27T11:26:26Z,2026-05-27T11:26:26Z
47669,4695,4886,duet,0.54,141,2026-05-27T11:26:26Z,2026-05-27T11:26:26Z
47670,4832,4881,inspired_by,0.57,126,2026-05-27T11:26:26Z,2026-05-27T11:26:26Z
47671,4701,4920,follows,0.428,190,2026-05-27T11:26:26Z,2026-05-27T11:26:26Z
47672,4985,4804,collaborates,0.202,188,2026-05-27T11:26:26Z,2026-05-27T11:26:26Z
47673,4914,4549,mentioned,0.218,168,2026-05-27T11:26:26Z,2026-05-27T11:26:26Z
47674,4812,4683,reshared,0.688,124,2026-05-27T11:26:26Z,2026-05-27T11:26:26Z
47675,4807,4677,tagged,0.656,11,2026-05-27T11:26:26Z,2026-05-27T11:26:26Z
47676,4542,4875,duet,0.435,52,2026-05-27T11:26:26Z,2026-05-27T11:26:26Z
47677,4723,5043,inspired_by,0.844,163,2026-05-27T11:26:26Z,2026-05-27T11:26:26Z
47678,4818,4726,follows,0.758,98,2026-05-27T11:26:26Z,2026-05-27T11:26:26Z
47679,4874,4905,collaborates,0.603,184,2026-05-27T11:26:26Z,2026-05-27T11:26:26Z
47680,4814,4579,mentioned,0.69,141,2026-05-27T11:26:26Z,2026-05-27T11:26:26Z
47681,4688,4584,reshared,0.891,23,2026-05-27T11:26:26Z,2026-05-27T11:26:26Z
47682,4971,4996,tagged,0.46,94,2026-05-27T11:26:26Z,2026-05-27T11:26:26Z
47683,4729,4630,duet,0.745,158,2026-05-27T11:26:26Z,2026-05-27T11:26:26Z
47684,4851,4776,inspired_by,0.203,172,2026-05-27T11:26:26Z,2026-05-27T11:26:26Z
47685,4553,4544,follows,0.593,128,2026-05-27T11:26:26Z,2026-05-27T11:26:26Z
47686,4865,4624,collaborates,0.809,114,2026-05-27T11:26:26Z,2026-05-27T11:26:26Z
47687,4541,4842,mentioned,0.282,198,2026-05-27T11:26:26Z,2026-05-27T11:26:26Z
47688,4725,4584,reshared,0.368,58,2026-05-27T11:26:26Z,2026-05-27T11:26:26Z
47689,4610,4623,tagged,0.948,28,2026-05-27T11:26:26Z,2026-05-27T11:26:26Z
47690,4707,4869,duet,0.662,84,2026-05-27T11:26:26Z,2026-05-27T11:26:26Z
47691,4978,4677,inspired_by,0.839,135,2026-05-27T11:26:26Z,2026-05-27T11:26:26Z
47692,4677,4726,follows,0.449,4,2026-05-27T11:26:26Z,2026-05-27T11:26:26Z
47693,4581,4673,collaborates,0.545,47,2026-05-27T11:26:26Z,2026-05-27T11:26:26Z
47694,4730,4755,mentioned,0.83,132,2026-05-27T11:26:26Z,2026-05-27T11:26:26Z
47695,4807,4618,reshared,0.69,123,2026-05-27T11:26:26Z,2026-05-27T11:26:26Z
47696,4879,4659,tagged,0.119,48,2026-05-27T11:26:26Z,2026-05-27T11:26:26Z
47697,4650,4994,duet,0.244,23,2026-05-27T11:26:26Z,2026-05-27T11:26:26Z
47698,4803,4945,inspired_by,0.281,143,2026-05-27T11:26:26Z,2026-05-27T11:26:26Z
47699,4630,4993,follows,0.823,196,2026-05-27T11:26:26Z,2026-05-27T11:26:26Z
47700,4756,4946,collaborates,0.657,67,2026-05-27T11:26:26Z,2026-05-27T11:26:26Z
47701,4847,4857,mentioned,0.43,162,2026-05-27T11:26:26Z,2026-05-27T11:26:26Z
47702,4967,4986,reshared,0.34,85,2026-05-27T11:26:26Z,2026-05-27T11:26:26Z
47703,5015,4703,tagged,0.26,147,2026-05-27T11:26:26Z,2026-05-27T11:26:26Z
47704,5051,4558,duet,0.246,108,2026-05-27T11:26:26Z,2026-05-27T11:26:26Z
47705,4559,4606,inspired_by,0.771,47,2026-05-27T11:26:26Z,2026-05-27T11:26:26Z
47706,4995,4609,follows,0.138,151,2026-05-27T11:26:26Z,2026-05-27T11:26:26Z
47707,4991,4907,collaborates,0.21,4,2026-05-27T11:26:26Z,2026-05-27T11:26:26Z
47708,4722,4896,mentioned,0.679,75,2026-05-27T11:26:26Z,2026-05-27T11:26:26Z
47709,4543,4676,reshared,0.613,126,2026-05-27T11:26:26Z,2026-05-27T11:26:26Z
47710,4817,4716,tagged,0.713,198,2026-05-27T11:26:26Z,2026-05-27T11:26:26Z
47711,4642,4589,duet,0.511,42,2026-05-27T11:26:26Z,2026-05-27T11:26:26Z
47712,5003,4627,inspired_by,0.655,110,2026-05-27T11:26:26Z,2026-05-27T11:26:26Z
47713,4588,4616,follows,0.603,17,2026-05-27T11:26:26Z,2026-05-27T11:26:26Z
47714,4950,4776,collaborates,0.107,83,2026-05-27T11:26:26Z,2026-05-27T11:26:26Z
47715,4834,4742,mentioned,0.792,71,2026-05-27T11:26:26Z,2026-05-27T11:26:26Z
47716,4778,4892,reshared,0.835,17,2026-05-27T11:26:26Z,2026-05-27T11:26:26Z
47717,4567,4828,tagged,0.64,161,2026-05-27T11:26:26Z,2026-05-27T11:26:26Z
47718,4699,4545,duet,0.949,199,2026-05-27T11:26:26Z,2026-05-27T11:26:26Z
47719,4709,4774,inspired_by,0.51,159,2026-05-27T11:26:26Z,2026-05-27T11:26:26Z
47720,4868,4776,follows,0.281,85,2026-05-27T11:26:26Z,2026-05-27T11:26:26Z
47721,4907,4717,collaborates,0.567,65,2026-05-27T11:26:26Z,2026-05-27T11:26:26Z
47722,4577,4603,mentioned,0.843,24,2026-05-27T11:26:26Z,2026-05-27T11:26:26Z
47723,4894,4682,reshared,0.665,30,2026-05-27T11:26:26Z,2026-05-27T11:26:26Z
47724,5029,4985,tagged,0.388,183,2026-05-27T11:26:26Z,2026-05-27T11:26:26Z
47725,5060,4962,duet,0.577,7,2026-05-27T11:26:26Z,2026-05-27T11:26:26Z
47726,4553,4647,inspired_by,0.63,95,2026-05-27T11:26:26Z,2026-05-27T11:26:26Z
47727,5042,4934,follows,0.719,86,2026-05-27T11:26:26Z,2026-05-27T11:26:26Z
47728,4772,4769,collaborates,0.916,179,2026-05-27T11:26:26Z,2026-05-27T11:26:26Z
47729,4895,4706,mentioned,0.199,31,2026-05-27T11:26:26Z,2026-05-27T11:26:26Z
47730,4889,4626,reshared,0.15,173,2026-05-27T11:26:26Z,2026-05-27T11:26:26Z
47731,4635,4730,tagged,0.623,124,2026-05-27T11:26:26Z,2026-05-27T11:26:26Z
47732,4975,4953,duet,0.379,93,2026-05-27T11:26:26Z,2026-05-27T11:26:26Z
47733,4611,4951,inspired_by,0.456,173,2026-05-27T11:26:26Z,2026-05-27T11:26:26Z
47734,4980,5057,follows,0.885,172,2026-05-27T11:26:26Z,2026-05-27T11:26:26Z
47735,4853,5055,collaborates,0.38,198,2026-05-27T11:26:26Z,2026-05-27T11:26:26Z
47736,4877,4772,mentioned,0.199,76,2026-05-27T11:26:26Z,2026-05-27T11:26:26Z
47737,4826,4995,reshared,0.388,67,2026-05-27T11:26:26Z,2026-05-27T11:26:26Z
47738,4585,4627,tagged,0.902,134,2026-05-27T11:26:26Z,2026-05-27T11:26:26Z
47739,4693,4919,duet,0.101,1,2026-05-27T11:26:26Z,2026-05-27T11:26:26Z
47740,4550,5026,inspired_by,0.264,104,2026-05-27T11:26:26Z,2026-05-27T11:26:26Z
47741,4723,4701,follows,0.866,180,2026-05-27T11:26:26Z,2026-05-27T11:26:26Z
47742,4751,4818,collaborates,0.425,199,2026-05-27T11:26:26Z,2026-05-27T11:26:26Z
47743,4935,4929,mentioned,0.447,17,2026-05-27T11:26:26Z,2026-05-27T11:26:26Z
47744,5056,4601,reshared,0.829,131,2026-05-27T11:26:26Z,2026-05-27T11:26:26Z
47745,4713,4595,tagged,0.296,44,2026-05-27T11:26:26Z,2026-05-27T11:26:26Z
47746,4743,4546,duet,0.548,38,2026-05-27T11:26:26Z,2026-05-27T11:26:26Z
47747,4900,4699,inspired_by,0.757,12,2026-05-27T11:26:26Z,2026-05-27T11:26:26Z
47748,4778,4753,follows,0.757,156,2026-05-27T11:26:26Z,2026-05-27T11:26:26Z
47749,5052,4911,collaborates,0.889,87,2026-05-27T11:26:26Z,2026-05-27T11:26:26Z
47750,4831,4641,mentioned,0.467,191,2026-05-27T11:26:26Z,2026-05-27T11:26:26Z
47751,4842,4615,reshared,0.686,4,2026-05-27T11:26:26Z,2026-05-27T11:26:26Z
47752,4967,4583,tagged,0.322,178,2026-05-27T11:26:26Z,2026-05-27T11:26:26Z
47753,4577,4926,duet,0.531,30,2026-05-27T11:26:26Z,2026-05-27T11:26:26Z
47754,4807,5056,inspired_by,0.116,35,2026-05-27T11:26:26Z,2026-05-27T11:26:26Z
47755,4969,4641,follows,0.186,71,2026-05-27T11:26:26Z,2026-05-27T11:26:26Z
47756,4854,4915,collaborates,0.597,48,2026-05-27T11:26:26Z,2026-05-27T11:26:26Z
47757,4628,4988,mentioned,0.644,153,2026-05-27T11:26:26Z,2026-05-27T11:26:26Z
47758,4857,4590,reshared,0.536,157,2026-05-27T11:26:26Z,2026-05-27T11:26:26Z
47759,4767,4552,tagged,0.891,133,2026-05-27T11:26:26Z,2026-05-27T11:26:26Z
47760,4879,4679,duet,0.771,160,2026-05-27T11:26:26Z,2026-05-27T11:26:26Z
47761,4779,4575,inspired_by,0.796,169,2026-05-27T11:26:26Z,2026-05-27T11:26:26Z
47762,4844,4883,follows,0.638,72,2026-05-27T11:26:26Z,2026-05-27T11:26:26Z
47763,4543,4816,collaborates,0.85,139,2026-05-27T11:26:26Z,2026-05-27T11:26:26Z
47764,4682,5044,mentioned,0.623,186,2026-05-27T11:26:26Z,2026-05-27T11:26:26Z
47765,4607,4643,reshared,0.339,184,2026-05-27T11:26:26Z,2026-05-27T11:26:26Z
47766,4753,4910,tagged,0.731,138,2026-05-27T11:26:26Z,2026-05-27T11:26:26Z
47767,4984,4809,duet,0.285,56,2026-05-27T11:26:26Z,2026-05-27T11:26:26Z
47768,4695,4649,inspired_by,0.124,181,2026-05-27T11:26:26Z,2026-05-27T11:26:26Z
47769,4848,4858,follows,0.907,172,2026-05-27T11:26:26Z,2026-05-27T11:26:26Z
47770,5057,4671,collaborates,0.878,189,2026-05-27T11:26:26Z,2026-05-27T11:26:26Z
47771,4818,4983,mentioned,0.798,63,2026-05-27T11:26:26Z,2026-05-27T11:26:26Z
47772,4862,4973,reshared,0.789,62,2026-05-27T11:26:26Z,2026-05-27T11:26:26Z
47773,4686,5013,tagged,0.154,16,2026-05-27T11:26:26Z,2026-05-27T11:26:26Z
47774,4731,4705,duet,0.388,28,2026-05-27T11:26:26Z,2026-05-27T11:26:26Z
47775,5010,4745,inspired_by,0.663,40,2026-05-27T11:26:26Z,2026-05-27T11:26:26Z
47776,4596,4967,follows,0.641,12,2026-05-27T11:26:26Z,2026-05-27T11:26:26Z
47777,4984,4963,collaborates,0.217,189,2026-05-27T11:26:26Z,2026-05-27T11:26:26Z
47778,4897,4831,mentioned,0.645,92,2026-05-27T11:26:26Z,2026-05-27T11:26:26Z
47779,4817,4854,reshared,0.286,106,2026-05-27T11:26:26Z,2026-05-27T11:26:26Z
47780,4627,4910,tagged,0.36,43,2026-05-27T11:26:26Z,2026-05-27T11:26:26Z
47781,5003,4695,duet,0.473,177,2026-05-27T11:26:26Z,2026-05-27T11:26:26Z
47782,4986,4689,inspired_by,0.901,30,2026-05-27T11:26:26Z,2026-05-27T11:26:26Z
47783,4564,4882,follows,0.346,183,2026-05-27T11:26:26Z,2026-05-27T11:26:26Z
47784,4618,4879,collaborates,0.74,129,2026-05-27T11:26:26Z,2026-05-27T11:26:26Z
47785,4947,4953,mentioned,0.148,77,2026-05-27T11:26:26Z,2026-05-27T11:26:26Z
47786,5043,4946,reshared,0.38,194,2026-05-27T11:26:26Z,2026-05-27T11:26:26Z
47787,4972,4550,tagged,0.75,103,2026-05-27T11:26:26Z,2026-05-27T11:26:26Z
47788,4745,4552,duet,0.771,27,2026-05-27T11:26:26Z,2026-05-27T11:26:26Z
47789,4628,4781,inspired_by,0.739,56,2026-05-27T11:26:26Z,2026-05-27T11:26:26Z
47790,5010,4733,follows,0.183,139,2026-05-27T11:26:26Z,2026-05-27T11:26:26Z
47791,4991,5015,collaborates,0.36,181,2026-05-27T11:26:26Z,2026-05-27T11:26:26Z
47792,5046,4816,mentioned,0.835,191,2026-05-27T11:26:26Z,2026-05-27T11:26:26Z
47793,4681,4819,reshared,0.988,15,2026-05-27T11:26:26Z,2026-05-27T11:26:26Z
47794,4682,4921,tagged,0.615,115,2026-05-27T11:26:26Z,2026-05-27T11:26:26Z
47795,4674,4752,duet,0.343,16,2026-05-27T11:26:26Z,2026-05-27T11:26:26Z
47796,4642,4796,inspired_by,0.149,129,2026-05-27T11:26:26Z,2026-05-27T11:26:26Z
47797,4859,4728,follows,0.963,131,2026-05-27T11:26:26Z,2026-05-27T11:26:26Z
47798,4870,4805,collaborates,0.627,194,2026-05-27T11:26:26Z,2026-05-27T11:26:26Z
47799,4568,4597,mentioned,0.433,39,2026-05-27T11:26:26Z,2026-05-27T11:26:26Z
47800,4929,4809,reshared,0.956,18,2026-05-27T11:26:26Z,2026-05-27T11:26:26Z
47801,5043,4624,tagged,0.29,12,2026-05-27T11:26:26Z,2026-05-27T11:26:26Z
47802,4580,4592,duet,0.787,44,2026-05-27T11:26:26Z,2026-05-27T11:26:26Z
47803,4582,4876,inspired_by,0.979,155,2026-05-27T11:26:26Z,2026-05-27T11:26:26Z
47804,4616,4921,follows,0.246,41,2026-05-27T11:26:26Z,2026-05-27T11:26:26Z
47805,5013,4813,collaborates,0.27,176,2026-05-27T11:26:26Z,2026-05-27T11:26:26Z
47806,4919,4780,mentioned,0.984,70,2026-05-27T11:26:26Z,2026-05-27T11:26:26Z
47807,4752,4571,reshared,0.451,136,2026-05-27T11:26:26Z,2026-05-27T11:26:26Z
47808,4562,4825,tagged,0.926,52,2026-05-27T11:26:26Z,2026-05-27T11:26:26Z
47809,4780,4626,duet,0.726,108,2026-05-27T11:26:26Z,2026-05-27T11:26:26Z
47810,4958,4568,inspired_by,0.479,167,2026-05-27T11:26:26Z,2026-05-27T11:26:26Z
47811,4696,4934,follows,0.17,169,2026-05-27T11:26:26Z,2026-05-27T11:26:26Z
47812,4926,4742,collaborates,0.974,169,2026-05-27T11:26:26Z,2026-05-27T11:26:26Z
47813,4916,4572,mentioned,0.367,38,2026-05-27T11:26:26Z,2026-05-27T11:26:26Z
47814,4633,4895,reshared,0.165,126,2026-05-27T11:26:26Z,2026-05-27T11:26:26Z
47815,4818,4828,tagged,0.686,156,2026-05-27T11:26:26Z,2026-05-27T11:26:26Z
47816,4813,4707,duet,0.832,41,2026-05-27T11:26:26Z,2026-05-27T11:26:26Z
47817,4847,4879,inspired_by,0.852,55,2026-05-27T11:26:26Z,2026-05-27T11:26:26Z
47818,4561,4922,follows,0.951,42,2026-05-27T11:26:26Z,2026-05-27T11:26:26Z
47819,4987,4819,collaborates,0.825,150,2026-05-27T11:26:26Z,2026-05-27T11:26:26Z
47820,4992,4657,mentioned,0.85,29,2026-05-27T11:26:26Z,2026-05-27T11:26:26Z
47821,4963,4895,reshared,0.914,125,2026-05-27T11:26:26Z,2026-05-27T11:26:26Z
47822,5019,4752,tagged,0.361,71,2026-05-27T11:26:26Z,2026-05-27T11:26:26Z
47823,4701,4906,duet,0.516,181,2026-05-27T11:26:26Z,2026-05-27T11:26:26Z
47824,4978,4833,inspired_by,0.518,30,2026-05-27T11:26:26Z,2026-05-27T11:26:26Z
47825,4691,4585,follows,0.588,34,2026-05-27T11:26:26Z,2026-05-27T11:26:26Z
47826,5052,4626,collaborates,0.612,153,2026-05-27T11:26:26Z,2026-05-27T11:26:26Z
47827,4793,4952,mentioned,0.221,81,2026-05-27T11:26:26Z,2026-05-27T11:26:26Z
47828,4626,4908,reshared,0.896,50,2026-05-27T11:26:26Z,2026-05-27T11:26:26Z
47829,4810,4915,tagged,0.702,4,2026-05-27T11:26:26Z,2026-05-27T11:26:26Z
47830,4622,4929,duet,0.509,151,2026-05-27T11:26:26Z,2026-05-27T11:26:26Z
47831,4548,4655,inspired_by,0.27,144,2026-05-27T11:26:26Z,2026-05-27T11:26:26Z
47832,4558,4848,follows,0.709,122,2026-05-27T11:26:26Z,2026-05-27T11:26:26Z
47833,4633,4733,collaborates,0.818,99,2026-05-27T11:26:26Z,2026-05-27T11:26:26Z
47834,4544,4861,mentioned,0.929,180,2026-05-27T11:26:26Z,2026-05-27T11:26:26Z
47835,4819,4574,reshared,0.744,13,2026-05-27T11:26:26Z,2026-05-27T11:26:26Z
47836,4667,5002,tagged,0.979,155,2026-05-27T11:26:26Z,2026-05-27T11:26:26Z
47837,4716,4555,duet,0.617,161,2026-05-27T11:26:26Z,2026-05-27T11:26:26Z
47838,4662,5014,inspired_by,0.74,128,2026-05-27T11:26:26Z,2026-05-27T11:26:26Z
47839,4751,4651,follows,0.941,122,2026-05-27T11:26:26Z,2026-05-27T11:26:26Z
47840,4696,4592,collaborates,0.493,80,2026-05-27T11:26:26Z,2026-05-27T11:26:26Z
47841,4558,4713,mentioned,0.83,32,2026-05-27T11:26:26Z,2026-05-27T11:26:26Z
47842,5012,4570,reshared,0.42,136,2026-05-27T11:26:26Z,2026-05-27T11:26:26Z
47843,4684,4947,tagged,0.478,181,2026-05-27T11:26:26Z,2026-05-27T11:26:26Z
47844,4744,4926,duet,0.728,174,2026-05-27T11:26:26Z,2026-05-27T11:26:26Z
47845,4777,4546,inspired_by,0.509,108,2026-05-27T11:26:26Z,2026-05-27T11:26:26Z
47846,4957,5008,follows,0.524,125,2026-05-27T11:26:26Z,2026-05-27T11:26:26Z
47847,4743,4898,collaborates,0.523,24,2026-05-27T11:26:26Z,2026-05-27T11:26:26Z
47848,4895,4670,mentioned,0.925,191,2026-05-27T11:26:26Z,2026-05-27T11:26:26Z
47849,5012,4793,reshared,0.513,186,2026-05-27T11:26:26Z,2026-05-27T11:26:26Z
47850,4861,4874,tagged,0.743,139,2026-05-27T11:26:26Z,2026-05-27T11:26:26Z
47851,4663,4770,duet,0.975,9,2026-05-27T11:26:26Z,2026-05-27T11:26:26Z
47852,4914,4760,inspired_by,0.87,51,2026-05-27T11:26:26Z,2026-05-27T11:26:26Z
47853,4673,5023,follows,0.419,158,2026-05-27T11:26:26Z,2026-05-27T11:26:26Z
47854,4846,4793,collaborates,0.201,95,2026-05-27T11:26:26Z,2026-05-27T11:26:26Z
47855,5010,5029,mentioned,0.656,162,2026-05-27T11:26:26Z,2026-05-27T11:26:26Z
47856,4553,4758,reshared,0.458,159,2026-05-27T11:26:26Z,2026-05-27T11:26:26Z
47857,5010,4771,tagged,0.751,198,2026-05-27T11:26:26Z,2026-05-27T11:26:26Z
47858,4988,5022,duet,0.47,137,2026-05-27T11:26:26Z,2026-05-27T11:26:26Z
47859,4675,4662,inspired_by,0.929,106,2026-05-27T11:26:26Z,2026-05-27T11:26:26Z
47860,4690,4796,follows,0.234,153,2026-05-27T11:26:26Z,2026-05-27T11:26:26Z
47861,4952,4847,collaborates,0.852,65,2026-05-27T11:26:26Z,2026-05-27T11:26:26Z
47862,5059,4877,mentioned,0.696,36,2026-05-27T11:26:26Z,2026-05-27T11:26:26Z
47863,4664,4835,reshared,0.149,132,2026-05-27T11:26:26Z,2026-05-27T11:26:26Z
47864,4927,4793,tagged,0.791,30,2026-05-27T11:26:26Z,2026-05-27T11:26:26Z
47865,4859,4667,duet,0.269,50,2026-05-27T11:26:26Z,2026-05-27T11:26:26Z
47866,5059,4720,inspired_by,0.307,86,2026-05-27T11:26:26Z,2026-05-27T11:26:26Z
47867,4990,4623,follows,0.749,183,2026-05-27T11:26:26Z,2026-05-27T11:26:26Z
47868,4726,5008,collaborates,0.284,132,2026-05-27T11:26:26Z,2026-05-27T11:26:26Z
47869,4970,4778,mentioned,0.344,161,2026-05-27T11:26:26Z,2026-05-27T11:26:26Z
47870,4584,4903,reshared,0.822,19,2026-05-27T11:26:26Z,2026-05-27T11:26:26Z
47871,5007,4955,tagged,0.637,10,2026-05-27T11:26:26Z,2026-05-27T11:26:26Z
47872,4668,4615,duet,0.119,118,2026-05-27T11:26:26Z,2026-05-27T11:26:26Z
47873,4858,4948,inspired_by,0.433,100,2026-05-27T11:26:26Z,2026-05-27T11:26:26Z
47874,4946,5001,follows,0.413,111,2026-05-27T11:26:26Z,2026-05-27T11:26:26Z
47875,4666,4961,collaborates,0.154,133,2026-05-27T11:26:26Z,2026-05-27T11:26:26Z
47876,4605,4899,mentioned,0.85,23,2026-05-27T11:26:26Z,2026-05-27T11:26:26Z
47877,4630,4735,reshared,0.666,111,2026-05-27T11:26:26Z,2026-05-27T11:26:26Z
47878,4832,4987,tagged,0.888,144,2026-05-27T11:26:26Z,2026-05-27T11:26:26Z
47879,4677,4623,duet,0.159,31,2026-05-27T11:26:26Z,2026-05-27T11:26:26Z
47880,4595,4721,inspired_by,0.86,59,2026-05-27T11:26:26Z,2026-05-27T11:26:26Z
47881,4713,5030,follows,0.157,61,2026-05-27T11:26:26Z,2026-05-27T11:26:26Z
47882,4553,4825,collaborates,0.226,8,2026-05-27T11:26:26Z,2026-05-27T11:26:26Z
47883,4647,4989,mentioned,0.609,89,2026-05-27T11:26:26Z,2026-05-27T11:26:26Z
47884,4697,4843,reshared,0.149,167,2026-05-27T11:26:26Z,2026-05-27T11:26:26Z
47885,4826,5050,tagged,0.398,110,2026-05-27T11:26:26Z,2026-05-27T11:26:26Z
47886,4588,4914,duet,0.42,153,2026-05-27T11:26:26Z,2026-05-27T11:26:26Z
47887,4761,4905,inspired_by,0.988,31,2026-05-27T11:26:26Z,2026-05-27T11:26:26Z
47888,4866,4776,follows,0.239,51,2026-05-27T11:26:26Z,2026-05-27T11:26:26Z
47889,4561,4928,collaborates,0.272,31,2026-05-27T11:26:26Z,2026-05-27T11:26:26Z
47890,4550,4849,mentioned,0.801,41,2026-05-27T11:26:26Z,2026-05-27T11:26:26Z
47891,4741,4834,reshared,0.665,145,2026-05-27T11:26:26Z,2026-05-27T11:26:26Z
47892,4952,4597,tagged,0.254,40,2026-05-27T11:26:26Z,2026-05-27T11:26:26Z
47893,4912,4799,duet,0.624,37,2026-05-27T11:26:26Z,2026-05-27T11:26:26Z
47894,4866,4961,inspired_by,0.923,86,2026-05-27T11:26:26Z,2026-05-27T11:26:26Z
47895,4730,4747,follows,0.376,101,2026-05-27T11:26:26Z,2026-05-27T11:26:26Z
47896,4686,4623,collaborates,0.736,111,2026-05-27T11:26:26Z,2026-05-27T11:26:26Z
47897,4830,4609,mentioned,0.272,169,2026-05-27T11:26:26Z,2026-05-27T11:26:26Z
47898,4584,4982,reshared,0.249,96,2026-05-27T11:26:26Z,2026-05-27T11:26:26Z
47899,4708,4647,tagged,0.691,132,2026-05-27T11:26:26Z,2026-05-27T11:26:26Z
47900,4881,5024,duet,0.191,121,2026-05-27T11:26:26Z,2026-05-27T11:26:26Z
47901,4842,4641,inspired_by,0.126,188,2026-05-27T11:26:26Z,2026-05-27T11:26:26Z
47902,4726,4565,follows,0.659,131,2026-05-27T11:26:26Z,2026-05-27T11:26:26Z
47903,5041,4675,collaborates,0.134,33,2026-05-27T11:26:26Z,2026-05-27T11:26:26Z
47904,4584,4889,mentioned,0.691,124,2026-05-27T11:26:26Z,2026-05-27T11:26:26Z
47905,4627,4948,reshared,0.255,110,2026-05-27T11:26:26Z,2026-05-27T11:26:26Z
47906,4682,4984,tagged,0.499,56,2026-05-27T11:26:26Z,2026-05-27T11:26:26Z
47907,4613,4752,duet,0.811,137,2026-05-27T11:26:26Z,2026-05-27T11:26:26Z
47908,4903,4881,inspired_by,0.651,179,2026-05-27T11:26:26Z,2026-05-27T11:26:26Z
47909,4948,4859,follows,0.866,171,2026-05-27T11:26:26Z,2026-05-27T11:26:26Z
47910,4812,4679,collaborates,0.36,129,2026-05-27T11:26:26Z,2026-05-27T11:26:26Z
47911,4767,4894,mentioned,0.883,169,2026-05-27T11:26:26Z,2026-05-27T11:26:26Z
47912,5056,4829,reshared,0.147,138,2026-05-27T11:26:26Z,2026-05-27T11:26:26Z
47913,4846,4964,tagged,0.838,143,2026-05-27T11:26:26Z,2026-05-27T11:26:26Z
47914,4600,4917,duet,0.538,17,2026-05-27T11:26:26Z,2026-05-27T11:26:26Z
47915,4829,4668,inspired_by,0.716,160,2026-05-27T11:26:26Z,2026-05-27T11:26:26Z
47916,4880,4768,follows,0.223,89,2026-05-27T11:26:26Z,2026-05-27T11:26:26Z
47917,4904,5054,collaborates,0.292,78,2026-05-27T11:26:26Z,2026-05-27T11:26:26Z
47918,4846,4662,mentioned,0.39,99,2026-05-27T11:26:26Z,2026-05-27T11:26:26Z
47919,4984,4952,reshared,0.217,139,2026-05-27T11:26:26Z,2026-05-27T11:26:26Z
47920,4717,4851,tagged,0.613,84,2026-05-27T11:26:26Z,2026-05-27T11:26:26Z
47921,4585,4982,duet,0.719,174,2026-05-27T11:26:26Z,2026-05-27T11:26:26Z
47922,4848,4575,inspired_by,0.728,198,2026-05-27T11:26:26Z,2026-05-27T11:26:26Z
47923,4718,4711,follows,0.619,190,2026-05-27T11:26:26Z,2026-05-27T11:26:26Z
47924,5024,4590,collaborates,0.726,100,2026-05-27T11:26:26Z,2026-05-27T11:26:26Z
47925,4694,4920,mentioned,0.479,81,2026-05-27T11:26:26Z,2026-05-27T11:26:26Z
47926,4614,4559,reshared,0.137,128,2026-05-27T11:26:26Z,2026-05-27T11:26:26Z
47927,4654,4823,tagged,0.969,167,2026-05-27T11:26:26Z,2026-05-27T11:26:26Z
47928,4803,4967,duet,0.697,83,2026-05-27T11:26:26Z,2026-05-27T11:26:26Z
47929,4734,4705,inspired_by,0.192,102,2026-05-27T11:26:26Z,2026-05-27T11:26:26Z
47930,4707,4677,follows,0.906,137,2026-05-27T11:26:26Z,2026-05-27T11:26:26Z
47931,4825,4755,collaborates,0.364,176,2026-05-27T11:26:26Z,2026-05-27T11:26:26Z
47932,4965,4614,mentioned,0.156,21,2026-05-27T11:26:26Z,2026-05-27T11:26:26Z
47933,4634,4659,reshared,0.541,110,2026-05-27T11:26:26Z,2026-05-27T11:26:26Z
47934,4864,4929,tagged,0.421,54,2026-05-27T11:26:26Z,2026-05-27T11:26:26Z
47935,4991,5060,duet,0.722,91,2026-05-27T11:26:26Z,2026-05-27T11:26:26Z
47936,4898,4677,inspired_by,0.336,120,2026-05-27T11:26:26Z,2026-05-27T11:26:26Z
47937,4977,4543,follows,0.871,187,2026-05-27T11:26:26Z,2026-05-27T11:26:26Z
47938,4762,4887,collaborates,0.153,127,2026-05-27T11:26:26Z,2026-05-27T11:26:26Z
47939,4807,4803,mentioned,0.14,93,2026-05-27T11:26:26Z,2026-05-27T11:26:26Z
47940,4954,4593,reshared,0.704,43,2026-05-27T11:26:26Z,2026-05-27T11:26:26Z
47941,4659,4690,tagged,0.731,82,2026-05-27T11:26:26Z,2026-05-27T11:26:26Z
47942,4567,4848,duet,0.588,17,2026-05-27T11:26:26Z,2026-05-27T11:26:26Z
47943,4593,4888,inspired_by,0.744,79,2026-05-27T11:26:26Z,2026-05-27T11:26:26Z
47944,4945,4662,follows,0.446,9,2026-05-27T11:26:26Z,2026-05-27T11:26:26Z
47945,4708,4928,collaborates,0.406,28,2026-05-27T11:26:26Z,2026-05-27T11:26:26Z
47946,5028,4989,mentioned,0.763,143,2026-05-27T11:26:26Z,2026-05-27T11:26:26Z
47947,4972,5053,reshared,0.191,34,2026-05-27T11:26:26Z,2026-05-27T11:26:26Z
47948,4555,4748,tagged,0.486,184,2026-05-27T11:26:26Z,2026-05-27T11:26:26Z
47949,4782,4854,duet,0.711,148,2026-05-27T11:26:26Z,2026-05-27T11:26:26Z
47950,4807,4861,inspired_by,0.138,135,2026-05-27T11:26:26Z,2026-05-27T11:26:26Z
47951,4671,5055,follows,0.273,194,2026-05-27T11:26:26Z,2026-05-27T11:26:26Z
47953,4729,4564,mentioned,0.122,4,2026-05-27T11:26:26Z,2026-05-27T11:26:26Z
47954,4792,5042,reshared,0.846,9,2026-05-27T11:26:26Z,2026-05-27T11:26:26Z
47955,4884,4744,tagged,0.969,192,2026-05-27T11:26:26Z,2026-05-27T11:26:26Z
47956,4587,4846,duet,0.443,121,2026-05-27T11:26:26Z,2026-05-27T11:26:26Z
47957,4859,5042,inspired_by,0.759,142,2026-05-27T11:26:26Z,2026-05-27T11:26:26Z
47958,4653,4928,follows,0.97,61,2026-05-27T11:26:26Z,2026-05-27T11:26:26Z
47959,4810,4719,collaborates,0.208,85,2026-05-27T11:26:26Z,2026-05-27T11:26:26Z
47960,4650,4567,mentioned,0.789,189,2026-05-27T11:26:26Z,2026-05-27T11:26:26Z
47961,4851,4746,reshared,0.441,135,2026-05-27T11:26:26Z,2026-05-27T11:26:26Z
47962,4831,4901,tagged,0.294,134,2026-05-27T11:26:26Z,2026-05-27T11:26:26Z
47963,4611,4969,duet,0.864,69,2026-05-27T11:26:26Z,2026-05-27T11:26:26Z
47964,4866,4857,inspired_by,0.448,41,2026-05-27T11:26:26Z,2026-05-27T11:26:26Z
47965,4782,4661,follows,0.361,199,2026-05-27T11:26:26Z,2026-05-27T11:26:26Z
47966,4893,4970,collaborates,0.49,197,2026-05-27T11:26:26Z,2026-05-27T11:26:26Z
47967,5008,4960,mentioned,0.126,122,2026-05-27T11:26:26Z,2026-05-27T11:26:26Z
47968,4619,4948,reshared,0.894,169,2026-05-27T11:26:26Z,2026-05-27T11:26:26Z
47969,4696,5017,tagged,0.872,146,2026-05-27T11:26:26Z,2026-05-27T11:26:26Z
47970,4854,4956,duet,0.934,1,2026-05-27T11:26:26Z,2026-05-27T11:26:26Z
47971,4553,4845,inspired_by,0.321,156,2026-05-27T11:26:26Z,2026-05-27T11:26:26Z
47972,4613,4583,follows,0.639,194,2026-05-27T11:26:26Z,2026-05-27T11:26:26Z
47973,4730,4901,collaborates,0.543,132,2026-05-27T11:26:26Z,2026-05-27T11:26:26Z
47974,4793,4684,mentioned,0.878,92,2026-05-27T11:26:26Z,2026-05-27T11:26:26Z
47975,4649,4907,reshared,0.977,115,2026-05-27T11:26:26Z,2026-05-27T11:26:26Z
47976,4945,5021,tagged,0.41,155,2026-05-27T11:26:26Z,2026-05-27T11:26:26Z
47977,4767,4762,duet,0.897,122,2026-05-27T11:26:26Z,2026-05-27T11:26:26Z
47978,4989,4645,inspired_by,0.261,172,2026-05-27T11:26:26Z,2026-05-27T11:26:26Z
47979,4999,4991,follows,0.562,159,2026-05-27T11:26:26Z,2026-05-27T11:26:26Z
47980,4895,4643,collaborates,0.899,149,2026-05-27T11:26:26Z,2026-05-27T11:26:26Z
47981,4631,4964,mentioned,0.261,42,2026-05-27T11:26:26Z,2026-05-27T11:26:26Z
47982,4931,4808,reshared,0.238,127,2026-05-27T11:26:26Z,2026-05-27T11:26:26Z
47983,4883,4929,tagged,0.64,37,2026-05-27T11:26:26Z,2026-05-27T11:26:26Z
47984,4809,4724,duet,0.635,84,2026-05-27T11:26:26Z,2026-05-27T11:26:26Z
47985,4714,4683,inspired_by,0.254,69,2026-05-27T11:26:26Z,2026-05-27T11:26:26Z
47986,4952,4596,follows,0.994,63,2026-05-27T11:26:26Z,2026-05-27T11:26:26Z
47987,4912,4692,collaborates,0.564,149,2026-05-27T11:26:26Z,2026-05-27T11:26:26Z
47988,4578,4971,mentioned,0.152,173,2026-05-27T11:26:26Z,2026-05-27T11:26:26Z
47989,4546,4990,reshared,0.83,183,2026-05-27T11:26:26Z,2026-05-27T11:26:26Z
47990,4998,4933,tagged,0.809,144,2026-05-27T11:26:26Z,2026-05-27T11:26:26Z
47991,5043,4601,duet,0.675,45,2026-05-27T11:26:26Z,2026-05-27T11:26:26Z
47992,4761,4915,inspired_by,0.936,179,2026-05-27T11:26:26Z,2026-05-27T11:26:26Z
47993,4932,4684,follows,0.651,90,2026-05-27T11:26:26Z,2026-05-27T11:26:26Z
47994,4617,4941,collaborates,0.113,34,2026-05-27T11:26:26Z,2026-05-27T11:26:26Z
47995,4831,4694,mentioned,0.461,16,2026-05-27T11:26:26Z,2026-05-27T11:26:26Z
47996,4726,5030,reshared,0.736,39,2026-05-27T11:26:26Z,2026-05-27T11:26:26Z
47997,4868,4859,tagged,0.386,40,2026-05-27T11:26:26Z,2026-05-27T11:26:26Z
47998,4553,4672,duet,0.973,32,2026-05-27T11:26:26Z,2026-05-27T11:26:26Z
47999,4626,4898,inspired_by,0.578,2,2026-05-27T11:26:26Z,2026-05-27T11:26:26Z
48000,4579,5059,follows,0.414,104,2026-05-27T11:26:26Z,2026-05-27T11:26:26Z
48001,4861,4819,collaborates,0.106,180,2026-05-27T11:26:26Z,2026-05-27T11:26:26Z
48002,4989,4999,mentioned,0.139,103,2026-05-27T11:26:26Z,2026-05-27T11:26:26Z
48003,4572,4731,reshared,0.391,99,2026-05-27T11:26:26Z,2026-05-27T11:26:26Z
48004,4565,4646,tagged,0.156,69,2026-05-27T11:26:26Z,2026-05-27T11:26:26Z
48005,4931,4613,duet,0.187,119,2026-05-27T11:26:26Z,2026-05-27T11:26:26Z
48006,4885,4948,inspired_by,0.505,33,2026-05-27T11:26:26Z,2026-05-27T11:26:26Z
48007,4898,4930,follows,0.837,11,2026-05-27T11:26:26Z,2026-05-27T11:26:26Z
48008,4705,4935,collaborates,0.619,116,2026-05-27T11:26:26Z,2026-05-27T11:26:26Z
48009,4910,4967,mentioned,0.391,72,2026-05-27T11:26:26Z,2026-05-27T11:26:26Z
48010,4820,5004,reshared,0.675,151,2026-05-27T11:26:26Z,2026-05-27T11:26:26Z
48011,4860,4830,tagged,0.247,31,2026-05-27T11:26:26Z,2026-05-27T11:26:26Z
48012,4979,4964,duet,0.633,150,2026-05-27T11:26:26Z,2026-05-27T11:26:26Z
48013,4803,4856,inspired_by,0.828,149,2026-05-27T11:26:26Z,2026-05-27T11:26:26Z
48014,4798,4818,follows,0.766,146,2026-05-27T11:26:26Z,2026-05-27T11:26:26Z
48015,4686,4677,collaborates,0.536,198,2026-05-27T11:26:26Z,2026-05-27T11:26:26Z
48016,4974,4689,mentioned,0.399,46,2026-05-27T11:26:26Z,2026-05-27T11:26:26Z
48017,4563,4613,reshared,0.278,11,2026-05-27T11:26:26Z,2026-05-27T11:26:26Z
48018,4550,4623,tagged,0.429,145,2026-05-27T11:26:26Z,2026-05-27T11:26:26Z
48019,4874,4570,duet,0.208,98,2026-05-27T11:26:26Z,2026-05-27T11:26:26Z
48020,4996,4654,inspired_by,0.956,60,2026-05-27T11:26:26Z,2026-05-27T11:26:26Z
48021,4676,4861,follows,0.489,11,2026-05-27T11:26:26Z,2026-05-27T11:26:26Z
48022,4715,5029,collaborates,0.445,34,2026-05-27T11:26:26Z,2026-05-27T11:26:26Z
48023,4874,4682,mentioned,0.295,174,2026-05-27T11:26:26Z,2026-05-27T11:26:26Z
48024,4758,4830,reshared,0.78,25,2026-05-27T11:26:26Z,2026-05-27T11:26:26Z
48025,4683,4604,tagged,0.749,25,2026-05-27T11:26:26Z,2026-05-27T11:26:26Z
48026,4764,4891,duet,0.352,4,2026-05-27T11:26:26Z,2026-05-27T11:26:26Z
48027,4905,4561,inspired_by,0.794,9,2026-05-27T11:26:26Z,2026-05-27T11:26:26Z
48028,4722,4761,follows,0.425,118,2026-05-27T11:26:26Z,2026-05-27T11:26:26Z
48029,4965,4822,collaborates,0.863,40,2026-05-27T11:26:26Z,2026-05-27T11:26:26Z
48030,5059,4965,mentioned,0.752,114,2026-05-27T11:26:26Z,2026-05-27T11:26:26Z
48031,4571,4553,reshared,0.153,130,2026-05-27T11:26:26Z,2026-05-27T11:26:26Z
48032,4696,4970,tagged,0.888,195,2026-05-27T11:26:26Z,2026-05-27T11:26:26Z
48033,4607,5049,duet,0.525,122,2026-05-27T11:26:26Z,2026-05-27T11:26:26Z
48034,5058,5052,inspired_by,0.469,29,2026-05-27T11:26:26Z,2026-05-27T11:26:26Z
48035,4769,4595,follows,0.59,3,2026-05-27T11:26:26Z,2026-05-27T11:26:26Z
