shipment_id,order_id,center_id,carrier,tracking_number,ship_status,distance_km,estimated_hours,ship_cost,shipped_at,delivered_at,created_at
4541,44543,142,Partner Field Crew,FIELD000000044543,in_transit,,,23.13,2026-05-25T11:41:14Z,,2026-05-27T11:26:12Z
4542,44544,144,Fiber Crew,FIELD000000044544,delivered,,,9.86,2026-05-19T10:06:21Z,2026-05-26T02:43:48Z,2026-05-27T11:26:12Z
4543,44545,150,MobileCare,FIELD000000044545,delivered,,,24.48,2026-05-20T22:07:01Z,2026-05-26T04:09:18Z,2026-05-27T11:26:12Z
4544,44546,144,Retail storeFleet,FIELD000000044546,delivered,,,8.3,2026-05-22T15:03:35Z,2026-05-26T09:07:17Z,2026-05-27T11:26:12Z
4545,44551,141,Partner Field Crew,FIELD000000044551,in_transit,,,17.04,2026-05-22T17:25:52Z,,2026-05-27T11:26:12Z
4546,44552,145,Fiber Crew,FIELD000000044552,delivered,,,22.57,2026-05-17T14:42:51Z,2026-05-27T00:01:07Z,2026-05-27T11:26:12Z
4547,44553,152,MobileCare,FIELD000000044553,delivered,,,14.62,2026-05-23T20:40:30Z,2026-05-27T01:40:55Z,2026-05-27T11:26:12Z
4548,44554,147,Retail storeFleet,FIELD000000044554,delivered,,,21.45,2026-05-18T01:07:51Z,2026-05-26T04:58:15Z,2026-05-27T11:26:12Z
4549,44559,151,Partner Field Crew,FIELD000000044559,in_transit,,,5.9,2026-05-19T15:05:40Z,,2026-05-27T11:26:12Z
4550,44560,148,Fiber Crew,FIELD000000044560,delivered,,,9.52,2026-05-25T13:34:31Z,2026-05-25T16:43:40Z,2026-05-27T11:26:12Z
4551,44561,152,MobileCare,FIELD000000044561,delivered,,,23.97,2026-05-20T23:51:39Z,2026-05-26T14:50:46Z,2026-05-27T11:26:12Z
4552,44562,148,Retail storeFleet,FIELD000000044562,delivered,,,14.45,2026-05-24T01:45:06Z,2026-05-26T14:28:43Z,2026-05-27T11:26:12Z
4553,44567,141,Partner Field Crew,FIELD000000044567,in_transit,,,20.57,2026-05-25T20:57:53Z,,2026-05-27T11:26:12Z
4554,44568,143,Fiber Crew,FIELD000000044568,delivered,,,24.38,2026-05-26T05:21:28Z,2026-05-26T18:56:48Z,2026-05-27T11:26:12Z
4555,44569,147,MobileCare,FIELD000000044569,delivered,,,23.44,2026-05-25T10:40:01Z,2026-05-25T13:28:24Z,2026-05-27T11:26:12Z
4556,44570,142,Retail storeFleet,FIELD000000044570,delivered,,,7.24,2026-05-21T15:26:02Z,2026-05-26T05:15:53Z,2026-05-27T11:26:12Z
4557,44575,145,Partner Field Crew,FIELD000000044575,in_transit,,,19.16,2026-05-18T23:57:28Z,,2026-05-27T11:26:12Z
4558,44576,142,Fiber Crew,FIELD000000044576,delivered,,,20.08,2026-05-24T14:40:20Z,2026-05-26T13:25:07Z,2026-05-27T11:26:12Z
4559,44577,143,MobileCare,FIELD000000044577,delivered,,,7.63,2026-05-20T16:26:57Z,2026-05-27T11:07:15Z,2026-05-27T11:26:12Z
4560,44578,142,Retail storeFleet,FIELD000000044578,delivered,,,17.8,2026-05-21T23:27:56Z,2026-05-26T05:04:37Z,2026-05-27T11:26:12Z
4561,44583,152,Partner Field Crew,FIELD000000044583,in_transit,,,20.89,2026-05-25T08:59:57Z,,2026-05-27T11:26:12Z
4562,44584,142,Fiber Crew,FIELD000000044584,delivered,,,20.54,2026-05-21T01:26:43Z,2026-05-27T08:06:15Z,2026-05-27T11:26:12Z
4563,44585,152,MobileCare,FIELD000000044585,delivered,,,12.7,2026-05-21T07:20:42Z,2026-05-27T06:28:58Z,2026-05-27T11:26:12Z
4564,44586,148,Retail storeFleet,FIELD000000044586,delivered,,,19.65,2026-05-25T18:51:41Z,2026-05-25T17:12:28Z,2026-05-27T11:26:12Z
4565,44591,148,Partner Field Crew,FIELD000000044591,in_transit,,,18.61,2026-05-21T14:22:57Z,,2026-05-27T11:26:12Z
4566,44592,152,Fiber Crew,FIELD000000044592,delivered,,,16.28,2026-05-22T14:47:17Z,2026-05-27T02:27:38Z,2026-05-27T11:26:12Z
4567,44593,151,MobileCare,FIELD000000044593,delivered,,,8.67,2026-05-22T05:16:33Z,2026-05-27T03:23:49Z,2026-05-27T11:26:12Z
4568,44594,144,Retail storeFleet,FIELD000000044594,delivered,,,9.58,2026-05-25T00:01:56Z,2026-05-26T11:20:08Z,2026-05-27T11:26:12Z
4569,44599,147,Partner Field Crew,FIELD000000044599,in_transit,,,14.73,2026-05-22T21:01:37Z,,2026-05-27T11:26:12Z
4570,44600,152,Fiber Crew,FIELD000000044600,delivered,,,20.89,2026-05-24T06:09:30Z,2026-05-25T22:54:45Z,2026-05-27T11:26:12Z
4571,44601,141,MobileCare,FIELD000000044601,delivered,,,8.35,2026-05-22T10:13:16Z,2026-05-25T20:35:32Z,2026-05-27T11:26:12Z
4572,44602,150,Retail storeFleet,FIELD000000044602,delivered,,,23.64,2026-05-23T06:16:28Z,2026-05-26T02:50:48Z,2026-05-27T11:26:12Z
4573,44607,144,Partner Field Crew,FIELD000000044607,in_transit,,,16.27,2026-05-26T04:43:31Z,,2026-05-27T11:26:12Z
4574,44608,150,Fiber Crew,FIELD000000044608,delivered,,,14.84,2026-05-18T12:40:11Z,2026-05-26T17:33:33Z,2026-05-27T11:26:12Z
4575,44609,151,MobileCare,FIELD000000044609,delivered,,,20.39,2026-05-20T23:53:32Z,2026-05-26T22:01:21Z,2026-05-27T11:26:12Z
4576,44610,143,Retail storeFleet,FIELD000000044610,delivered,,,7.05,2026-05-19T18:40:23Z,2026-05-25T13:56:53Z,2026-05-27T11:26:12Z
4577,44615,146,Partner Field Crew,FIELD000000044615,in_transit,,,13.98,2026-05-25T07:09:48Z,,2026-05-27T11:26:12Z
4578,44616,151,Fiber Crew,FIELD000000044616,delivered,,,24.44,2026-05-20T13:17:10Z,2026-05-25T16:04:58Z,2026-05-27T11:26:12Z
4579,44617,144,MobileCare,FIELD000000044617,delivered,,,14.97,2026-05-18T07:34:05Z,2026-05-27T07:59:52Z,2026-05-27T11:26:12Z
4580,44618,142,Retail storeFleet,FIELD000000044618,delivered,,,8.7,2026-05-18T01:32:33Z,2026-05-25T12:36:28Z,2026-05-27T11:26:12Z
4581,44623,149,Partner Field Crew,FIELD000000044623,in_transit,,,16.53,2026-05-24T20:01:40Z,,2026-05-27T11:26:12Z
4582,44624,144,Fiber Crew,FIELD000000044624,delivered,,,8.15,2026-05-23T00:15:51Z,2026-05-26T05:17:25Z,2026-05-27T11:26:12Z
4583,44625,150,MobileCare,FIELD000000044625,delivered,,,21.16,2026-05-22T05:04:33Z,2026-05-26T15:49:04Z,2026-05-27T11:26:12Z
4584,44626,150,Retail storeFleet,FIELD000000044626,delivered,,,23.97,2026-05-19T08:23:58Z,2026-05-26T05:17:29Z,2026-05-27T11:26:12Z
4585,44631,146,Partner Field Crew,FIELD000000044631,in_transit,,,6.12,2026-05-18T17:38:55Z,,2026-05-27T11:26:12Z
4586,44632,145,Fiber Crew,FIELD000000044632,delivered,,,11.6,2026-05-23T12:01:05Z,2026-05-27T04:41:16Z,2026-05-27T11:26:12Z
4587,44633,145,MobileCare,FIELD000000044633,delivered,,,7.49,2026-05-22T08:31:06Z,2026-05-25T21:19:55Z,2026-05-27T11:26:12Z
4588,44634,143,Retail storeFleet,FIELD000000044634,delivered,,,17.89,2026-05-20T15:40:48Z,2026-05-26T16:57:33Z,2026-05-27T11:26:12Z
4589,44639,151,Partner Field Crew,FIELD000000044639,in_transit,,,16.14,2026-05-18T03:59:12Z,,2026-05-27T11:26:12Z
4590,44640,147,Fiber Crew,FIELD000000044640,delivered,,,14.2,2026-05-21T13:21:22Z,2026-05-26T16:41:22Z,2026-05-27T11:26:12Z
4591,44641,152,MobileCare,FIELD000000044641,delivered,,,19.3,2026-05-18T11:54:12Z,2026-05-25T19:00:06Z,2026-05-27T11:26:12Z
4592,44642,148,Retail storeFleet,FIELD000000044642,delivered,,,22.8,2026-05-20T13:07:57Z,2026-05-26T00:08:12Z,2026-05-27T11:26:12Z
4593,44647,148,Partner Field Crew,FIELD000000044647,in_transit,,,5.46,2026-05-23T02:54:41Z,,2026-05-27T11:26:12Z
4594,44648,147,Fiber Crew,FIELD000000044648,delivered,,,17.3,2026-05-20T05:50:58Z,2026-05-25T12:48:44Z,2026-05-27T11:26:12Z
4595,44649,145,MobileCare,FIELD000000044649,delivered,,,8.49,2026-05-19T02:34:00Z,2026-05-26T15:35:53Z,2026-05-27T11:26:12Z
4596,44650,148,Retail storeFleet,FIELD000000044650,delivered,,,6,2026-05-19T10:45:05Z,2026-05-26T11:49:29Z,2026-05-27T11:26:12Z
4597,44655,152,Partner Field Crew,FIELD000000044655,in_transit,,,11.84,2026-05-21T14:47:04Z,,2026-05-27T11:26:12Z
4598,44656,150,Fiber Crew,FIELD000000044656,delivered,,,18.56,2026-05-18T10:18:01Z,2026-05-26T18:07:54Z,2026-05-27T11:26:12Z
4599,44657,145,MobileCare,FIELD000000044657,delivered,,,8.11,2026-05-26T08:18:48Z,2026-05-26T03:55:19Z,2026-05-27T11:26:12Z
4600,44658,141,Retail storeFleet,FIELD000000044658,delivered,,,5.42,2026-05-20T09:09:22Z,2026-05-26T10:13:08Z,2026-05-27T11:26:12Z
4601,44663,148,Partner Field Crew,FIELD000000044663,in_transit,,,18.42,2026-05-24T06:07:43Z,,2026-05-27T11:26:12Z
4602,44664,141,Fiber Crew,FIELD000000044664,delivered,,,15.73,2026-05-17T23:41:12Z,2026-05-27T06:08:05Z,2026-05-27T11:26:12Z
4603,44665,144,MobileCare,FIELD000000044665,delivered,,,17.67,2026-05-20T10:25:57Z,2026-05-25T20:09:15Z,2026-05-27T11:26:12Z
4604,44666,141,Retail storeFleet,FIELD000000044666,delivered,,,18.53,2026-05-25T12:21:25Z,2026-05-26T06:57:43Z,2026-05-27T11:26:12Z
4605,44671,152,Partner Field Crew,FIELD000000044671,in_transit,,,22.65,2026-05-21T08:48:27Z,,2026-05-27T11:26:12Z
4606,44672,150,Fiber Crew,FIELD000000044672,delivered,,,20.22,2026-05-22T05:58:53Z,2026-05-26T05:57:40Z,2026-05-27T11:26:12Z
4607,44673,152,MobileCare,FIELD000000044673,delivered,,,23.19,2026-05-26T08:18:41Z,2026-05-25T23:45:50Z,2026-05-27T11:26:12Z
4608,44674,151,Retail storeFleet,FIELD000000044674,delivered,,,22.78,2026-05-21T01:22:08Z,2026-05-26T03:21:56Z,2026-05-27T11:26:12Z
4609,44679,146,Partner Field Crew,FIELD000000044679,in_transit,,,19.65,2026-05-19T05:29:02Z,,2026-05-27T11:26:12Z
4610,44680,144,Fiber Crew,FIELD000000044680,delivered,,,10.22,2026-05-17T12:32:49Z,2026-05-26T19:40:37Z,2026-05-27T11:26:12Z
4611,44681,143,MobileCare,FIELD000000044681,delivered,,,19.39,2026-05-22T10:16:30Z,2026-05-26T21:10:56Z,2026-05-27T11:26:12Z
4612,44682,141,Retail storeFleet,FIELD000000044682,delivered,,,24.99,2026-05-18T03:39:12Z,2026-05-25T23:18:19Z,2026-05-27T11:26:12Z
4613,44687,143,Partner Field Crew,FIELD000000044687,in_transit,,,17.31,2026-05-23T10:35:18Z,,2026-05-27T11:26:12Z
4614,44688,141,Fiber Crew,FIELD000000044688,delivered,,,19.72,2026-05-26T00:35:39Z,2026-05-26T08:46:20Z,2026-05-27T11:26:12Z
4615,44689,144,MobileCare,FIELD000000044689,delivered,,,11.71,2026-05-25T01:12:39Z,2026-05-27T09:55:27Z,2026-05-27T11:26:12Z
4616,44690,149,Retail storeFleet,FIELD000000044690,delivered,,,21.55,2026-05-24T03:09:25Z,2026-05-27T05:57:41Z,2026-05-27T11:26:12Z
4617,44695,147,Partner Field Crew,FIELD000000044695,in_transit,,,17.21,2026-05-19T06:31:45Z,,2026-05-27T11:26:12Z
4618,44696,150,Fiber Crew,FIELD000000044696,delivered,,,7.3,2026-05-26T00:00:40Z,2026-05-26T04:19:04Z,2026-05-27T11:26:12Z
4619,44697,142,MobileCare,FIELD000000044697,delivered,,,16.39,2026-05-22T06:36:02Z,2026-05-27T07:08:39Z,2026-05-27T11:26:12Z
4620,44698,146,Retail storeFleet,FIELD000000044698,delivered,,,8.22,2026-05-25T15:53:23Z,2026-05-27T04:58:53Z,2026-05-27T11:26:12Z
4621,44703,149,Partner Field Crew,FIELD000000044703,in_transit,,,22.77,2026-05-24T15:21:24Z,,2026-05-27T11:26:12Z
4622,44704,149,Fiber Crew,FIELD000000044704,delivered,,,8.42,2026-05-25T21:55:21Z,2026-05-25T15:48:30Z,2026-05-27T11:26:12Z
4623,44705,145,MobileCare,FIELD000000044705,delivered,,,19.5,2026-05-17T23:46:56Z,2026-05-27T02:55:28Z,2026-05-27T11:26:12Z
4624,44706,148,Retail storeFleet,FIELD000000044706,delivered,,,8.93,2026-05-18T20:34:20Z,2026-05-25T18:26:32Z,2026-05-27T11:26:13Z
4625,44711,141,Partner Field Crew,FIELD000000044711,in_transit,,,6.61,2026-05-24T05:53:34Z,,2026-05-27T11:26:13Z
4626,44712,149,Fiber Crew,FIELD000000044712,delivered,,,5.45,2026-05-21T20:35:53Z,2026-05-25T23:44:35Z,2026-05-27T11:26:13Z
4627,44713,151,MobileCare,FIELD000000044713,delivered,,,11.55,2026-05-19T20:03:41Z,2026-05-27T05:17:49Z,2026-05-27T11:26:13Z
4628,44714,141,Retail storeFleet,FIELD000000044714,delivered,,,7.7,2026-05-22T21:29:36Z,2026-05-26T05:16:18Z,2026-05-27T11:26:13Z
4629,44719,145,Partner Field Crew,FIELD000000044719,in_transit,,,19.81,2026-05-19T05:50:41Z,,2026-05-27T11:26:13Z
4630,44720,142,Fiber Crew,FIELD000000044720,delivered,,,13.82,2026-05-18T04:06:47Z,2026-05-25T17:17:08Z,2026-05-27T11:26:13Z
4631,44721,149,MobileCare,FIELD000000044721,delivered,,,6.13,2026-05-19T07:48:04Z,2026-05-26T19:38:28Z,2026-05-27T11:26:13Z
4632,44722,149,Retail storeFleet,FIELD000000044722,delivered,,,7.32,2026-05-24T18:10:27Z,2026-05-26T03:32:43Z,2026-05-27T11:26:13Z
4633,44727,147,Partner Field Crew,FIELD000000044727,in_transit,,,11.17,2026-05-22T01:51:01Z,,2026-05-27T11:26:13Z
4634,44728,152,Fiber Crew,FIELD000000044728,delivered,,,13.68,2026-05-24T19:40:10Z,2026-05-26T17:23:13Z,2026-05-27T11:26:13Z
4635,44729,151,MobileCare,FIELD000000044729,delivered,,,12.93,2026-05-25T02:12:24Z,2026-05-25T22:50:51Z,2026-05-27T11:26:13Z
4636,44730,144,Retail storeFleet,FIELD000000044730,delivered,,,17.13,2026-05-19T02:08:54Z,2026-05-26T21:05:37Z,2026-05-27T11:26:13Z
4637,44735,142,Partner Field Crew,FIELD000000044735,in_transit,,,23.56,2026-05-17T18:04:33Z,,2026-05-27T11:26:13Z
4638,44736,142,Fiber Crew,FIELD000000044736,delivered,,,24.91,2026-05-20T23:16:29Z,2026-05-27T04:55:21Z,2026-05-27T11:26:13Z
4639,44737,150,MobileCare,FIELD000000044737,delivered,,,22.52,2026-05-18T15:31:18Z,2026-05-26T19:52:50Z,2026-05-27T11:26:13Z
4640,44738,142,Retail storeFleet,FIELD000000044738,delivered,,,18.82,2026-05-17T22:22:49Z,2026-05-26T10:31:59Z,2026-05-27T11:26:13Z
4641,44743,152,Partner Field Crew,FIELD000000044743,in_transit,,,15.34,2026-05-25T01:47:34Z,,2026-05-27T11:26:13Z
4642,44744,149,Fiber Crew,FIELD000000044744,delivered,,,10.07,2026-05-17T12:05:29Z,2026-05-26T05:26:19Z,2026-05-27T11:26:13Z
4643,44745,150,MobileCare,FIELD000000044745,delivered,,,18.72,2026-05-21T18:04:23Z,2026-05-26T19:35:25Z,2026-05-27T11:26:13Z
4644,44746,147,Retail storeFleet,FIELD000000044746,delivered,,,14.24,2026-05-21T17:18:28Z,2026-05-27T02:57:52Z,2026-05-27T11:26:13Z
4645,44751,145,Partner Field Crew,FIELD000000044751,in_transit,,,23.74,2026-05-23T04:44:13Z,,2026-05-27T11:26:13Z
4646,44752,145,Fiber Crew,FIELD000000044752,delivered,,,20.82,2026-05-19T20:41:06Z,2026-05-26T19:51:24Z,2026-05-27T11:26:13Z
4647,44753,151,MobileCare,FIELD000000044753,delivered,,,12.43,2026-05-25T09:15:46Z,2026-05-26T08:21:01Z,2026-05-27T11:26:13Z
4648,44754,147,Retail storeFleet,FIELD000000044754,delivered,,,9.57,2026-05-24T00:55:20Z,2026-05-25T13:57:53Z,2026-05-27T11:26:13Z
4649,44759,148,Partner Field Crew,FIELD000000044759,in_transit,,,20.06,2026-05-25T04:05:11Z,,2026-05-27T11:26:13Z
4650,44760,149,Fiber Crew,FIELD000000044760,delivered,,,22.9,2026-05-18T13:03:57Z,2026-05-26T06:00:11Z,2026-05-27T11:26:13Z
4651,44761,144,MobileCare,FIELD000000044761,delivered,,,12.81,2026-05-21T07:39:32Z,2026-05-26T02:07:56Z,2026-05-27T11:26:13Z
4652,44762,150,Retail storeFleet,FIELD000000044762,delivered,,,11.51,2026-05-18T03:52:06Z,2026-05-26T06:52:56Z,2026-05-27T11:26:13Z
4653,44767,148,Partner Field Crew,FIELD000000044767,in_transit,,,18.83,2026-05-21T18:29:53Z,,2026-05-27T11:26:13Z
4654,44768,142,Fiber Crew,FIELD000000044768,delivered,,,23.91,2026-05-26T04:21:45Z,2026-05-26T12:19:02Z,2026-05-27T11:26:13Z
4655,44769,142,MobileCare,FIELD000000044769,delivered,,,8.56,2026-05-20T14:33:14Z,2026-05-27T06:19:38Z,2026-05-27T11:26:13Z
4656,44770,148,Retail storeFleet,FIELD000000044770,delivered,,,13.25,2026-05-19T08:49:21Z,2026-05-26T23:43:56Z,2026-05-27T11:26:13Z
4657,44775,142,Partner Field Crew,FIELD000000044775,in_transit,,,21.88,2026-05-25T22:21:50Z,,2026-05-27T11:26:13Z
4658,44776,150,Fiber Crew,FIELD000000044776,delivered,,,17.87,2026-05-17T22:48:02Z,2026-05-27T05:58:52Z,2026-05-27T11:26:13Z
4659,44777,144,MobileCare,FIELD000000044777,delivered,,,15.46,2026-05-20T02:54:37Z,2026-05-27T04:55:13Z,2026-05-27T11:26:13Z
4660,44778,148,Retail storeFleet,FIELD000000044778,delivered,,,14.48,2026-05-21T01:57:35Z,2026-05-27T03:51:18Z,2026-05-27T11:26:13Z
4661,44783,145,Partner Field Crew,FIELD000000044783,in_transit,,,13.73,2026-05-25T13:03:37Z,,2026-05-27T11:26:13Z
4662,44784,142,Fiber Crew,FIELD000000044784,delivered,,,6.79,2026-05-24T08:53:32Z,2026-05-25T19:13:06Z,2026-05-27T11:26:13Z
4663,44785,144,MobileCare,FIELD000000044785,delivered,,,17.87,2026-05-17T15:42:27Z,2026-05-25T15:54:02Z,2026-05-27T11:26:13Z
4664,44786,143,Retail storeFleet,FIELD000000044786,delivered,,,13.83,2026-05-20T20:34:39Z,2026-05-25T13:57:07Z,2026-05-27T11:26:13Z
4665,44791,150,Partner Field Crew,FIELD000000044791,in_transit,,,10.37,2026-05-23T13:02:26Z,,2026-05-27T11:26:13Z
4666,44792,146,Fiber Crew,FIELD000000044792,delivered,,,15.21,2026-05-25T06:29:01Z,2026-05-26T01:29:07Z,2026-05-27T11:26:13Z
4667,44793,152,MobileCare,FIELD000000044793,delivered,,,7.37,2026-05-17T17:47:54Z,2026-05-25T14:53:26Z,2026-05-27T11:26:13Z
4668,44794,143,Retail storeFleet,FIELD000000044794,delivered,,,21.98,2026-05-23T07:48:16Z,2026-05-26T22:46:46Z,2026-05-27T11:26:13Z
4669,44799,152,Partner Field Crew,FIELD000000044799,in_transit,,,23.79,2026-05-18T17:21:15Z,,2026-05-27T11:26:13Z
4670,44800,148,Fiber Crew,FIELD000000044800,delivered,,,5.58,2026-05-25T09:11:46Z,2026-05-26T17:04:46Z,2026-05-27T11:26:13Z
4671,44801,148,MobileCare,FIELD000000044801,delivered,,,12.13,2026-05-23T11:12:37Z,2026-05-25T16:22:18Z,2026-05-27T11:26:13Z
4672,44802,141,Retail storeFleet,FIELD000000044802,delivered,,,15.42,2026-05-18T13:40:04Z,2026-05-25T11:44:06Z,2026-05-27T11:26:13Z
4673,44807,145,Partner Field Crew,FIELD000000044807,in_transit,,,11.6,2026-05-24T11:12:48Z,,2026-05-27T11:26:13Z
4674,44808,141,Fiber Crew,FIELD000000044808,delivered,,,14.29,2026-05-22T12:42:27Z,2026-05-25T17:44:17Z,2026-05-27T11:26:13Z
4675,44809,150,MobileCare,FIELD000000044809,delivered,,,13.1,2026-05-19T17:33:03Z,2026-05-26T12:36:33Z,2026-05-27T11:26:13Z
4676,44810,147,Retail storeFleet,FIELD000000044810,delivered,,,24.42,2026-05-26T10:07:13Z,2026-05-25T16:25:49Z,2026-05-27T11:26:13Z
4677,44815,151,Partner Field Crew,FIELD000000044815,in_transit,,,12.61,2026-05-19T01:01:53Z,,2026-05-27T11:26:13Z
4678,44816,149,Fiber Crew,FIELD000000044816,delivered,,,8.3,2026-05-20T09:17:09Z,2026-05-26T03:31:05Z,2026-05-27T11:26:13Z
4679,44817,147,MobileCare,FIELD000000044817,delivered,,,21.16,2026-05-24T14:56:10Z,2026-05-26T11:57:00Z,2026-05-27T11:26:13Z
4680,44818,151,Retail storeFleet,FIELD000000044818,delivered,,,6.23,2026-05-24T12:37:39Z,2026-05-26T15:04:41Z,2026-05-27T11:26:13Z
4681,44823,145,Partner Field Crew,FIELD000000044823,in_transit,,,14.87,2026-05-26T03:46:46Z,,2026-05-27T11:26:13Z
4682,44824,141,Fiber Crew,FIELD000000044824,delivered,,,9.63,2026-05-24T22:24:45Z,2026-05-26T06:19:45Z,2026-05-27T11:26:13Z
4683,44825,148,MobileCare,FIELD000000044825,delivered,,,14.61,2026-05-23T16:19:00Z,2026-05-26T17:17:14Z,2026-05-27T11:26:13Z
4684,44826,148,Retail storeFleet,FIELD000000044826,delivered,,,13.47,2026-05-18T22:49:49Z,2026-05-25T15:52:29Z,2026-05-27T11:26:13Z
4685,44831,148,Partner Field Crew,FIELD000000044831,in_transit,,,20.81,2026-05-25T23:53:53Z,,2026-05-27T11:26:13Z
4686,44832,146,Fiber Crew,FIELD000000044832,delivered,,,9.22,2026-05-21T04:26:01Z,2026-05-25T15:01:19Z,2026-05-27T11:26:13Z
4687,44833,144,MobileCare,FIELD000000044833,delivered,,,20.73,2026-05-17T19:07:49Z,2026-05-27T10:28:36Z,2026-05-27T11:26:13Z
4688,44834,151,Retail storeFleet,FIELD000000044834,delivered,,,6.14,2026-05-22T14:14:34Z,2026-05-27T00:26:44Z,2026-05-27T11:26:13Z
4689,44839,146,Partner Field Crew,FIELD000000044839,in_transit,,,15.83,2026-05-22T19:54:34Z,,2026-05-27T11:26:13Z
4690,44840,152,Fiber Crew,FIELD000000044840,delivered,,,12.19,2026-05-23T06:53:21Z,2026-05-26T03:54:00Z,2026-05-27T11:26:13Z
4691,44841,150,MobileCare,FIELD000000044841,delivered,,,22.24,2026-05-17T14:22:48Z,2026-05-27T08:42:53Z,2026-05-27T11:26:13Z
4692,44842,144,Retail storeFleet,FIELD000000044842,delivered,,,8.63,2026-05-18T10:09:18Z,2026-05-25T16:01:09Z,2026-05-27T11:26:13Z
4693,44847,147,Partner Field Crew,FIELD000000044847,in_transit,,,23.79,2026-05-22T22:39:21Z,,2026-05-27T11:26:13Z
4694,44848,142,Fiber Crew,FIELD000000044848,delivered,,,12.6,2026-05-24T04:52:15Z,2026-05-26T08:02:10Z,2026-05-27T11:26:13Z
4695,44849,143,MobileCare,FIELD000000044849,delivered,,,13.52,2026-05-18T20:22:44Z,2026-05-27T00:19:11Z,2026-05-27T11:26:13Z
4696,44850,152,Retail storeFleet,FIELD000000044850,delivered,,,19.8,2026-05-25T06:56:30Z,2026-05-25T18:28:42Z,2026-05-27T11:26:13Z
4697,44855,149,Partner Field Crew,FIELD000000044855,in_transit,,,22.55,2026-05-26T00:34:29Z,,2026-05-27T11:26:13Z
4698,44856,142,Fiber Crew,FIELD000000044856,delivered,,,10.36,2026-05-22T05:01:01Z,2026-05-27T01:40:26Z,2026-05-27T11:26:13Z
4699,44857,149,MobileCare,FIELD000000044857,delivered,,,16.94,2026-05-22T04:37:39Z,2026-05-26T00:45:35Z,2026-05-27T11:26:13Z
4700,44858,142,Retail storeFleet,FIELD000000044858,delivered,,,6.14,2026-05-19T04:00:20Z,2026-05-26T22:35:46Z,2026-05-27T11:26:13Z
4701,44863,147,Partner Field Crew,FIELD000000044863,in_transit,,,8.28,2026-05-19T22:35:54Z,,2026-05-27T11:26:13Z
4702,44864,148,Fiber Crew,FIELD000000044864,delivered,,,14.68,2026-05-21T23:13:13Z,2026-05-25T22:46:22Z,2026-05-27T11:26:13Z
4703,44865,144,MobileCare,FIELD000000044865,delivered,,,22.69,2026-05-25T03:12:21Z,2026-05-25T12:20:15Z,2026-05-27T11:26:13Z
4704,44866,151,Retail storeFleet,FIELD000000044866,delivered,,,18.76,2026-05-17T19:24:15Z,2026-05-27T04:55:02Z,2026-05-27T11:26:13Z
4705,44871,151,Partner Field Crew,FIELD000000044871,in_transit,,,8.09,2026-05-19T14:17:36Z,,2026-05-27T11:26:13Z
4706,44872,148,Fiber Crew,FIELD000000044872,delivered,,,9.29,2026-05-23T04:32:53Z,2026-05-25T22:39:22Z,2026-05-27T11:26:13Z
4707,44873,144,MobileCare,FIELD000000044873,delivered,,,7.01,2026-05-19T14:16:14Z,2026-05-25T23:34:43Z,2026-05-27T11:26:13Z
4708,44874,150,Retail storeFleet,FIELD000000044874,delivered,,,9.14,2026-05-19T05:25:07Z,2026-05-26T07:08:04Z,2026-05-27T11:26:13Z
4709,44879,145,Partner Field Crew,FIELD000000044879,in_transit,,,8.59,2026-05-21T01:38:19Z,,2026-05-27T11:26:13Z
4710,44880,144,Fiber Crew,FIELD000000044880,delivered,,,13.2,2026-05-21T23:35:29Z,2026-05-26T15:58:29Z,2026-05-27T11:26:13Z
4711,44881,146,MobileCare,FIELD000000044881,delivered,,,8.76,2026-05-26T07:38:04Z,2026-05-26T17:19:24Z,2026-05-27T11:26:13Z
4712,44882,148,Retail storeFleet,FIELD000000044882,delivered,,,7.15,2026-05-18T09:35:43Z,2026-05-27T02:30:21Z,2026-05-27T11:26:13Z
4713,44887,142,Partner Field Crew,FIELD000000044887,in_transit,,,12.54,2026-05-20T23:11:55Z,,2026-05-27T11:26:13Z
4714,44888,146,Fiber Crew,FIELD000000044888,delivered,,,23.1,2026-05-17T20:17:05Z,2026-05-26T06:32:00Z,2026-05-27T11:26:13Z
4715,44889,150,MobileCare,FIELD000000044889,delivered,,,11.55,2026-05-22T01:24:10Z,2026-05-25T17:51:11Z,2026-05-27T11:26:13Z
4716,44890,148,Retail storeFleet,FIELD000000044890,delivered,,,22.88,2026-05-19T17:17:54Z,2026-05-25T18:43:26Z,2026-05-27T11:26:13Z
4717,44895,142,Partner Field Crew,FIELD000000044895,in_transit,,,7.33,2026-05-22T04:41:45Z,,2026-05-27T11:26:13Z
4718,44896,152,Fiber Crew,FIELD000000044896,delivered,,,12.28,2026-05-23T09:27:02Z,2026-05-26T07:30:13Z,2026-05-27T11:26:13Z
4719,44897,143,MobileCare,FIELD000000044897,delivered,,,23.72,2026-05-18T07:09:24Z,2026-05-25T13:48:46Z,2026-05-27T11:26:13Z
4720,44898,143,Retail storeFleet,FIELD000000044898,delivered,,,14.6,2026-05-22T06:54:13Z,2026-05-25T19:10:56Z,2026-05-27T11:26:13Z
4721,44903,151,Partner Field Crew,FIELD000000044903,in_transit,,,20.03,2026-05-20T10:46:50Z,,2026-05-27T11:26:13Z
4722,44904,142,Fiber Crew,FIELD000000044904,delivered,,,18.66,2026-05-19T17:36:52Z,2026-05-26T22:28:33Z,2026-05-27T11:26:13Z
4723,44905,144,MobileCare,FIELD000000044905,delivered,,,6.91,2026-05-23T21:12:11Z,2026-05-26T19:40:02Z,2026-05-27T11:26:13Z
4724,44906,146,Retail storeFleet,FIELD000000044906,delivered,,,12.55,2026-05-24T16:54:55Z,2026-05-25T17:38:14Z,2026-05-27T11:26:13Z
4725,44911,151,Partner Field Crew,FIELD000000044911,in_transit,,,13.68,2026-05-17T21:53:19Z,,2026-05-27T11:26:13Z
4726,44912,146,Fiber Crew,FIELD000000044912,delivered,,,8.81,2026-05-23T15:17:15Z,2026-05-26T14:17:13Z,2026-05-27T11:26:13Z
4727,44913,151,MobileCare,FIELD000000044913,delivered,,,18.85,2026-05-21T02:07:39Z,2026-05-26T16:57:20Z,2026-05-27T11:26:13Z
4728,44914,144,Retail storeFleet,FIELD000000044914,delivered,,,12.85,2026-05-25T00:16:58Z,2026-05-26T20:42:44Z,2026-05-27T11:26:13Z
4729,44919,141,Partner Field Crew,FIELD000000044919,in_transit,,,13.48,2026-05-20T14:55:04Z,,2026-05-27T11:26:13Z
4730,44920,151,Fiber Crew,FIELD000000044920,delivered,,,7.8,2026-05-24T21:18:27Z,2026-05-27T00:14:25Z,2026-05-27T11:26:13Z
4731,44921,147,MobileCare,FIELD000000044921,delivered,,,16.18,2026-05-20T10:26:08Z,2026-05-26T09:30:24Z,2026-05-27T11:26:13Z
4732,44922,147,Retail storeFleet,FIELD000000044922,delivered,,,19.4,2026-05-26T03:37:01Z,2026-05-25T18:03:35Z,2026-05-27T11:26:13Z
4733,44927,144,Partner Field Crew,FIELD000000044927,in_transit,,,13.86,2026-05-26T08:28:41Z,,2026-05-27T11:26:13Z
4734,44928,151,Fiber Crew,FIELD000000044928,delivered,,,10.84,2026-05-25T07:08:06Z,2026-05-26T15:16:51Z,2026-05-27T11:26:13Z
4735,44929,152,MobileCare,FIELD000000044929,delivered,,,14.77,2026-05-26T06:11:36Z,2026-05-26T09:50:55Z,2026-05-27T11:26:13Z
4736,44930,145,Retail storeFleet,FIELD000000044930,delivered,,,18.06,2026-05-21T18:54:34Z,2026-05-25T14:56:03Z,2026-05-27T11:26:13Z
4737,44935,145,Partner Field Crew,FIELD000000044935,in_transit,,,24.03,2026-05-20T09:35:10Z,,2026-05-27T11:26:13Z
4738,44936,145,Fiber Crew,FIELD000000044936,delivered,,,15.55,2026-05-23T07:34:32Z,2026-05-26T04:32:18Z,2026-05-27T11:26:13Z
4739,44937,149,MobileCare,FIELD000000044937,delivered,,,10.21,2026-05-17T23:17:27Z,2026-05-27T05:51:18Z,2026-05-27T11:26:13Z
4740,44938,149,Retail storeFleet,FIELD000000044938,delivered,,,12.52,2026-05-21T02:29:02Z,2026-05-26T22:42:45Z,2026-05-27T11:26:13Z
4741,44943,142,Partner Field Crew,FIELD000000044943,in_transit,,,8.05,2026-05-17T13:05:03Z,,2026-05-27T11:26:13Z
4742,44944,149,Fiber Crew,FIELD000000044944,delivered,,,12.41,2026-05-24T13:39:45Z,2026-05-26T02:49:39Z,2026-05-27T11:26:13Z
4743,44945,152,MobileCare,FIELD000000044945,delivered,,,9.99,2026-05-25T22:23:52Z,2026-05-26T00:09:24Z,2026-05-27T11:26:13Z
4744,44946,149,Retail storeFleet,FIELD000000044946,delivered,,,6.18,2026-05-17T12:02:27Z,2026-05-27T01:45:13Z,2026-05-27T11:26:13Z
4745,44951,148,Partner Field Crew,FIELD000000044951,in_transit,,,22.3,2026-05-17T17:39:11Z,,2026-05-27T11:26:13Z
4746,44952,148,Fiber Crew,FIELD000000044952,delivered,,,18.51,2026-05-21T16:36:50Z,2026-05-26T00:34:36Z,2026-05-27T11:26:13Z
4747,44953,148,MobileCare,FIELD000000044953,delivered,,,17.4,2026-05-23T13:42:17Z,2026-05-26T11:45:37Z,2026-05-27T11:26:13Z
4748,44954,152,Retail storeFleet,FIELD000000044954,delivered,,,16.01,2026-05-17T20:37:58Z,2026-05-26T09:00:06Z,2026-05-27T11:26:13Z
4749,44959,152,Partner Field Crew,FIELD000000044959,in_transit,,,20.13,2026-05-18T20:34:42Z,,2026-05-27T11:26:13Z
4750,44960,146,Fiber Crew,FIELD000000044960,delivered,,,23.03,2026-05-19T15:45:12Z,2026-05-25T18:57:56Z,2026-05-27T11:26:13Z
4751,44961,145,MobileCare,FIELD000000044961,delivered,,,10.79,2026-05-21T12:13:24Z,2026-05-27T01:21:53Z,2026-05-27T11:26:13Z
4752,44962,144,Retail storeFleet,FIELD000000044962,delivered,,,20.35,2026-05-24T18:15:40Z,2026-05-26T02:03:50Z,2026-05-27T11:26:13Z
4753,44967,146,Partner Field Crew,FIELD000000044967,in_transit,,,16.36,2026-05-23T13:04:49Z,,2026-05-27T11:26:13Z
4754,44968,149,Fiber Crew,FIELD000000044968,delivered,,,6.4,2026-05-19T13:53:18Z,2026-05-26T00:49:19Z,2026-05-27T11:26:13Z
4755,44969,143,MobileCare,FIELD000000044969,delivered,,,15.51,2026-05-19T04:38:02Z,2026-05-25T19:14:49Z,2026-05-27T11:26:13Z
4756,44970,147,Retail storeFleet,FIELD000000044970,delivered,,,14.81,2026-05-23T02:10:58Z,2026-05-25T19:00:23Z,2026-05-27T11:26:13Z
4757,44975,149,Partner Field Crew,FIELD000000044975,in_transit,,,20.32,2026-05-18T16:24:08Z,,2026-05-27T11:26:13Z
4758,44976,149,Fiber Crew,FIELD000000044976,delivered,,,6.37,2026-05-18T03:40:34Z,2026-05-27T03:12:03Z,2026-05-27T11:26:13Z
4759,44977,152,MobileCare,FIELD000000044977,delivered,,,13.31,2026-05-24T06:54:50Z,2026-05-25T18:38:29Z,2026-05-27T11:26:13Z
4760,44978,145,Retail storeFleet,FIELD000000044978,delivered,,,23.98,2026-05-17T20:18:33Z,2026-05-27T04:13:10Z,2026-05-27T11:26:13Z
4761,44983,141,Partner Field Crew,FIELD000000044983,in_transit,,,19.96,2026-05-18T09:41:08Z,,2026-05-27T11:26:14Z
4762,44984,147,Fiber Crew,FIELD000000044984,delivered,,,22.85,2026-05-23T03:01:42Z,2026-05-25T15:05:07Z,2026-05-27T11:26:14Z
4763,44985,147,MobileCare,FIELD000000044985,delivered,,,6.95,2026-05-22T04:53:22Z,2026-05-25T16:58:59Z,2026-05-27T11:26:14Z
4764,44986,148,Retail storeFleet,FIELD000000044986,delivered,,,15.46,2026-05-23T15:07:53Z,2026-05-26T15:28:33Z,2026-05-27T11:26:14Z
4765,44991,150,Partner Field Crew,FIELD000000044991,in_transit,,,13.08,2026-05-18T11:00:32Z,,2026-05-27T11:26:14Z
4766,44992,150,Fiber Crew,FIELD000000044992,delivered,,,20.47,2026-05-22T16:42:14Z,2026-05-27T00:42:50Z,2026-05-27T11:26:14Z
4767,44993,150,MobileCare,FIELD000000044993,delivered,,,14.36,2026-05-22T04:21:55Z,2026-05-27T03:17:47Z,2026-05-27T11:26:14Z
4768,44994,141,Retail storeFleet,FIELD000000044994,delivered,,,5.29,2026-05-18T08:13:03Z,2026-05-25T11:40:22Z,2026-05-27T11:26:14Z
4769,44999,144,Partner Field Crew,FIELD000000044999,in_transit,,,14.71,2026-05-18T05:17:03Z,,2026-05-27T11:26:14Z
4770,45000,147,Fiber Crew,FIELD000000045000,delivered,,,15.39,2026-05-18T17:32:58Z,2026-05-26T10:27:06Z,2026-05-27T11:26:14Z
4771,45001,141,MobileCare,FIELD000000045001,delivered,,,15.4,2026-05-21T03:52:34Z,2026-05-25T22:29:27Z,2026-05-27T11:26:14Z
4772,45002,152,Retail storeFleet,FIELD000000045002,delivered,,,5.89,2026-05-24T17:39:32Z,2026-05-26T10:26:52Z,2026-05-27T11:26:14Z
4773,45007,147,Partner Field Crew,FIELD000000045007,in_transit,,,18.43,2026-05-26T09:39:59Z,,2026-05-27T11:26:14Z
4774,45008,146,Fiber Crew,FIELD000000045008,delivered,,,6.97,2026-05-22T11:27:30Z,2026-05-26T19:37:13Z,2026-05-27T11:26:14Z
4775,45009,146,MobileCare,FIELD000000045009,delivered,,,18.14,2026-05-21T03:51:33Z,2026-05-25T19:33:04Z,2026-05-27T11:26:14Z
4776,45010,152,Retail storeFleet,FIELD000000045010,delivered,,,23.34,2026-05-22T17:54:51Z,2026-05-26T05:54:42Z,2026-05-27T11:26:14Z
4777,45015,141,Partner Field Crew,FIELD000000045015,in_transit,,,17.59,2026-05-24T04:09:36Z,,2026-05-27T11:26:14Z
4778,45016,150,Fiber Crew,FIELD000000045016,delivered,,,10.85,2026-05-21T21:53:02Z,2026-05-25T21:03:06Z,2026-05-27T11:26:14Z
4779,45017,150,MobileCare,FIELD000000045017,delivered,,,5.13,2026-05-21T18:51:11Z,2026-05-26T22:53:26Z,2026-05-27T11:26:14Z
4780,45018,149,Retail storeFleet,FIELD000000045018,delivered,,,19.48,2026-05-24T21:28:44Z,2026-05-27T01:35:08Z,2026-05-27T11:26:14Z
4781,45023,151,Partner Field Crew,FIELD000000045023,in_transit,,,23.42,2026-05-20T04:34:40Z,,2026-05-27T11:26:14Z
4782,45024,147,Fiber Crew,FIELD000000045024,delivered,,,13.05,2026-05-20T01:13:53Z,2026-05-25T13:08:23Z,2026-05-27T11:26:14Z
4783,45025,143,MobileCare,FIELD000000045025,delivered,,,15.99,2026-05-25T15:30:21Z,2026-05-26T05:06:54Z,2026-05-27T11:26:14Z
4784,45026,150,Retail storeFleet,FIELD000000045026,delivered,,,17.72,2026-05-26T11:07:28Z,2026-05-26T16:34:15Z,2026-05-27T11:26:14Z
4785,45031,145,Partner Field Crew,FIELD000000045031,in_transit,,,14.81,2026-05-22T12:41:15Z,,2026-05-27T11:26:14Z
4786,45032,147,Fiber Crew,FIELD000000045032,delivered,,,7.07,2026-05-23T12:23:04Z,2026-05-26T12:52:41Z,2026-05-27T11:26:14Z
4787,45033,152,MobileCare,FIELD000000045033,delivered,,,6.98,2026-05-25T14:55:00Z,2026-05-26T22:24:46Z,2026-05-27T11:26:14Z
4788,45034,148,Retail storeFleet,FIELD000000045034,delivered,,,23.02,2026-05-20T03:48:14Z,2026-05-26T04:45:40Z,2026-05-27T11:26:14Z
4789,45039,145,Partner Field Crew,FIELD000000045039,in_transit,,,10.03,2026-05-18T23:14:05Z,,2026-05-27T11:26:14Z
4790,45040,152,Fiber Crew,FIELD000000045040,delivered,,,15.44,2026-05-23T16:41:06Z,2026-05-26T01:32:24Z,2026-05-27T11:26:14Z
4791,45041,150,MobileCare,FIELD000000045041,delivered,,,6.17,2026-05-21T22:22:04Z,2026-05-26T03:21:47Z,2026-05-27T11:26:14Z
4792,45042,147,Retail storeFleet,FIELD000000045042,delivered,,,17.41,2026-05-22T12:19:46Z,2026-05-26T19:10:33Z,2026-05-27T11:26:14Z
4793,45047,143,Partner Field Crew,FIELD000000045047,in_transit,,,11.63,2026-05-23T03:31:17Z,,2026-05-27T11:26:14Z
4794,45048,142,Fiber Crew,FIELD000000045048,delivered,,,13.68,2026-05-21T19:26:45Z,2026-05-26T17:55:34Z,2026-05-27T11:26:14Z
4795,45049,151,MobileCare,FIELD000000045049,delivered,,,22.19,2026-05-24T00:52:30Z,2026-05-26T17:36:34Z,2026-05-27T11:26:14Z
4796,45050,148,Retail storeFleet,FIELD000000045050,delivered,,,5.2,2026-05-26T03:01:20Z,2026-05-27T05:33:05Z,2026-05-27T11:26:14Z
4797,45055,146,Partner Field Crew,FIELD000000045055,in_transit,,,21.5,2026-05-19T22:29:38Z,,2026-05-27T11:26:14Z
4798,45056,143,Fiber Crew,FIELD000000045056,delivered,,,22.59,2026-05-18T21:50:51Z,2026-05-27T03:48:13Z,2026-05-27T11:26:14Z
4799,45057,142,MobileCare,FIELD000000045057,delivered,,,15.55,2026-05-24T06:09:35Z,2026-05-26T10:31:14Z,2026-05-27T11:26:14Z
4800,45058,145,Retail storeFleet,FIELD000000045058,delivered,,,6.36,2026-05-25T15:35:21Z,2026-05-26T10:26:16Z,2026-05-27T11:26:14Z
4801,45063,145,Partner Field Crew,FIELD000000045063,in_transit,,,8.99,2026-05-20T03:02:45Z,,2026-05-27T11:26:14Z
4802,45064,147,Fiber Crew,FIELD000000045064,delivered,,,22.74,2026-05-21T08:04:39Z,2026-05-27T01:44:04Z,2026-05-27T11:26:14Z
4803,45065,143,MobileCare,FIELD000000045065,delivered,,,14.78,2026-05-22T14:45:12Z,2026-05-27T04:38:21Z,2026-05-27T11:26:14Z
4804,45066,147,Retail storeFleet,FIELD000000045066,delivered,,,22.79,2026-05-20T10:41:06Z,2026-05-26T17:39:31Z,2026-05-27T11:26:14Z
4805,45071,149,Partner Field Crew,FIELD000000045071,in_transit,,,22.89,2026-05-17T14:09:08Z,,2026-05-27T11:26:14Z
4806,45072,152,Fiber Crew,FIELD000000045072,delivered,,,16.23,2026-05-23T02:48:46Z,2026-05-26T07:42:19Z,2026-05-27T11:26:14Z
4807,45073,141,MobileCare,FIELD000000045073,delivered,,,23.06,2026-05-24T06:05:52Z,2026-05-26T20:49:34Z,2026-05-27T11:26:14Z
4808,45074,150,Retail storeFleet,FIELD000000045074,delivered,,,5.98,2026-05-21T00:41:31Z,2026-05-26T02:20:42Z,2026-05-27T11:26:14Z
4809,45079,151,Partner Field Crew,FIELD000000045079,in_transit,,,8.48,2026-05-24T07:41:17Z,,2026-05-27T11:26:14Z
4810,45080,141,Fiber Crew,FIELD000000045080,delivered,,,13.12,2026-05-23T06:26:11Z,2026-05-27T07:08:07Z,2026-05-27T11:26:14Z
4811,45081,142,MobileCare,FIELD000000045081,delivered,,,23.92,2026-05-26T04:11:47Z,2026-05-27T07:06:01Z,2026-05-27T11:26:14Z
4812,45082,145,Retail storeFleet,FIELD000000045082,delivered,,,14.44,2026-05-22T03:14:27Z,2026-05-26T01:07:23Z,2026-05-27T11:26:14Z
4813,45087,143,Partner Field Crew,FIELD000000045087,in_transit,,,15.45,2026-05-22T14:19:00Z,,2026-05-27T11:26:14Z
4814,45088,146,Fiber Crew,FIELD000000045088,delivered,,,9.96,2026-05-22T07:50:32Z,2026-05-26T00:16:09Z,2026-05-27T11:26:14Z
4815,45089,151,MobileCare,FIELD000000045089,delivered,,,21.03,2026-05-19T11:00:43Z,2026-05-25T17:55:26Z,2026-05-27T11:26:14Z
4816,45090,142,Retail storeFleet,FIELD000000045090,delivered,,,23.99,2026-05-19T16:44:36Z,2026-05-26T09:48:17Z,2026-05-27T11:26:14Z
4817,45095,149,Partner Field Crew,FIELD000000045095,in_transit,,,9.26,2026-05-23T00:38:45Z,,2026-05-27T11:26:14Z
4818,45096,146,Fiber Crew,FIELD000000045096,delivered,,,18.44,2026-05-18T05:28:36Z,2026-05-26T21:31:38Z,2026-05-27T11:26:14Z
4819,45097,148,MobileCare,FIELD000000045097,delivered,,,13.65,2026-05-19T06:20:10Z,2026-05-26T10:41:30Z,2026-05-27T11:26:14Z
4820,45098,152,Retail storeFleet,FIELD000000045098,delivered,,,9.88,2026-05-25T04:15:29Z,2026-05-27T10:22:51Z,2026-05-27T11:26:14Z
4821,45103,148,Partner Field Crew,FIELD000000045103,in_transit,,,20.08,2026-05-18T17:42:35Z,,2026-05-27T11:26:14Z
4822,45104,152,Fiber Crew,FIELD000000045104,delivered,,,19.41,2026-05-24T05:11:41Z,2026-05-26T12:04:15Z,2026-05-27T11:26:14Z
4823,45105,142,MobileCare,FIELD000000045105,delivered,,,10.38,2026-05-21T16:17:17Z,2026-05-27T02:31:25Z,2026-05-27T11:26:14Z
4824,45106,146,Retail storeFleet,FIELD000000045106,delivered,,,11.91,2026-05-23T23:03:41Z,2026-05-26T05:28:45Z,2026-05-27T11:26:14Z
4825,45111,147,Partner Field Crew,FIELD000000045111,in_transit,,,17.37,2026-05-24T19:59:47Z,,2026-05-27T11:26:14Z
4826,45112,147,Fiber Crew,FIELD000000045112,delivered,,,17.27,2026-05-26T00:48:35Z,2026-05-25T15:27:03Z,2026-05-27T11:26:14Z
4827,45113,145,MobileCare,FIELD000000045113,delivered,,,13.76,2026-05-24T23:20:32Z,2026-05-25T18:19:50Z,2026-05-27T11:26:14Z
4828,45114,150,Retail storeFleet,FIELD000000045114,delivered,,,19.53,2026-05-19T12:59:41Z,2026-05-25T11:30:55Z,2026-05-27T11:26:14Z
4829,45119,150,Partner Field Crew,FIELD000000045119,in_transit,,,8.45,2026-05-18T21:34:19Z,,2026-05-27T11:26:14Z
4830,45120,149,Fiber Crew,FIELD000000045120,delivered,,,10.02,2026-05-20T09:04:04Z,2026-05-26T22:35:43Z,2026-05-27T11:26:14Z
4831,45121,150,MobileCare,FIELD000000045121,delivered,,,17.92,2026-05-24T23:03:29Z,2026-05-26T22:25:36Z,2026-05-27T11:26:14Z
4832,45122,148,Retail storeFleet,FIELD000000045122,delivered,,,17.44,2026-05-23T12:02:41Z,2026-05-26T15:28:42Z,2026-05-27T11:26:14Z
4833,45127,148,Partner Field Crew,FIELD000000045127,in_transit,,,14.91,2026-05-23T06:54:55Z,,2026-05-27T11:26:14Z
4834,45128,147,Fiber Crew,FIELD000000045128,delivered,,,22.87,2026-05-26T02:59:06Z,2026-05-25T16:48:55Z,2026-05-27T11:26:14Z
4835,45129,148,MobileCare,FIELD000000045129,delivered,,,21.98,2026-05-17T15:27:16Z,2026-05-25T19:20:03Z,2026-05-27T11:26:14Z
4836,45130,146,Retail storeFleet,FIELD000000045130,delivered,,,20.2,2026-05-26T09:15:44Z,2026-05-26T07:08:09Z,2026-05-27T11:26:14Z
4837,45135,141,Partner Field Crew,FIELD000000045135,in_transit,,,24.91,2026-05-17T15:52:58Z,,2026-05-27T11:26:14Z
4838,45136,147,Fiber Crew,FIELD000000045136,delivered,,,12.14,2026-05-24T10:15:35Z,2026-05-26T13:02:24Z,2026-05-27T11:26:14Z
4839,45137,150,MobileCare,FIELD000000045137,delivered,,,6.35,2026-05-21T13:39:15Z,2026-05-26T06:40:52Z,2026-05-27T11:26:14Z
4840,45138,145,Retail storeFleet,FIELD000000045138,delivered,,,15.59,2026-05-19T10:30:08Z,2026-05-26T07:00:54Z,2026-05-27T11:26:14Z
4841,45143,145,Partner Field Crew,FIELD000000045143,in_transit,,,24.43,2026-05-22T21:14:22Z,,2026-05-27T11:26:14Z
4842,45144,147,Fiber Crew,FIELD000000045144,delivered,,,24.33,2026-05-20T05:46:48Z,2026-05-27T01:15:28Z,2026-05-27T11:26:14Z
4843,45145,148,MobileCare,FIELD000000045145,delivered,,,9.81,2026-05-20T19:30:15Z,2026-05-26T11:42:36Z,2026-05-27T11:26:14Z
4844,45146,151,Retail storeFleet,FIELD000000045146,delivered,,,15.64,2026-05-18T07:03:30Z,2026-05-27T10:40:14Z,2026-05-27T11:26:14Z
4845,45151,147,Partner Field Crew,FIELD000000045151,in_transit,,,10.42,2026-05-19T21:58:31Z,,2026-05-27T11:26:14Z
4846,45152,144,Fiber Crew,FIELD000000045152,delivered,,,15.43,2026-05-17T19:55:01Z,2026-05-27T04:24:39Z,2026-05-27T11:26:14Z
4847,45153,145,MobileCare,FIELD000000045153,delivered,,,21.52,2026-05-19T02:43:21Z,2026-05-26T09:28:52Z,2026-05-27T11:26:14Z
4848,45154,143,Retail storeFleet,FIELD000000045154,delivered,,,20.98,2026-05-21T00:48:38Z,2026-05-26T01:16:57Z,2026-05-27T11:26:14Z
4849,45159,148,Partner Field Crew,FIELD000000045159,in_transit,,,16.44,2026-05-24T05:14:53Z,,2026-05-27T11:26:14Z
4850,45160,151,Fiber Crew,FIELD000000045160,delivered,,,10.14,2026-05-25T04:07:44Z,2026-05-25T23:49:21Z,2026-05-27T11:26:14Z
4851,45161,150,MobileCare,FIELD000000045161,delivered,,,10.86,2026-05-17T19:17:07Z,2026-05-26T01:23:36Z,2026-05-27T11:26:14Z
4852,45162,141,Retail storeFleet,FIELD000000045162,delivered,,,13.12,2026-05-21T01:58:49Z,2026-05-25T20:23:55Z,2026-05-27T11:26:14Z
4853,45167,152,Partner Field Crew,FIELD000000045167,in_transit,,,24.52,2026-05-18T05:05:04Z,,2026-05-27T11:26:14Z
4854,45168,146,Fiber Crew,FIELD000000045168,delivered,,,8.91,2026-05-20T12:16:17Z,2026-05-26T17:49:28Z,2026-05-27T11:26:14Z
4855,45169,142,MobileCare,FIELD000000045169,delivered,,,6.55,2026-05-23T11:53:30Z,2026-05-27T06:52:11Z,2026-05-27T11:26:14Z
4856,45170,143,Retail storeFleet,FIELD000000045170,delivered,,,15.13,2026-05-22T11:18:06Z,2026-05-27T01:33:24Z,2026-05-27T11:26:14Z
4857,45175,141,Partner Field Crew,FIELD000000045175,in_transit,,,7.03,2026-05-26T04:05:13Z,,2026-05-27T11:26:14Z
4858,45176,150,Fiber Crew,FIELD000000045176,delivered,,,7.22,2026-05-23T20:45:36Z,2026-05-26T05:16:23Z,2026-05-27T11:26:14Z
4859,45177,151,MobileCare,FIELD000000045177,delivered,,,21.3,2026-05-23T22:32:16Z,2026-05-26T01:37:53Z,2026-05-27T11:26:14Z
4860,45178,142,Retail storeFleet,FIELD000000045178,delivered,,,16.49,2026-05-25T05:24:06Z,2026-05-25T18:43:01Z,2026-05-27T11:26:14Z
4861,45183,147,Partner Field Crew,FIELD000000045183,in_transit,,,20.05,2026-05-21T03:03:04Z,,2026-05-27T11:26:14Z
4862,45184,150,Fiber Crew,FIELD000000045184,delivered,,,5.38,2026-05-21T04:52:14Z,2026-05-27T01:45:13Z,2026-05-27T11:26:14Z
4863,45185,151,MobileCare,FIELD000000045185,delivered,,,7.88,2026-05-21T20:05:27Z,2026-05-26T21:19:53Z,2026-05-27T11:26:14Z
4864,45186,141,Retail storeFleet,FIELD000000045186,delivered,,,17.75,2026-05-23T21:03:57Z,2026-05-25T11:44:46Z,2026-05-27T11:26:14Z
4865,45191,141,Partner Field Crew,FIELD000000045191,in_transit,,,8.92,2026-05-17T11:45:12Z,,2026-05-27T11:26:14Z
4866,45192,146,Fiber Crew,FIELD000000045192,delivered,,,16.45,2026-05-22T16:23:03Z,2026-05-25T15:28:01Z,2026-05-27T11:26:14Z
4867,45193,151,MobileCare,FIELD000000045193,delivered,,,15.32,2026-05-23T23:48:20Z,2026-05-25T23:43:48Z,2026-05-27T11:26:14Z
4868,45194,152,Retail storeFleet,FIELD000000045194,delivered,,,13.37,2026-05-17T21:05:21Z,2026-05-27T03:51:28Z,2026-05-27T11:26:14Z
4869,45199,146,Partner Field Crew,FIELD000000045199,in_transit,,,6.93,2026-05-19T03:19:17Z,,2026-05-27T11:26:14Z
4870,45200,141,Fiber Crew,FIELD000000045200,delivered,,,22.99,2026-05-25T02:33:50Z,2026-05-26T12:14:25Z,2026-05-27T11:26:14Z
4871,45201,151,MobileCare,FIELD000000045201,delivered,,,24.35,2026-05-24T04:36:09Z,2026-05-26T00:11:11Z,2026-05-27T11:26:14Z
4872,45202,151,Retail storeFleet,FIELD000000045202,delivered,,,21.58,2026-05-26T08:13:03Z,2026-05-25T18:58:26Z,2026-05-27T11:26:14Z
4873,45207,144,Partner Field Crew,FIELD000000045207,in_transit,,,24.59,2026-05-25T04:17:31Z,,2026-05-27T11:26:14Z
4874,45208,152,Fiber Crew,FIELD000000045208,delivered,,,21.22,2026-05-24T08:06:33Z,2026-05-26T19:57:58Z,2026-05-27T11:26:14Z
4875,45209,151,MobileCare,FIELD000000045209,delivered,,,16.5,2026-05-20T13:05:46Z,2026-05-26T23:11:10Z,2026-05-27T11:26:14Z
4876,45210,142,Retail storeFleet,FIELD000000045210,delivered,,,5.9,2026-05-23T04:53:06Z,2026-05-26T13:05:49Z,2026-05-27T11:26:14Z
4877,45215,145,Partner Field Crew,FIELD000000045215,in_transit,,,6.11,2026-05-19T21:35:12Z,,2026-05-27T11:26:14Z
4878,45216,149,Fiber Crew,FIELD000000045216,delivered,,,20.11,2026-05-22T04:38:27Z,2026-05-27T09:56:46Z,2026-05-27T11:26:14Z
4879,45217,145,MobileCare,FIELD000000045217,delivered,,,5.37,2026-05-21T15:46:35Z,2026-05-25T18:34:40Z,2026-05-27T11:26:14Z
4880,45218,147,Retail storeFleet,FIELD000000045218,delivered,,,22.93,2026-05-26T05:34:07Z,2026-05-27T01:51:34Z,2026-05-27T11:26:14Z
4881,45223,146,Partner Field Crew,FIELD000000045223,in_transit,,,7.65,2026-05-19T17:33:02Z,,2026-05-27T11:26:14Z
4882,45224,151,Fiber Crew,FIELD000000045224,delivered,,,5.9,2026-05-19T01:01:55Z,2026-05-26T23:42:04Z,2026-05-27T11:26:14Z
4883,45225,143,MobileCare,FIELD000000045225,delivered,,,12.32,2026-05-22T00:14:22Z,2026-05-25T13:26:33Z,2026-05-27T11:26:14Z
4884,45226,149,Retail storeFleet,FIELD000000045226,delivered,,,12.8,2026-05-17T22:22:54Z,2026-05-27T06:13:13Z,2026-05-27T11:26:14Z
4885,45231,141,Partner Field Crew,FIELD000000045231,in_transit,,,15.32,2026-05-22T18:56:15Z,,2026-05-27T11:26:14Z
4886,45232,143,Fiber Crew,FIELD000000045232,delivered,,,19.99,2026-05-18T22:06:11Z,2026-05-27T03:11:06Z,2026-05-27T11:26:14Z
4887,45233,150,MobileCare,FIELD000000045233,delivered,,,5.54,2026-05-23T08:29:13Z,2026-05-26T03:16:27Z,2026-05-27T11:26:14Z
4888,45234,141,Retail storeFleet,FIELD000000045234,delivered,,,22.73,2026-05-18T05:50:54Z,2026-05-25T22:19:58Z,2026-05-27T11:26:14Z
4889,45239,152,Partner Field Crew,FIELD000000045239,in_transit,,,24.95,2026-05-21T05:15:49Z,,2026-05-27T11:26:14Z
4890,45240,148,Fiber Crew,FIELD000000045240,delivered,,,11.85,2026-05-25T17:05:23Z,2026-05-26T23:36:32Z,2026-05-27T11:26:14Z
4891,45241,143,MobileCare,FIELD000000045241,delivered,,,20.7,2026-05-21T17:27:21Z,2026-05-26T01:59:16Z,2026-05-27T11:26:14Z
4892,45242,144,Retail storeFleet,FIELD000000045242,delivered,,,15.31,2026-05-18T12:35:58Z,2026-05-25T22:07:09Z,2026-05-27T11:26:14Z
4893,45247,152,Partner Field Crew,FIELD000000045247,in_transit,,,5.35,2026-05-20T04:02:13Z,,2026-05-27T11:26:14Z
4894,45248,146,Fiber Crew,FIELD000000045248,delivered,,,17.39,2026-05-25T19:07:19Z,2026-05-26T01:42:09Z,2026-05-27T11:26:14Z
4895,45249,145,MobileCare,FIELD000000045249,delivered,,,6.43,2026-05-18T11:27:29Z,2026-05-26T02:58:56Z,2026-05-27T11:26:14Z
4896,45250,146,Retail storeFleet,FIELD000000045250,delivered,,,6.81,2026-05-21T20:43:58Z,2026-05-27T07:46:18Z,2026-05-27T11:26:14Z
4897,45255,141,Partner Field Crew,FIELD000000045255,in_transit,,,16.74,2026-05-17T20:06:28Z,,2026-05-27T11:26:15Z
4898,45256,148,Fiber Crew,FIELD000000045256,delivered,,,20.49,2026-05-24T16:25:44Z,2026-05-25T17:34:50Z,2026-05-27T11:26:15Z
4899,45257,148,MobileCare,FIELD000000045257,delivered,,,13,2026-05-23T12:57:06Z,2026-05-26T23:47:03Z,2026-05-27T11:26:15Z
4900,45258,152,Retail storeFleet,FIELD000000045258,delivered,,,22.37,2026-05-18T12:13:15Z,2026-05-27T08:06:58Z,2026-05-27T11:26:15Z
4901,45263,150,Partner Field Crew,FIELD000000045263,in_transit,,,16.57,2026-05-20T06:09:25Z,,2026-05-27T11:26:15Z
4902,45264,142,Fiber Crew,FIELD000000045264,delivered,,,6.9,2026-05-23T02:01:45Z,2026-05-26T06:58:37Z,2026-05-27T11:26:15Z
4903,45265,144,MobileCare,FIELD000000045265,delivered,,,11.48,2026-05-24T09:55:17Z,2026-05-26T05:14:21Z,2026-05-27T11:26:15Z
4904,45266,148,Retail storeFleet,FIELD000000045266,delivered,,,20.37,2026-05-22T12:34:50Z,2026-05-27T01:27:46Z,2026-05-27T11:26:15Z
4905,45271,151,Partner Field Crew,FIELD000000045271,in_transit,,,5.13,2026-05-17T12:39:15Z,,2026-05-27T11:26:15Z
4906,45272,147,Fiber Crew,FIELD000000045272,delivered,,,11.02,2026-05-24T06:18:23Z,2026-05-26T07:07:04Z,2026-05-27T11:26:15Z
4907,45273,146,MobileCare,FIELD000000045273,delivered,,,13.77,2026-05-20T09:53:13Z,2026-05-26T11:59:20Z,2026-05-27T11:26:15Z
4908,45274,151,Retail storeFleet,FIELD000000045274,delivered,,,7.08,2026-05-20T20:16:06Z,2026-05-25T15:07:47Z,2026-05-27T11:26:15Z
4909,45279,149,Partner Field Crew,FIELD000000045279,in_transit,,,10,2026-05-22T03:14:21Z,,2026-05-27T11:26:15Z
4910,45280,143,Fiber Crew,FIELD000000045280,delivered,,,23.57,2026-05-23T14:57:54Z,2026-05-27T03:08:07Z,2026-05-27T11:26:15Z
4911,45281,144,MobileCare,FIELD000000045281,delivered,,,18.35,2026-05-22T05:51:37Z,2026-05-26T11:08:00Z,2026-05-27T11:26:15Z
4912,45282,144,Retail storeFleet,FIELD000000045282,delivered,,,7.56,2026-05-20T10:35:31Z,2026-05-27T02:56:54Z,2026-05-27T11:26:15Z
4913,45287,145,Partner Field Crew,FIELD000000045287,in_transit,,,16.58,2026-05-25T15:16:49Z,,2026-05-27T11:26:15Z
4914,45288,146,Fiber Crew,FIELD000000045288,delivered,,,6.81,2026-05-21T00:09:01Z,2026-05-25T15:31:23Z,2026-05-27T11:26:15Z
4915,45289,150,MobileCare,FIELD000000045289,delivered,,,22.4,2026-05-23T08:39:23Z,2026-05-25T12:27:16Z,2026-05-27T11:26:15Z
4916,45290,141,Retail storeFleet,FIELD000000045290,delivered,,,8.25,2026-05-21T15:29:01Z,2026-05-26T00:12:32Z,2026-05-27T11:26:15Z
4917,45295,150,Partner Field Crew,FIELD000000045295,in_transit,,,13.52,2026-05-22T11:32:35Z,,2026-05-27T11:26:15Z
4918,45296,146,Fiber Crew,FIELD000000045296,delivered,,,12.3,2026-05-23T02:10:10Z,2026-05-26T03:15:43Z,2026-05-27T11:26:15Z
4919,45297,144,MobileCare,FIELD000000045297,delivered,,,5.15,2026-05-22T06:38:23Z,2026-05-25T22:51:46Z,2026-05-27T11:26:15Z
4920,45298,144,Retail storeFleet,FIELD000000045298,delivered,,,10.2,2026-05-25T12:10:27Z,2026-05-26T07:31:54Z,2026-05-27T11:26:15Z
4921,45303,151,Partner Field Crew,FIELD000000045303,in_transit,,,22.88,2026-05-18T00:19:31Z,,2026-05-27T11:26:15Z
4922,45304,146,Fiber Crew,FIELD000000045304,delivered,,,24.56,2026-05-23T21:23:10Z,2026-05-26T23:31:32Z,2026-05-27T11:26:15Z
4923,45305,148,MobileCare,FIELD000000045305,delivered,,,15.47,2026-05-17T21:57:29Z,2026-05-27T09:11:18Z,2026-05-27T11:26:15Z
4924,45306,149,Retail storeFleet,FIELD000000045306,delivered,,,14.13,2026-05-25T16:12:28Z,2026-05-27T07:33:41Z,2026-05-27T11:26:15Z
4925,45311,151,Partner Field Crew,FIELD000000045311,in_transit,,,10.79,2026-05-25T08:37:00Z,,2026-05-27T11:26:15Z
4926,45312,146,Fiber Crew,FIELD000000045312,delivered,,,10.78,2026-05-24T14:20:39Z,2026-05-25T15:45:32Z,2026-05-27T11:26:15Z
4927,45313,149,MobileCare,FIELD000000045313,delivered,,,23.58,2026-05-23T20:05:56Z,2026-05-27T10:27:18Z,2026-05-27T11:26:15Z
4928,45314,143,Retail storeFleet,FIELD000000045314,delivered,,,8.79,2026-05-23T22:42:37Z,2026-05-26T14:39:46Z,2026-05-27T11:26:15Z
4929,45319,149,Partner Field Crew,FIELD000000045319,in_transit,,,11.76,2026-05-24T02:32:29Z,,2026-05-27T11:26:15Z
4930,45320,150,Fiber Crew,FIELD000000045320,delivered,,,24.61,2026-05-26T06:25:57Z,2026-05-26T03:09:01Z,2026-05-27T11:26:15Z
4931,45321,147,MobileCare,FIELD000000045321,delivered,,,9.93,2026-05-25T14:47:46Z,2026-05-26T04:15:12Z,2026-05-27T11:26:15Z
4932,45322,150,Retail storeFleet,FIELD000000045322,delivered,,,8.93,2026-05-19T12:35:05Z,2026-05-26T21:12:37Z,2026-05-27T11:26:15Z
4933,45327,141,Partner Field Crew,FIELD000000045327,in_transit,,,12.73,2026-05-21T10:19:51Z,,2026-05-27T11:26:15Z
4934,45328,148,Fiber Crew,FIELD000000045328,delivered,,,10.03,2026-05-25T01:05:49Z,2026-05-26T14:12:18Z,2026-05-27T11:26:15Z
4935,45329,152,MobileCare,FIELD000000045329,delivered,,,12.89,2026-05-20T19:10:02Z,2026-05-27T00:10:28Z,2026-05-27T11:26:15Z
4936,45330,149,Retail storeFleet,FIELD000000045330,delivered,,,5.4,2026-05-22T14:13:52Z,2026-05-26T12:24:00Z,2026-05-27T11:26:15Z
4937,45335,148,Partner Field Crew,FIELD000000045335,in_transit,,,12.61,2026-05-25T21:34:02Z,,2026-05-27T11:26:15Z
4938,45336,146,Fiber Crew,FIELD000000045336,delivered,,,8.38,2026-05-19T23:19:52Z,2026-05-27T03:09:14Z,2026-05-27T11:26:15Z
4939,45337,152,MobileCare,FIELD000000045337,delivered,,,9.34,2026-05-19T22:59:52Z,2026-05-26T14:54:58Z,2026-05-27T11:26:15Z
4940,45338,144,Retail storeFleet,FIELD000000045338,delivered,,,12.41,2026-05-24T14:19:54Z,2026-05-26T13:40:06Z,2026-05-27T11:26:15Z
4941,45343,149,Partner Field Crew,FIELD000000045343,in_transit,,,5.35,2026-05-24T13:07:50Z,,2026-05-27T11:26:15Z
4942,45344,149,Fiber Crew,FIELD000000045344,delivered,,,12.17,2026-05-17T22:06:43Z,2026-05-25T14:26:10Z,2026-05-27T11:26:15Z
4943,45345,141,MobileCare,FIELD000000045345,delivered,,,17.2,2026-05-20T20:04:20Z,2026-05-26T07:36:54Z,2026-05-27T11:26:15Z
4944,45346,144,Retail storeFleet,FIELD000000045346,delivered,,,14.57,2026-05-20T04:24:11Z,2026-05-26T11:32:51Z,2026-05-27T11:26:15Z
4945,45351,141,Partner Field Crew,FIELD000000045351,in_transit,,,24.27,2026-05-25T21:00:14Z,,2026-05-27T11:26:15Z
4946,45352,141,Fiber Crew,FIELD000000045352,delivered,,,16.71,2026-05-23T00:42:10Z,2026-05-26T06:53:20Z,2026-05-27T11:26:15Z
4947,45353,143,MobileCare,FIELD000000045353,delivered,,,17.93,2026-05-19T10:29:54Z,2026-05-27T04:20:52Z,2026-05-27T11:26:15Z
4948,45354,144,Retail storeFleet,FIELD000000045354,delivered,,,22.14,2026-05-24T18:29:23Z,2026-05-26T10:17:29Z,2026-05-27T11:26:15Z
4949,45359,146,Partner Field Crew,FIELD000000045359,in_transit,,,15.66,2026-05-24T04:55:36Z,,2026-05-27T11:26:15Z
4950,45360,149,Fiber Crew,FIELD000000045360,delivered,,,14.28,2026-05-26T02:56:09Z,2026-05-26T14:14:11Z,2026-05-27T11:26:15Z
4951,45361,152,MobileCare,FIELD000000045361,delivered,,,6.39,2026-05-23T21:42:10Z,2026-05-26T11:22:35Z,2026-05-27T11:26:15Z
4952,45362,148,Retail storeFleet,FIELD000000045362,delivered,,,12.78,2026-05-17T22:09:26Z,2026-05-26T05:44:29Z,2026-05-27T11:26:15Z
4953,45367,144,Partner Field Crew,FIELD000000045367,in_transit,,,10,2026-05-17T17:13:55Z,,2026-05-27T11:26:15Z
4954,45368,142,Fiber Crew,FIELD000000045368,delivered,,,9.1,2026-05-25T03:29:24Z,2026-05-25T16:37:37Z,2026-05-27T11:26:15Z
4955,45369,144,MobileCare,FIELD000000045369,delivered,,,14.52,2026-05-22T04:37:40Z,2026-05-26T21:07:19Z,2026-05-27T11:26:15Z
4956,45370,145,Retail storeFleet,FIELD000000045370,delivered,,,10.83,2026-05-21T10:59:55Z,2026-05-27T06:50:30Z,2026-05-27T11:26:15Z
4957,45375,147,Partner Field Crew,FIELD000000045375,in_transit,,,11.98,2026-05-18T16:37:34Z,,2026-05-27T11:26:15Z
4958,45376,145,Fiber Crew,FIELD000000045376,delivered,,,9.29,2026-05-17T18:27:25Z,2026-05-26T15:17:13Z,2026-05-27T11:26:15Z
4959,45377,151,MobileCare,FIELD000000045377,delivered,,,10.41,2026-05-24T22:54:04Z,2026-05-26T05:41:50Z,2026-05-27T11:26:15Z
4960,45378,142,Retail storeFleet,FIELD000000045378,delivered,,,16.75,2026-05-23T17:06:29Z,2026-05-26T21:06:59Z,2026-05-27T11:26:15Z
4961,45383,143,Partner Field Crew,FIELD000000045383,in_transit,,,13.86,2026-05-19T01:16:11Z,,2026-05-27T11:26:15Z
4962,45384,143,Fiber Crew,FIELD000000045384,delivered,,,8.98,2026-05-18T07:02:19Z,2026-05-26T04:34:23Z,2026-05-27T11:26:15Z
4963,45385,151,MobileCare,FIELD000000045385,delivered,,,8.77,2026-05-20T04:08:12Z,2026-05-27T10:26:35Z,2026-05-27T11:26:15Z
4964,45386,141,Retail storeFleet,FIELD000000045386,delivered,,,7.36,2026-05-24T20:09:11Z,2026-05-26T18:16:18Z,2026-05-27T11:26:15Z
4965,45391,150,Partner Field Crew,FIELD000000045391,in_transit,,,21.51,2026-05-22T01:29:23Z,,2026-05-27T11:26:15Z
4966,45392,143,Fiber Crew,FIELD000000045392,delivered,,,18.66,2026-05-18T23:51:02Z,2026-05-26T00:30:05Z,2026-05-27T11:26:15Z
4967,45393,148,MobileCare,FIELD000000045393,delivered,,,24,2026-05-24T09:08:49Z,2026-05-26T04:42:38Z,2026-05-27T11:26:15Z
4968,45394,151,Retail storeFleet,FIELD000000045394,delivered,,,23.35,2026-05-24T13:20:18Z,2026-05-27T00:08:21Z,2026-05-27T11:26:15Z
4969,45399,150,Partner Field Crew,FIELD000000045399,in_transit,,,14.68,2026-05-22T14:53:29Z,,2026-05-27T11:26:15Z
4970,45400,142,Fiber Crew,FIELD000000045400,delivered,,,15.79,2026-05-18T07:46:40Z,2026-05-26T12:46:37Z,2026-05-27T11:26:15Z
4971,45401,152,MobileCare,FIELD000000045401,delivered,,,19.69,2026-05-18T22:43:46Z,2026-05-27T09:35:08Z,2026-05-27T11:26:15Z
4972,45402,152,Retail storeFleet,FIELD000000045402,delivered,,,16.53,2026-05-25T06:33:44Z,2026-05-25T20:05:38Z,2026-05-27T11:26:15Z
4973,45407,145,Partner Field Crew,FIELD000000045407,in_transit,,,14.49,2026-05-19T11:14:53Z,,2026-05-27T11:26:15Z
4974,45408,145,Fiber Crew,FIELD000000045408,delivered,,,15.51,2026-05-20T06:18:01Z,2026-05-25T19:57:49Z,2026-05-27T11:26:15Z
4975,45409,142,MobileCare,FIELD000000045409,delivered,,,16.17,2026-05-24T15:27:57Z,2026-05-25T15:08:13Z,2026-05-27T11:26:15Z
4976,45410,146,Retail storeFleet,FIELD000000045410,delivered,,,15.45,2026-05-20T06:14:28Z,2026-05-26T00:53:10Z,2026-05-27T11:26:15Z
4977,45415,142,Partner Field Crew,FIELD000000045415,in_transit,,,24.32,2026-05-24T10:47:42Z,,2026-05-27T11:26:15Z
4978,45416,151,Fiber Crew,FIELD000000045416,delivered,,,16.04,2026-05-25T17:03:32Z,2026-05-26T22:53:22Z,2026-05-27T11:26:15Z
4979,45417,147,MobileCare,FIELD000000045417,delivered,,,11.05,2026-05-19T20:50:40Z,2026-05-27T05:40:55Z,2026-05-27T11:26:15Z
4980,45418,150,Retail storeFleet,FIELD000000045418,delivered,,,9.86,2026-05-20T10:28:49Z,2026-05-26T17:22:29Z,2026-05-27T11:26:15Z
4981,45423,142,Partner Field Crew,FIELD000000045423,in_transit,,,6.9,2026-05-18T16:03:38Z,,2026-05-27T11:26:15Z
4982,45424,146,Fiber Crew,FIELD000000045424,delivered,,,9.47,2026-05-23T15:01:24Z,2026-05-25T20:34:34Z,2026-05-27T11:26:15Z
4983,45425,148,MobileCare,FIELD000000045425,delivered,,,15.3,2026-05-25T06:43:40Z,2026-05-26T16:21:12Z,2026-05-27T11:26:15Z
4984,45426,148,Retail storeFleet,FIELD000000045426,delivered,,,9.46,2026-05-19T23:41:22Z,2026-05-25T16:25:24Z,2026-05-27T11:26:15Z
4985,45431,144,Partner Field Crew,FIELD000000045431,in_transit,,,12.54,2026-05-18T20:36:54Z,,2026-05-27T11:26:15Z
4986,45432,146,Fiber Crew,FIELD000000045432,delivered,,,7.96,2026-05-18T19:50:07Z,2026-05-25T20:17:07Z,2026-05-27T11:26:15Z
4987,45433,149,MobileCare,FIELD000000045433,delivered,,,13.01,2026-05-18T07:23:20Z,2026-05-26T17:40:04Z,2026-05-27T11:26:15Z
4988,45434,144,Retail storeFleet,FIELD000000045434,delivered,,,8.26,2026-05-20T13:39:57Z,2026-05-27T03:22:37Z,2026-05-27T11:26:15Z
4989,45439,143,Partner Field Crew,FIELD000000045439,in_transit,,,14.25,2026-05-20T13:04:12Z,,2026-05-27T11:26:15Z
4990,45440,141,Fiber Crew,FIELD000000045440,delivered,,,16.3,2026-05-22T08:28:37Z,2026-05-27T05:30:16Z,2026-05-27T11:26:15Z
4991,45441,145,MobileCare,FIELD000000045441,delivered,,,8.4,2026-05-19T13:04:15Z,2026-05-27T08:06:30Z,2026-05-27T11:26:15Z
4992,45442,149,Retail storeFleet,FIELD000000045442,delivered,,,21.22,2026-05-17T13:15:03Z,2026-05-27T11:16:34Z,2026-05-27T11:26:15Z
4993,45447,152,Partner Field Crew,FIELD000000045447,in_transit,,,6.17,2026-05-25T06:44:59Z,,2026-05-27T11:26:15Z
4994,45448,151,Fiber Crew,FIELD000000045448,delivered,,,21.41,2026-05-17T13:22:08Z,2026-05-25T13:01:37Z,2026-05-27T11:26:15Z
4995,45449,143,MobileCare,FIELD000000045449,delivered,,,17.09,2026-05-17T18:06:33Z,2026-05-27T02:57:19Z,2026-05-27T11:26:15Z
4996,45450,146,Retail storeFleet,FIELD000000045450,delivered,,,17.59,2026-05-18T00:51:37Z,2026-05-27T04:19:17Z,2026-05-27T11:26:15Z
4997,45455,142,Partner Field Crew,FIELD000000045455,in_transit,,,10.12,2026-05-21T20:00:25Z,,2026-05-27T11:26:15Z
4998,45456,144,Fiber Crew,FIELD000000045456,delivered,,,15.5,2026-05-23T00:22:56Z,2026-05-27T03:17:51Z,2026-05-27T11:26:15Z
4999,45457,152,MobileCare,FIELD000000045457,delivered,,,10.64,2026-05-22T04:37:20Z,2026-05-27T00:46:47Z,2026-05-27T11:26:15Z
5000,45458,142,Retail storeFleet,FIELD000000045458,delivered,,,20.61,2026-05-22T08:59:09Z,2026-05-26T19:46:44Z,2026-05-27T11:26:15Z
5001,45463,147,Partner Field Crew,FIELD000000045463,in_transit,,,22.6,2026-05-19T10:14:09Z,,2026-05-27T11:26:15Z
5002,45464,142,Fiber Crew,FIELD000000045464,delivered,,,9.5,2026-05-22T00:59:41Z,2026-05-25T19:32:36Z,2026-05-27T11:26:15Z
5003,45465,151,MobileCare,FIELD000000045465,delivered,,,19.06,2026-05-19T22:07:50Z,2026-05-26T05:50:36Z,2026-05-27T11:26:15Z
5004,45466,143,Retail storeFleet,FIELD000000045466,delivered,,,9.99,2026-05-24T03:25:18Z,2026-05-27T03:03:32Z,2026-05-27T11:26:15Z
5005,45471,141,Partner Field Crew,FIELD000000045471,in_transit,,,12.77,2026-05-23T08:02:13Z,,2026-05-27T11:26:15Z
5006,45472,152,Fiber Crew,FIELD000000045472,delivered,,,23.35,2026-05-17T17:54:49Z,2026-05-27T10:46:14Z,2026-05-27T11:26:15Z
5007,45473,146,MobileCare,FIELD000000045473,delivered,,,12.89,2026-05-25T17:32:00Z,2026-05-27T04:11:35Z,2026-05-27T11:26:15Z
5008,45474,145,Retail storeFleet,FIELD000000045474,delivered,,,23,2026-05-25T16:43:40Z,2026-05-27T09:56:18Z,2026-05-27T11:26:15Z
5009,45479,142,Partner Field Crew,FIELD000000045479,in_transit,,,6.04,2026-05-24T23:12:19Z,,2026-05-27T11:26:15Z
5010,45480,141,Fiber Crew,FIELD000000045480,delivered,,,10.52,2026-05-25T04:43:50Z,2026-05-25T21:37:06Z,2026-05-27T11:26:15Z
5011,45481,149,MobileCare,FIELD000000045481,delivered,,,22.72,2026-05-19T18:18:52Z,2026-05-26T18:01:04Z,2026-05-27T11:26:15Z
5012,45482,146,Retail storeFleet,FIELD000000045482,delivered,,,21.57,2026-05-24T21:56:12Z,2026-05-26T10:37:01Z,2026-05-27T11:26:15Z
5013,45487,143,Partner Field Crew,FIELD000000045487,in_transit,,,5.49,2026-05-21T01:33:53Z,,2026-05-27T11:26:15Z
5014,45488,144,Fiber Crew,FIELD000000045488,delivered,,,18.79,2026-05-23T03:14:13Z,2026-05-26T23:11:09Z,2026-05-27T11:26:15Z
5015,45489,141,MobileCare,FIELD000000045489,delivered,,,5.29,2026-05-26T09:18:17Z,2026-05-25T15:13:04Z,2026-05-27T11:26:15Z
5016,45490,147,Retail storeFleet,FIELD000000045490,delivered,,,8.95,2026-05-21T14:18:20Z,2026-05-26T21:05:50Z,2026-05-27T11:26:15Z
5017,45495,152,Partner Field Crew,FIELD000000045495,in_transit,,,19.47,2026-05-22T21:19:35Z,,2026-05-27T11:26:15Z
5018,45496,141,Fiber Crew,FIELD000000045496,delivered,,,16.72,2026-05-18T19:08:57Z,2026-05-25T20:51:57Z,2026-05-27T11:26:15Z
5019,45497,149,MobileCare,FIELD000000045497,delivered,,,20.29,2026-05-21T15:53:48Z,2026-05-27T03:22:00Z,2026-05-27T11:26:15Z
5020,45498,150,Retail storeFleet,FIELD000000045498,delivered,,,11.78,2026-05-24T09:26:33Z,2026-05-27T01:46:59Z,2026-05-27T11:26:15Z
5021,45503,148,Partner Field Crew,FIELD000000045503,in_transit,,,22.45,2026-05-18T04:27:42Z,,2026-05-27T11:26:15Z
5022,45504,145,Fiber Crew,FIELD000000045504,delivered,,,18.82,2026-05-24T10:33:49Z,2026-05-27T02:37:57Z,2026-05-27T11:26:15Z
5023,45505,145,MobileCare,FIELD000000045505,delivered,,,9.99,2026-05-22T18:29:56Z,2026-05-26T21:32:45Z,2026-05-27T11:26:15Z
5024,45506,149,Retail storeFleet,FIELD000000045506,delivered,,,17.35,2026-05-18T08:57:02Z,2026-05-25T14:24:07Z,2026-05-27T11:26:15Z
5025,45511,148,Partner Field Crew,FIELD000000045511,in_transit,,,16.62,2026-05-21T07:19:45Z,,2026-05-27T11:26:15Z
5026,45512,149,Fiber Crew,FIELD000000045512,delivered,,,24.46,2026-05-22T22:54:46Z,2026-05-26T06:39:11Z,2026-05-27T11:26:15Z
5027,45513,143,MobileCare,FIELD000000045513,delivered,,,13.7,2026-05-18T21:36:27Z,2026-05-26T01:39:35Z,2026-05-27T11:26:15Z
5028,45514,150,Retail storeFleet,FIELD000000045514,delivered,,,22.26,2026-05-18T21:09:06Z,2026-05-26T15:25:07Z,2026-05-27T11:26:15Z
5029,45519,148,Partner Field Crew,FIELD000000045519,in_transit,,,8.79,2026-05-26T09:17:28Z,,2026-05-27T11:26:15Z
5030,45520,152,Fiber Crew,FIELD000000045520,delivered,,,5.91,2026-05-19T00:25:20Z,2026-05-26T04:03:44Z,2026-05-27T11:26:15Z
5031,45521,141,MobileCare,FIELD000000045521,delivered,,,9.45,2026-05-22T06:46:30Z,2026-05-26T20:58:08Z,2026-05-27T11:26:15Z
5032,45522,145,Retail storeFleet,FIELD000000045522,delivered,,,19.5,2026-05-24T16:34:32Z,2026-05-25T16:44:34Z,2026-05-27T11:26:15Z
5033,45527,149,Partner Field Crew,FIELD000000045527,in_transit,,,20.38,2026-05-21T21:17:41Z,,2026-05-27T11:26:15Z
5034,45528,143,Fiber Crew,FIELD000000045528,delivered,,,8.94,2026-05-21T15:59:08Z,2026-05-26T11:59:41Z,2026-05-27T11:26:15Z
5035,45529,149,MobileCare,FIELD000000045529,delivered,,,22.14,2026-05-23T04:10:00Z,2026-05-26T09:14:48Z,2026-05-27T11:26:15Z
5036,45530,149,Retail storeFleet,FIELD000000045530,delivered,,,16.34,2026-05-23T07:38:51Z,2026-05-26T15:16:40Z,2026-05-27T11:26:15Z
5037,45535,142,Partner Field Crew,FIELD000000045535,in_transit,,,17.69,2026-05-19T00:23:33Z,,2026-05-27T11:26:15Z
5038,45536,142,Fiber Crew,FIELD000000045536,delivered,,,8.72,2026-05-21T10:54:56Z,2026-05-26T23:38:59Z,2026-05-27T11:26:15Z
5039,45537,143,MobileCare,FIELD000000045537,delivered,,,13.05,2026-05-17T18:22:58Z,2026-05-26T21:15:35Z,2026-05-27T11:26:15Z
5040,45538,147,Retail storeFleet,FIELD000000045538,delivered,,,21.04,2026-05-25T13:28:08Z,2026-05-25T19:22:28Z,2026-05-27T11:26:15Z
5041,45543,141,Partner Field Crew,FIELD000000045543,in_transit,,,9.89,2026-05-24T02:26:37Z,,2026-05-27T11:26:15Z
5042,45544,141,Fiber Crew,FIELD000000045544,delivered,,,24.97,2026-05-23T17:04:19Z,2026-05-26T22:50:38Z,2026-05-27T11:26:15Z
5043,45545,151,MobileCare,FIELD000000045545,delivered,,,9.5,2026-05-23T12:46:53Z,2026-05-26T17:25:35Z,2026-05-27T11:26:15Z
5044,45546,144,Retail storeFleet,FIELD000000045546,delivered,,,10.02,2026-05-23T08:09:31Z,2026-05-26T14:57:57Z,2026-05-27T11:26:16Z
5045,45551,141,Partner Field Crew,FIELD000000045551,in_transit,,,21.86,2026-05-23T21:58:55Z,,2026-05-27T11:26:16Z
5046,45552,151,Fiber Crew,FIELD000000045552,delivered,,,5.18,2026-05-18T02:01:19Z,2026-05-26T23:05:58Z,2026-05-27T11:26:16Z
5047,45553,143,MobileCare,FIELD000000045553,delivered,,,22.47,2026-05-21T07:09:13Z,2026-05-26T01:51:33Z,2026-05-27T11:26:16Z
5048,45554,149,Retail storeFleet,FIELD000000045554,delivered,,,11.93,2026-05-23T01:42:52Z,2026-05-25T12:07:18Z,2026-05-27T11:26:16Z
5049,45559,143,Partner Field Crew,FIELD000000045559,in_transit,,,10.84,2026-05-21T19:00:33Z,,2026-05-27T11:26:16Z
5050,45560,142,Fiber Crew,FIELD000000045560,delivered,,,24.56,2026-05-26T04:50:33Z,2026-05-26T07:23:34Z,2026-05-27T11:26:16Z
5051,45561,141,MobileCare,FIELD000000045561,delivered,,,9.21,2026-05-23T10:30:02Z,2026-05-26T10:32:52Z,2026-05-27T11:26:16Z
5052,45562,147,Retail storeFleet,FIELD000000045562,delivered,,,12.64,2026-05-25T17:56:38Z,2026-05-26T09:01:44Z,2026-05-27T11:26:16Z
5053,45567,143,Partner Field Crew,FIELD000000045567,in_transit,,,10.98,2026-05-23T21:47:12Z,,2026-05-27T11:26:16Z
5054,45568,142,Fiber Crew,FIELD000000045568,delivered,,,17.25,2026-05-23T02:03:53Z,2026-05-26T07:32:19Z,2026-05-27T11:26:16Z
5055,45569,151,MobileCare,FIELD000000045569,delivered,,,17.58,2026-05-23T12:56:08Z,2026-05-27T09:33:01Z,2026-05-27T11:26:16Z
5056,45570,141,Retail storeFleet,FIELD000000045570,delivered,,,20.81,2026-05-25T04:14:53Z,2026-05-26T17:33:51Z,2026-05-27T11:26:16Z
5057,45575,146,Partner Field Crew,FIELD000000045575,in_transit,,,14.53,2026-05-18T18:01:29Z,,2026-05-27T11:26:16Z
5058,45576,152,Fiber Crew,FIELD000000045576,delivered,,,23.58,2026-05-24T02:11:09Z,2026-05-27T01:20:52Z,2026-05-27T11:26:16Z
5059,45577,148,MobileCare,FIELD000000045577,delivered,,,5.31,2026-05-18T14:08:41Z,2026-05-25T11:56:59Z,2026-05-27T11:26:16Z
5060,45578,151,Retail storeFleet,FIELD000000045578,delivered,,,14.81,2026-05-18T04:10:46Z,2026-05-27T07:35:46Z,2026-05-27T11:26:16Z
5061,45583,148,Partner Field Crew,FIELD000000045583,in_transit,,,11.55,2026-05-22T17:28:10Z,,2026-05-27T11:26:16Z
5062,45584,145,Fiber Crew,FIELD000000045584,delivered,,,16.32,2026-05-19T16:32:35Z,2026-05-26T21:56:27Z,2026-05-27T11:26:16Z
5063,45585,142,MobileCare,FIELD000000045585,delivered,,,9.8,2026-05-25T09:20:21Z,2026-05-25T12:32:07Z,2026-05-27T11:26:16Z
5064,45586,150,Retail storeFleet,FIELD000000045586,delivered,,,21,2026-05-22T17:06:21Z,2026-05-26T04:02:54Z,2026-05-27T11:26:16Z
5065,45591,142,Partner Field Crew,FIELD000000045591,in_transit,,,18.87,2026-05-23T21:18:42Z,,2026-05-27T11:26:16Z
5066,45592,151,Fiber Crew,FIELD000000045592,delivered,,,19.83,2026-05-25T09:03:14Z,2026-05-27T01:20:32Z,2026-05-27T11:26:16Z
5067,45593,141,MobileCare,FIELD000000045593,delivered,,,13.76,2026-05-21T07:56:36Z,2026-05-26T06:36:02Z,2026-05-27T11:26:16Z
5068,45594,141,Retail storeFleet,FIELD000000045594,delivered,,,17.75,2026-05-18T22:52:22Z,2026-05-25T13:49:36Z,2026-05-27T11:26:16Z
5069,45599,150,Partner Field Crew,FIELD000000045599,in_transit,,,11.08,2026-05-21T00:20:09Z,,2026-05-27T11:26:16Z
5070,45600,144,Fiber Crew,FIELD000000045600,delivered,,,7.1,2026-05-23T10:19:24Z,2026-05-26T15:32:34Z,2026-05-27T11:26:16Z
5071,45601,152,MobileCare,FIELD000000045601,delivered,,,8.89,2026-05-22T23:36:41Z,2026-05-26T18:41:07Z,2026-05-27T11:26:16Z
5072,45602,150,Retail storeFleet,FIELD000000045602,delivered,,,22.03,2026-05-17T21:08:02Z,2026-05-27T10:02:34Z,2026-05-27T11:26:16Z
5073,45607,143,Partner Field Crew,FIELD000000045607,in_transit,,,24.84,2026-05-21T21:26:17Z,,2026-05-27T11:26:16Z
5074,45608,151,Fiber Crew,FIELD000000045608,delivered,,,6.73,2026-05-23T01:36:15Z,2026-05-27T03:23:16Z,2026-05-27T11:26:16Z
5075,45609,141,MobileCare,FIELD000000045609,delivered,,,22.33,2026-05-21T22:43:34Z,2026-05-27T02:11:40Z,2026-05-27T11:26:16Z
5076,45610,150,Retail storeFleet,FIELD000000045610,delivered,,,21.67,2026-05-24T00:59:32Z,2026-05-26T00:55:16Z,2026-05-27T11:26:16Z
5077,45615,146,Partner Field Crew,FIELD000000045615,in_transit,,,18.96,2026-05-24T14:05:51Z,,2026-05-27T11:26:16Z
5078,45616,144,Fiber Crew,FIELD000000045616,delivered,,,14.01,2026-05-22T02:36:36Z,2026-05-25T18:02:31Z,2026-05-27T11:26:16Z
5079,45617,152,MobileCare,FIELD000000045617,delivered,,,13.9,2026-05-19T04:08:34Z,2026-05-26T12:21:28Z,2026-05-27T11:26:16Z
5080,45618,147,Retail storeFleet,FIELD000000045618,delivered,,,23.24,2026-05-19T23:00:27Z,2026-05-27T04:45:50Z,2026-05-27T11:26:16Z
5081,45623,147,Partner Field Crew,FIELD000000045623,in_transit,,,13.64,2026-05-24T23:42:04Z,,2026-05-27T11:26:16Z
5082,45624,145,Fiber Crew,FIELD000000045624,delivered,,,20.97,2026-05-24T18:06:55Z,2026-05-26T06:49:22Z,2026-05-27T11:26:16Z
5083,45625,147,MobileCare,FIELD000000045625,delivered,,,14.42,2026-05-19T02:08:19Z,2026-05-27T09:39:22Z,2026-05-27T11:26:16Z
5084,45626,146,Retail storeFleet,FIELD000000045626,delivered,,,5.51,2026-05-21T07:15:16Z,2026-05-25T18:39:19Z,2026-05-27T11:26:16Z
5085,45631,142,Partner Field Crew,FIELD000000045631,in_transit,,,11.11,2026-05-21T22:59:55Z,,2026-05-27T11:26:16Z
5086,45632,146,Fiber Crew,FIELD000000045632,delivered,,,8.53,2026-05-25T12:43:18Z,2026-05-25T17:47:14Z,2026-05-27T11:26:16Z
5087,45633,147,MobileCare,FIELD000000045633,delivered,,,11.03,2026-05-23T19:06:43Z,2026-05-26T13:25:25Z,2026-05-27T11:26:16Z
5088,45634,144,Retail storeFleet,FIELD000000045634,delivered,,,11.16,2026-05-18T16:58:08Z,2026-05-27T03:14:02Z,2026-05-27T11:26:16Z
5089,45639,144,Partner Field Crew,FIELD000000045639,in_transit,,,22.73,2026-05-19T21:09:10Z,,2026-05-27T11:26:16Z
5090,45640,147,Fiber Crew,FIELD000000045640,delivered,,,15.55,2026-05-25T02:41:21Z,2026-05-26T00:06:11Z,2026-05-27T11:26:16Z
5091,45641,145,MobileCare,FIELD000000045641,delivered,,,14.63,2026-05-25T08:35:44Z,2026-05-25T17:11:43Z,2026-05-27T11:26:16Z
5092,45642,141,Retail storeFleet,FIELD000000045642,delivered,,,19.13,2026-05-20T00:22:52Z,2026-05-25T23:53:16Z,2026-05-27T11:26:16Z
5093,45647,148,Partner Field Crew,FIELD000000045647,in_transit,,,14.93,2026-05-23T02:37:32Z,,2026-05-27T11:26:16Z
5094,45648,148,Fiber Crew,FIELD000000045648,delivered,,,8.22,2026-05-25T03:23:14Z,2026-05-25T11:50:23Z,2026-05-27T11:26:16Z
5095,45649,151,MobileCare,FIELD000000045649,delivered,,,8.98,2026-05-23T17:16:35Z,2026-05-25T19:16:03Z,2026-05-27T11:26:16Z
5096,45650,149,Retail storeFleet,FIELD000000045650,delivered,,,8.83,2026-05-23T17:28:57Z,2026-05-26T15:16:35Z,2026-05-27T11:26:16Z
5097,45655,147,Partner Field Crew,FIELD000000045655,in_transit,,,18.38,2026-05-23T14:07:30Z,,2026-05-27T11:26:16Z
5098,45656,151,Fiber Crew,FIELD000000045656,delivered,,,17.12,2026-05-21T11:22:01Z,2026-05-26T00:45:21Z,2026-05-27T11:26:16Z
5099,45657,142,MobileCare,FIELD000000045657,delivered,,,8.27,2026-05-20T23:14:45Z,2026-05-27T04:56:02Z,2026-05-27T11:26:16Z
5100,45658,143,Retail storeFleet,FIELD000000045658,delivered,,,19.96,2026-05-24T11:17:41Z,2026-05-26T21:20:54Z,2026-05-27T11:26:16Z
5101,45663,143,Partner Field Crew,FIELD000000045663,in_transit,,,21.46,2026-05-19T04:34:04Z,,2026-05-27T11:26:16Z
5102,45664,152,Fiber Crew,FIELD000000045664,delivered,,,15.9,2026-05-24T05:07:35Z,2026-05-27T00:39:41Z,2026-05-27T11:26:16Z
5103,45665,143,MobileCare,FIELD000000045665,delivered,,,21.65,2026-05-25T22:51:40Z,2026-05-26T13:02:01Z,2026-05-27T11:26:16Z
5104,45666,148,Retail storeFleet,FIELD000000045666,delivered,,,15.42,2026-05-18T05:26:43Z,2026-05-26T15:10:06Z,2026-05-27T11:26:16Z
5105,45671,152,Partner Field Crew,FIELD000000045671,in_transit,,,7.92,2026-05-22T13:22:23Z,,2026-05-27T11:26:16Z
5106,45672,147,Fiber Crew,FIELD000000045672,delivered,,,22.43,2026-05-25T03:24:10Z,2026-05-26T00:05:47Z,2026-05-27T11:26:16Z
5107,45673,152,MobileCare,FIELD000000045673,delivered,,,10.64,2026-05-21T10:37:37Z,2026-05-26T20:41:23Z,2026-05-27T11:26:16Z
5108,45674,142,Retail storeFleet,FIELD000000045674,delivered,,,22.02,2026-05-23T14:53:17Z,2026-05-26T23:56:49Z,2026-05-27T11:26:16Z
5109,45679,151,Partner Field Crew,FIELD000000045679,in_transit,,,18.97,2026-05-19T07:19:57Z,,2026-05-27T11:26:16Z
5110,45680,143,Fiber Crew,FIELD000000045680,delivered,,,22.66,2026-05-22T00:48:07Z,2026-05-25T18:01:13Z,2026-05-27T11:26:16Z
5111,45681,141,MobileCare,FIELD000000045681,delivered,,,20.13,2026-05-20T21:15:34Z,2026-05-25T17:21:46Z,2026-05-27T11:26:16Z
5112,45682,146,Retail storeFleet,FIELD000000045682,delivered,,,18.98,2026-05-22T18:08:34Z,2026-05-27T05:40:48Z,2026-05-27T11:26:16Z
5113,45687,151,Partner Field Crew,FIELD000000045687,in_transit,,,8.55,2026-05-21T21:40:06Z,,2026-05-27T11:26:16Z
5114,45688,144,Fiber Crew,FIELD000000045688,delivered,,,7.11,2026-05-21T19:20:29Z,2026-05-26T00:49:55Z,2026-05-27T11:26:16Z
5115,45689,143,MobileCare,FIELD000000045689,delivered,,,20.09,2026-05-21T01:40:37Z,2026-05-25T15:17:59Z,2026-05-27T11:26:16Z
5116,45690,143,Retail storeFleet,FIELD000000045690,delivered,,,22.49,2026-05-22T16:18:49Z,2026-05-25T13:39:07Z,2026-05-27T11:26:16Z
5117,45695,152,Partner Field Crew,FIELD000000045695,in_transit,,,20.66,2026-05-22T11:21:57Z,,2026-05-27T11:26:16Z
5118,45696,150,Fiber Crew,FIELD000000045696,delivered,,,20.52,2026-05-18T20:04:49Z,2026-05-25T22:02:54Z,2026-05-27T11:26:16Z
5119,45697,150,MobileCare,FIELD000000045697,delivered,,,6.49,2026-05-18T15:39:54Z,2026-05-26T08:42:01Z,2026-05-27T11:26:16Z
5120,45698,152,Retail storeFleet,FIELD000000045698,delivered,,,16.06,2026-05-24T20:54:54Z,2026-05-25T14:23:37Z,2026-05-27T11:26:16Z
5121,45703,143,Partner Field Crew,FIELD000000045703,in_transit,,,14.27,2026-05-20T17:10:40Z,,2026-05-27T11:26:16Z
5122,45704,146,Fiber Crew,FIELD000000045704,delivered,,,13.19,2026-05-18T06:39:23Z,2026-05-25T14:57:18Z,2026-05-27T11:26:16Z
5123,45705,143,MobileCare,FIELD000000045705,delivered,,,5.31,2026-05-23T07:20:42Z,2026-05-26T13:28:13Z,2026-05-27T11:26:16Z
5124,45706,150,Retail storeFleet,FIELD000000045706,delivered,,,12.32,2026-05-18T05:06:01Z,2026-05-25T17:47:31Z,2026-05-27T11:26:16Z
5125,45711,152,Partner Field Crew,FIELD000000045711,in_transit,,,16.67,2026-05-17T13:16:41Z,,2026-05-27T11:26:16Z
5126,45712,152,Fiber Crew,FIELD000000045712,delivered,,,9.43,2026-05-18T04:53:28Z,2026-05-25T13:08:17Z,2026-05-27T11:26:16Z
5127,45713,145,MobileCare,FIELD000000045713,delivered,,,6.31,2026-05-26T07:34:48Z,2026-05-26T13:24:53Z,2026-05-27T11:26:16Z
5128,45714,146,Retail storeFleet,FIELD000000045714,delivered,,,20.17,2026-05-17T20:37:55Z,2026-05-26T07:11:04Z,2026-05-27T11:26:16Z
5129,45719,146,Partner Field Crew,FIELD000000045719,in_transit,,,8.86,2026-05-25T15:36:49Z,,2026-05-27T11:26:16Z
5130,45720,149,Fiber Crew,FIELD000000045720,delivered,,,18.5,2026-05-21T20:27:23Z,2026-05-25T23:44:36Z,2026-05-27T11:26:16Z
5131,45721,151,MobileCare,FIELD000000045721,delivered,,,13.28,2026-05-23T12:43:09Z,2026-05-26T11:48:59Z,2026-05-27T11:26:16Z
5132,45722,142,Retail storeFleet,FIELD000000045722,delivered,,,8.74,2026-05-18T01:40:02Z,2026-05-25T22:34:01Z,2026-05-27T11:26:16Z
5133,45727,142,Partner Field Crew,FIELD000000045727,in_transit,,,15.29,2026-05-23T16:43:59Z,,2026-05-27T11:26:16Z
5134,45728,141,Fiber Crew,FIELD000000045728,delivered,,,17.9,2026-05-24T11:29:49Z,2026-05-26T23:15:45Z,2026-05-27T11:26:16Z
5135,45729,143,MobileCare,FIELD000000045729,delivered,,,20.24,2026-05-26T11:03:04Z,2026-05-26T00:48:29Z,2026-05-27T11:26:16Z
5136,45730,141,Retail storeFleet,FIELD000000045730,delivered,,,23.16,2026-05-21T00:44:18Z,2026-05-25T13:23:24Z,2026-05-27T11:26:16Z
5137,45735,143,Partner Field Crew,FIELD000000045735,in_transit,,,22.52,2026-05-26T02:19:03Z,,2026-05-27T11:26:16Z
5138,45736,141,Fiber Crew,FIELD000000045736,delivered,,,15.58,2026-05-22T09:26:42Z,2026-05-25T23:18:09Z,2026-05-27T11:26:16Z
5139,45737,150,MobileCare,FIELD000000045737,delivered,,,13.27,2026-05-25T20:55:24Z,2026-05-26T12:09:11Z,2026-05-27T11:26:16Z
5140,45738,146,Retail storeFleet,FIELD000000045738,delivered,,,21.05,2026-05-18T14:03:11Z,2026-05-25T22:46:37Z,2026-05-27T11:26:16Z
5141,45743,142,Partner Field Crew,FIELD000000045743,in_transit,,,18.06,2026-05-20T12:55:46Z,,2026-05-27T11:26:16Z
5142,45744,146,Fiber Crew,FIELD000000045744,delivered,,,19.56,2026-05-22T18:05:27Z,2026-05-26T01:45:00Z,2026-05-27T11:26:16Z
5143,45745,150,MobileCare,FIELD000000045745,delivered,,,24.16,2026-05-26T04:16:43Z,2026-05-26T22:18:57Z,2026-05-27T11:26:16Z
5144,45746,143,Retail storeFleet,FIELD000000045746,delivered,,,8.17,2026-05-22T10:46:02Z,2026-05-26T01:48:35Z,2026-05-27T11:26:16Z
5145,45751,143,Partner Field Crew,FIELD000000045751,in_transit,,,7.93,2026-05-22T13:49:09Z,,2026-05-27T11:26:16Z
5146,45752,144,Fiber Crew,FIELD000000045752,delivered,,,14.05,2026-05-23T09:25:32Z,2026-05-26T01:04:20Z,2026-05-27T11:26:16Z
5147,45753,149,MobileCare,FIELD000000045753,delivered,,,19.64,2026-05-20T19:09:22Z,2026-05-26T09:36:58Z,2026-05-27T11:26:16Z
5148,45754,147,Retail storeFleet,FIELD000000045754,delivered,,,5.63,2026-05-20T01:30:08Z,2026-05-26T11:41:47Z,2026-05-27T11:26:16Z
5149,45759,145,Partner Field Crew,FIELD000000045759,in_transit,,,22.99,2026-05-24T08:46:57Z,,2026-05-27T11:26:16Z
5150,45760,152,Fiber Crew,FIELD000000045760,delivered,,,8.58,2026-05-23T10:49:55Z,2026-05-25T14:51:25Z,2026-05-27T11:26:16Z
5151,45761,148,MobileCare,FIELD000000045761,delivered,,,23.39,2026-05-22T22:47:39Z,2026-05-26T16:02:49Z,2026-05-27T11:26:16Z
5152,45762,150,Retail storeFleet,FIELD000000045762,delivered,,,17.04,2026-05-22T11:53:20Z,2026-05-25T17:16:56Z,2026-05-27T11:26:16Z
5153,45767,151,Partner Field Crew,FIELD000000045767,in_transit,,,16.85,2026-05-19T04:49:55Z,,2026-05-27T11:26:16Z
5154,45768,143,Fiber Crew,FIELD000000045768,delivered,,,22.75,2026-05-23T09:22:31Z,2026-05-26T01:32:12Z,2026-05-27T11:26:16Z
5155,45769,143,MobileCare,FIELD000000045769,delivered,,,17.95,2026-05-26T11:05:58Z,2026-05-26T20:07:05Z,2026-05-27T11:26:16Z
5156,45770,146,Retail storeFleet,FIELD000000045770,delivered,,,8.67,2026-05-18T06:48:49Z,2026-05-26T23:16:41Z,2026-05-27T11:26:16Z
5157,45775,150,Partner Field Crew,FIELD000000045775,in_transit,,,8.12,2026-05-20T08:10:46Z,,2026-05-27T11:26:16Z
5158,45776,145,Fiber Crew,FIELD000000045776,delivered,,,24.06,2026-05-24T11:52:53Z,2026-05-27T01:11:33Z,2026-05-27T11:26:16Z
5159,45777,144,MobileCare,FIELD000000045777,delivered,,,13.77,2026-05-19T09:45:18Z,2026-05-27T08:12:34Z,2026-05-27T11:26:16Z
5160,45778,150,Retail storeFleet,FIELD000000045778,delivered,,,14.08,2026-05-17T21:16:24Z,2026-05-26T07:19:45Z,2026-05-27T11:26:16Z
5161,45783,146,Partner Field Crew,FIELD000000045783,in_transit,,,17.4,2026-05-24T09:41:59Z,,2026-05-27T11:26:16Z
5162,45784,144,Fiber Crew,FIELD000000045784,delivered,,,6.35,2026-05-26T05:11:25Z,2026-05-26T16:50:52Z,2026-05-27T11:26:16Z
5163,45785,143,MobileCare,FIELD000000045785,delivered,,,11.68,2026-05-17T17:29:00Z,2026-05-27T01:22:03Z,2026-05-27T11:26:16Z
5164,45786,150,Retail storeFleet,FIELD000000045786,delivered,,,9.55,2026-05-21T13:56:35Z,2026-05-25T15:58:50Z,2026-05-27T11:26:16Z
5165,45791,144,Partner Field Crew,FIELD000000045791,in_transit,,,21.04,2026-05-20T07:09:36Z,,2026-05-27T11:26:16Z
5166,45792,141,Fiber Crew,FIELD000000045792,delivered,,,9.96,2026-05-22T16:05:37Z,2026-05-26T15:34:00Z,2026-05-27T11:26:16Z
5167,45793,148,MobileCare,FIELD000000045793,delivered,,,16.59,2026-05-21T02:30:49Z,2026-05-27T08:50:23Z,2026-05-27T11:26:16Z
5168,45794,144,Retail storeFleet,FIELD000000045794,delivered,,,23.73,2026-05-19T00:29:33Z,2026-05-26T21:01:46Z,2026-05-27T11:26:16Z
5169,45799,148,Partner Field Crew,FIELD000000045799,in_transit,,,16.06,2026-05-24T04:04:57Z,,2026-05-27T11:26:16Z
5170,45800,141,Fiber Crew,FIELD000000045800,delivered,,,20.49,2026-05-22T18:28:45Z,2026-05-27T10:31:20Z,2026-05-27T11:26:16Z
5171,45801,152,MobileCare,FIELD000000045801,delivered,,,21.54,2026-05-22T07:40:48Z,2026-05-26T00:29:44Z,2026-05-27T11:26:16Z
5172,45802,143,Retail storeFleet,FIELD000000045802,delivered,,,6.73,2026-05-22T05:35:08Z,2026-05-27T08:25:32Z,2026-05-27T11:26:16Z
5173,45807,141,Partner Field Crew,FIELD000000045807,in_transit,,,11.18,2026-05-25T03:36:26Z,,2026-05-27T11:26:16Z
5174,45808,143,Fiber Crew,FIELD000000045808,delivered,,,15.97,2026-05-26T05:44:15Z,2026-05-26T06:49:47Z,2026-05-27T11:26:16Z
5175,45809,151,MobileCare,FIELD000000045809,delivered,,,20.3,2026-05-21T08:26:59Z,2026-05-26T17:12:12Z,2026-05-27T11:26:17Z
5176,45810,149,Retail storeFleet,FIELD000000045810,delivered,,,7.12,2026-05-24T11:29:04Z,2026-05-25T11:33:30Z,2026-05-27T11:26:17Z
5177,45815,143,Partner Field Crew,FIELD000000045815,in_transit,,,10.53,2026-05-18T21:17:46Z,,2026-05-27T11:26:17Z
5178,45816,152,Fiber Crew,FIELD000000045816,delivered,,,15.62,2026-05-20T10:21:03Z,2026-05-26T17:15:45Z,2026-05-27T11:26:17Z
5179,45817,151,MobileCare,FIELD000000045817,delivered,,,23.68,2026-05-25T16:39:29Z,2026-05-27T07:55:56Z,2026-05-27T11:26:17Z
5180,45818,146,Retail storeFleet,FIELD000000045818,delivered,,,15.64,2026-05-22T10:46:11Z,2026-05-26T22:41:41Z,2026-05-27T11:26:17Z
5181,45823,145,Partner Field Crew,FIELD000000045823,in_transit,,,12.09,2026-05-25T13:21:08Z,,2026-05-27T11:26:17Z
5182,45824,144,Fiber Crew,FIELD000000045824,delivered,,,12.52,2026-05-17T15:53:23Z,2026-05-27T05:49:17Z,2026-05-27T11:26:17Z
5183,45825,147,MobileCare,FIELD000000045825,delivered,,,20.8,2026-05-25T14:43:56Z,2026-05-26T12:42:31Z,2026-05-27T11:26:17Z
5184,45826,146,Retail storeFleet,FIELD000000045826,delivered,,,20.18,2026-05-25T14:37:19Z,2026-05-26T22:37:39Z,2026-05-27T11:26:17Z
5185,45831,150,Partner Field Crew,FIELD000000045831,in_transit,,,6.19,2026-05-23T09:22:32Z,,2026-05-27T11:26:17Z
5186,45832,147,Fiber Crew,FIELD000000045832,delivered,,,19.57,2026-05-18T00:27:04Z,2026-05-26T04:43:34Z,2026-05-27T11:26:17Z
5187,45833,141,MobileCare,FIELD000000045833,delivered,,,8.31,2026-05-18T23:12:33Z,2026-05-27T01:50:53Z,2026-05-27T11:26:17Z
5188,45834,151,Retail storeFleet,FIELD000000045834,delivered,,,15.49,2026-05-20T09:35:35Z,2026-05-25T19:42:20Z,2026-05-27T11:26:17Z
5189,45839,149,Partner Field Crew,FIELD000000045839,in_transit,,,13.99,2026-05-23T20:42:06Z,,2026-05-27T11:26:17Z
5190,45840,141,Fiber Crew,FIELD000000045840,delivered,,,24.04,2026-05-20T00:21:22Z,2026-05-27T02:51:37Z,2026-05-27T11:26:17Z
5191,45841,145,MobileCare,FIELD000000045841,delivered,,,12.4,2026-05-20T09:52:25Z,2026-05-26T18:38:38Z,2026-05-27T11:26:17Z
5192,45842,142,Retail storeFleet,FIELD000000045842,delivered,,,15.14,2026-05-24T09:25:18Z,2026-05-25T16:56:52Z,2026-05-27T11:26:17Z
5193,45847,152,Partner Field Crew,FIELD000000045847,in_transit,,,22.99,2026-05-22T03:10:09Z,,2026-05-27T11:26:17Z
5194,45848,147,Fiber Crew,FIELD000000045848,delivered,,,16.84,2026-05-18T06:59:43Z,2026-05-26T09:03:13Z,2026-05-27T11:26:17Z
5195,45849,145,MobileCare,FIELD000000045849,delivered,,,15.14,2026-05-25T19:41:41Z,2026-05-27T09:56:00Z,2026-05-27T11:26:17Z
5196,45850,149,Retail storeFleet,FIELD000000045850,delivered,,,9.48,2026-05-20T13:46:24Z,2026-05-26T23:40:36Z,2026-05-27T11:26:17Z
5197,45855,146,Partner Field Crew,FIELD000000045855,in_transit,,,5.56,2026-05-23T03:06:27Z,,2026-05-27T11:26:17Z
5198,45856,148,Fiber Crew,FIELD000000045856,delivered,,,24.05,2026-05-18T20:30:18Z,2026-05-27T07:08:09Z,2026-05-27T11:26:17Z
5199,45857,151,MobileCare,FIELD000000045857,delivered,,,7.46,2026-05-22T09:56:54Z,2026-05-25T17:56:43Z,2026-05-27T11:26:17Z
5200,45858,151,Retail storeFleet,FIELD000000045858,delivered,,,23,2026-05-24T07:56:28Z,2026-05-27T07:22:43Z,2026-05-27T11:26:17Z
5201,45863,142,Partner Field Crew,FIELD000000045863,in_transit,,,18.16,2026-05-23T21:29:54Z,,2026-05-27T11:26:17Z
5202,45864,146,Fiber Crew,FIELD000000045864,delivered,,,11.3,2026-05-23T20:28:10Z,2026-05-27T06:44:12Z,2026-05-27T11:26:17Z
5203,45865,141,MobileCare,FIELD000000045865,delivered,,,10.02,2026-05-20T02:54:14Z,2026-05-27T07:03:20Z,2026-05-27T11:26:17Z
5204,45866,143,Retail storeFleet,FIELD000000045866,delivered,,,22.79,2026-05-18T09:02:32Z,2026-05-25T23:27:41Z,2026-05-27T11:26:17Z
5205,45871,151,Partner Field Crew,FIELD000000045871,in_transit,,,8.35,2026-05-17T21:39:45Z,,2026-05-27T11:26:17Z
5206,45872,148,Fiber Crew,FIELD000000045872,delivered,,,6.74,2026-05-24T01:23:27Z,2026-05-26T16:32:14Z,2026-05-27T11:26:17Z
5207,45873,148,MobileCare,FIELD000000045873,delivered,,,12.12,2026-05-26T05:30:36Z,2026-05-27T00:37:21Z,2026-05-27T11:26:17Z
5208,45874,141,Retail storeFleet,FIELD000000045874,delivered,,,18.45,2026-05-25T19:21:36Z,2026-05-27T01:40:57Z,2026-05-27T11:26:17Z
5209,45879,141,Partner Field Crew,FIELD000000045879,in_transit,,,16.87,2026-05-18T16:09:09Z,,2026-05-27T11:26:17Z
5210,45880,143,Fiber Crew,FIELD000000045880,delivered,,,17.89,2026-05-23T07:50:42Z,2026-05-26T06:28:55Z,2026-05-27T11:26:17Z
5211,45881,148,MobileCare,FIELD000000045881,delivered,,,19.08,2026-05-21T04:14:16Z,2026-05-27T05:49:40Z,2026-05-27T11:26:17Z
5212,45882,152,Retail storeFleet,FIELD000000045882,delivered,,,13.7,2026-05-18T10:20:51Z,2026-05-25T18:43:10Z,2026-05-27T11:26:17Z
5213,45887,145,Partner Field Crew,FIELD000000045887,in_transit,,,5.49,2026-05-20T19:12:01Z,,2026-05-27T11:26:17Z
5214,45888,146,Fiber Crew,FIELD000000045888,delivered,,,15.93,2026-05-23T02:10:08Z,2026-05-26T20:37:04Z,2026-05-27T11:26:17Z
5215,45889,148,MobileCare,FIELD000000045889,delivered,,,15.96,2026-05-22T03:05:38Z,2026-05-25T13:44:40Z,2026-05-27T11:26:17Z
5216,45890,151,Retail storeFleet,FIELD000000045890,delivered,,,23.32,2026-05-24T08:58:46Z,2026-05-26T16:47:11Z,2026-05-27T11:26:17Z
5217,45895,151,Partner Field Crew,FIELD000000045895,in_transit,,,17.93,2026-05-20T08:41:36Z,,2026-05-27T11:26:17Z
5218,45896,144,Fiber Crew,FIELD000000045896,delivered,,,5.94,2026-05-23T07:00:53Z,2026-05-26T17:47:42Z,2026-05-27T11:26:17Z
5219,45897,151,MobileCare,FIELD000000045897,delivered,,,6.36,2026-05-23T20:31:16Z,2026-05-26T20:46:56Z,2026-05-27T11:26:17Z
5220,45898,145,Retail storeFleet,FIELD000000045898,delivered,,,12.64,2026-05-19T19:17:24Z,2026-05-25T13:56:44Z,2026-05-27T11:26:17Z
5221,45903,152,Partner Field Crew,FIELD000000045903,in_transit,,,23.36,2026-05-24T12:03:24Z,,2026-05-27T11:26:17Z
5222,45904,147,Fiber Crew,FIELD000000045904,delivered,,,19.34,2026-05-20T06:45:33Z,2026-05-26T13:08:19Z,2026-05-27T11:26:17Z
5223,45905,144,MobileCare,FIELD000000045905,delivered,,,6.04,2026-05-24T00:28:04Z,2026-05-25T21:32:05Z,2026-05-27T11:26:17Z
5224,45906,146,Retail storeFleet,FIELD000000045906,delivered,,,14.34,2026-05-26T05:33:14Z,2026-05-27T02:27:21Z,2026-05-27T11:26:17Z
5225,45911,146,Partner Field Crew,FIELD000000045911,in_transit,,,15.33,2026-05-19T07:18:51Z,,2026-05-27T11:26:17Z
5226,45912,144,Fiber Crew,FIELD000000045912,delivered,,,17.9,2026-05-21T02:12:46Z,2026-05-25T18:22:58Z,2026-05-27T11:26:17Z
5227,45913,150,MobileCare,FIELD000000045913,delivered,,,22.09,2026-05-26T02:34:59Z,2026-05-26T03:34:03Z,2026-05-27T11:26:17Z
5228,45914,143,Retail storeFleet,FIELD000000045914,delivered,,,17.31,2026-05-22T03:55:24Z,2026-05-26T13:56:32Z,2026-05-27T11:26:17Z
5229,45919,147,Partner Field Crew,FIELD000000045919,in_transit,,,11.04,2026-05-22T01:27:55Z,,2026-05-27T11:26:17Z
5230,45920,147,Fiber Crew,FIELD000000045920,delivered,,,13.86,2026-05-17T23:06:40Z,2026-05-27T09:35:44Z,2026-05-27T11:26:17Z
5231,45921,143,MobileCare,FIELD000000045921,delivered,,,15.35,2026-05-24T07:00:05Z,2026-05-25T13:32:51Z,2026-05-27T11:26:17Z
5232,45922,145,Retail storeFleet,FIELD000000045922,delivered,,,17.93,2026-05-24T13:56:57Z,2026-05-27T02:38:59Z,2026-05-27T11:26:17Z
5233,45927,150,Partner Field Crew,FIELD000000045927,in_transit,,,19.33,2026-05-20T14:35:25Z,,2026-05-27T11:26:17Z
5234,45928,152,Fiber Crew,FIELD000000045928,delivered,,,11.09,2026-05-23T21:01:58Z,2026-05-25T18:30:39Z,2026-05-27T11:26:17Z
5235,45929,152,MobileCare,FIELD000000045929,delivered,,,13.66,2026-05-24T13:34:18Z,2026-05-27T00:28:27Z,2026-05-27T11:26:17Z
5236,45930,145,Retail storeFleet,FIELD000000045930,delivered,,,17.83,2026-05-24T14:59:56Z,2026-05-26T11:46:03Z,2026-05-27T11:26:17Z
5237,45935,147,Partner Field Crew,FIELD000000045935,in_transit,,,18.76,2026-05-18T13:37:36Z,,2026-05-27T11:26:17Z
5238,45936,147,Fiber Crew,FIELD000000045936,delivered,,,21.86,2026-05-24T07:22:30Z,2026-05-25T20:57:41Z,2026-05-27T11:26:17Z
5239,45937,143,MobileCare,FIELD000000045937,delivered,,,23.4,2026-05-22T19:53:48Z,2026-05-25T20:44:00Z,2026-05-27T11:26:17Z
5240,45938,144,Retail storeFleet,FIELD000000045938,delivered,,,10.96,2026-05-20T09:16:41Z,2026-05-27T05:17:51Z,2026-05-27T11:26:17Z
5241,45943,142,Partner Field Crew,FIELD000000045943,in_transit,,,16.38,2026-05-17T16:14:28Z,,2026-05-27T11:26:17Z
5242,45944,148,Fiber Crew,FIELD000000045944,delivered,,,19.5,2026-05-24T08:33:19Z,2026-05-26T18:06:21Z,2026-05-27T11:26:17Z
5243,45945,141,MobileCare,FIELD000000045945,delivered,,,18.17,2026-05-23T19:11:51Z,2026-05-27T05:04:29Z,2026-05-27T11:26:17Z
5244,45946,141,Retail storeFleet,FIELD000000045946,delivered,,,17.13,2026-05-18T14:09:01Z,2026-05-27T08:37:39Z,2026-05-27T11:26:17Z
5245,45951,143,Partner Field Crew,FIELD000000045951,in_transit,,,17.81,2026-05-22T15:05:23Z,,2026-05-27T11:26:17Z
5246,45952,148,Fiber Crew,FIELD000000045952,delivered,,,24.71,2026-05-22T21:20:08Z,2026-05-26T22:58:23Z,2026-05-27T11:26:17Z
5247,45953,150,MobileCare,FIELD000000045953,delivered,,,13.81,2026-05-22T22:48:54Z,2026-05-27T10:20:10Z,2026-05-27T11:26:17Z
5248,45954,151,Retail storeFleet,FIELD000000045954,delivered,,,5.27,2026-05-17T22:07:42Z,2026-05-26T06:13:48Z,2026-05-27T11:26:17Z
5249,45959,148,Partner Field Crew,FIELD000000045959,in_transit,,,23.06,2026-05-24T06:19:38Z,,2026-05-27T11:26:17Z
5250,45960,147,Fiber Crew,FIELD000000045960,delivered,,,15.92,2026-05-21T14:50:10Z,2026-05-27T04:54:33Z,2026-05-27T11:26:17Z
5251,45961,145,MobileCare,FIELD000000045961,delivered,,,19.81,2026-05-20T21:14:47Z,2026-05-26T22:47:11Z,2026-05-27T11:26:17Z
5252,45962,149,Retail storeFleet,FIELD000000045962,delivered,,,12.29,2026-05-23T08:18:07Z,2026-05-26T21:21:12Z,2026-05-27T11:26:17Z
5253,45967,144,Partner Field Crew,FIELD000000045967,in_transit,,,24.5,2026-05-25T11:26:59Z,,2026-05-27T11:26:17Z
5254,45968,150,Fiber Crew,FIELD000000045968,delivered,,,7.13,2026-05-25T20:33:52Z,2026-05-27T01:03:35Z,2026-05-27T11:26:17Z
5255,45969,151,MobileCare,FIELD000000045969,delivered,,,7.11,2026-05-23T09:21:04Z,2026-05-26T14:08:12Z,2026-05-27T11:26:17Z
5256,45970,145,Retail storeFleet,FIELD000000045970,delivered,,,22.72,2026-05-20T09:34:05Z,2026-05-26T12:19:34Z,2026-05-27T11:26:17Z
5257,45975,141,Partner Field Crew,FIELD000000045975,in_transit,,,5.23,2026-05-18T03:54:47Z,,2026-05-27T11:26:17Z
5258,45976,151,Fiber Crew,FIELD000000045976,delivered,,,19.25,2026-05-20T07:27:18Z,2026-05-26T13:18:16Z,2026-05-27T11:26:17Z
5259,45977,147,MobileCare,FIELD000000045977,delivered,,,18.5,2026-05-23T01:07:12Z,2026-05-25T23:14:36Z,2026-05-27T11:26:17Z
5260,45978,148,Retail storeFleet,FIELD000000045978,delivered,,,6.99,2026-05-19T01:40:44Z,2026-05-26T17:38:07Z,2026-05-27T11:26:17Z
5261,45983,142,Partner Field Crew,FIELD000000045983,in_transit,,,24.92,2026-05-20T01:25:58Z,,2026-05-27T11:26:17Z
5262,45984,145,Fiber Crew,FIELD000000045984,delivered,,,24.26,2026-05-19T03:00:44Z,2026-05-26T00:54:40Z,2026-05-27T11:26:17Z
5263,45985,145,MobileCare,FIELD000000045985,delivered,,,6.76,2026-05-21T11:24:42Z,2026-05-27T01:57:23Z,2026-05-27T11:26:17Z
5264,45986,142,Retail storeFleet,FIELD000000045986,delivered,,,6.47,2026-05-17T17:20:12Z,2026-05-27T03:48:37Z,2026-05-27T11:26:17Z
5265,45991,145,Partner Field Crew,FIELD000000045991,in_transit,,,13.89,2026-05-25T20:01:59Z,,2026-05-27T11:26:17Z
5266,45992,144,Fiber Crew,FIELD000000045992,delivered,,,16.11,2026-05-18T07:41:56Z,2026-05-26T10:53:05Z,2026-05-27T11:26:17Z
5267,45993,152,MobileCare,FIELD000000045993,delivered,,,6.31,2026-05-23T15:31:39Z,2026-05-26T13:33:36Z,2026-05-27T11:26:17Z
5268,45994,143,Retail storeFleet,FIELD000000045994,delivered,,,5.57,2026-05-19T19:45:27Z,2026-05-26T13:15:55Z,2026-05-27T11:26:17Z
5269,45999,141,Partner Field Crew,FIELD000000045999,in_transit,,,6.16,2026-05-24T11:13:48Z,,2026-05-27T11:26:17Z
5270,46000,147,Fiber Crew,FIELD000000046000,delivered,,,22.12,2026-05-17T16:53:37Z,2026-05-27T04:25:13Z,2026-05-27T11:26:17Z
5271,46001,143,MobileCare,FIELD000000046001,delivered,,,24.2,2026-05-20T01:34:32Z,2026-05-25T19:31:38Z,2026-05-27T11:26:17Z
5272,46002,142,Retail storeFleet,FIELD000000046002,delivered,,,10.01,2026-05-20T02:41:58Z,2026-05-26T14:32:28Z,2026-05-27T11:26:17Z
5273,46007,141,Partner Field Crew,FIELD000000046007,in_transit,,,7.4,2026-05-24T17:22:46Z,,2026-05-27T11:26:17Z
5274,46008,146,Fiber Crew,FIELD000000046008,delivered,,,19.24,2026-05-23T21:34:17Z,2026-05-26T15:19:13Z,2026-05-27T11:26:17Z
5275,46009,142,MobileCare,FIELD000000046009,delivered,,,18.83,2026-05-23T17:32:22Z,2026-05-26T09:06:58Z,2026-05-27T11:26:17Z
5276,46010,148,Retail storeFleet,FIELD000000046010,delivered,,,11.69,2026-05-20T10:49:14Z,2026-05-26T10:08:32Z,2026-05-27T11:26:17Z
5277,46015,143,Partner Field Crew,FIELD000000046015,in_transit,,,23.02,2026-05-22T19:45:33Z,,2026-05-27T11:26:17Z
5278,46016,149,Fiber Crew,FIELD000000046016,delivered,,,15.28,2026-05-22T02:18:13Z,2026-05-26T07:52:32Z,2026-05-27T11:26:17Z
5279,46017,147,MobileCare,FIELD000000046017,delivered,,,15.88,2026-05-26T11:03:06Z,2026-05-26T02:13:47Z,2026-05-27T11:26:17Z
5280,46018,152,Retail storeFleet,FIELD000000046018,delivered,,,12.25,2026-05-24T11:31:17Z,2026-05-26T23:59:41Z,2026-05-27T11:26:17Z
5281,46023,149,Partner Field Crew,FIELD000000046023,in_transit,,,8.42,2026-05-22T07:37:48Z,,2026-05-27T11:26:17Z
5282,46024,142,Fiber Crew,FIELD000000046024,delivered,,,7.7,2026-05-25T20:43:44Z,2026-05-27T06:37:43Z,2026-05-27T11:26:17Z
5283,46025,146,MobileCare,FIELD000000046025,delivered,,,7.35,2026-05-25T06:01:26Z,2026-05-27T06:46:28Z,2026-05-27T11:26:17Z
5284,46026,150,Retail storeFleet,FIELD000000046026,delivered,,,5.37,2026-05-21T16:05:07Z,2026-05-27T02:45:35Z,2026-05-27T11:26:17Z
5285,46031,146,Partner Field Crew,FIELD000000046031,in_transit,,,14.21,2026-05-24T23:49:22Z,,2026-05-27T11:26:17Z
5286,46032,144,Fiber Crew,FIELD000000046032,delivered,,,24.57,2026-05-24T12:18:19Z,2026-05-25T12:26:43Z,2026-05-27T11:26:17Z
5287,46033,151,MobileCare,FIELD000000046033,delivered,,,5.26,2026-05-25T07:43:23Z,2026-05-26T13:03:46Z,2026-05-27T11:26:17Z
5288,46034,146,Retail storeFleet,FIELD000000046034,delivered,,,9.43,2026-05-26T01:16:18Z,2026-05-26T22:02:32Z,2026-05-27T11:26:17Z
5289,46039,148,Partner Field Crew,FIELD000000046039,in_transit,,,22.78,2026-05-26T07:33:33Z,,2026-05-27T11:26:17Z
5290,46040,143,Fiber Crew,FIELD000000046040,delivered,,,10.78,2026-05-20T10:33:51Z,2026-05-25T21:33:27Z,2026-05-27T11:26:17Z
5291,46041,147,MobileCare,FIELD000000046041,delivered,,,15.81,2026-05-20T05:52:22Z,2026-05-26T01:08:22Z,2026-05-27T11:26:17Z
5292,46042,145,Retail storeFleet,FIELD000000046042,delivered,,,20.68,2026-05-19T09:32:17Z,2026-05-26T15:31:11Z,2026-05-27T11:26:17Z
5293,46047,149,Partner Field Crew,FIELD000000046047,in_transit,,,22.61,2026-05-20T02:49:54Z,,2026-05-27T11:26:17Z
5294,46048,148,Fiber Crew,FIELD000000046048,delivered,,,11.12,2026-05-22T13:55:40Z,2026-05-26T21:16:27Z,2026-05-27T11:26:17Z
5295,46049,150,MobileCare,FIELD000000046049,delivered,,,15.47,2026-05-24T07:43:39Z,2026-05-27T05:49:43Z,2026-05-27T11:26:17Z
5296,46050,146,Retail storeFleet,FIELD000000046050,delivered,,,8.76,2026-05-25T00:24:02Z,2026-05-25T21:38:22Z,2026-05-27T11:26:17Z
5297,46055,142,Partner Field Crew,FIELD000000046055,in_transit,,,12.32,2026-05-24T17:06:09Z,,2026-05-27T11:26:17Z
5298,46056,148,Fiber Crew,FIELD000000046056,delivered,,,19.94,2026-05-17T18:59:08Z,2026-05-26T01:11:47Z,2026-05-27T11:26:17Z
5299,46057,150,MobileCare,FIELD000000046057,delivered,,,7.5,2026-05-24T17:51:03Z,2026-05-26T20:13:34Z,2026-05-27T11:26:17Z
5300,46058,144,Retail storeFleet,FIELD000000046058,delivered,,,14.33,2026-05-22T17:13:23Z,2026-05-26T21:58:07Z,2026-05-27T11:26:17Z
5301,46063,143,Partner Field Crew,FIELD000000046063,in_transit,,,11.64,2026-05-19T06:56:20Z,,2026-05-27T11:26:17Z
5302,46064,146,Fiber Crew,FIELD000000046064,delivered,,,18.63,2026-05-24T14:37:27Z,2026-05-27T10:57:29Z,2026-05-27T11:26:17Z
5303,46065,148,MobileCare,FIELD000000046065,delivered,,,24.37,2026-05-21T00:53:14Z,2026-05-27T10:04:07Z,2026-05-27T11:26:17Z
5304,46066,152,Retail storeFleet,FIELD000000046066,delivered,,,19.57,2026-05-18T16:35:59Z,2026-05-25T15:11:54Z,2026-05-27T11:26:17Z
5305,46071,152,Partner Field Crew,FIELD000000046071,in_transit,,,19.87,2026-05-26T05:28:03Z,,2026-05-27T11:26:17Z
5306,46072,146,Fiber Crew,FIELD000000046072,delivered,,,13.71,2026-05-18T04:05:02Z,2026-05-26T22:21:58Z,2026-05-27T11:26:17Z
5307,46073,151,MobileCare,FIELD000000046073,delivered,,,6.77,2026-05-25T05:42:41Z,2026-05-27T10:51:59Z,2026-05-27T11:26:17Z
5308,46074,151,Retail storeFleet,FIELD000000046074,delivered,,,12.49,2026-05-24T11:50:27Z,2026-05-27T00:04:42Z,2026-05-27T11:26:17Z
5309,46079,143,Partner Field Crew,FIELD000000046079,in_transit,,,10.46,2026-05-17T17:00:38Z,,2026-05-27T11:26:17Z
5310,46080,145,Fiber Crew,FIELD000000046080,delivered,,,12.07,2026-05-19T01:32:53Z,2026-05-25T23:06:07Z,2026-05-27T11:26:17Z
5311,46081,141,MobileCare,FIELD000000046081,delivered,,,21.92,2026-05-25T18:56:35Z,2026-05-25T17:01:18Z,2026-05-27T11:26:17Z
5312,46082,148,Retail storeFleet,FIELD000000046082,delivered,,,23.51,2026-05-26T05:06:35Z,2026-05-27T02:31:22Z,2026-05-27T11:26:18Z
5313,46087,142,Partner Field Crew,FIELD000000046087,in_transit,,,19.73,2026-05-19T23:17:37Z,,2026-05-27T11:26:18Z
5314,46088,147,Fiber Crew,FIELD000000046088,delivered,,,20.03,2026-05-21T11:52:22Z,2026-05-26T22:33:05Z,2026-05-27T11:26:18Z
5315,46089,148,MobileCare,FIELD000000046089,delivered,,,17.73,2026-05-23T18:27:31Z,2026-05-26T18:59:22Z,2026-05-27T11:26:18Z
5316,46090,146,Retail storeFleet,FIELD000000046090,delivered,,,15.11,2026-05-24T10:12:05Z,2026-05-25T18:15:30Z,2026-05-27T11:26:18Z
5317,46095,141,Partner Field Crew,FIELD000000046095,in_transit,,,21.99,2026-05-26T07:19:05Z,,2026-05-27T11:26:18Z
5318,46096,143,Fiber Crew,FIELD000000046096,delivered,,,20.81,2026-05-22T09:15:36Z,2026-05-26T03:07:08Z,2026-05-27T11:26:18Z
5319,46097,145,MobileCare,FIELD000000046097,delivered,,,14.48,2026-05-26T04:33:26Z,2026-05-27T04:36:34Z,2026-05-27T11:26:18Z
5320,46098,141,Retail storeFleet,FIELD000000046098,delivered,,,22.68,2026-05-21T12:00:29Z,2026-05-27T06:45:19Z,2026-05-27T11:26:18Z
5321,46103,147,Partner Field Crew,FIELD000000046103,in_transit,,,13.99,2026-05-21T17:59:00Z,,2026-05-27T11:26:18Z
5322,46104,143,Fiber Crew,FIELD000000046104,delivered,,,22.44,2026-05-21T23:14:14Z,2026-05-26T21:05:48Z,2026-05-27T11:26:18Z
5323,46105,150,MobileCare,FIELD000000046105,delivered,,,20.12,2026-05-18T05:38:25Z,2026-05-25T16:17:29Z,2026-05-27T11:26:18Z
5324,46106,150,Retail storeFleet,FIELD000000046106,delivered,,,12.67,2026-05-23T15:18:44Z,2026-05-27T07:27:21Z,2026-05-27T11:26:18Z
5325,46111,152,Partner Field Crew,FIELD000000046111,in_transit,,,7.93,2026-05-19T09:01:15Z,,2026-05-27T11:26:18Z
5326,46112,152,Fiber Crew,FIELD000000046112,delivered,,,8.66,2026-05-19T07:36:12Z,2026-05-26T01:57:46Z,2026-05-27T11:26:18Z
5327,46113,150,MobileCare,FIELD000000046113,delivered,,,18.04,2026-05-25T20:47:29Z,2026-05-27T08:39:12Z,2026-05-27T11:26:18Z
5328,46114,147,Retail storeFleet,FIELD000000046114,delivered,,,18.76,2026-05-17T22:44:26Z,2026-05-25T11:31:19Z,2026-05-27T11:26:18Z
5329,46119,152,Partner Field Crew,FIELD000000046119,in_transit,,,19.76,2026-05-22T05:28:50Z,,2026-05-27T11:26:18Z
5330,46120,148,Fiber Crew,FIELD000000046120,delivered,,,24.44,2026-05-25T22:09:22Z,2026-05-25T12:32:22Z,2026-05-27T11:26:18Z
5331,46121,141,MobileCare,FIELD000000046121,delivered,,,21.94,2026-05-21T02:23:53Z,2026-05-27T03:43:39Z,2026-05-27T11:26:18Z
5332,46122,146,Retail storeFleet,FIELD000000046122,delivered,,,21.76,2026-05-24T08:19:24Z,2026-05-26T23:10:37Z,2026-05-27T11:26:18Z
5333,46127,148,Partner Field Crew,FIELD000000046127,in_transit,,,13.69,2026-05-19T02:09:30Z,,2026-05-27T11:26:18Z
5334,46128,152,Fiber Crew,FIELD000000046128,delivered,,,17.4,2026-05-23T21:00:36Z,2026-05-26T19:31:07Z,2026-05-27T11:26:18Z
5335,46129,145,MobileCare,FIELD000000046129,delivered,,,5.85,2026-05-25T08:15:51Z,2026-05-25T15:28:51Z,2026-05-27T11:26:18Z
5336,46130,145,Retail storeFleet,FIELD000000046130,delivered,,,16.35,2026-05-24T14:30:54Z,2026-05-25T21:41:27Z,2026-05-27T11:26:18Z
5337,46135,141,Partner Field Crew,FIELD000000046135,in_transit,,,10.53,2026-05-22T06:55:54Z,,2026-05-27T11:26:18Z
5338,46136,146,Fiber Crew,FIELD000000046136,delivered,,,24.61,2026-05-18T02:56:42Z,2026-05-27T08:38:30Z,2026-05-27T11:26:18Z
5339,46137,151,MobileCare,FIELD000000046137,delivered,,,20.3,2026-05-20T12:33:32Z,2026-05-26T08:34:38Z,2026-05-27T11:26:18Z
5340,46138,142,Retail storeFleet,FIELD000000046138,delivered,,,16.65,2026-05-21T23:08:01Z,2026-05-25T19:59:22Z,2026-05-27T11:26:18Z
5341,46143,143,Partner Field Crew,FIELD000000046143,in_transit,,,12.52,2026-05-26T10:39:47Z,,2026-05-27T11:26:18Z
5342,46144,147,Fiber Crew,FIELD000000046144,delivered,,,5.51,2026-05-21T14:58:33Z,2026-05-25T14:04:05Z,2026-05-27T11:26:18Z
5343,46145,142,MobileCare,FIELD000000046145,delivered,,,18,2026-05-23T20:43:49Z,2026-05-27T04:16:17Z,2026-05-27T11:26:18Z
5344,46146,151,Retail storeFleet,FIELD000000046146,delivered,,,11.31,2026-05-20T08:24:06Z,2026-05-25T18:03:22Z,2026-05-27T11:26:18Z
5345,46151,146,Partner Field Crew,FIELD000000046151,in_transit,,,24.34,2026-05-25T16:52:07Z,,2026-05-27T11:26:18Z
5346,46152,143,Fiber Crew,FIELD000000046152,delivered,,,9.14,2026-05-19T20:55:57Z,2026-05-26T14:44:18Z,2026-05-27T11:26:18Z
5347,46153,146,MobileCare,FIELD000000046153,delivered,,,24.4,2026-05-19T06:13:12Z,2026-05-26T19:24:48Z,2026-05-27T11:26:18Z
5348,46154,141,Retail storeFleet,FIELD000000046154,delivered,,,20.06,2026-05-18T00:58:53Z,2026-05-26T19:25:24Z,2026-05-27T11:26:18Z
5349,46159,144,Partner Field Crew,FIELD000000046159,in_transit,,,20.54,2026-05-24T13:56:57Z,,2026-05-27T11:26:18Z
5350,46160,148,Fiber Crew,FIELD000000046160,delivered,,,7.22,2026-05-22T15:24:42Z,2026-05-26T01:05:47Z,2026-05-27T11:26:18Z
5351,46161,150,MobileCare,FIELD000000046161,delivered,,,5.75,2026-05-22T00:38:39Z,2026-05-26T07:04:28Z,2026-05-27T11:26:18Z
5352,46162,142,Retail storeFleet,FIELD000000046162,delivered,,,21.38,2026-05-20T01:41:23Z,2026-05-25T18:29:52Z,2026-05-27T11:26:18Z
5353,46167,144,Partner Field Crew,FIELD000000046167,in_transit,,,6.62,2026-05-19T06:10:43Z,,2026-05-27T11:26:18Z
5354,46168,145,Fiber Crew,FIELD000000046168,delivered,,,22.73,2026-05-17T23:31:54Z,2026-05-25T20:08:36Z,2026-05-27T11:26:18Z
5355,46169,150,MobileCare,FIELD000000046169,delivered,,,20.52,2026-05-26T04:24:32Z,2026-05-25T19:51:42Z,2026-05-27T11:26:18Z
5356,46170,152,Retail storeFleet,FIELD000000046170,delivered,,,14.63,2026-05-21T12:14:27Z,2026-05-26T09:06:20Z,2026-05-27T11:26:18Z
5357,46175,151,Partner Field Crew,FIELD000000046175,in_transit,,,24.16,2026-05-26T07:01:56Z,,2026-05-27T11:26:18Z
5358,46176,143,Fiber Crew,FIELD000000046176,delivered,,,7.44,2026-05-22T17:35:55Z,2026-05-26T08:10:44Z,2026-05-27T11:26:18Z
5359,46177,143,MobileCare,FIELD000000046177,delivered,,,13.85,2026-05-18T16:05:32Z,2026-05-26T12:20:32Z,2026-05-27T11:26:18Z
5360,46178,148,Retail storeFleet,FIELD000000046178,delivered,,,10.77,2026-05-20T19:15:40Z,2026-05-27T04:32:48Z,2026-05-27T11:26:18Z
5361,46183,144,Partner Field Crew,FIELD000000046183,in_transit,,,16.81,2026-05-24T17:42:18Z,,2026-05-27T11:26:18Z
5362,46184,151,Fiber Crew,FIELD000000046184,delivered,,,16.77,2026-05-23T01:17:13Z,2026-05-25T17:04:10Z,2026-05-27T11:26:18Z
5363,46185,151,MobileCare,FIELD000000046185,delivered,,,20.36,2026-05-25T06:22:36Z,2026-05-27T02:40:15Z,2026-05-27T11:26:18Z
5364,46186,148,Retail storeFleet,FIELD000000046186,delivered,,,19.01,2026-05-23T20:30:27Z,2026-05-26T19:44:24Z,2026-05-27T11:26:18Z
5365,46191,143,Partner Field Crew,FIELD000000046191,in_transit,,,14.6,2026-05-25T07:06:20Z,,2026-05-27T11:26:18Z
5366,46192,150,Fiber Crew,FIELD000000046192,delivered,,,8.29,2026-05-23T01:18:36Z,2026-05-26T09:58:08Z,2026-05-27T11:26:18Z
5367,46193,152,MobileCare,FIELD000000046193,delivered,,,10.17,2026-05-21T13:28:40Z,2026-05-25T16:01:46Z,2026-05-27T11:26:18Z
5368,46194,144,Retail storeFleet,FIELD000000046194,delivered,,,20.26,2026-05-17T14:36:39Z,2026-05-26T19:56:37Z,2026-05-27T11:26:18Z
5369,46199,149,Partner Field Crew,FIELD000000046199,in_transit,,,11.55,2026-05-25T18:59:16Z,,2026-05-27T11:26:18Z
5370,46200,146,Fiber Crew,FIELD000000046200,delivered,,,12.48,2026-05-21T15:18:16Z,2026-05-25T22:38:59Z,2026-05-27T11:26:18Z
5371,46201,141,MobileCare,FIELD000000046201,delivered,,,24.32,2026-05-18T04:16:11Z,2026-05-26T17:32:37Z,2026-05-27T11:26:18Z
5372,46202,147,Retail storeFleet,FIELD000000046202,delivered,,,19.53,2026-05-20T00:24:37Z,2026-05-25T17:29:35Z,2026-05-27T11:26:18Z
5373,46207,146,Partner Field Crew,FIELD000000046207,in_transit,,,12.57,2026-05-20T08:57:31Z,,2026-05-27T11:26:18Z
5374,46208,142,Fiber Crew,FIELD000000046208,delivered,,,12.44,2026-05-22T01:13:34Z,2026-05-27T06:21:52Z,2026-05-27T11:26:18Z
5375,46209,148,MobileCare,FIELD000000046209,delivered,,,14.74,2026-05-19T17:12:27Z,2026-05-25T23:52:38Z,2026-05-27T11:26:18Z
5376,46210,141,Retail storeFleet,FIELD000000046210,delivered,,,5.18,2026-05-24T15:37:31Z,2026-05-25T16:12:23Z,2026-05-27T11:26:18Z
5377,46215,144,Partner Field Crew,FIELD000000046215,in_transit,,,18.08,2026-05-18T11:28:52Z,,2026-05-27T11:26:18Z
5378,46216,148,Fiber Crew,FIELD000000046216,delivered,,,14.1,2026-05-24T07:56:35Z,2026-05-27T02:18:21Z,2026-05-27T11:26:18Z
5379,46217,141,MobileCare,FIELD000000046217,delivered,,,11.72,2026-05-18T10:55:59Z,2026-05-26T18:28:59Z,2026-05-27T11:26:18Z
5380,46218,149,Retail storeFleet,FIELD000000046218,delivered,,,19.58,2026-05-18T07:20:49Z,2026-05-27T10:56:49Z,2026-05-27T11:26:18Z
5381,46223,149,Partner Field Crew,FIELD000000046223,in_transit,,,9.34,2026-05-24T01:21:35Z,,2026-05-27T11:26:18Z
5382,46224,147,Fiber Crew,FIELD000000046224,delivered,,,8.36,2026-05-25T17:42:25Z,2026-05-27T03:51:07Z,2026-05-27T11:26:18Z
5383,46225,141,MobileCare,FIELD000000046225,delivered,,,9.93,2026-05-19T19:14:14Z,2026-05-27T10:46:40Z,2026-05-27T11:26:18Z
5384,46226,143,Retail storeFleet,FIELD000000046226,delivered,,,24.49,2026-05-26T00:53:34Z,2026-05-25T19:38:53Z,2026-05-27T11:26:18Z
5385,46231,147,Partner Field Crew,FIELD000000046231,in_transit,,,20.14,2026-05-24T02:08:02Z,,2026-05-27T11:26:18Z
5386,46232,145,Fiber Crew,FIELD000000046232,delivered,,,10.86,2026-05-19T12:16:05Z,2026-05-26T03:36:05Z,2026-05-27T11:26:18Z
5387,46233,143,MobileCare,FIELD000000046233,delivered,,,10.19,2026-05-21T03:38:08Z,2026-05-26T04:34:03Z,2026-05-27T11:26:18Z
5388,46234,146,Retail storeFleet,FIELD000000046234,delivered,,,6.32,2026-05-25T12:50:51Z,2026-05-25T20:31:19Z,2026-05-27T11:26:18Z
5389,46239,144,Partner Field Crew,FIELD000000046239,in_transit,,,24.92,2026-05-25T13:46:27Z,,2026-05-27T11:26:18Z
5390,46240,144,Fiber Crew,FIELD000000046240,delivered,,,19.85,2026-05-26T01:27:57Z,2026-05-27T10:26:39Z,2026-05-27T11:26:18Z
5391,46241,143,MobileCare,FIELD000000046241,delivered,,,17.61,2026-05-17T20:20:42Z,2026-05-25T18:08:38Z,2026-05-27T11:26:18Z
5392,46242,144,Retail storeFleet,FIELD000000046242,delivered,,,13.8,2026-05-19T21:57:11Z,2026-05-25T18:01:41Z,2026-05-27T11:26:18Z
5393,46247,149,Partner Field Crew,FIELD000000046247,in_transit,,,6.54,2026-05-26T01:51:09Z,,2026-05-27T11:26:18Z
5394,46248,148,Fiber Crew,FIELD000000046248,delivered,,,15.8,2026-05-18T18:29:15Z,2026-05-25T13:45:38Z,2026-05-27T11:26:18Z
5395,46249,142,MobileCare,FIELD000000046249,delivered,,,6.47,2026-05-17T13:09:14Z,2026-05-26T21:15:35Z,2026-05-27T11:26:18Z
5396,46250,146,Retail storeFleet,FIELD000000046250,delivered,,,22.63,2026-05-25T22:49:07Z,2026-05-27T00:50:36Z,2026-05-27T11:26:18Z
5397,46255,143,Partner Field Crew,FIELD000000046255,in_transit,,,8.44,2026-05-24T09:53:11Z,,2026-05-27T11:26:18Z
5398,46256,152,Fiber Crew,FIELD000000046256,delivered,,,19.7,2026-05-25T10:38:28Z,2026-05-26T07:18:24Z,2026-05-27T11:26:18Z
5399,46257,149,MobileCare,FIELD000000046257,delivered,,,16.26,2026-05-19T11:58:19Z,2026-05-25T12:00:44Z,2026-05-27T11:26:18Z
5400,46258,145,Retail storeFleet,FIELD000000046258,delivered,,,7.14,2026-05-22T19:39:20Z,2026-05-26T09:04:46Z,2026-05-27T11:26:18Z
5401,46263,147,Partner Field Crew,FIELD000000046263,in_transit,,,11.12,2026-05-19T07:31:36Z,,2026-05-27T11:26:18Z
5402,46264,145,Fiber Crew,FIELD000000046264,delivered,,,17.48,2026-05-21T20:29:38Z,2026-05-25T15:39:44Z,2026-05-27T11:26:18Z
5403,46265,148,MobileCare,FIELD000000046265,delivered,,,7.58,2026-05-25T08:44:26Z,2026-05-25T13:34:24Z,2026-05-27T11:26:18Z
5404,46266,141,Retail storeFleet,FIELD000000046266,delivered,,,8.89,2026-05-24T10:12:28Z,2026-05-27T05:59:01Z,2026-05-27T11:26:18Z
5405,46271,143,Partner Field Crew,FIELD000000046271,in_transit,,,23.63,2026-05-26T07:40:50Z,,2026-05-27T11:26:18Z
5406,46272,151,Fiber Crew,FIELD000000046272,delivered,,,11.5,2026-05-19T21:59:43Z,2026-05-27T01:52:01Z,2026-05-27T11:26:18Z
5407,46273,149,MobileCare,FIELD000000046273,delivered,,,20.29,2026-05-24T14:36:06Z,2026-05-26T23:13:36Z,2026-05-27T11:26:18Z
5408,46274,144,Retail storeFleet,FIELD000000046274,delivered,,,19.76,2026-05-21T14:53:42Z,2026-05-26T05:11:00Z,2026-05-27T11:26:18Z
5409,46279,145,Partner Field Crew,FIELD000000046279,in_transit,,,13.27,2026-05-21T12:11:31Z,,2026-05-27T11:26:18Z
5410,46280,148,Fiber Crew,FIELD000000046280,delivered,,,16.03,2026-05-19T04:44:12Z,2026-05-26T09:26:29Z,2026-05-27T11:26:18Z
5411,46281,144,MobileCare,FIELD000000046281,delivered,,,19.44,2026-05-21T17:11:12Z,2026-05-27T09:55:37Z,2026-05-27T11:26:18Z
5412,46282,149,Retail storeFleet,FIELD000000046282,delivered,,,14.95,2026-05-18T11:04:38Z,2026-05-26T16:31:33Z,2026-05-27T11:26:18Z
5413,46287,143,Partner Field Crew,FIELD000000046287,in_transit,,,9.52,2026-05-24T16:10:02Z,,2026-05-27T11:26:18Z
5414,46288,142,Fiber Crew,FIELD000000046288,delivered,,,23.59,2026-05-19T11:36:18Z,2026-05-27T06:32:45Z,2026-05-27T11:26:18Z
5415,46289,145,MobileCare,FIELD000000046289,delivered,,,7.92,2026-05-20T17:58:20Z,2026-05-25T21:04:41Z,2026-05-27T11:26:18Z
5416,46290,151,Retail storeFleet,FIELD000000046290,delivered,,,10.58,2026-05-26T11:15:03Z,2026-05-26T09:18:09Z,2026-05-27T11:26:18Z
5417,46295,151,Partner Field Crew,FIELD000000046295,in_transit,,,19.91,2026-05-17T15:33:34Z,,2026-05-27T11:26:18Z
5418,46296,151,Fiber Crew,FIELD000000046296,delivered,,,22.17,2026-05-20T03:35:01Z,2026-05-26T11:04:04Z,2026-05-27T11:26:18Z
5419,46297,151,MobileCare,FIELD000000046297,delivered,,,6.24,2026-05-20T15:07:44Z,2026-05-26T20:31:35Z,2026-05-27T11:26:18Z
5420,46298,148,Retail storeFleet,FIELD000000046298,delivered,,,21.91,2026-05-25T02:25:52Z,2026-05-25T15:52:35Z,2026-05-27T11:26:18Z
5421,46303,149,Partner Field Crew,FIELD000000046303,in_transit,,,18.75,2026-05-19T07:23:01Z,,2026-05-27T11:26:18Z
5422,46304,144,Fiber Crew,FIELD000000046304,delivered,,,5.85,2026-05-22T18:53:24Z,2026-05-25T20:38:43Z,2026-05-27T11:26:18Z
5423,46305,147,MobileCare,FIELD000000046305,delivered,,,8.46,2026-05-26T08:32:30Z,2026-05-25T21:11:26Z,2026-05-27T11:26:18Z
5424,46306,151,Retail storeFleet,FIELD000000046306,delivered,,,7.47,2026-05-23T05:56:20Z,2026-05-27T02:49:15Z,2026-05-27T11:26:18Z
5425,46311,149,Partner Field Crew,FIELD000000046311,in_transit,,,12.03,2026-05-25T04:29:32Z,,2026-05-27T11:26:18Z
5426,46312,150,Fiber Crew,FIELD000000046312,delivered,,,19.53,2026-05-25T15:10:30Z,2026-05-27T07:40:07Z,2026-05-27T11:26:18Z
5427,46313,144,MobileCare,FIELD000000046313,delivered,,,21.05,2026-05-19T17:35:17Z,2026-05-25T12:12:43Z,2026-05-27T11:26:18Z
5428,46314,149,Retail storeFleet,FIELD000000046314,delivered,,,20.59,2026-05-24T12:39:51Z,2026-05-26T03:56:21Z,2026-05-27T11:26:18Z
5429,46319,147,Partner Field Crew,FIELD000000046319,in_transit,,,7.26,2026-05-24T19:34:35Z,,2026-05-27T11:26:18Z
5430,46320,147,Fiber Crew,FIELD000000046320,delivered,,,5.77,2026-05-23T19:49:07Z,2026-05-26T22:33:58Z,2026-05-27T11:26:18Z
5431,46321,149,MobileCare,FIELD000000046321,delivered,,,10.24,2026-05-25T02:48:34Z,2026-05-27T05:10:30Z,2026-05-27T11:26:18Z
5432,46322,143,Retail storeFleet,FIELD000000046322,delivered,,,24.94,2026-05-26T09:57:01Z,2026-05-26T22:54:08Z,2026-05-27T11:26:18Z
5433,46327,143,Partner Field Crew,FIELD000000046327,in_transit,,,13.76,2026-05-24T12:15:58Z,,2026-05-27T11:26:18Z
5434,46328,148,Fiber Crew,FIELD000000046328,delivered,,,12.44,2026-05-17T19:01:36Z,2026-05-26T12:20:16Z,2026-05-27T11:26:18Z
5435,46329,146,MobileCare,FIELD000000046329,delivered,,,5.43,2026-05-17T13:51:26Z,2026-05-25T12:49:42Z,2026-05-27T11:26:18Z
5436,46330,142,Retail storeFleet,FIELD000000046330,delivered,,,13.32,2026-05-25T14:14:36Z,2026-05-25T21:41:14Z,2026-05-27T11:26:18Z
5437,46335,145,Partner Field Crew,FIELD000000046335,in_transit,,,17.62,2026-05-20T13:07:43Z,,2026-05-27T11:26:18Z
5438,46336,149,Fiber Crew,FIELD000000046336,delivered,,,12.38,2026-05-24T23:51:09Z,2026-05-26T12:05:22Z,2026-05-27T11:26:18Z
5439,46337,149,MobileCare,FIELD000000046337,delivered,,,15.37,2026-05-22T01:13:11Z,2026-05-26T18:32:12Z,2026-05-27T11:26:18Z
5440,46338,148,Retail storeFleet,FIELD000000046338,delivered,,,18.52,2026-05-24T14:39:06Z,2026-05-26T12:02:02Z,2026-05-27T11:26:18Z
5441,46343,150,Partner Field Crew,FIELD000000046343,in_transit,,,13.27,2026-05-18T15:40:09Z,,2026-05-27T11:26:18Z
5442,46344,143,Fiber Crew,FIELD000000046344,delivered,,,7.77,2026-05-17T17:45:55Z,2026-05-26T13:17:23Z,2026-05-27T11:26:18Z
5443,46345,144,MobileCare,FIELD000000046345,delivered,,,12.87,2026-05-25T22:35:08Z,2026-05-26T21:15:19Z,2026-05-27T11:26:18Z
5444,46346,150,Retail storeFleet,FIELD000000046346,delivered,,,21.68,2026-05-23T23:56:01Z,2026-05-27T05:39:05Z,2026-05-27T11:26:18Z
5445,46351,141,Partner Field Crew,FIELD000000046351,in_transit,,,22.57,2026-05-20T04:55:04Z,,2026-05-27T11:26:18Z
5446,46352,152,Fiber Crew,FIELD000000046352,delivered,,,19.15,2026-05-24T14:40:21Z,2026-05-25T20:49:58Z,2026-05-27T11:26:18Z
5447,46353,152,MobileCare,FIELD000000046353,delivered,,,7.42,2026-05-21T18:00:54Z,2026-05-26T02:58:32Z,2026-05-27T11:26:18Z
5448,46354,144,Retail storeFleet,FIELD000000046354,delivered,,,18.35,2026-05-19T19:30:51Z,2026-05-27T00:27:35Z,2026-05-27T11:26:18Z
5449,46359,144,Partner Field Crew,FIELD000000046359,in_transit,,,7.33,2026-05-18T06:42:52Z,,2026-05-27T11:26:19Z
5450,46360,147,Fiber Crew,FIELD000000046360,delivered,,,12.93,2026-05-25T08:32:23Z,2026-05-25T13:04:04Z,2026-05-27T11:26:19Z
5451,46361,146,MobileCare,FIELD000000046361,delivered,,,21.17,2026-05-22T11:09:11Z,2026-05-26T21:25:59Z,2026-05-27T11:26:19Z
5452,46362,149,Retail storeFleet,FIELD000000046362,delivered,,,8.94,2026-05-21T04:06:17Z,2026-05-26T13:16:29Z,2026-05-27T11:26:19Z
5453,46367,149,Partner Field Crew,FIELD000000046367,in_transit,,,12.53,2026-05-25T00:39:05Z,,2026-05-27T11:26:19Z
5454,46368,144,Fiber Crew,FIELD000000046368,delivered,,,10.14,2026-05-18T21:49:22Z,2026-05-26T18:38:01Z,2026-05-27T11:26:19Z
5455,46369,145,MobileCare,FIELD000000046369,delivered,,,14.92,2026-05-19T05:13:50Z,2026-05-27T01:40:24Z,2026-05-27T11:26:19Z
5456,46370,150,Retail storeFleet,FIELD000000046370,delivered,,,7.84,2026-05-17T23:02:11Z,2026-05-26T06:17:40Z,2026-05-27T11:26:19Z
5457,46375,144,Partner Field Crew,FIELD000000046375,in_transit,,,9.93,2026-05-24T10:55:53Z,,2026-05-27T11:26:19Z
5458,46376,141,Fiber Crew,FIELD000000046376,delivered,,,23.88,2026-05-19T03:54:04Z,2026-05-26T12:13:12Z,2026-05-27T11:26:19Z
5459,46377,141,MobileCare,FIELD000000046377,delivered,,,21.8,2026-05-21T12:43:03Z,2026-05-26T08:04:49Z,2026-05-27T11:26:19Z
5460,46378,142,Retail storeFleet,FIELD000000046378,delivered,,,23.48,2026-05-18T01:06:43Z,2026-05-25T21:36:52Z,2026-05-27T11:26:19Z
5461,46383,148,Partner Field Crew,FIELD000000046383,in_transit,,,21.82,2026-05-21T08:16:47Z,,2026-05-27T11:26:19Z
5462,46384,147,Fiber Crew,FIELD000000046384,delivered,,,17.16,2026-05-26T05:07:31Z,2026-05-26T21:37:01Z,2026-05-27T11:26:19Z
5463,46385,148,MobileCare,FIELD000000046385,delivered,,,20.4,2026-05-18T22:42:52Z,2026-05-26T09:32:44Z,2026-05-27T11:26:19Z
5464,46386,151,Retail storeFleet,FIELD000000046386,delivered,,,17.43,2026-05-22T15:20:26Z,2026-05-27T07:54:07Z,2026-05-27T11:26:19Z
5465,46391,149,Partner Field Crew,FIELD000000046391,in_transit,,,13.87,2026-05-18T11:38:12Z,,2026-05-27T11:26:19Z
5466,46392,152,Fiber Crew,FIELD000000046392,delivered,,,13.08,2026-05-17T14:18:25Z,2026-05-26T00:26:38Z,2026-05-27T11:26:19Z
5467,46393,146,MobileCare,FIELD000000046393,delivered,,,23.65,2026-05-19T07:31:47Z,2026-05-26T16:15:29Z,2026-05-27T11:26:19Z
5468,46394,143,Retail storeFleet,FIELD000000046394,delivered,,,16.41,2026-05-24T09:31:11Z,2026-05-27T03:01:43Z,2026-05-27T11:26:19Z
5469,46399,141,Partner Field Crew,FIELD000000046399,in_transit,,,23.6,2026-05-24T02:51:14Z,,2026-05-27T11:26:19Z
5470,46400,142,Fiber Crew,FIELD000000046400,delivered,,,7.49,2026-05-20T01:26:23Z,2026-05-25T15:54:04Z,2026-05-27T11:26:19Z
5471,46401,144,MobileCare,FIELD000000046401,delivered,,,22.56,2026-05-21T09:52:24Z,2026-05-26T21:31:49Z,2026-05-27T11:26:19Z
5472,46402,142,Retail storeFleet,FIELD000000046402,delivered,,,15.35,2026-05-20T15:22:39Z,2026-05-26T00:56:14Z,2026-05-27T11:26:19Z
5473,46407,150,Partner Field Crew,FIELD000000046407,in_transit,,,8.41,2026-05-18T05:07:49Z,,2026-05-27T11:26:19Z
5474,46408,152,Fiber Crew,FIELD000000046408,delivered,,,14.5,2026-05-17T11:54:58Z,2026-05-26T07:09:53Z,2026-05-27T11:26:19Z
5475,46409,144,MobileCare,FIELD000000046409,delivered,,,16.58,2026-05-23T16:02:38Z,2026-05-25T18:03:22Z,2026-05-27T11:26:19Z
5476,46410,149,Retail storeFleet,FIELD000000046410,delivered,,,20.59,2026-05-22T08:27:03Z,2026-05-26T00:24:24Z,2026-05-27T11:26:19Z
5477,46415,148,Partner Field Crew,FIELD000000046415,in_transit,,,6.57,2026-05-20T18:05:04Z,,2026-05-27T11:26:19Z
5478,46416,152,Fiber Crew,FIELD000000046416,delivered,,,19.14,2026-05-18T22:30:04Z,2026-05-26T01:46:42Z,2026-05-27T11:26:19Z
5479,46417,151,MobileCare,FIELD000000046417,delivered,,,16.73,2026-05-25T22:48:02Z,2026-05-25T15:47:20Z,2026-05-27T11:26:19Z
5480,46418,147,Retail storeFleet,FIELD000000046418,delivered,,,8.14,2026-05-23T13:07:57Z,2026-05-26T11:52:52Z,2026-05-27T11:26:19Z
5481,46423,152,Partner Field Crew,FIELD000000046423,in_transit,,,5.34,2026-05-26T02:50:59Z,,2026-05-27T11:26:19Z
5482,46424,149,Fiber Crew,FIELD000000046424,delivered,,,20.69,2026-05-23T00:10:17Z,2026-05-27T09:21:22Z,2026-05-27T11:26:19Z
5483,46425,151,MobileCare,FIELD000000046425,delivered,,,10.44,2026-05-23T14:37:54Z,2026-05-25T15:08:52Z,2026-05-27T11:26:19Z
5484,46426,145,Retail storeFleet,FIELD000000046426,delivered,,,5.49,2026-05-25T16:28:46Z,2026-05-26T02:28:19Z,2026-05-27T11:26:19Z
5485,46431,145,Partner Field Crew,FIELD000000046431,in_transit,,,23.04,2026-05-23T15:10:39Z,,2026-05-27T11:26:19Z
5486,46432,147,Fiber Crew,FIELD000000046432,delivered,,,10.5,2026-05-20T02:15:55Z,2026-05-25T15:12:19Z,2026-05-27T11:26:19Z
5487,46433,150,MobileCare,FIELD000000046433,delivered,,,5.55,2026-05-21T08:57:29Z,2026-05-27T07:08:49Z,2026-05-27T11:26:19Z
5488,46434,147,Retail storeFleet,FIELD000000046434,delivered,,,13.37,2026-05-24T01:09:10Z,2026-05-26T08:42:30Z,2026-05-27T11:26:19Z
5489,46439,141,Partner Field Crew,FIELD000000046439,in_transit,,,13.7,2026-05-25T15:50:39Z,,2026-05-27T11:26:19Z
5490,46440,152,Fiber Crew,FIELD000000046440,delivered,,,21.9,2026-05-22T19:57:28Z,2026-05-27T01:55:31Z,2026-05-27T11:26:19Z
5491,46441,149,MobileCare,FIELD000000046441,delivered,,,8.35,2026-05-25T17:28:19Z,2026-05-26T23:04:44Z,2026-05-27T11:26:19Z
5492,46442,145,Retail storeFleet,FIELD000000046442,delivered,,,13.34,2026-05-23T20:46:50Z,2026-05-27T02:33:44Z,2026-05-27T11:26:19Z
5493,46447,151,Partner Field Crew,FIELD000000046447,in_transit,,,13.62,2026-05-18T09:43:47Z,,2026-05-27T11:26:19Z
5494,46448,143,Fiber Crew,FIELD000000046448,delivered,,,6.91,2026-05-23T13:05:12Z,2026-05-27T10:46:21Z,2026-05-27T11:26:19Z
5495,46449,143,MobileCare,FIELD000000046449,delivered,,,15.48,2026-05-19T11:35:29Z,2026-05-26T14:12:43Z,2026-05-27T11:26:19Z
5496,46450,151,Retail storeFleet,FIELD000000046450,delivered,,,22,2026-05-17T21:08:18Z,2026-05-26T00:54:01Z,2026-05-27T11:26:19Z
5497,46455,151,Partner Field Crew,FIELD000000046455,in_transit,,,14.3,2026-05-20T14:26:10Z,,2026-05-27T11:26:19Z
5498,46456,145,Fiber Crew,FIELD000000046456,delivered,,,14.34,2026-05-17T20:21:43Z,2026-05-27T02:04:07Z,2026-05-27T11:26:19Z
5499,46457,144,MobileCare,FIELD000000046457,delivered,,,8.77,2026-05-24T13:22:14Z,2026-05-25T21:33:57Z,2026-05-27T11:26:19Z
5500,46458,146,Retail storeFleet,FIELD000000046458,delivered,,,11,2026-05-19T09:03:02Z,2026-05-26T13:49:21Z,2026-05-27T11:26:19Z
5501,46463,145,Partner Field Crew,FIELD000000046463,in_transit,,,24.54,2026-05-23T16:58:53Z,,2026-05-27T11:26:19Z
5502,46464,150,Fiber Crew,FIELD000000046464,delivered,,,20.89,2026-05-26T05:07:41Z,2026-05-25T22:12:17Z,2026-05-27T11:26:19Z
5503,46465,144,MobileCare,FIELD000000046465,delivered,,,22.2,2026-05-26T06:20:41Z,2026-05-27T03:51:33Z,2026-05-27T11:26:19Z
5504,46466,148,Retail storeFleet,FIELD000000046466,delivered,,,12.73,2026-05-17T19:20:18Z,2026-05-26T23:01:25Z,2026-05-27T11:26:19Z
5505,46471,152,Partner Field Crew,FIELD000000046471,in_transit,,,22.71,2026-05-23T03:22:24Z,,2026-05-27T11:26:19Z
5506,46472,144,Fiber Crew,FIELD000000046472,delivered,,,24.4,2026-05-18T17:03:53Z,2026-05-25T21:20:52Z,2026-05-27T11:26:19Z
5507,46473,142,MobileCare,FIELD000000046473,delivered,,,19.88,2026-05-24T15:15:13Z,2026-05-27T08:44:33Z,2026-05-27T11:26:19Z
5508,46474,152,Retail storeFleet,FIELD000000046474,delivered,,,16.18,2026-05-20T01:55:41Z,2026-05-26T22:26:06Z,2026-05-27T11:26:19Z
5509,46479,150,Partner Field Crew,FIELD000000046479,in_transit,,,13.99,2026-05-19T01:03:34Z,,2026-05-27T11:26:19Z
5510,46480,147,Fiber Crew,FIELD000000046480,delivered,,,20.56,2026-05-17T15:21:15Z,2026-05-26T13:51:05Z,2026-05-27T11:26:19Z
5511,46481,149,MobileCare,FIELD000000046481,delivered,,,18.49,2026-05-17T14:43:03Z,2026-05-26T21:43:32Z,2026-05-27T11:26:19Z
5512,46482,143,Retail storeFleet,FIELD000000046482,delivered,,,15.38,2026-05-22T11:13:37Z,2026-05-26T07:10:50Z,2026-05-27T11:26:19Z
5513,46487,142,Partner Field Crew,FIELD000000046487,in_transit,,,17.87,2026-05-20T23:22:21Z,,2026-05-27T11:26:19Z
5514,46488,150,Fiber Crew,FIELD000000046488,delivered,,,23.72,2026-05-25T00:10:10Z,2026-05-25T20:58:46Z,2026-05-27T11:26:19Z
5515,46489,143,MobileCare,FIELD000000046489,delivered,,,6.24,2026-05-19T02:48:58Z,2026-05-27T03:21:15Z,2026-05-27T11:26:19Z
5516,46490,147,Retail storeFleet,FIELD000000046490,delivered,,,22.77,2026-05-25T12:05:29Z,2026-05-25T17:19:37Z,2026-05-27T11:26:19Z
5517,46495,147,Partner Field Crew,FIELD000000046495,in_transit,,,8.35,2026-05-21T03:34:00Z,,2026-05-27T11:26:19Z
5518,46496,145,Fiber Crew,FIELD000000046496,delivered,,,19.46,2026-05-21T08:04:29Z,2026-05-27T08:11:50Z,2026-05-27T11:26:19Z
5519,46497,143,MobileCare,FIELD000000046497,delivered,,,12.11,2026-05-22T03:03:46Z,2026-05-26T11:01:32Z,2026-05-27T11:26:19Z
5520,46498,150,Retail storeFleet,FIELD000000046498,delivered,,,15.14,2026-05-18T21:02:18Z,2026-05-25T23:32:05Z,2026-05-27T11:26:19Z
5521,46503,145,Partner Field Crew,FIELD000000046503,in_transit,,,18.65,2026-05-24T07:02:06Z,,2026-05-27T11:26:19Z
5522,46504,145,Fiber Crew,FIELD000000046504,delivered,,,19.45,2026-05-26T08:27:46Z,2026-05-25T18:27:27Z,2026-05-27T11:26:19Z
5523,46505,151,MobileCare,FIELD000000046505,delivered,,,19.23,2026-05-18T01:20:03Z,2026-05-27T06:49:10Z,2026-05-27T11:26:19Z
5524,46506,148,Retail storeFleet,FIELD000000046506,delivered,,,10.13,2026-05-21T05:13:09Z,2026-05-26T18:10:29Z,2026-05-27T11:26:19Z
5525,46511,145,Partner Field Crew,FIELD000000046511,in_transit,,,22.61,2026-05-24T09:53:13Z,,2026-05-27T11:26:19Z
5526,46512,144,Fiber Crew,FIELD000000046512,delivered,,,6.19,2026-05-24T22:18:07Z,2026-05-25T18:49:25Z,2026-05-27T11:26:19Z
5527,46513,151,MobileCare,FIELD000000046513,delivered,,,9.09,2026-05-24T02:58:26Z,2026-05-26T13:35:29Z,2026-05-27T11:26:19Z
5528,46514,141,Retail storeFleet,FIELD000000046514,delivered,,,7.27,2026-05-18T20:50:28Z,2026-05-25T22:48:01Z,2026-05-27T11:26:19Z
5529,46519,149,Partner Field Crew,FIELD000000046519,in_transit,,,22.92,2026-05-24T00:46:27Z,,2026-05-27T11:26:19Z
5530,46520,146,Fiber Crew,FIELD000000046520,delivered,,,10.87,2026-05-20T21:30:50Z,2026-05-27T08:34:06Z,2026-05-27T11:26:19Z
5531,46521,146,MobileCare,FIELD000000046521,delivered,,,20.73,2026-05-21T00:46:46Z,2026-05-25T17:35:13Z,2026-05-27T11:26:19Z
5532,46522,150,Retail storeFleet,FIELD000000046522,delivered,,,17.29,2026-05-23T08:29:05Z,2026-05-25T17:37:45Z,2026-05-27T11:26:19Z
5533,46527,142,Partner Field Crew,FIELD000000046527,in_transit,,,18.75,2026-05-24T18:40:15Z,,2026-05-27T11:26:19Z
5534,46528,145,Fiber Crew,FIELD000000046528,delivered,,,16.07,2026-05-26T03:30:47Z,2026-05-25T12:46:16Z,2026-05-27T11:26:19Z
5535,46529,152,MobileCare,FIELD000000046529,delivered,,,13.79,2026-05-24T14:44:59Z,2026-05-25T18:19:34Z,2026-05-27T11:26:19Z
5536,46530,151,Retail storeFleet,FIELD000000046530,delivered,,,8.18,2026-05-17T20:42:52Z,2026-05-26T12:07:00Z,2026-05-27T11:26:19Z
5537,46535,145,Partner Field Crew,FIELD000000046535,in_transit,,,18.42,2026-05-22T21:47:55Z,,2026-05-27T11:26:19Z
5538,46536,147,Fiber Crew,FIELD000000046536,delivered,,,12.4,2026-05-26T00:29:55Z,2026-05-27T02:27:23Z,2026-05-27T11:26:19Z
5539,46537,151,MobileCare,FIELD000000046537,delivered,,,23.24,2026-05-24T12:35:23Z,2026-05-26T13:26:21Z,2026-05-27T11:26:19Z
5540,46538,145,Retail storeFleet,FIELD000000046538,delivered,,,9.99,2026-05-18T13:00:58Z,2026-05-26T10:41:38Z,2026-05-27T11:26:19Z
5541,46543,143,Partner Field Crew,FIELD000000046543,in_transit,,,16,2026-05-19T23:20:04Z,,2026-05-27T11:26:19Z
5542,46544,141,Fiber Crew,FIELD000000046544,delivered,,,15.76,2026-05-20T23:41:49Z,2026-05-27T06:49:21Z,2026-05-27T11:26:19Z
5543,46545,143,MobileCare,FIELD000000046545,delivered,,,12.06,2026-05-24T09:26:44Z,2026-05-26T02:21:17Z,2026-05-27T11:26:19Z
5544,46546,150,Retail storeFleet,FIELD000000046546,delivered,,,5.03,2026-05-20T07:27:23Z,2026-05-26T11:35:40Z,2026-05-27T11:26:19Z
5545,46551,146,Partner Field Crew,FIELD000000046551,in_transit,,,14.68,2026-05-26T09:05:06Z,,2026-05-27T11:26:19Z
5546,46552,146,Fiber Crew,FIELD000000046552,delivered,,,21.67,2026-05-25T12:52:30Z,2026-05-25T20:34:27Z,2026-05-27T11:26:19Z
5547,46553,145,MobileCare,FIELD000000046553,delivered,,,15.94,2026-05-25T02:57:13Z,2026-05-26T03:57:58Z,2026-05-27T11:26:19Z
5548,46554,143,Retail storeFleet,FIELD000000046554,delivered,,,20.84,2026-05-21T10:23:44Z,2026-05-25T15:29:02Z,2026-05-27T11:26:19Z
5549,46559,144,Partner Field Crew,FIELD000000046559,in_transit,,,12.14,2026-05-22T03:57:47Z,,2026-05-27T11:26:19Z
5550,46560,141,Fiber Crew,FIELD000000046560,delivered,,,21.22,2026-05-23T04:57:28Z,2026-05-27T01:29:27Z,2026-05-27T11:26:19Z
5551,46561,148,MobileCare,FIELD000000046561,delivered,,,22.38,2026-05-25T23:34:17Z,2026-05-26T09:13:38Z,2026-05-27T11:26:19Z
5552,46562,150,Retail storeFleet,FIELD000000046562,delivered,,,10.24,2026-05-25T02:51:51Z,2026-05-25T17:57:59Z,2026-05-27T11:26:19Z
5553,46567,144,Partner Field Crew,FIELD000000046567,in_transit,,,23.59,2026-05-19T03:40:23Z,,2026-05-27T11:26:19Z
5554,46568,143,Fiber Crew,FIELD000000046568,delivered,,,20.09,2026-05-22T16:22:33Z,2026-05-25T21:22:11Z,2026-05-27T11:26:19Z
5555,46569,151,MobileCare,FIELD000000046569,delivered,,,21.24,2026-05-23T21:32:13Z,2026-05-26T22:27:06Z,2026-05-27T11:26:19Z
5556,46570,152,Retail storeFleet,FIELD000000046570,delivered,,,20.87,2026-05-25T15:44:48Z,2026-05-26T02:14:43Z,2026-05-27T11:26:19Z
5557,46575,146,Partner Field Crew,FIELD000000046575,in_transit,,,22.79,2026-05-19T07:22:26Z,,2026-05-27T11:26:19Z
5558,46576,148,Fiber Crew,FIELD000000046576,delivered,,,20.76,2026-05-22T20:42:13Z,2026-05-25T12:58:34Z,2026-05-27T11:26:19Z
5559,46577,152,MobileCare,FIELD000000046577,delivered,,,23.08,2026-05-20T18:01:33Z,2026-05-26T08:27:14Z,2026-05-27T11:26:19Z
5560,46578,144,Retail storeFleet,FIELD000000046578,delivered,,,10.73,2026-05-22T18:07:26Z,2026-05-27T01:39:44Z,2026-05-27T11:26:19Z
5561,46583,146,Partner Field Crew,FIELD000000046583,in_transit,,,13.91,2026-05-23T06:58:05Z,,2026-05-27T11:26:19Z
5562,46584,147,Fiber Crew,FIELD000000046584,delivered,,,17.49,2026-05-18T01:17:17Z,2026-05-27T08:53:56Z,2026-05-27T11:26:19Z
5563,46585,152,MobileCare,FIELD000000046585,delivered,,,18.43,2026-05-23T09:10:15Z,2026-05-27T04:42:46Z,2026-05-27T11:26:19Z
5564,46586,152,Retail storeFleet,FIELD000000046586,delivered,,,23.06,2026-05-19T19:41:44Z,2026-05-25T13:18:05Z,2026-05-27T11:26:19Z
5565,46591,143,Partner Field Crew,FIELD000000046591,in_transit,,,13.53,2026-05-23T12:17:47Z,,2026-05-27T11:26:19Z
5566,46592,143,Fiber Crew,FIELD000000046592,delivered,,,17.09,2026-05-20T02:02:05Z,2026-05-26T20:00:20Z,2026-05-27T11:26:19Z
5567,46593,142,MobileCare,FIELD000000046593,delivered,,,15.14,2026-05-21T07:56:56Z,2026-05-26T06:47:18Z,2026-05-27T11:26:19Z
5568,46594,152,Retail storeFleet,FIELD000000046594,delivered,,,10.93,2026-05-24T04:08:06Z,2026-05-25T21:54:06Z,2026-05-27T11:26:19Z
5569,46599,149,Partner Field Crew,FIELD000000046599,in_transit,,,14,2026-05-25T03:27:29Z,,2026-05-27T11:26:19Z
5570,46600,146,Fiber Crew,FIELD000000046600,delivered,,,12.25,2026-05-18T13:06:38Z,2026-05-25T18:30:52Z,2026-05-27T11:26:19Z
5571,46601,152,MobileCare,FIELD000000046601,delivered,,,7.33,2026-05-23T12:53:22Z,2026-05-26T10:14:41Z,2026-05-27T11:26:19Z
5572,46602,149,Retail storeFleet,FIELD000000046602,delivered,,,16.04,2026-05-24T20:16:22Z,2026-05-26T06:54:34Z,2026-05-27T11:26:19Z
5573,46607,144,Partner Field Crew,FIELD000000046607,in_transit,,,5.3,2026-05-25T05:28:06Z,,2026-05-27T11:26:19Z
5574,46608,143,Fiber Crew,FIELD000000046608,delivered,,,17.02,2026-05-20T03:54:30Z,2026-05-27T10:50:04Z,2026-05-27T11:26:19Z
5575,46609,143,MobileCare,FIELD000000046609,delivered,,,20.81,2026-05-19T04:49:30Z,2026-05-26T11:45:36Z,2026-05-27T11:26:19Z
5576,46610,152,Retail storeFleet,FIELD000000046610,delivered,,,13.25,2026-05-21T21:40:42Z,2026-05-26T18:47:21Z,2026-05-27T11:26:19Z
5577,46615,143,Partner Field Crew,FIELD000000046615,in_transit,,,16.88,2026-05-21T01:29:24Z,,2026-05-27T11:26:19Z
5578,46616,150,Fiber Crew,FIELD000000046616,delivered,,,13.07,2026-05-22T18:13:08Z,2026-05-25T14:54:33Z,2026-05-27T11:26:19Z
5579,46617,141,MobileCare,FIELD000000046617,delivered,,,9.23,2026-05-22T23:26:09Z,2026-05-26T07:18:12Z,2026-05-27T11:26:19Z
5580,46618,147,Retail storeFleet,FIELD000000046618,delivered,,,12.75,2026-05-23T21:37:52Z,2026-05-27T00:03:08Z,2026-05-27T11:26:19Z
5581,46623,144,Partner Field Crew,FIELD000000046623,in_transit,,,18.94,2026-05-22T11:13:12Z,,2026-05-27T11:26:19Z
5582,46624,144,Fiber Crew,FIELD000000046624,delivered,,,19.85,2026-05-20T17:36:51Z,2026-05-26T06:05:34Z,2026-05-27T11:26:19Z
5583,46625,145,MobileCare,FIELD000000046625,delivered,,,18.76,2026-05-25T21:39:49Z,2026-05-25T12:31:39Z,2026-05-27T11:26:19Z
5584,46626,152,Retail storeFleet,FIELD000000046626,delivered,,,10.92,2026-05-22T02:16:29Z,2026-05-25T12:33:43Z,2026-05-27T11:26:19Z
5585,46631,152,Partner Field Crew,FIELD000000046631,in_transit,,,18.26,2026-05-23T17:01:57Z,,2026-05-27T11:26:19Z
5586,46632,148,Fiber Crew,FIELD000000046632,delivered,,,23.67,2026-05-19T23:26:21Z,2026-05-25T19:48:16Z,2026-05-27T11:26:19Z
5587,46633,150,MobileCare,FIELD000000046633,delivered,,,15.01,2026-05-17T23:42:05Z,2026-05-26T22:03:50Z,2026-05-27T11:26:19Z
5588,46634,148,Retail storeFleet,FIELD000000046634,delivered,,,22.71,2026-05-26T09:22:54Z,2026-05-26T23:29:52Z,2026-05-27T11:26:20Z
5589,46639,148,Partner Field Crew,FIELD000000046639,in_transit,,,12.98,2026-05-23T17:03:29Z,,2026-05-27T11:26:20Z
5590,46640,149,Fiber Crew,FIELD000000046640,delivered,,,20.94,2026-05-24T13:59:40Z,2026-05-25T21:14:36Z,2026-05-27T11:26:20Z
5591,46641,147,MobileCare,FIELD000000046641,delivered,,,14.97,2026-05-26T03:02:53Z,2026-05-26T02:54:56Z,2026-05-27T11:26:20Z
5592,46642,141,Retail storeFleet,FIELD000000046642,delivered,,,16.41,2026-05-19T19:07:53Z,2026-05-26T09:12:39Z,2026-05-27T11:26:20Z
5593,46647,144,Partner Field Crew,FIELD000000046647,in_transit,,,19.44,2026-05-26T06:18:03Z,,2026-05-27T11:26:20Z
5594,46648,144,Fiber Crew,FIELD000000046648,delivered,,,16.46,2026-05-24T21:40:49Z,2026-05-27T00:48:14Z,2026-05-27T11:26:20Z
5595,46649,151,MobileCare,FIELD000000046649,delivered,,,19.89,2026-05-24T00:56:23Z,2026-05-25T12:17:11Z,2026-05-27T11:26:20Z
5596,46650,142,Retail storeFleet,FIELD000000046650,delivered,,,22.09,2026-05-24T20:37:16Z,2026-05-26T03:54:48Z,2026-05-27T11:26:20Z
5597,46655,147,Partner Field Crew,FIELD000000046655,in_transit,,,16.11,2026-05-25T10:03:02Z,,2026-05-27T11:26:20Z
5598,46656,148,Fiber Crew,FIELD000000046656,delivered,,,6.02,2026-05-25T20:32:44Z,2026-05-27T06:40:07Z,2026-05-27T11:26:20Z
5599,46657,141,MobileCare,FIELD000000046657,delivered,,,10.43,2026-05-17T14:20:07Z,2026-05-27T02:12:34Z,2026-05-27T11:26:20Z
5600,46658,144,Retail storeFleet,FIELD000000046658,delivered,,,21.27,2026-05-24T06:20:53Z,2026-05-26T11:31:24Z,2026-05-27T11:26:20Z
5601,46663,150,Partner Field Crew,FIELD000000046663,in_transit,,,5.15,2026-05-20T14:51:48Z,,2026-05-27T11:26:20Z
5602,46664,150,Fiber Crew,FIELD000000046664,delivered,,,22.93,2026-05-21T07:46:47Z,2026-05-26T00:43:14Z,2026-05-27T11:26:20Z
5603,46665,149,MobileCare,FIELD000000046665,delivered,,,13.65,2026-05-25T08:06:37Z,2026-05-26T10:30:38Z,2026-05-27T11:26:20Z
5604,46666,148,Retail storeFleet,FIELD000000046666,delivered,,,7.62,2026-05-21T09:09:26Z,2026-05-25T15:44:16Z,2026-05-27T11:26:20Z
5605,46671,147,Partner Field Crew,FIELD000000046671,in_transit,,,8.86,2026-05-20T22:55:04Z,,2026-05-27T11:26:20Z
5606,46672,142,Fiber Crew,FIELD000000046672,delivered,,,10.86,2026-05-21T12:41:38Z,2026-05-27T11:10:43Z,2026-05-27T11:26:20Z
5607,46673,143,MobileCare,FIELD000000046673,delivered,,,15.54,2026-05-19T06:06:58Z,2026-05-26T00:52:23Z,2026-05-27T11:26:20Z
5608,46674,144,Retail storeFleet,FIELD000000046674,delivered,,,21.93,2026-05-24T07:48:58Z,2026-05-27T05:01:15Z,2026-05-27T11:26:20Z
5609,46679,144,Partner Field Crew,FIELD000000046679,in_transit,,,7.75,2026-05-20T07:32:50Z,,2026-05-27T11:26:20Z
5610,46680,144,Fiber Crew,FIELD000000046680,delivered,,,13.46,2026-05-21T20:24:01Z,2026-05-26T16:06:16Z,2026-05-27T11:26:20Z
5611,46681,152,MobileCare,FIELD000000046681,delivered,,,15.21,2026-05-22T12:38:36Z,2026-05-27T09:54:43Z,2026-05-27T11:26:20Z
5612,46682,142,Retail storeFleet,FIELD000000046682,delivered,,,17.49,2026-05-19T12:30:56Z,2026-05-25T12:39:47Z,2026-05-27T11:26:20Z
5613,46687,150,Partner Field Crew,FIELD000000046687,in_transit,,,7.63,2026-05-21T06:21:00Z,,2026-05-27T11:26:20Z
5614,46688,149,Fiber Crew,FIELD000000046688,delivered,,,14.07,2026-05-21T17:52:09Z,2026-05-25T20:34:28Z,2026-05-27T11:26:20Z
5615,46689,144,MobileCare,FIELD000000046689,delivered,,,15.38,2026-05-17T19:32:49Z,2026-05-27T00:36:51Z,2026-05-27T11:26:20Z
5616,46690,151,Retail storeFleet,FIELD000000046690,delivered,,,6.03,2026-05-17T20:05:59Z,2026-05-25T12:48:36Z,2026-05-27T11:26:20Z
5617,46695,145,Partner Field Crew,FIELD000000046695,in_transit,,,24.93,2026-05-19T01:07:32Z,,2026-05-27T11:26:20Z
5618,46696,143,Fiber Crew,FIELD000000046696,delivered,,,14.85,2026-05-23T03:12:20Z,2026-05-27T05:32:16Z,2026-05-27T11:26:20Z
5619,46697,152,MobileCare,FIELD000000046697,delivered,,,10.04,2026-05-23T08:21:25Z,2026-05-26T13:43:22Z,2026-05-27T11:26:20Z
5620,46698,143,Retail storeFleet,FIELD000000046698,delivered,,,8.69,2026-05-23T05:48:13Z,2026-05-27T09:47:13Z,2026-05-27T11:26:20Z
5621,46703,147,Partner Field Crew,FIELD000000046703,in_transit,,,16.87,2026-05-17T13:47:30Z,,2026-05-27T11:26:20Z
5622,46704,141,Fiber Crew,FIELD000000046704,delivered,,,17.91,2026-05-21T19:58:22Z,2026-05-25T17:33:28Z,2026-05-27T11:26:20Z
5623,46705,148,MobileCare,FIELD000000046705,delivered,,,9.6,2026-05-21T20:35:47Z,2026-05-26T15:46:29Z,2026-05-27T11:26:20Z
5624,46706,141,Retail storeFleet,FIELD000000046706,delivered,,,15.93,2026-05-23T04:11:09Z,2026-05-25T16:39:39Z,2026-05-27T11:26:20Z
5625,46711,146,Partner Field Crew,FIELD000000046711,in_transit,,,20.68,2026-05-25T20:46:42Z,,2026-05-27T11:26:20Z
5626,46712,149,Fiber Crew,FIELD000000046712,delivered,,,12.07,2026-05-19T02:48:46Z,2026-05-26T06:30:16Z,2026-05-27T11:26:20Z
5627,46713,145,MobileCare,FIELD000000046713,delivered,,,6.33,2026-05-23T16:58:30Z,2026-05-26T21:21:45Z,2026-05-27T11:26:20Z
5628,46714,143,Retail storeFleet,FIELD000000046714,delivered,,,23.34,2026-05-18T06:42:58Z,2026-05-26T00:41:59Z,2026-05-27T11:26:20Z
5629,46719,152,Partner Field Crew,FIELD000000046719,in_transit,,,20.54,2026-05-24T00:56:09Z,,2026-05-27T11:26:20Z
5630,46720,142,Fiber Crew,FIELD000000046720,delivered,,,19.43,2026-05-21T20:53:45Z,2026-05-25T23:36:38Z,2026-05-27T11:26:20Z
5631,46721,151,MobileCare,FIELD000000046721,delivered,,,10.21,2026-05-18T23:14:28Z,2026-05-25T21:29:31Z,2026-05-27T11:26:20Z
5632,46722,151,Retail storeFleet,FIELD000000046722,delivered,,,11.21,2026-05-23T07:45:28Z,2026-05-25T13:09:59Z,2026-05-27T11:26:20Z
5633,46727,148,Partner Field Crew,FIELD000000046727,in_transit,,,15.67,2026-05-24T19:19:34Z,,2026-05-27T11:26:20Z
5634,46728,148,Fiber Crew,FIELD000000046728,delivered,,,24.82,2026-05-19T21:05:18Z,2026-05-27T04:53:01Z,2026-05-27T11:26:20Z
5635,46729,141,MobileCare,FIELD000000046729,delivered,,,18.58,2026-05-25T21:02:11Z,2026-05-25T14:56:23Z,2026-05-27T11:26:20Z
5636,46730,146,Retail storeFleet,FIELD000000046730,delivered,,,21.78,2026-05-22T00:12:12Z,2026-05-27T07:58:47Z,2026-05-27T11:26:20Z
5637,46735,146,Partner Field Crew,FIELD000000046735,in_transit,,,9.72,2026-05-21T16:45:25Z,,2026-05-27T11:26:20Z
5638,46736,142,Fiber Crew,FIELD000000046736,delivered,,,23.33,2026-05-18T15:37:14Z,2026-05-26T03:19:12Z,2026-05-27T11:26:20Z
5639,46737,146,MobileCare,FIELD000000046737,delivered,,,14.29,2026-05-25T12:42:44Z,2026-05-26T15:06:26Z,2026-05-27T11:26:20Z
5640,46738,144,Retail storeFleet,FIELD000000046738,delivered,,,9.28,2026-05-20T01:02:56Z,2026-05-26T21:14:38Z,2026-05-27T11:26:20Z
5641,46743,145,Partner Field Crew,FIELD000000046743,in_transit,,,5.51,2026-05-23T13:26:45Z,,2026-05-27T11:26:20Z
5642,46744,141,Fiber Crew,FIELD000000046744,delivered,,,19.61,2026-05-20T10:17:45Z,2026-05-26T03:13:37Z,2026-05-27T11:26:20Z
5643,46745,148,MobileCare,FIELD000000046745,delivered,,,12.07,2026-05-25T21:06:35Z,2026-05-27T01:21:32Z,2026-05-27T11:26:20Z
5644,46746,141,Retail storeFleet,FIELD000000046746,delivered,,,23.82,2026-05-20T13:15:27Z,2026-05-25T18:16:05Z,2026-05-27T11:26:20Z
5645,46751,152,Partner Field Crew,FIELD000000046751,in_transit,,,24.33,2026-05-17T20:53:47Z,,2026-05-27T11:26:20Z
5646,46752,142,Fiber Crew,FIELD000000046752,delivered,,,9.12,2026-05-21T02:03:46Z,2026-05-25T15:42:56Z,2026-05-27T11:26:20Z
5647,46753,145,MobileCare,FIELD000000046753,delivered,,,7.91,2026-05-26T00:12:17Z,2026-05-27T10:10:04Z,2026-05-27T11:26:20Z
5648,46754,146,Retail storeFleet,FIELD000000046754,delivered,,,10.2,2026-05-20T15:32:55Z,2026-05-25T23:46:03Z,2026-05-27T11:26:20Z
5649,46759,148,Partner Field Crew,FIELD000000046759,in_transit,,,18.51,2026-05-22T09:39:30Z,,2026-05-27T11:26:20Z
5650,46760,141,Fiber Crew,FIELD000000046760,delivered,,,21.17,2026-05-24T17:25:26Z,2026-05-25T14:29:30Z,2026-05-27T11:26:20Z
5651,46761,146,MobileCare,FIELD000000046761,delivered,,,11.83,2026-05-22T13:52:38Z,2026-05-26T19:21:29Z,2026-05-27T11:26:20Z
5652,46762,143,Retail storeFleet,FIELD000000046762,delivered,,,13.11,2026-05-22T23:18:11Z,2026-05-27T01:37:32Z,2026-05-27T11:26:20Z
5653,46767,152,Partner Field Crew,FIELD000000046767,in_transit,,,17.39,2026-05-18T15:14:54Z,,2026-05-27T11:26:20Z
5654,46768,142,Fiber Crew,FIELD000000046768,delivered,,,9.52,2026-05-21T19:51:46Z,2026-05-26T09:09:51Z,2026-05-27T11:26:20Z
5655,46769,149,MobileCare,FIELD000000046769,delivered,,,23.43,2026-05-24T00:32:07Z,2026-05-25T14:45:49Z,2026-05-27T11:26:20Z
5656,46770,148,Retail storeFleet,FIELD000000046770,delivered,,,18.21,2026-05-24T09:07:12Z,2026-05-25T21:50:25Z,2026-05-27T11:26:20Z
5657,46775,147,Partner Field Crew,FIELD000000046775,in_transit,,,22.35,2026-05-25T15:41:23Z,,2026-05-27T11:26:20Z
5658,46776,146,Fiber Crew,FIELD000000046776,delivered,,,13.52,2026-05-20T08:51:30Z,2026-05-25T23:28:05Z,2026-05-27T11:26:20Z
5659,46777,152,MobileCare,FIELD000000046777,delivered,,,12.34,2026-05-21T05:50:03Z,2026-05-26T15:45:24Z,2026-05-27T11:26:20Z
5660,46778,145,Retail storeFleet,FIELD000000046778,delivered,,,24.41,2026-05-21T20:31:53Z,2026-05-26T05:30:10Z,2026-05-27T11:26:20Z
5661,46783,143,Partner Field Crew,FIELD000000046783,in_transit,,,21.25,2026-05-21T05:28:09Z,,2026-05-27T11:26:20Z
5662,46784,146,Fiber Crew,FIELD000000046784,delivered,,,18.65,2026-05-20T10:40:03Z,2026-05-26T17:20:39Z,2026-05-27T11:26:20Z
5663,46785,145,MobileCare,FIELD000000046785,delivered,,,10.46,2026-05-17T20:19:35Z,2026-05-26T09:15:41Z,2026-05-27T11:26:20Z
5664,46786,145,Retail storeFleet,FIELD000000046786,delivered,,,19.2,2026-05-22T15:51:29Z,2026-05-26T03:23:46Z,2026-05-27T11:26:20Z
5665,46791,149,Partner Field Crew,FIELD000000046791,in_transit,,,23.09,2026-05-17T11:54:34Z,,2026-05-27T11:26:20Z
5666,46792,141,Fiber Crew,FIELD000000046792,delivered,,,23.73,2026-05-19T06:18:27Z,2026-05-26T09:49:12Z,2026-05-27T11:26:20Z
5667,46793,151,MobileCare,FIELD000000046793,delivered,,,14.1,2026-05-20T08:27:39Z,2026-05-25T12:36:51Z,2026-05-27T11:26:20Z
5668,46794,141,Retail storeFleet,FIELD000000046794,delivered,,,16.06,2026-05-22T19:21:01Z,2026-05-25T19:34:46Z,2026-05-27T11:26:20Z
5669,46799,145,Partner Field Crew,FIELD000000046799,in_transit,,,19.69,2026-05-17T19:44:33Z,,2026-05-27T11:26:20Z
5670,46800,145,Fiber Crew,FIELD000000046800,delivered,,,16.19,2026-05-23T03:42:54Z,2026-05-27T04:41:41Z,2026-05-27T11:26:20Z
5671,46801,150,MobileCare,FIELD000000046801,delivered,,,12.49,2026-05-26T11:03:19Z,2026-05-25T16:47:12Z,2026-05-27T11:26:20Z
5672,46802,146,Retail storeFleet,FIELD000000046802,delivered,,,23.58,2026-05-20T11:37:53Z,2026-05-26T08:25:10Z,2026-05-27T11:26:20Z
5673,46807,143,Partner Field Crew,FIELD000000046807,in_transit,,,12.75,2026-05-21T06:40:02Z,,2026-05-27T11:26:20Z
5674,46808,142,Fiber Crew,FIELD000000046808,delivered,,,7.65,2026-05-23T20:26:49Z,2026-05-25T20:00:10Z,2026-05-27T11:26:20Z
5675,46809,143,MobileCare,FIELD000000046809,delivered,,,6.13,2026-05-17T14:01:04Z,2026-05-27T07:17:18Z,2026-05-27T11:26:20Z
5676,46810,143,Retail storeFleet,FIELD000000046810,delivered,,,17.07,2026-05-26T03:57:07Z,2026-05-26T10:03:33Z,2026-05-27T11:26:20Z
5677,46815,151,Partner Field Crew,FIELD000000046815,in_transit,,,21.5,2026-05-19T14:15:08Z,,2026-05-27T11:26:20Z
5678,46816,149,Fiber Crew,FIELD000000046816,delivered,,,13.16,2026-05-19T12:34:32Z,2026-05-26T08:17:04Z,2026-05-27T11:26:20Z
5679,46817,141,MobileCare,FIELD000000046817,delivered,,,17.54,2026-05-20T11:01:48Z,2026-05-26T04:13:27Z,2026-05-27T11:26:20Z
5680,46818,144,Retail storeFleet,FIELD000000046818,delivered,,,7.6,2026-05-22T16:16:37Z,2026-05-27T05:40:04Z,2026-05-27T11:26:20Z
5681,46823,147,Partner Field Crew,FIELD000000046823,in_transit,,,23.78,2026-05-19T08:04:14Z,,2026-05-27T11:26:20Z
5682,46824,144,Fiber Crew,FIELD000000046824,delivered,,,5.9,2026-05-21T03:21:46Z,2026-05-26T13:35:45Z,2026-05-27T11:26:20Z
5683,46825,150,MobileCare,FIELD000000046825,delivered,,,5.7,2026-05-25T20:56:22Z,2026-05-26T21:50:14Z,2026-05-27T11:26:20Z
5684,46826,144,Retail storeFleet,FIELD000000046826,delivered,,,23.29,2026-05-18T09:45:41Z,2026-05-26T21:32:53Z,2026-05-27T11:26:20Z
5685,46831,147,Partner Field Crew,FIELD000000046831,in_transit,,,24.39,2026-05-23T11:56:25Z,,2026-05-27T11:26:20Z
5686,46832,149,Fiber Crew,FIELD000000046832,delivered,,,16.13,2026-05-24T11:37:04Z,2026-05-25T21:24:07Z,2026-05-27T11:26:20Z
5687,46833,148,MobileCare,FIELD000000046833,delivered,,,10.76,2026-05-18T04:50:15Z,2026-05-27T02:52:26Z,2026-05-27T11:26:20Z
5688,46834,148,Retail storeFleet,FIELD000000046834,delivered,,,20.16,2026-05-22T11:40:36Z,2026-05-25T23:59:36Z,2026-05-27T11:26:20Z
5689,46839,152,Partner Field Crew,FIELD000000046839,in_transit,,,14.04,2026-05-24T07:01:02Z,,2026-05-27T11:26:20Z
5690,46840,142,Fiber Crew,FIELD000000046840,delivered,,,23.61,2026-05-24T14:55:29Z,2026-05-26T23:34:12Z,2026-05-27T11:26:20Z
5691,46841,142,MobileCare,FIELD000000046841,delivered,,,23.54,2026-05-21T09:25:51Z,2026-05-26T05:12:35Z,2026-05-27T11:26:20Z
5692,46842,150,Retail storeFleet,FIELD000000046842,delivered,,,17.22,2026-05-19T12:31:38Z,2026-05-26T14:20:10Z,2026-05-27T11:26:20Z
5693,46847,147,Partner Field Crew,FIELD000000046847,in_transit,,,7.36,2026-05-21T20:49:12Z,,2026-05-27T11:26:20Z
5694,46848,141,Fiber Crew,FIELD000000046848,delivered,,,6.25,2026-05-23T19:11:39Z,2026-05-26T03:19:12Z,2026-05-27T11:26:20Z
5695,46849,143,MobileCare,FIELD000000046849,delivered,,,6.62,2026-05-25T09:37:49Z,2026-05-27T08:25:23Z,2026-05-27T11:26:20Z
5696,46850,142,Retail storeFleet,FIELD000000046850,delivered,,,13.87,2026-05-25T18:06:28Z,2026-05-26T22:09:22Z,2026-05-27T11:26:20Z
5697,46855,142,Partner Field Crew,FIELD000000046855,in_transit,,,16.31,2026-05-25T11:22:21Z,,2026-05-27T11:26:20Z
5698,46856,141,Fiber Crew,FIELD000000046856,delivered,,,12.06,2026-05-25T21:33:05Z,2026-05-26T19:06:06Z,2026-05-27T11:26:20Z
5699,46857,144,MobileCare,FIELD000000046857,delivered,,,12.87,2026-05-21T18:55:35Z,2026-05-26T22:45:37Z,2026-05-27T11:26:20Z
5700,46858,150,Retail storeFleet,FIELD000000046858,delivered,,,16.66,2026-05-24T16:44:09Z,2026-05-27T06:04:56Z,2026-05-27T11:26:20Z
5701,46863,143,Partner Field Crew,FIELD000000046863,in_transit,,,12.48,2026-05-17T11:40:41Z,,2026-05-27T11:26:20Z
5702,46864,145,Fiber Crew,FIELD000000046864,delivered,,,11.72,2026-05-24T18:35:17Z,2026-05-26T03:02:13Z,2026-05-27T11:26:20Z
5703,46865,151,MobileCare,FIELD000000046865,delivered,,,22.42,2026-05-17T15:38:40Z,2026-05-25T21:01:09Z,2026-05-27T11:26:20Z
5704,46866,151,Retail storeFleet,FIELD000000046866,delivered,,,17.53,2026-05-21T07:18:28Z,2026-05-26T12:30:19Z,2026-05-27T11:26:20Z
5705,46871,144,Partner Field Crew,FIELD000000046871,in_transit,,,9.42,2026-05-18T19:40:02Z,,2026-05-27T11:26:20Z
5706,46872,151,Fiber Crew,FIELD000000046872,delivered,,,23.36,2026-05-22T11:13:06Z,2026-05-25T13:59:24Z,2026-05-27T11:26:20Z
5707,46873,148,MobileCare,FIELD000000046873,delivered,,,14.32,2026-05-20T06:43:50Z,2026-05-26T08:41:01Z,2026-05-27T11:26:20Z
5708,46874,149,Retail storeFleet,FIELD000000046874,delivered,,,15.01,2026-05-22T17:02:23Z,2026-05-26T17:19:42Z,2026-05-27T11:26:20Z
5709,46879,144,Partner Field Crew,FIELD000000046879,in_transit,,,23.93,2026-05-18T13:46:44Z,,2026-05-27T11:26:20Z
5710,46880,147,Fiber Crew,FIELD000000046880,delivered,,,20.67,2026-05-21T18:52:55Z,2026-05-26T09:40:04Z,2026-05-27T11:26:20Z
5711,46881,151,MobileCare,FIELD000000046881,delivered,,,12.58,2026-05-23T03:37:07Z,2026-05-27T05:21:05Z,2026-05-27T11:26:20Z
5712,46882,152,Retail storeFleet,FIELD000000046882,delivered,,,12.14,2026-05-21T19:59:11Z,2026-05-26T13:23:59Z,2026-05-27T11:26:20Z
5713,46887,143,Partner Field Crew,FIELD000000046887,in_transit,,,11.58,2026-05-20T01:09:04Z,,2026-05-27T11:26:20Z
5714,46888,142,Fiber Crew,FIELD000000046888,delivered,,,8.47,2026-05-25T11:41:25Z,2026-05-26T20:24:29Z,2026-05-27T11:26:20Z
5715,46889,150,MobileCare,FIELD000000046889,delivered,,,24.09,2026-05-18T07:44:12Z,2026-05-26T14:12:14Z,2026-05-27T11:26:20Z
5716,46890,147,Retail storeFleet,FIELD000000046890,delivered,,,19.45,2026-05-18T13:26:58Z,2026-05-26T12:52:37Z,2026-05-27T11:26:20Z
5717,46895,143,Partner Field Crew,FIELD000000046895,in_transit,,,19.94,2026-05-24T16:55:31Z,,2026-05-27T11:26:20Z
5718,46896,147,Fiber Crew,FIELD000000046896,delivered,,,14.03,2026-05-25T00:09:53Z,2026-05-25T21:04:55Z,2026-05-27T11:26:20Z
5719,46897,149,MobileCare,FIELD000000046897,delivered,,,17.9,2026-05-24T11:34:37Z,2026-05-27T01:41:49Z,2026-05-27T11:26:20Z
5720,46898,151,Retail storeFleet,FIELD000000046898,delivered,,,24.29,2026-05-19T10:48:55Z,2026-05-27T05:03:21Z,2026-05-27T11:26:20Z
5721,46903,145,Partner Field Crew,FIELD000000046903,in_transit,,,18.42,2026-05-20T19:02:53Z,,2026-05-27T11:26:20Z
5722,46904,149,Fiber Crew,FIELD000000046904,delivered,,,6.84,2026-05-25T07:01:32Z,2026-05-26T21:56:52Z,2026-05-27T11:26:20Z
5723,46905,143,MobileCare,FIELD000000046905,delivered,,,7.11,2026-05-21T23:49:28Z,2026-05-25T13:29:52Z,2026-05-27T11:26:20Z
5724,46906,142,Retail storeFleet,FIELD000000046906,delivered,,,23.9,2026-05-23T18:24:27Z,2026-05-25T13:15:20Z,2026-05-27T11:26:20Z
5725,46911,146,Partner Field Crew,FIELD000000046911,in_transit,,,17.11,2026-05-18T01:53:56Z,,2026-05-27T11:26:20Z
5726,46912,149,Fiber Crew,FIELD000000046912,delivered,,,20.56,2026-05-25T02:24:52Z,2026-05-25T12:10:54Z,2026-05-27T11:26:20Z
5727,46913,145,MobileCare,FIELD000000046913,delivered,,,15.37,2026-05-23T13:47:28Z,2026-05-27T01:02:02Z,2026-05-27T11:26:20Z
5728,46914,142,Retail storeFleet,FIELD000000046914,delivered,,,20.82,2026-05-21T04:25:14Z,2026-05-26T13:29:40Z,2026-05-27T11:26:20Z
5729,46919,141,Partner Field Crew,FIELD000000046919,in_transit,,,7.61,2026-05-19T02:24:26Z,,2026-05-27T11:26:20Z
5730,46920,148,Fiber Crew,FIELD000000046920,delivered,,,12.14,2026-05-22T22:18:18Z,2026-05-26T16:53:15Z,2026-05-27T11:26:21Z
5731,46921,147,MobileCare,FIELD000000046921,delivered,,,5.56,2026-05-18T23:21:05Z,2026-05-27T09:05:15Z,2026-05-27T11:26:21Z
5732,46922,148,Retail storeFleet,FIELD000000046922,delivered,,,24.61,2026-05-19T02:02:19Z,2026-05-27T06:48:18Z,2026-05-27T11:26:21Z
5733,46927,141,Partner Field Crew,FIELD000000046927,in_transit,,,14.2,2026-05-25T05:13:38Z,,2026-05-27T11:26:21Z
5734,46928,147,Fiber Crew,FIELD000000046928,delivered,,,18.34,2026-05-24T01:09:20Z,2026-05-26T12:02:57Z,2026-05-27T11:26:21Z
5735,46929,144,MobileCare,FIELD000000046929,delivered,,,6.66,2026-05-19T14:32:52Z,2026-05-26T08:35:22Z,2026-05-27T11:26:21Z
5736,46930,148,Retail storeFleet,FIELD000000046930,delivered,,,5.89,2026-05-20T11:51:40Z,2026-05-26T22:58:28Z,2026-05-27T11:26:21Z
5737,46935,148,Partner Field Crew,FIELD000000046935,in_transit,,,21.31,2026-05-19T23:39:01Z,,2026-05-27T11:26:21Z
5738,46936,142,Fiber Crew,FIELD000000046936,delivered,,,14.31,2026-05-20T18:45:23Z,2026-05-26T18:59:15Z,2026-05-27T11:26:21Z
5739,46937,146,MobileCare,FIELD000000046937,delivered,,,23.38,2026-05-26T07:21:34Z,2026-05-27T00:51:42Z,2026-05-27T11:26:21Z
5740,46938,145,Retail storeFleet,FIELD000000046938,delivered,,,5.99,2026-05-25T23:23:06Z,2026-05-25T12:12:29Z,2026-05-27T11:26:21Z
5741,46943,143,Partner Field Crew,FIELD000000046943,in_transit,,,23.68,2026-05-23T14:46:01Z,,2026-05-27T11:26:21Z
5742,46944,144,Fiber Crew,FIELD000000046944,delivered,,,9.25,2026-05-19T08:13:29Z,2026-05-26T07:14:21Z,2026-05-27T11:26:21Z
5743,46945,142,MobileCare,FIELD000000046945,delivered,,,9.4,2026-05-20T21:40:08Z,2026-05-27T00:58:56Z,2026-05-27T11:26:21Z
5744,46946,152,Retail storeFleet,FIELD000000046946,delivered,,,6.15,2026-05-22T05:42:15Z,2026-05-25T22:00:01Z,2026-05-27T11:26:21Z
5745,46951,147,Partner Field Crew,FIELD000000046951,in_transit,,,21.83,2026-05-24T09:22:30Z,,2026-05-27T11:26:21Z
5746,46952,145,Fiber Crew,FIELD000000046952,delivered,,,5.28,2026-05-20T09:28:17Z,2026-05-26T21:04:44Z,2026-05-27T11:26:21Z
5747,46953,142,MobileCare,FIELD000000046953,delivered,,,6.85,2026-05-24T02:03:08Z,2026-05-26T02:30:57Z,2026-05-27T11:26:21Z
5748,46954,141,Retail storeFleet,FIELD000000046954,delivered,,,11.88,2026-05-22T05:20:59Z,2026-05-26T15:25:53Z,2026-05-27T11:26:21Z
5749,46959,152,Partner Field Crew,FIELD000000046959,in_transit,,,21.32,2026-05-25T04:25:20Z,,2026-05-27T11:26:21Z
5750,46960,150,Fiber Crew,FIELD000000046960,delivered,,,7.41,2026-05-23T10:28:06Z,2026-05-26T08:28:48Z,2026-05-27T11:26:21Z
5751,46961,143,MobileCare,FIELD000000046961,delivered,,,7.56,2026-05-21T18:43:30Z,2026-05-25T16:48:43Z,2026-05-27T11:26:21Z
5752,46962,141,Retail storeFleet,FIELD000000046962,delivered,,,6.84,2026-05-22T03:44:53Z,2026-05-27T05:44:42Z,2026-05-27T11:26:21Z
5753,46967,149,Partner Field Crew,FIELD000000046967,in_transit,,,9.5,2026-05-20T21:26:56Z,,2026-05-27T11:26:21Z
5754,46968,149,Fiber Crew,FIELD000000046968,delivered,,,9.93,2026-05-25T18:17:47Z,2026-05-26T11:37:45Z,2026-05-27T11:26:21Z
5755,46969,145,MobileCare,FIELD000000046969,delivered,,,14.04,2026-05-26T10:11:19Z,2026-05-25T20:02:21Z,2026-05-27T11:26:21Z
5756,46970,144,Retail storeFleet,FIELD000000046970,delivered,,,7.34,2026-05-18T22:03:35Z,2026-05-26T05:19:50Z,2026-05-27T11:26:21Z
5757,46975,147,Partner Field Crew,FIELD000000046975,in_transit,,,7.15,2026-05-19T16:46:41Z,,2026-05-27T11:26:21Z
5758,46976,148,Fiber Crew,FIELD000000046976,delivered,,,7.64,2026-05-19T00:28:02Z,2026-05-26T20:44:11Z,2026-05-27T11:26:21Z
5759,46977,146,MobileCare,FIELD000000046977,delivered,,,16.53,2026-05-19T00:59:39Z,2026-05-27T09:06:54Z,2026-05-27T11:26:21Z
5760,46978,141,Retail storeFleet,FIELD000000046978,delivered,,,24.94,2026-05-18T10:17:14Z,2026-05-26T16:17:30Z,2026-05-27T11:26:21Z
5761,46983,150,Partner Field Crew,FIELD000000046983,in_transit,,,16.75,2026-05-18T22:00:20Z,,2026-05-27T11:26:21Z
5762,46984,147,Fiber Crew,FIELD000000046984,delivered,,,24.94,2026-05-19T12:20:02Z,2026-05-26T01:29:04Z,2026-05-27T11:26:21Z
5763,46985,149,MobileCare,FIELD000000046985,delivered,,,14.6,2026-05-20T17:21:18Z,2026-05-25T11:46:10Z,2026-05-27T11:26:21Z
5764,46986,141,Retail storeFleet,FIELD000000046986,delivered,,,15.73,2026-05-21T00:24:46Z,2026-05-26T02:51:01Z,2026-05-27T11:26:21Z
5765,46991,149,Partner Field Crew,FIELD000000046991,in_transit,,,22.19,2026-05-19T19:52:05Z,,2026-05-27T11:26:21Z
5766,46992,144,Fiber Crew,FIELD000000046992,delivered,,,14,2026-05-18T00:09:15Z,2026-05-26T03:53:20Z,2026-05-27T11:26:21Z
5767,46993,142,MobileCare,FIELD000000046993,delivered,,,6.25,2026-05-25T15:42:03Z,2026-05-26T00:55:25Z,2026-05-27T11:26:21Z
5768,46994,146,Retail storeFleet,FIELD000000046994,delivered,,,24.79,2026-05-25T16:47:00Z,2026-05-26T00:19:51Z,2026-05-27T11:26:21Z
5769,46999,149,Partner Field Crew,FIELD000000046999,in_transit,,,17.04,2026-05-20T09:05:34Z,,2026-05-27T11:26:21Z
5770,47000,144,Fiber Crew,FIELD000000047000,delivered,,,19.32,2026-05-17T15:40:29Z,2026-05-25T16:47:18Z,2026-05-27T11:26:21Z
5771,47001,148,MobileCare,FIELD000000047001,delivered,,,11.54,2026-05-19T13:53:21Z,2026-05-26T09:22:54Z,2026-05-27T11:26:21Z
5772,47002,141,Retail storeFleet,FIELD000000047002,delivered,,,6.86,2026-05-21T23:37:02Z,2026-05-25T17:02:44Z,2026-05-27T11:26:21Z
5773,47007,148,Partner Field Crew,FIELD000000047007,in_transit,,,22.88,2026-05-19T09:28:33Z,,2026-05-27T11:26:21Z
5774,47008,142,Fiber Crew,FIELD000000047008,delivered,,,5.35,2026-05-19T11:20:05Z,2026-05-26T21:49:03Z,2026-05-27T11:26:21Z
5775,47009,150,MobileCare,FIELD000000047009,delivered,,,21.74,2026-05-20T18:15:48Z,2026-05-25T13:20:52Z,2026-05-27T11:26:21Z
5776,47010,142,Retail storeFleet,FIELD000000047010,delivered,,,23.96,2026-05-24T16:07:14Z,2026-05-25T12:10:00Z,2026-05-27T11:26:21Z
5777,47015,142,Partner Field Crew,FIELD000000047015,in_transit,,,18.42,2026-05-17T16:09:36Z,,2026-05-27T11:26:21Z
5778,47016,146,Fiber Crew,FIELD000000047016,delivered,,,14.08,2026-05-17T19:30:49Z,2026-05-26T17:10:20Z,2026-05-27T11:26:21Z
5779,47017,143,MobileCare,FIELD000000047017,delivered,,,6.04,2026-05-24T03:03:34Z,2026-05-25T14:30:22Z,2026-05-27T11:26:21Z
5780,47018,149,Retail storeFleet,FIELD000000047018,delivered,,,9.53,2026-05-21T16:38:05Z,2026-05-27T10:27:13Z,2026-05-27T11:26:21Z
5781,47023,142,Partner Field Crew,FIELD000000047023,in_transit,,,17.53,2026-05-24T04:30:17Z,,2026-05-27T11:26:21Z
5782,47024,142,Fiber Crew,FIELD000000047024,delivered,,,6.91,2026-05-23T17:47:22Z,2026-05-26T06:50:19Z,2026-05-27T11:26:21Z
5783,47025,150,MobileCare,FIELD000000047025,delivered,,,21.63,2026-05-18T07:34:02Z,2026-05-27T00:11:48Z,2026-05-27T11:26:21Z
5784,47026,149,Retail storeFleet,FIELD000000047026,delivered,,,16.13,2026-05-25T01:16:30Z,2026-05-26T21:59:52Z,2026-05-27T11:26:21Z
5785,47031,150,Partner Field Crew,FIELD000000047031,in_transit,,,19.06,2026-05-19T07:02:29Z,,2026-05-27T11:26:21Z
5786,47032,152,Fiber Crew,FIELD000000047032,delivered,,,14.86,2026-05-22T14:58:36Z,2026-05-26T03:57:56Z,2026-05-27T11:26:21Z
5787,47033,148,MobileCare,FIELD000000047033,delivered,,,14.31,2026-05-22T18:06:20Z,2026-05-26T22:50:16Z,2026-05-27T11:26:21Z
5788,47034,146,Retail storeFleet,FIELD000000047034,delivered,,,22.4,2026-05-21T00:26:47Z,2026-05-26T18:26:11Z,2026-05-27T11:26:21Z
5789,47039,151,Partner Field Crew,FIELD000000047039,in_transit,,,13.22,2026-05-23T22:27:06Z,,2026-05-27T11:26:21Z
5790,47040,146,Fiber Crew,FIELD000000047040,delivered,,,19.56,2026-05-23T18:19:10Z,2026-05-27T01:50:45Z,2026-05-27T11:26:21Z
5791,47041,144,MobileCare,FIELD000000047041,delivered,,,21.48,2026-05-23T10:26:58Z,2026-05-26T12:24:43Z,2026-05-27T11:26:21Z
5792,47042,143,Retail storeFleet,FIELD000000047042,delivered,,,14.33,2026-05-23T00:00:07Z,2026-05-26T09:31:45Z,2026-05-27T11:26:21Z
5793,47047,149,Partner Field Crew,FIELD000000047047,in_transit,,,11.4,2026-05-23T14:47:09Z,,2026-05-27T11:26:21Z
5794,47048,141,Fiber Crew,FIELD000000047048,delivered,,,11.02,2026-05-25T01:22:28Z,2026-05-26T22:57:46Z,2026-05-27T11:26:21Z
5795,47049,152,MobileCare,FIELD000000047049,delivered,,,15.56,2026-05-23T04:19:17Z,2026-05-26T21:01:48Z,2026-05-27T11:26:21Z
5796,47050,146,Retail storeFleet,FIELD000000047050,delivered,,,16.68,2026-05-21T16:31:43Z,2026-05-26T03:55:46Z,2026-05-27T11:26:21Z
5797,47055,148,Partner Field Crew,FIELD000000047055,in_transit,,,14.43,2026-05-24T11:04:47Z,,2026-05-27T11:26:21Z
5798,47056,145,Fiber Crew,FIELD000000047056,delivered,,,11.36,2026-05-17T17:31:32Z,2026-05-26T17:46:50Z,2026-05-27T11:26:21Z
5799,47057,148,MobileCare,FIELD000000047057,delivered,,,13.67,2026-05-20T00:30:00Z,2026-05-27T06:11:01Z,2026-05-27T11:26:21Z
5800,47058,145,Retail storeFleet,FIELD000000047058,delivered,,,5.49,2026-05-25T02:00:28Z,2026-05-26T08:01:02Z,2026-05-27T11:26:21Z
5801,47063,147,Partner Field Crew,FIELD000000047063,in_transit,,,9.82,2026-05-25T20:31:42Z,,2026-05-27T11:26:21Z
5802,47064,151,Fiber Crew,FIELD000000047064,delivered,,,19.86,2026-05-25T17:49:20Z,2026-05-25T12:37:07Z,2026-05-27T11:26:21Z
5803,47065,150,MobileCare,FIELD000000047065,delivered,,,9.23,2026-05-22T04:40:56Z,2026-05-25T22:52:07Z,2026-05-27T11:26:21Z
5804,47066,152,Retail storeFleet,FIELD000000047066,delivered,,,21.04,2026-05-23T18:48:53Z,2026-05-26T12:59:36Z,2026-05-27T11:26:21Z
5805,47071,146,Partner Field Crew,FIELD000000047071,in_transit,,,7.49,2026-05-24T14:59:10Z,,2026-05-27T11:26:21Z
5806,47072,149,Fiber Crew,FIELD000000047072,delivered,,,5.93,2026-05-18T19:33:37Z,2026-05-27T07:05:51Z,2026-05-27T11:26:21Z
5807,47073,152,MobileCare,FIELD000000047073,delivered,,,13.94,2026-05-23T02:42:07Z,2026-05-26T13:53:12Z,2026-05-27T11:26:21Z
5808,47074,145,Retail storeFleet,FIELD000000047074,delivered,,,8.14,2026-05-23T00:58:19Z,2026-05-26T15:13:16Z,2026-05-27T11:26:21Z
5809,47079,147,Partner Field Crew,FIELD000000047079,in_transit,,,13.82,2026-05-25T02:36:33Z,,2026-05-27T11:26:21Z
5810,47080,145,Fiber Crew,FIELD000000047080,delivered,,,17.21,2026-05-21T23:40:34Z,2026-05-25T18:49:47Z,2026-05-27T11:26:21Z
5811,47081,142,MobileCare,FIELD000000047081,delivered,,,5.31,2026-05-20T17:20:36Z,2026-05-26T11:59:33Z,2026-05-27T11:26:21Z
5812,47082,147,Retail storeFleet,FIELD000000047082,delivered,,,11.18,2026-05-17T20:59:26Z,2026-05-26T13:35:19Z,2026-05-27T11:26:21Z
5813,47087,147,Partner Field Crew,FIELD000000047087,in_transit,,,7.36,2026-05-22T12:21:28Z,,2026-05-27T11:26:21Z
5814,47088,150,Fiber Crew,FIELD000000047088,delivered,,,18.31,2026-05-21T10:37:15Z,2026-05-26T16:34:34Z,2026-05-27T11:26:21Z
5815,47089,152,MobileCare,FIELD000000047089,delivered,,,24.99,2026-05-25T23:38:06Z,2026-05-26T09:11:53Z,2026-05-27T11:26:21Z
5816,47090,146,Retail storeFleet,FIELD000000047090,delivered,,,19.91,2026-05-24T11:28:58Z,2026-05-26T15:30:28Z,2026-05-27T11:26:21Z
5817,47095,149,Partner Field Crew,FIELD000000047095,in_transit,,,21.98,2026-05-20T05:33:58Z,,2026-05-27T11:26:21Z
5818,47096,152,Fiber Crew,FIELD000000047096,delivered,,,24.33,2026-05-23T17:56:13Z,2026-05-26T00:26:02Z,2026-05-27T11:26:21Z
5819,47097,151,MobileCare,FIELD000000047097,delivered,,,9.7,2026-05-18T19:44:26Z,2026-05-27T10:29:45Z,2026-05-27T11:26:21Z
5820,47098,150,Retail storeFleet,FIELD000000047098,delivered,,,5.67,2026-05-23T04:02:45Z,2026-05-26T15:56:13Z,2026-05-27T11:26:21Z
5821,47103,152,Partner Field Crew,FIELD000000047103,in_transit,,,23.54,2026-05-23T04:42:41Z,,2026-05-27T11:26:21Z
5822,47104,144,Fiber Crew,FIELD000000047104,delivered,,,5.19,2026-05-22T13:49:22Z,2026-05-26T16:00:18Z,2026-05-27T11:26:21Z
5823,47105,147,MobileCare,FIELD000000047105,delivered,,,17.07,2026-05-24T20:30:06Z,2026-05-25T11:30:11Z,2026-05-27T11:26:21Z
5824,47106,142,Retail storeFleet,FIELD000000047106,delivered,,,21.57,2026-05-19T03:32:35Z,2026-05-26T16:16:38Z,2026-05-27T11:26:21Z
5825,47111,142,Partner Field Crew,FIELD000000047111,in_transit,,,18.67,2026-05-23T15:25:59Z,,2026-05-27T11:26:21Z
5826,47112,152,Fiber Crew,FIELD000000047112,delivered,,,13.73,2026-05-21T11:12:54Z,2026-05-26T23:12:03Z,2026-05-27T11:26:21Z
5827,47113,148,MobileCare,FIELD000000047113,delivered,,,23.36,2026-05-20T20:21:57Z,2026-05-26T10:26:15Z,2026-05-27T11:26:21Z
5828,47114,147,Retail storeFleet,FIELD000000047114,delivered,,,20.1,2026-05-24T21:57:45Z,2026-05-26T03:16:46Z,2026-05-27T11:26:21Z
5829,47119,143,Partner Field Crew,FIELD000000047119,in_transit,,,20.46,2026-05-20T11:46:49Z,,2026-05-27T11:26:21Z
5830,47120,145,Fiber Crew,FIELD000000047120,delivered,,,20.14,2026-05-17T12:35:42Z,2026-05-25T21:45:53Z,2026-05-27T11:26:21Z
5831,47121,148,MobileCare,FIELD000000047121,delivered,,,17.16,2026-05-19T13:42:36Z,2026-05-25T12:42:56Z,2026-05-27T11:26:21Z
5832,47122,142,Retail storeFleet,FIELD000000047122,delivered,,,23.57,2026-05-20T16:53:41Z,2026-05-25T13:28:16Z,2026-05-27T11:26:21Z
5833,47127,143,Partner Field Crew,FIELD000000047127,in_transit,,,10.1,2026-05-23T22:34:23Z,,2026-05-27T11:26:21Z
5834,47128,145,Fiber Crew,FIELD000000047128,delivered,,,14.54,2026-05-22T13:59:36Z,2026-05-27T07:39:34Z,2026-05-27T11:26:21Z
5835,47129,143,MobileCare,FIELD000000047129,delivered,,,18.89,2026-05-23T22:28:58Z,2026-05-27T05:54:48Z,2026-05-27T11:26:21Z
5836,47130,144,Retail storeFleet,FIELD000000047130,delivered,,,19.92,2026-05-18T11:33:22Z,2026-05-27T09:04:26Z,2026-05-27T11:26:21Z
5837,47135,143,Partner Field Crew,FIELD000000047135,in_transit,,,23.38,2026-05-21T01:10:45Z,,2026-05-27T11:26:21Z
5838,47136,148,Fiber Crew,FIELD000000047136,delivered,,,20.1,2026-05-19T18:09:37Z,2026-05-25T18:08:53Z,2026-05-27T11:26:21Z
5839,47137,150,MobileCare,FIELD000000047137,delivered,,,8.01,2026-05-23T01:49:16Z,2026-05-26T03:16:29Z,2026-05-27T11:26:21Z
5840,47138,142,Retail storeFleet,FIELD000000047138,delivered,,,24.24,2026-05-19T15:54:37Z,2026-05-26T13:09:38Z,2026-05-27T11:26:21Z
5841,47143,151,Partner Field Crew,FIELD000000047143,in_transit,,,19.33,2026-05-25T08:22:00Z,,2026-05-27T11:26:21Z
5842,47144,147,Fiber Crew,FIELD000000047144,delivered,,,14.74,2026-05-24T08:38:20Z,2026-05-26T00:31:43Z,2026-05-27T11:26:21Z
5843,47145,152,MobileCare,FIELD000000047145,delivered,,,10.23,2026-05-21T13:00:48Z,2026-05-25T13:40:19Z,2026-05-27T11:26:21Z
5844,47146,142,Retail storeFleet,FIELD000000047146,delivered,,,21.41,2026-05-20T04:43:50Z,2026-05-27T01:24:13Z,2026-05-27T11:26:21Z
5845,47151,145,Partner Field Crew,FIELD000000047151,in_transit,,,13.28,2026-05-21T06:49:49Z,,2026-05-27T11:26:21Z
5846,47152,142,Fiber Crew,FIELD000000047152,delivered,,,15.08,2026-05-22T15:01:53Z,2026-05-27T09:57:59Z,2026-05-27T11:26:21Z
5847,47153,146,MobileCare,FIELD000000047153,delivered,,,23.31,2026-05-21T19:25:17Z,2026-05-26T10:13:00Z,2026-05-27T11:26:21Z
5848,47154,143,Retail storeFleet,FIELD000000047154,delivered,,,11.15,2026-05-20T09:53:44Z,2026-05-25T21:22:51Z,2026-05-27T11:26:21Z
5849,47159,151,Partner Field Crew,FIELD000000047159,in_transit,,,24.47,2026-05-18T14:26:59Z,,2026-05-27T11:26:21Z
5850,47160,141,Fiber Crew,FIELD000000047160,delivered,,,17.24,2026-05-21T17:08:55Z,2026-05-25T18:32:24Z,2026-05-27T11:26:21Z
5851,47161,148,MobileCare,FIELD000000047161,delivered,,,24.7,2026-05-24T23:59:06Z,2026-05-25T23:02:46Z,2026-05-27T11:26:21Z
5852,47162,143,Retail storeFleet,FIELD000000047162,delivered,,,13.43,2026-05-18T07:37:21Z,2026-05-26T00:12:13Z,2026-05-27T11:26:21Z
5853,47167,145,Partner Field Crew,FIELD000000047167,in_transit,,,17.3,2026-05-18T02:25:25Z,,2026-05-27T11:26:21Z
5854,47168,148,Fiber Crew,FIELD000000047168,delivered,,,8.52,2026-05-23T11:26:38Z,2026-05-26T14:57:22Z,2026-05-27T11:26:21Z
5855,47169,150,MobileCare,FIELD000000047169,delivered,,,11.71,2026-05-20T04:18:31Z,2026-05-26T07:56:29Z,2026-05-27T11:26:21Z
5856,47170,145,Retail storeFleet,FIELD000000047170,delivered,,,15.74,2026-05-19T17:18:46Z,2026-05-26T21:12:58Z,2026-05-27T11:26:21Z
5857,47175,144,Partner Field Crew,FIELD000000047175,in_transit,,,8.21,2026-05-22T15:53:10Z,,2026-05-27T11:26:21Z
5858,47176,151,Fiber Crew,FIELD000000047176,delivered,,,11.02,2026-05-20T10:32:19Z,2026-05-26T16:52:59Z,2026-05-27T11:26:21Z
5859,47177,147,MobileCare,FIELD000000047177,delivered,,,8.43,2026-05-21T03:32:12Z,2026-05-26T21:28:01Z,2026-05-27T11:26:21Z
5860,47178,150,Retail storeFleet,FIELD000000047178,delivered,,,11.23,2026-05-23T19:20:04Z,2026-05-27T04:04:20Z,2026-05-27T11:26:21Z
5861,47183,148,Partner Field Crew,FIELD000000047183,in_transit,,,18.74,2026-05-19T05:05:02Z,,2026-05-27T11:26:21Z
5862,47184,143,Fiber Crew,FIELD000000047184,delivered,,,5.91,2026-05-22T09:31:50Z,2026-05-26T10:34:08Z,2026-05-27T11:26:21Z
5863,47185,152,MobileCare,FIELD000000047185,delivered,,,16.81,2026-05-21T03:59:31Z,2026-05-26T10:10:28Z,2026-05-27T11:26:21Z
5864,47186,145,Retail storeFleet,FIELD000000047186,delivered,,,19.11,2026-05-25T14:29:18Z,2026-05-26T10:54:56Z,2026-05-27T11:26:21Z
5865,47191,141,Partner Field Crew,FIELD000000047191,in_transit,,,22.34,2026-05-18T22:06:12Z,,2026-05-27T11:26:21Z
5866,47192,152,Fiber Crew,FIELD000000047192,delivered,,,16.91,2026-05-25T16:37:09Z,2026-05-26T21:15:36Z,2026-05-27T11:26:22Z
5867,47193,148,MobileCare,FIELD000000047193,delivered,,,10.89,2026-05-22T22:50:41Z,2026-05-27T01:10:57Z,2026-05-27T11:26:22Z
5868,47194,142,Retail storeFleet,FIELD000000047194,delivered,,,8.78,2026-05-21T13:45:29Z,2026-05-27T08:03:41Z,2026-05-27T11:26:22Z
5869,47199,151,Partner Field Crew,FIELD000000047199,in_transit,,,22.32,2026-05-25T09:59:25Z,,2026-05-27T11:26:22Z
5870,47200,146,Fiber Crew,FIELD000000047200,delivered,,,8.73,2026-05-17T14:11:26Z,2026-05-25T15:34:31Z,2026-05-27T11:26:22Z
5871,47201,152,MobileCare,FIELD000000047201,delivered,,,5.04,2026-05-18T06:27:59Z,2026-05-26T04:40:29Z,2026-05-27T11:26:22Z
5872,47202,151,Retail storeFleet,FIELD000000047202,delivered,,,17.48,2026-05-25T03:24:57Z,2026-05-25T15:58:01Z,2026-05-27T11:26:22Z
5873,47207,151,Partner Field Crew,FIELD000000047207,in_transit,,,17.36,2026-05-20T01:30:10Z,,2026-05-27T11:26:22Z
5874,47208,149,Fiber Crew,FIELD000000047208,delivered,,,6.86,2026-05-25T11:56:02Z,2026-05-27T07:27:30Z,2026-05-27T11:26:22Z
5875,47209,150,MobileCare,FIELD000000047209,delivered,,,22.77,2026-05-22T00:59:47Z,2026-05-26T22:50:36Z,2026-05-27T11:26:22Z
5876,47210,152,Retail storeFleet,FIELD000000047210,delivered,,,7.6,2026-05-22T17:12:02Z,2026-05-26T20:42:59Z,2026-05-27T11:26:22Z
5877,47215,152,Partner Field Crew,FIELD000000047215,in_transit,,,20.75,2026-05-17T16:18:37Z,,2026-05-27T11:26:22Z
5878,47216,146,Fiber Crew,FIELD000000047216,delivered,,,12.3,2026-05-25T12:17:26Z,2026-05-26T18:23:24Z,2026-05-27T11:26:22Z
5879,47217,151,MobileCare,FIELD000000047217,delivered,,,11.82,2026-05-17T12:12:33Z,2026-05-25T23:12:49Z,2026-05-27T11:26:22Z
5880,47218,145,Retail storeFleet,FIELD000000047218,delivered,,,6,2026-05-18T16:33:43Z,2026-05-26T17:09:17Z,2026-05-27T11:26:22Z
5881,47223,150,Partner Field Crew,FIELD000000047223,in_transit,,,10.94,2026-05-25T09:02:08Z,,2026-05-27T11:26:22Z
5882,47224,152,Fiber Crew,FIELD000000047224,delivered,,,21.22,2026-05-21T06:34:00Z,2026-05-26T00:25:15Z,2026-05-27T11:26:22Z
5883,47225,145,MobileCare,FIELD000000047225,delivered,,,21.33,2026-05-23T10:35:23Z,2026-05-26T19:42:27Z,2026-05-27T11:26:22Z
5884,47226,143,Retail storeFleet,FIELD000000047226,delivered,,,8.27,2026-05-20T21:33:16Z,2026-05-26T20:49:59Z,2026-05-27T11:26:22Z
5885,47231,144,Partner Field Crew,FIELD000000047231,in_transit,,,21.92,2026-05-19T11:56:11Z,,2026-05-27T11:26:22Z
5886,47232,149,Fiber Crew,FIELD000000047232,delivered,,,19.39,2026-05-23T22:19:27Z,2026-05-27T08:53:09Z,2026-05-27T11:26:22Z
5887,47233,146,MobileCare,FIELD000000047233,delivered,,,12.75,2026-05-18T17:13:34Z,2026-05-25T13:01:56Z,2026-05-27T11:26:22Z
5888,47234,149,Retail storeFleet,FIELD000000047234,delivered,,,19.23,2026-05-19T11:18:33Z,2026-05-25T18:47:03Z,2026-05-27T11:26:22Z
5889,47239,152,Partner Field Crew,FIELD000000047239,in_transit,,,10.83,2026-05-17T22:08:11Z,,2026-05-27T11:26:22Z
5890,47240,148,Fiber Crew,FIELD000000047240,delivered,,,16.98,2026-05-24T02:16:03Z,2026-05-27T05:29:36Z,2026-05-27T11:26:22Z
5891,47241,147,MobileCare,FIELD000000047241,delivered,,,8.24,2026-05-17T16:03:29Z,2026-05-27T09:56:34Z,2026-05-27T11:26:22Z
5892,47242,151,Retail storeFleet,FIELD000000047242,delivered,,,9.1,2026-05-18T22:12:40Z,2026-05-26T15:41:22Z,2026-05-27T11:26:22Z
5893,47247,148,Partner Field Crew,FIELD000000047247,in_transit,,,22.67,2026-05-25T13:52:20Z,,2026-05-27T11:26:22Z
5894,47248,152,Fiber Crew,FIELD000000047248,delivered,,,17.67,2026-05-21T20:43:18Z,2026-05-27T09:36:11Z,2026-05-27T11:26:22Z
5895,47249,149,MobileCare,FIELD000000047249,delivered,,,22.9,2026-05-20T03:46:04Z,2026-05-26T10:34:23Z,2026-05-27T11:26:22Z
5896,47250,145,Retail storeFleet,FIELD000000047250,delivered,,,5.07,2026-05-17T23:24:03Z,2026-05-25T11:48:07Z,2026-05-27T11:26:22Z
5897,47255,149,Partner Field Crew,FIELD000000047255,in_transit,,,19.3,2026-05-25T00:35:25Z,,2026-05-27T11:26:22Z
5898,47256,152,Fiber Crew,FIELD000000047256,delivered,,,21.04,2026-05-17T23:35:54Z,2026-05-27T11:16:41Z,2026-05-27T11:26:22Z
5899,47257,150,MobileCare,FIELD000000047257,delivered,,,13.82,2026-05-23T07:34:58Z,2026-05-26T06:46:57Z,2026-05-27T11:26:22Z
5900,47258,143,Retail storeFleet,FIELD000000047258,delivered,,,8.42,2026-05-18T05:48:24Z,2026-05-26T02:44:58Z,2026-05-27T11:26:22Z
5901,47263,141,Partner Field Crew,FIELD000000047263,in_transit,,,13.51,2026-05-25T01:53:20Z,,2026-05-27T11:26:22Z
5902,47264,152,Fiber Crew,FIELD000000047264,delivered,,,8.29,2026-05-18T03:55:02Z,2026-05-27T09:18:37Z,2026-05-27T11:26:22Z
5903,47265,147,MobileCare,FIELD000000047265,delivered,,,5.33,2026-05-18T23:25:34Z,2026-05-25T11:26:27Z,2026-05-27T11:26:22Z
5904,47266,148,Retail storeFleet,FIELD000000047266,delivered,,,24.51,2026-05-18T14:49:20Z,2026-05-25T16:35:44Z,2026-05-27T11:26:22Z
5905,47271,146,Partner Field Crew,FIELD000000047271,in_transit,,,9.71,2026-05-24T21:37:35Z,,2026-05-27T11:26:22Z
5906,47272,149,Fiber Crew,FIELD000000047272,delivered,,,12.91,2026-05-24T00:23:45Z,2026-05-25T15:13:29Z,2026-05-27T11:26:22Z
5907,47273,152,MobileCare,FIELD000000047273,delivered,,,12.86,2026-05-24T11:56:16Z,2026-05-25T15:31:41Z,2026-05-27T11:26:22Z
5908,47274,149,Retail storeFleet,FIELD000000047274,delivered,,,10.16,2026-05-24T18:32:20Z,2026-05-26T04:45:23Z,2026-05-27T11:26:22Z
5909,47279,145,Partner Field Crew,FIELD000000047279,in_transit,,,7.5,2026-05-21T17:09:18Z,,2026-05-27T11:26:22Z
5910,47280,145,Fiber Crew,FIELD000000047280,delivered,,,11.2,2026-05-17T23:45:35Z,2026-05-26T22:26:31Z,2026-05-27T11:26:22Z
5911,47281,148,MobileCare,FIELD000000047281,delivered,,,22.08,2026-05-18T21:12:00Z,2026-05-26T19:02:56Z,2026-05-27T11:26:22Z
5912,47282,143,Retail storeFleet,FIELD000000047282,delivered,,,15.82,2026-05-20T18:58:28Z,2026-05-25T16:22:50Z,2026-05-27T11:26:22Z
5913,47287,141,Partner Field Crew,FIELD000000047287,in_transit,,,20.36,2026-05-17T20:08:11Z,,2026-05-27T11:26:22Z
5914,47288,141,Fiber Crew,FIELD000000047288,delivered,,,6.37,2026-05-19T15:47:36Z,2026-05-27T08:26:23Z,2026-05-27T11:26:22Z
5915,47289,151,MobileCare,FIELD000000047289,delivered,,,6.27,2026-05-18T03:30:09Z,2026-05-25T20:07:12Z,2026-05-27T11:26:22Z
5916,47290,144,Retail storeFleet,FIELD000000047290,delivered,,,9.68,2026-05-20T16:22:54Z,2026-05-27T06:50:20Z,2026-05-27T11:26:22Z
5917,47295,148,Partner Field Crew,FIELD000000047295,in_transit,,,9.85,2026-05-17T18:49:50Z,,2026-05-27T11:26:22Z
5918,47296,141,Fiber Crew,FIELD000000047296,delivered,,,22.16,2026-05-22T17:48:20Z,2026-05-25T12:44:46Z,2026-05-27T11:26:22Z
5919,47297,149,MobileCare,FIELD000000047297,delivered,,,13.95,2026-05-18T08:29:26Z,2026-05-25T19:53:08Z,2026-05-27T11:26:22Z
5920,47298,150,Retail storeFleet,FIELD000000047298,delivered,,,11.49,2026-05-25T14:15:07Z,2026-05-26T12:49:53Z,2026-05-27T11:26:22Z
5921,47303,146,Partner Field Crew,FIELD000000047303,in_transit,,,5.53,2026-05-19T16:32:04Z,,2026-05-27T11:26:22Z
5922,47304,152,Fiber Crew,FIELD000000047304,delivered,,,12.55,2026-05-24T16:11:28Z,2026-05-26T03:03:53Z,2026-05-27T11:26:22Z
5923,47305,143,MobileCare,FIELD000000047305,delivered,,,15.49,2026-05-23T02:40:43Z,2026-05-27T10:11:41Z,2026-05-27T11:26:22Z
5924,47306,152,Retail storeFleet,FIELD000000047306,delivered,,,14.97,2026-05-23T11:30:41Z,2026-05-27T10:52:46Z,2026-05-27T11:26:22Z
5925,47311,145,Partner Field Crew,FIELD000000047311,in_transit,,,13.27,2026-05-21T23:13:45Z,,2026-05-27T11:26:22Z
5926,47312,145,Fiber Crew,FIELD000000047312,delivered,,,19.56,2026-05-17T13:46:34Z,2026-05-27T10:16:52Z,2026-05-27T11:26:22Z
5927,47313,145,MobileCare,FIELD000000047313,delivered,,,6.45,2026-05-18T08:48:32Z,2026-05-26T19:05:27Z,2026-05-27T11:26:22Z
5928,47314,149,Retail storeFleet,FIELD000000047314,delivered,,,20.01,2026-05-24T09:08:59Z,2026-05-26T20:09:19Z,2026-05-27T11:26:22Z
5929,47319,149,Partner Field Crew,FIELD000000047319,in_transit,,,24.47,2026-05-22T07:38:13Z,,2026-05-27T11:26:22Z
5930,47320,143,Fiber Crew,FIELD000000047320,delivered,,,11.49,2026-05-21T00:15:03Z,2026-05-26T13:44:28Z,2026-05-27T11:26:22Z
5931,47321,141,MobileCare,FIELD000000047321,delivered,,,13.67,2026-05-23T01:58:50Z,2026-05-25T17:01:20Z,2026-05-27T11:26:22Z
5932,47322,143,Retail storeFleet,FIELD000000047322,delivered,,,16.82,2026-05-19T17:42:13Z,2026-05-27T09:32:21Z,2026-05-27T11:26:22Z
5933,47327,148,Partner Field Crew,FIELD000000047327,in_transit,,,22.77,2026-05-21T05:24:25Z,,2026-05-27T11:26:22Z
5934,47328,150,Fiber Crew,FIELD000000047328,delivered,,,5.39,2026-05-20T20:34:34Z,2026-05-25T16:55:18Z,2026-05-27T11:26:22Z
5935,47329,151,MobileCare,FIELD000000047329,delivered,,,8.6,2026-05-26T04:59:15Z,2026-05-26T18:18:31Z,2026-05-27T11:26:22Z
5936,47330,150,Retail storeFleet,FIELD000000047330,delivered,,,6.62,2026-05-20T05:11:55Z,2026-05-26T02:12:09Z,2026-05-27T11:26:22Z
5937,47335,149,Partner Field Crew,FIELD000000047335,in_transit,,,22.35,2026-05-22T00:59:58Z,,2026-05-27T11:26:22Z
5938,47336,141,Fiber Crew,FIELD000000047336,delivered,,,18.98,2026-05-22T19:18:30Z,2026-05-26T00:14:18Z,2026-05-27T11:26:22Z
5939,47337,142,MobileCare,FIELD000000047337,delivered,,,23.11,2026-05-21T14:16:36Z,2026-05-25T18:43:37Z,2026-05-27T11:26:22Z
5940,47338,142,Retail storeFleet,FIELD000000047338,delivered,,,19.6,2026-05-25T08:29:14Z,2026-05-26T20:10:05Z,2026-05-27T11:26:22Z
5941,47343,148,Partner Field Crew,FIELD000000047343,in_transit,,,8.32,2026-05-23T05:45:30Z,,2026-05-27T11:26:22Z
5942,47344,142,Fiber Crew,FIELD000000047344,delivered,,,9.33,2026-05-25T00:00:12Z,2026-05-26T01:43:12Z,2026-05-27T11:26:22Z
5943,47345,146,MobileCare,FIELD000000047345,delivered,,,5.26,2026-05-19T01:16:32Z,2026-05-25T22:09:13Z,2026-05-27T11:26:22Z
5944,47346,150,Retail storeFleet,FIELD000000047346,delivered,,,20.49,2026-05-23T19:17:42Z,2026-05-26T11:35:24Z,2026-05-27T11:26:22Z
5945,47351,147,Partner Field Crew,FIELD000000047351,in_transit,,,13.8,2026-05-24T11:32:10Z,,2026-05-27T11:26:22Z
5946,47352,145,Fiber Crew,FIELD000000047352,delivered,,,24.63,2026-05-24T02:30:18Z,2026-05-26T05:00:06Z,2026-05-27T11:26:22Z
5947,47353,144,MobileCare,FIELD000000047353,delivered,,,5.84,2026-05-19T11:30:42Z,2026-05-26T13:04:51Z,2026-05-27T11:26:22Z
5948,47354,147,Retail storeFleet,FIELD000000047354,delivered,,,12.87,2026-05-24T11:38:12Z,2026-05-26T11:02:22Z,2026-05-27T11:26:22Z
5949,47359,147,Partner Field Crew,FIELD000000047359,in_transit,,,11.59,2026-05-20T04:44:17Z,,2026-05-27T11:26:22Z
5950,47360,147,Fiber Crew,FIELD000000047360,delivered,,,8.91,2026-05-21T13:56:29Z,2026-05-26T17:23:21Z,2026-05-27T11:26:22Z
5951,47361,143,MobileCare,FIELD000000047361,delivered,,,16.11,2026-05-22T01:57:13Z,2026-05-25T23:56:20Z,2026-05-27T11:26:22Z
5952,47362,149,Retail storeFleet,FIELD000000047362,delivered,,,10.26,2026-05-18T03:31:47Z,2026-05-26T05:03:06Z,2026-05-27T11:26:22Z
5953,47367,145,Partner Field Crew,FIELD000000047367,in_transit,,,14.49,2026-05-18T15:07:49Z,,2026-05-27T11:26:22Z
5954,47368,144,Fiber Crew,FIELD000000047368,delivered,,,8.67,2026-05-21T00:44:22Z,2026-05-26T03:34:32Z,2026-05-27T11:26:22Z
5955,47369,146,MobileCare,FIELD000000047369,delivered,,,20.88,2026-05-17T14:24:30Z,2026-05-27T04:41:00Z,2026-05-27T11:26:22Z
5956,47370,144,Retail storeFleet,FIELD000000047370,delivered,,,8.03,2026-05-17T15:46:40Z,2026-05-25T13:26:02Z,2026-05-27T11:26:22Z
5957,47375,151,Partner Field Crew,FIELD000000047375,in_transit,,,21.9,2026-05-22T00:06:13Z,,2026-05-27T11:26:22Z
5958,47376,141,Fiber Crew,FIELD000000047376,delivered,,,9.34,2026-05-23T10:13:54Z,2026-05-27T06:32:08Z,2026-05-27T11:26:22Z
5959,47377,149,MobileCare,FIELD000000047377,delivered,,,13.7,2026-05-21T17:12:43Z,2026-05-25T13:55:27Z,2026-05-27T11:26:22Z
5960,47378,145,Retail storeFleet,FIELD000000047378,delivered,,,21.41,2026-05-22T01:11:57Z,2026-05-26T10:22:13Z,2026-05-27T11:26:22Z
5961,47383,149,Partner Field Crew,FIELD000000047383,in_transit,,,13.24,2026-05-23T15:26:02Z,,2026-05-27T11:26:22Z
5962,47384,145,Fiber Crew,FIELD000000047384,delivered,,,5.47,2026-05-23T13:44:13Z,2026-05-26T21:15:02Z,2026-05-27T11:26:22Z
5963,47385,147,MobileCare,FIELD000000047385,delivered,,,15.03,2026-05-26T09:27:59Z,2026-05-25T18:53:27Z,2026-05-27T11:26:22Z
5964,47386,146,Retail storeFleet,FIELD000000047386,delivered,,,24.43,2026-05-24T18:25:54Z,2026-05-26T23:13:49Z,2026-05-27T11:26:22Z
5965,47391,151,Partner Field Crew,FIELD000000047391,in_transit,,,11.92,2026-05-25T10:55:24Z,,2026-05-27T11:26:22Z
5966,47392,147,Fiber Crew,FIELD000000047392,delivered,,,5.56,2026-05-20T08:45:30Z,2026-05-26T13:01:24Z,2026-05-27T11:26:22Z
5967,47393,144,MobileCare,FIELD000000047393,delivered,,,15.38,2026-05-26T11:23:09Z,2026-05-26T13:03:25Z,2026-05-27T11:26:22Z
5968,47394,142,Retail storeFleet,FIELD000000047394,delivered,,,16.86,2026-05-18T13:16:17Z,2026-05-26T11:20:09Z,2026-05-27T11:26:22Z
5969,47399,150,Partner Field Crew,FIELD000000047399,in_transit,,,13.18,2026-05-17T23:17:53Z,,2026-05-27T11:26:22Z
5970,47400,147,Fiber Crew,FIELD000000047400,delivered,,,19.79,2026-05-24T18:53:52Z,2026-05-25T13:29:47Z,2026-05-27T11:26:22Z
5971,47401,150,MobileCare,FIELD000000047401,delivered,,,13.24,2026-05-20T22:04:11Z,2026-05-25T21:04:08Z,2026-05-27T11:26:22Z
5972,47402,143,Retail storeFleet,FIELD000000047402,delivered,,,22.94,2026-05-25T03:51:52Z,2026-05-26T18:19:23Z,2026-05-27T11:26:22Z
5973,47407,142,Partner Field Crew,FIELD000000047407,in_transit,,,17.15,2026-05-18T07:22:44Z,,2026-05-27T11:26:22Z
5974,47408,144,Fiber Crew,FIELD000000047408,delivered,,,20.69,2026-05-26T05:45:53Z,2026-05-27T00:30:24Z,2026-05-27T11:26:22Z
5975,47409,150,MobileCare,FIELD000000047409,delivered,,,9.43,2026-05-25T04:50:04Z,2026-05-26T23:53:39Z,2026-05-27T11:26:22Z
5976,47410,147,Retail storeFleet,FIELD000000047410,delivered,,,22.75,2026-05-25T11:51:09Z,2026-05-26T23:24:41Z,2026-05-27T11:26:22Z
5977,47415,146,Partner Field Crew,FIELD000000047415,in_transit,,,12.59,2026-05-22T08:26:50Z,,2026-05-27T11:26:22Z
5978,47416,148,Fiber Crew,FIELD000000047416,delivered,,,10.89,2026-05-24T01:31:46Z,2026-05-26T14:45:57Z,2026-05-27T11:26:22Z
5979,47417,143,MobileCare,FIELD000000047417,delivered,,,18.81,2026-05-18T00:53:59Z,2026-05-25T16:04:22Z,2026-05-27T11:26:22Z
5980,47418,141,Retail storeFleet,FIELD000000047418,delivered,,,9.85,2026-05-20T02:52:27Z,2026-05-26T00:23:53Z,2026-05-27T11:26:22Z
5981,47423,144,Partner Field Crew,FIELD000000047423,in_transit,,,13,2026-05-24T09:36:26Z,,2026-05-27T11:26:22Z
5982,47424,141,Fiber Crew,FIELD000000047424,delivered,,,19.86,2026-05-20T05:33:09Z,2026-05-25T11:51:11Z,2026-05-27T11:26:22Z
5983,47425,143,MobileCare,FIELD000000047425,delivered,,,22.37,2026-05-24T21:21:39Z,2026-05-26T15:43:28Z,2026-05-27T11:26:22Z
5984,47426,146,Retail storeFleet,FIELD000000047426,delivered,,,17.13,2026-05-26T06:54:47Z,2026-05-26T00:23:17Z,2026-05-27T11:26:22Z
5985,47431,151,Partner Field Crew,FIELD000000047431,in_transit,,,17.24,2026-05-24T14:14:51Z,,2026-05-27T11:26:22Z
5986,47432,151,Fiber Crew,FIELD000000047432,delivered,,,12.8,2026-05-18T17:51:18Z,2026-05-25T12:44:12Z,2026-05-27T11:26:22Z
5987,47433,152,MobileCare,FIELD000000047433,delivered,,,7.62,2026-05-24T18:29:40Z,2026-05-25T11:40:29Z,2026-05-27T11:26:22Z
5988,47434,142,Retail storeFleet,FIELD000000047434,delivered,,,14.75,2026-05-23T22:14:05Z,2026-05-26T09:43:28Z,2026-05-27T11:26:22Z
5989,47439,146,Partner Field Crew,FIELD000000047439,in_transit,,,19.07,2026-05-23T16:41:09Z,,2026-05-27T11:26:22Z
5990,47440,147,Fiber Crew,FIELD000000047440,delivered,,,10.2,2026-05-18T09:59:58Z,2026-05-27T06:52:50Z,2026-05-27T11:26:22Z
5991,47441,144,MobileCare,FIELD000000047441,delivered,,,7.44,2026-05-21T20:52:19Z,2026-05-26T21:26:43Z,2026-05-27T11:26:22Z
5992,47442,146,Retail storeFleet,FIELD000000047442,delivered,,,24.47,2026-05-18T18:18:13Z,2026-05-26T06:48:39Z,2026-05-27T11:26:22Z
5993,47447,151,Partner Field Crew,FIELD000000047447,in_transit,,,9.68,2026-05-24T10:34:43Z,,2026-05-27T11:26:22Z
5994,47448,141,Fiber Crew,FIELD000000047448,delivered,,,13.54,2026-05-22T18:36:52Z,2026-05-26T12:42:10Z,2026-05-27T11:26:22Z
5995,47449,148,MobileCare,FIELD000000047449,delivered,,,7.02,2026-05-25T10:26:17Z,2026-05-27T00:15:16Z,2026-05-27T11:26:22Z
5996,47450,143,Retail storeFleet,FIELD000000047450,delivered,,,6.22,2026-05-21T18:15:15Z,2026-05-26T21:26:25Z,2026-05-27T11:26:22Z
5997,47455,150,Partner Field Crew,FIELD000000047455,in_transit,,,18.4,2026-05-19T04:02:42Z,,2026-05-27T11:26:22Z
5998,47456,147,Fiber Crew,FIELD000000047456,delivered,,,17.7,2026-05-22T20:10:46Z,2026-05-26T12:08:33Z,2026-05-27T11:26:22Z
5999,47457,145,MobileCare,FIELD000000047457,delivered,,,16.25,2026-05-22T16:26:36Z,2026-05-27T00:08:38Z,2026-05-27T11:26:22Z
6000,47458,147,Retail storeFleet,FIELD000000047458,delivered,,,15.77,2026-05-17T19:39:48Z,2026-05-26T00:22:51Z,2026-05-27T11:26:22Z
6001,47463,146,Partner Field Crew,FIELD000000047463,in_transit,,,22.3,2026-05-22T13:33:04Z,,2026-05-27T11:26:22Z
6002,47464,147,Fiber Crew,FIELD000000047464,delivered,,,11.04,2026-05-22T12:59:54Z,2026-05-25T21:31:24Z,2026-05-27T11:26:22Z
6003,47465,144,MobileCare,FIELD000000047465,delivered,,,16.58,2026-05-22T03:37:41Z,2026-05-27T09:13:34Z,2026-05-27T11:26:22Z
6004,47466,148,Retail storeFleet,FIELD000000047466,delivered,,,11.58,2026-05-22T23:20:16Z,2026-05-26T08:57:18Z,2026-05-27T11:26:22Z
6005,47471,144,Partner Field Crew,FIELD000000047471,in_transit,,,13.79,2026-05-20T00:43:40Z,,2026-05-27T11:26:22Z
6006,47472,146,Fiber Crew,FIELD000000047472,delivered,,,18.88,2026-05-24T04:47:37Z,2026-05-26T06:06:02Z,2026-05-27T11:26:22Z
6007,47473,143,MobileCare,FIELD000000047473,delivered,,,17.5,2026-05-26T05:44:45Z,2026-05-26T06:30:35Z,2026-05-27T11:26:22Z
6008,47474,150,Retail storeFleet,FIELD000000047474,delivered,,,5.03,2026-05-24T20:55:07Z,2026-05-26T08:33:14Z,2026-05-27T11:26:22Z
6009,47479,144,Partner Field Crew,FIELD000000047479,in_transit,,,22.29,2026-05-20T08:20:41Z,,2026-05-27T11:26:22Z
6010,47480,142,Fiber Crew,FIELD000000047480,delivered,,,21.41,2026-05-21T18:57:59Z,2026-05-26T15:19:16Z,2026-05-27T11:26:22Z
6011,47481,146,MobileCare,FIELD000000047481,delivered,,,10.36,2026-05-18T15:06:20Z,2026-05-26T12:50:21Z,2026-05-27T11:26:22Z
6012,47482,146,Retail storeFleet,FIELD000000047482,delivered,,,20.84,2026-05-26T07:57:01Z,2026-05-25T12:47:56Z,2026-05-27T11:26:22Z
6013,47487,152,Partner Field Crew,FIELD000000047487,in_transit,,,24.04,2026-05-25T22:24:13Z,,2026-05-27T11:26:23Z
6014,47488,150,Fiber Crew,FIELD000000047488,delivered,,,12.57,2026-05-23T12:53:51Z,2026-05-26T15:47:08Z,2026-05-27T11:26:23Z
6015,47489,145,MobileCare,FIELD000000047489,delivered,,,19.76,2026-05-19T12:21:24Z,2026-05-26T18:24:50Z,2026-05-27T11:26:23Z
6016,47490,142,Retail storeFleet,FIELD000000047490,delivered,,,23.39,2026-05-21T14:35:04Z,2026-05-27T08:20:09Z,2026-05-27T11:26:23Z
6017,47495,142,Partner Field Crew,FIELD000000047495,in_transit,,,24.52,2026-05-20T07:18:45Z,,2026-05-27T11:26:23Z
6018,47496,145,Fiber Crew,FIELD000000047496,delivered,,,6.96,2026-05-20T15:40:40Z,2026-05-27T01:23:10Z,2026-05-27T11:26:23Z
6019,47497,150,MobileCare,FIELD000000047497,delivered,,,24.97,2026-05-23T21:14:48Z,2026-05-26T09:36:44Z,2026-05-27T11:26:23Z
6020,47498,146,Retail storeFleet,FIELD000000047498,delivered,,,16.21,2026-05-24T18:18:58Z,2026-05-27T11:05:54Z,2026-05-27T11:26:23Z
6021,47503,146,Partner Field Crew,FIELD000000047503,in_transit,,,24.4,2026-05-25T20:46:16Z,,2026-05-27T11:26:23Z
6022,47504,150,Fiber Crew,FIELD000000047504,delivered,,,18.08,2026-05-26T03:32:37Z,2026-05-26T10:55:28Z,2026-05-27T11:26:23Z
6023,47505,150,MobileCare,FIELD000000047505,delivered,,,22.89,2026-05-21T07:26:53Z,2026-05-26T13:11:18Z,2026-05-27T11:26:23Z
6024,47506,147,Retail storeFleet,FIELD000000047506,delivered,,,17.77,2026-05-23T02:02:29Z,2026-05-26T23:26:32Z,2026-05-27T11:26:23Z
6025,47511,145,Partner Field Crew,FIELD000000047511,in_transit,,,9.81,2026-05-26T00:52:23Z,,2026-05-27T11:26:23Z
6026,47512,146,Fiber Crew,FIELD000000047512,delivered,,,5.4,2026-05-20T14:37:32Z,2026-05-26T16:33:01Z,2026-05-27T11:26:23Z
6027,47513,146,MobileCare,FIELD000000047513,delivered,,,12.99,2026-05-19T21:38:07Z,2026-05-25T22:08:36Z,2026-05-27T11:26:23Z
6028,47514,152,Retail storeFleet,FIELD000000047514,delivered,,,9.29,2026-05-25T01:43:46Z,2026-05-26T03:13:13Z,2026-05-27T11:26:23Z
6029,47519,148,Partner Field Crew,FIELD000000047519,in_transit,,,13.38,2026-05-19T20:20:48Z,,2026-05-27T11:26:23Z
6030,47520,147,Fiber Crew,FIELD000000047520,delivered,,,22.3,2026-05-23T15:45:12Z,2026-05-26T01:56:52Z,2026-05-27T11:26:23Z
6031,47521,143,MobileCare,FIELD000000047521,delivered,,,16.03,2026-05-18T21:28:24Z,2026-05-25T23:21:16Z,2026-05-27T11:26:23Z
6032,47522,143,Retail storeFleet,FIELD000000047522,delivered,,,18.58,2026-05-19T02:55:34Z,2026-05-26T22:53:49Z,2026-05-27T11:26:23Z
6033,47527,148,Partner Field Crew,FIELD000000047527,in_transit,,,9.31,2026-05-23T20:44:01Z,,2026-05-27T11:26:23Z
6034,47528,148,Fiber Crew,FIELD000000047528,delivered,,,13.18,2026-05-25T23:05:20Z,2026-05-26T08:12:27Z,2026-05-27T11:26:23Z
6035,47529,152,MobileCare,FIELD000000047529,delivered,,,16.16,2026-05-25T15:24:33Z,2026-05-26T12:09:00Z,2026-05-27T11:26:23Z
6036,47530,142,Retail storeFleet,FIELD000000047530,delivered,,,6.06,2026-05-26T06:19:19Z,2026-05-25T20:15:42Z,2026-05-27T11:26:23Z
6037,47535,141,Partner Field Crew,FIELD000000047535,in_transit,,,9.41,2026-05-19T08:12:49Z,,2026-05-27T11:26:23Z
6038,47536,142,Fiber Crew,FIELD000000047536,delivered,,,23.71,2026-05-17T22:21:47Z,2026-05-26T05:26:06Z,2026-05-27T11:26:23Z
6039,47537,142,MobileCare,FIELD000000047537,delivered,,,20.93,2026-05-19T13:57:11Z,2026-05-26T08:23:02Z,2026-05-27T11:26:23Z
6040,47538,144,Retail storeFleet,FIELD000000047538,delivered,,,9.72,2026-05-26T10:37:09Z,2026-05-25T17:36:51Z,2026-05-27T11:26:23Z
