customer_id,email,first_name,last_name,city,state_province,postal_code,country,latitude,longitude,customer_tier,lifetime_value,created_at
4541,mary.smith1@synthetic-subscriber.example,Mary,Smith,Los Angeles,California,90001,US,34.0574543,-118.2418759,standard,1182.72,2026-05-27T11:26:09Z
4542,john.johnson2@synthetic-subscriber.example,John,Johnson,Chicago,Illinois,60601,US,41.8346976,-87.6216204,standard,1818.7,2026-05-27T11:26:09Z
4543,patricia.johnson3@synthetic-subscriber.example,Patricia,Johnson,Houston,Texas,77001,US,29.7711232,-95.352675,standard,854.1,2026-05-27T11:26:09Z
4544,robert.williams4@synthetic-subscriber.example,Robert,Williams,Phoenix,Arizona,85001,US,33.48954,-112.085181,preferred,2901.01,2026-05-27T11:26:09Z
4545,jennifer.williams5@synthetic-subscriber.example,Jennifer,Williams,Philadelphia,Pennsylvania,19101,US,39.9307957,-75.180744,preferred,7263.46,2026-05-27T11:26:09Z
4546,michael.brown6@synthetic-subscriber.example,Michael,Brown,San Antonio,Texas,78201,US,29.4455476,-98.5174117,vip,43808.59,2026-05-27T11:26:09Z
4547,linda.brown7@synthetic-subscriber.example,Linda,Brown,San Diego,California,92101,US,32.7241124,-117.1363899,new,104.58,2026-05-27T11:26:09Z
4548,william.jones8@synthetic-subscriber.example,William,Jones,Dallas,Texas,75201,US,32.8224559,-96.7512522,standard,628.69,2026-05-27T11:26:09Z
4549,elizabeth.jones9@synthetic-subscriber.example,Elizabeth,Jones,San Jose,California,95101,US,37.3652786,-121.860682,standard,645.69,2026-05-27T11:26:09Z
4550,david.garcia10@synthetic-subscriber.example,David,Garcia,Austin,Texas,73301,US,30.3158333,-97.7193975,standard,1453.87,2026-05-27T11:26:09Z
4551,barbara.garcia11@synthetic-subscriber.example,Barbara,Garcia,Jacksonville,Florida,32099,US,30.3528652,-81.6057586,preferred,5803.56,2026-05-27T11:26:09Z
4552,richard.miller12@synthetic-subscriber.example,Richard,Miller,Fort Worth,Texas,76101,US,32.7414225,-97.2851211,preferred,6115.5,2026-05-27T11:26:09Z
4553,susan.miller13@synthetic-subscriber.example,Susan,Miller,Columbus,Ohio,43085,US,39.9284676,-83.0244982,vip,23179.09,2026-05-27T11:26:09Z
4554,joseph.davis14@synthetic-subscriber.example,Joseph,Davis,Charlotte,North Carolina,28201,US,35.1992324,-80.8346622,new,34.74,2026-05-27T11:26:09Z
4555,jessica.davis15@synthetic-subscriber.example,Jessica,Davis,Indianapolis,Indiana,46201,US,39.7391563,-86.2011029,standard,732.67,2026-05-27T11:26:09Z
4556,thomas.rodriguez16@synthetic-subscriber.example,Thomas,Rodriguez,San Francisco,California,94101,US,37.7434045,-122.3728599,standard,159.28,2026-05-27T11:26:09Z
4557,sarah.rodriguez17@synthetic-subscriber.example,Sarah,Rodriguez,Seattle,Washington,98101,US,47.5835397,-122.2907791,standard,1207.77,2026-05-27T11:26:09Z
4558,christopher.martinez18@synthetic-subscriber.example,Christopher,Martinez,Denver,Colorado,80201,US,39.6947625,-104.9814962,preferred,6470.57,2026-05-27T11:26:09Z
4559,karen.martinez19@synthetic-subscriber.example,Karen,Martinez,Nashville,Tennessee,37201,US,36.1984056,-86.7992671,preferred,2333.5,2026-05-27T11:26:09Z
4560,charles.hernandez20@synthetic-subscriber.example,Charles,Hernandez,Portland,Oregon,97201,US,45.5269144,-122.7231691,vip,17348.92,2026-05-27T11:26:09Z
4561,lisa.hernandez21@synthetic-subscriber.example,Lisa,Hernandez,Las Vegas,Nevada,89101,US,36.1282118,-115.1584116,new,63.76,2026-05-27T11:26:09Z
4562,daniel.lopez22@synthetic-subscriber.example,Daniel,Lopez,Miami,Florida,33101,US,25.7119359,-80.2147375,standard,1374.26,2026-05-27T11:26:09Z
4563,nancy.lopez23@synthetic-subscriber.example,Nancy,Lopez,Atlanta,Georgia,30301,US,33.728876,-84.3925367,standard,755.46,2026-05-27T11:26:09Z
4564,matthew.gonzalez24@synthetic-subscriber.example,Matthew,Gonzalez,Boston,Massachusetts,02101,US,42.3137093,-71.01532,standard,1216.4,2026-05-27T11:26:09Z
4565,betty.gonzalez25@synthetic-subscriber.example,Betty,Gonzalez,Minneapolis,Minnesota,55401,US,45.013387,-93.2358313,preferred,6923.83,2026-05-27T11:26:09Z
4566,anthony.wilson26@synthetic-subscriber.example,Anthony,Wilson,Salt Lake City,Utah,84101,US,40.7417456,-111.9267397,preferred,6719.5,2026-05-27T11:26:09Z
4567,margaret.wilson27@synthetic-subscriber.example,Margaret,Wilson,Detroit,Michigan,48201,US,42.3684243,-83.0913817,vip,46529.53,2026-05-27T11:26:09Z
4568,mark.anderson28@synthetic-subscriber.example,Mark,Anderson,Tampa,Florida,33601,US,27.9500073,-82.5030042,new,133.88,2026-05-27T11:26:09Z
4569,sandra.anderson29@synthetic-subscriber.example,Sandra,Anderson,Brooklyn,New York,11201,US,40.7158723,-73.9378292,standard,717.62,2026-05-27T11:26:09Z
4570,donald.thomas30@synthetic-subscriber.example,Donald,Thomas,Raleigh,North Carolina,27601,US,35.7301206,-78.5905631,standard,713.21,2026-05-27T11:26:09Z
4571,ashley.thomas31@synthetic-subscriber.example,Ashley,Thomas,Scottsdale,Arizona,85251,US,33.5164801,-111.9505205,standard,117.29,2026-05-27T11:26:09Z
4572,steven.taylor32@synthetic-subscriber.example,Steven,Taylor,Honolulu,Hawaii,96801,US,21.3413343,-157.8859317,preferred,4898.32,2026-05-27T11:26:09Z
4573,kimberly.taylor33@synthetic-subscriber.example,Kimberly,Taylor,Boulder,Colorado,80301,US,40.0327966,-105.2698677,preferred,6985.02,2026-05-27T11:26:09Z
4574,andrew.moore34@synthetic-subscriber.example,Andrew,Moore,Savannah,Georgia,31401,US,32.0927778,-81.1190863,vip,28607.19,2026-05-27T11:26:09Z
4575,emily.moore35@synthetic-subscriber.example,Emily,Moore,New York,New York,10001,US,40.70573,-74.0430733,new,180.24,2026-05-27T11:26:09Z
4576,paul.jackson36@synthetic-subscriber.example,Paul,Jackson,Los Angeles,California,90001,US,34.0620582,-118.2571919,standard,1439.3,2026-05-27T11:26:09Z
4577,donna.jackson37@synthetic-subscriber.example,Donna,Jackson,Chicago,Illinois,60601,US,41.8394378,-87.6070701,standard,1488.22,2026-05-27T11:26:09Z
4578,joshua.martin38@synthetic-subscriber.example,Joshua,Martin,Houston,Texas,77001,US,29.8047809,-95.4086783,standard,798.27,2026-05-27T11:26:09Z
4579,michelle.martin39@synthetic-subscriber.example,Michelle,Martin,Phoenix,Arizona,85001,US,33.4627884,-112.0280158,preferred,1659.87,2026-05-27T11:26:09Z
4580,kenneth.lee40@synthetic-subscriber.example,Kenneth,Lee,Philadelphia,Pennsylvania,19101,US,40.0019406,-75.2144435,preferred,7143.15,2026-05-27T11:26:09Z
4581,carol.lee41@synthetic-subscriber.example,Carol,Lee,San Antonio,Texas,78201,US,29.4095077,-98.5414439,vip,16114.71,2026-05-27T11:26:09Z
4582,kevin.perez42@synthetic-subscriber.example,Kevin,Perez,San Diego,California,92101,US,32.680148,-117.1230564,new,142.09,2026-05-27T11:26:09Z
4583,amanda.perez43@synthetic-subscriber.example,Amanda,Perez,Dallas,Texas,75201,US,32.7968263,-96.7936165,standard,403.02,2026-05-27T11:26:09Z
4584,brian.thompson44@synthetic-subscriber.example,Brian,Thompson,San Jose,California,95101,US,37.3223676,-121.8434767,standard,666.22,2026-05-27T11:26:09Z
4585,dorothy.thompson45@synthetic-subscriber.example,Dorothy,Thompson,Austin,Texas,73301,US,30.2996079,-97.7631457,standard,791.11,2026-05-27T11:26:09Z
4586,george.white46@synthetic-subscriber.example,George,White,Jacksonville,Florida,32099,US,30.3196284,-81.6964346,preferred,2214.15,2026-05-27T11:26:09Z
4587,melissa.white47@synthetic-subscriber.example,Melissa,White,Fort Worth,Texas,76101,US,32.7110704,-97.2817898,preferred,3849.27,2026-05-27T11:26:09Z
4588,timothy.harris48@synthetic-subscriber.example,Timothy,Harris,Columbus,Ohio,43085,US,39.9802254,-82.9538985,vip,18095.35,2026-05-27T11:26:09Z
4589,deborah.harris49@synthetic-subscriber.example,Deborah,Harris,Charlotte,North Carolina,28201,US,35.1874366,-80.8564316,new,17.52,2026-05-27T11:26:09Z
4590,aiden.sanchez50@synthetic-subscriber.example,Aiden,Sanchez,Indianapolis,Indiana,46201,US,39.7618494,-86.124325,standard,509.71,2026-05-27T11:26:09Z
4591,sofia.sanchez51@synthetic-subscriber.example,Sofia,Sanchez,San Francisco,California,94101,US,37.7350996,-122.4661957,standard,539.37,2026-05-27T11:26:09Z
4592,liam.clark52@synthetic-subscriber.example,Liam,Clark,Seattle,Washington,98101,US,47.5797032,-122.3057742,standard,1102.98,2026-05-27T11:26:09Z
4593,olivia.clark53@synthetic-subscriber.example,Olivia,Clark,Denver,Colorado,80201,US,39.6952684,-105.0272437,preferred,1711.01,2026-05-27T11:26:09Z
4594,noah.ramirez54@synthetic-subscriber.example,Noah,Ramirez,Nashville,Tennessee,37201,US,36.1129905,-86.7375742,preferred,5641.72,2026-05-27T11:26:09Z
4595,emma.ramirez55@synthetic-subscriber.example,Emma,Ramirez,Portland,Oregon,97201,US,45.4746382,-122.6346543,vip,18199.13,2026-05-27T11:26:09Z
4596,ethan.lewis56@synthetic-subscriber.example,Ethan,Lewis,Las Vegas,Nevada,89101,US,36.1739962,-115.1579907,new,5.37,2026-05-27T11:26:09Z
4597,ava.lewis57@synthetic-subscriber.example,Ava,Lewis,Miami,Florida,33101,US,25.7618307,-80.1718412,standard,487.36,2026-05-27T11:26:09Z
4598,mason.robinson58@synthetic-subscriber.example,Mason,Robinson,Atlanta,Georgia,30301,US,33.71586,-84.3696339,standard,1904.89,2026-05-27T11:26:09Z
4599,isabella.robinson59@synthetic-subscriber.example,Isabella,Robinson,Boston,Massachusetts,02101,US,42.3435579,-71.0631557,standard,1917.5,2026-05-27T11:26:09Z
4600,lucas.walker60@synthetic-subscriber.example,Lucas,Walker,Minneapolis,Minnesota,55401,US,45.0204064,-93.2571025,preferred,3717.72,2026-05-27T11:26:09Z
4601,mia.walker61@synthetic-subscriber.example,Mia,Walker,Salt Lake City,Utah,84101,US,40.7498731,-111.8606741,preferred,6027.3,2026-05-27T11:26:09Z
4602,logan.young62@synthetic-subscriber.example,Logan,Young,Detroit,Michigan,48201,US,42.3639894,-83.0381292,vip,30464.5,2026-05-27T11:26:09Z
4603,charlotte.young63@synthetic-subscriber.example,Charlotte,Young,Tampa,Florida,33601,US,27.9471314,-82.4187237,new,138.3,2026-05-27T11:26:09Z
4604,jackson.allen64@synthetic-subscriber.example,Jackson,Allen,Brooklyn,New York,11201,US,40.7118553,-73.9564811,standard,917.2,2026-05-27T11:26:09Z
4605,amelia.allen65@synthetic-subscriber.example,Amelia,Allen,Raleigh,North Carolina,27601,US,35.7996353,-78.6731914,standard,162.53,2026-05-27T11:26:09Z
4606,sebastian.king66@synthetic-subscriber.example,Sebastian,King,Scottsdale,Arizona,85251,US,33.475985,-111.9529783,standard,1862.36,2026-05-27T11:26:09Z
4607,harper.king67@synthetic-subscriber.example,Harper,King,Honolulu,Hawaii,96801,US,21.2860456,-157.8478328,preferred,2869.75,2026-05-27T11:26:09Z
4608,mateo.wright68@synthetic-subscriber.example,Mateo,Wright,Boulder,Colorado,80301,US,39.981558,-105.2601906,preferred,1463.91,2026-05-27T11:26:09Z
4609,evelyn.wright69@synthetic-subscriber.example,Evelyn,Wright,Savannah,Georgia,31401,US,32.0496828,-81.0975425,vip,28463.48,2026-05-27T11:26:09Z
4610,henry.scott70@synthetic-subscriber.example,Henry,Scott,New York,New York,10001,US,40.7544129,-74.0398904,new,97.9,2026-05-27T11:26:09Z
4611,luna.scott71@synthetic-subscriber.example,Luna,Scott,Los Angeles,California,90001,US,34.084176,-118.2485585,standard,750.24,2026-05-27T11:26:09Z
4612,owen.torres72@synthetic-subscriber.example,Owen,Torres,Chicago,Illinois,60601,US,41.850998,-87.5969201,standard,1874.26,2026-05-27T11:26:09Z
4613,camila.torres73@synthetic-subscriber.example,Camila,Torres,Houston,Texas,77001,US,29.8088805,-95.3638304,standard,1082.24,2026-05-27T11:26:09Z
4614,wyatt.nguyen74@synthetic-subscriber.example,Wyatt,Nguyen,Phoenix,Arizona,85001,US,33.444095,-112.0862485,preferred,6755.55,2026-05-27T11:26:09Z
4615,aria.nguyen75@synthetic-subscriber.example,Aria,Nguyen,Philadelphia,Pennsylvania,19101,US,39.9262784,-75.195034,preferred,5866.97,2026-05-27T11:26:09Z
4616,jack.hill76@synthetic-subscriber.example,Jack,Hill,San Antonio,Texas,78201,US,29.4618502,-98.494955,vip,43235.33,2026-05-27T11:26:09Z
4617,scarlett.hill77@synthetic-subscriber.example,Scarlett,Hill,San Diego,California,92101,US,32.6880687,-117.1484965,new,182.98,2026-05-27T11:26:09Z
4618,leo.flores78@synthetic-subscriber.example,Leo,Flores,Dallas,Texas,75201,US,32.7721518,-96.8378356,standard,218.02,2026-05-27T11:26:09Z
4619,penelope.flores79@synthetic-subscriber.example,Penelope,Flores,San Jose,California,95101,US,37.3121597,-121.8784441,standard,445.93,2026-05-27T11:26:09Z
4620,asher.green80@synthetic-subscriber.example,Asher,Green,Austin,Texas,73301,US,30.2227363,-97.7188977,standard,555.68,2026-05-27T11:26:09Z
4621,layla.green81@synthetic-subscriber.example,Layla,Green,Jacksonville,Florida,32099,US,30.2855724,-81.6771926,preferred,6164.62,2026-05-27T11:26:09Z
4622,ezra.adams82@synthetic-subscriber.example,Ezra,Adams,Fort Worth,Texas,76101,US,32.741893,-97.3742467,preferred,3353.25,2026-05-27T11:26:09Z
4623,chloe.adams83@synthetic-subscriber.example,Chloe,Adams,Columbus,Ohio,43085,US,39.9661878,-82.9802842,vip,14269.45,2026-05-27T11:26:09Z
4624,benjamin.nelson84@synthetic-subscriber.example,Benjamin,Nelson,Charlotte,North Carolina,28201,US,35.252078,-80.81562,new,141.96,2026-05-27T11:26:09Z
4625,riley.nelson85@synthetic-subscriber.example,Riley,Nelson,Indianapolis,Indiana,46201,US,39.8146389,-86.155276,standard,1256.59,2026-05-27T11:26:09Z
4626,caleb.baker86@synthetic-subscriber.example,Caleb,Baker,San Francisco,California,94101,US,37.8164946,-122.4650918,standard,1632.03,2026-05-27T11:26:09Z
4627,zoey.baker87@synthetic-subscriber.example,Zoey,Baker,Seattle,Washington,98101,US,47.5998288,-122.3409485,standard,270.13,2026-05-27T11:26:09Z
4628,samuel.hall88@synthetic-subscriber.example,Samuel,Hall,Denver,Colorado,80201,US,39.7443601,-105.0032353,preferred,1438.27,2026-05-27T11:26:09Z
4629,nora.hall89@synthetic-subscriber.example,Nora,Hall,Nashville,Tennessee,37201,US,36.1651302,-86.8256644,preferred,2769.17,2026-05-27T11:26:09Z
4630,dylan.rivera90@synthetic-subscriber.example,Dylan,Rivera,Portland,Oregon,97201,US,45.4825657,-122.6999657,vip,6348.86,2026-05-27T11:26:09Z
4631,lily.rivera91@synthetic-subscriber.example,Lily,Rivera,Las Vegas,Nevada,89101,US,36.1453769,-115.1879471,new,114.16,2026-05-27T11:26:09Z
4632,gabriel.campbell92@synthetic-subscriber.example,Gabriel,Campbell,Miami,Florida,33101,US,25.72754,-80.1597121,standard,1705.06,2026-05-27T11:26:09Z
4633,eleanor.campbell93@synthetic-subscriber.example,Eleanor,Campbell,Atlanta,Georgia,30301,US,33.789127,-84.3593338,standard,941.79,2026-05-27T11:26:09Z
4634,elijah.mitchell94@synthetic-subscriber.example,Elijah,Mitchell,Boston,Massachusetts,02101,US,42.3660456,-71.0461718,standard,1784.95,2026-05-27T11:26:09Z
4635,hannah.mitchell95@synthetic-subscriber.example,Hannah,Mitchell,Minneapolis,Minnesota,55401,US,44.9801609,-93.2963923,preferred,2828.75,2026-05-27T11:26:09Z
4636,james.carter96@synthetic-subscriber.example,James,Carter,Salt Lake City,Utah,84101,US,40.7976447,-111.9039536,preferred,2079.93,2026-05-27T11:26:09Z
4637,mary.carter97@synthetic-subscriber.example,Mary,Carter,Detroit,Michigan,48201,US,42.3085614,-83.0282115,vip,11062.66,2026-05-27T11:26:09Z
4638,john.roberts98@synthetic-subscriber.example,John,Roberts,Tampa,Florida,33601,US,27.9308444,-82.4465036,new,198.01,2026-05-27T11:26:09Z
4639,patricia.roberts99@synthetic-subscriber.example,Patricia,Roberts,Brooklyn,New York,11201,US,40.7272543,-73.9383974,standard,314.07,2026-05-27T11:26:09Z
4640,robert.gomez100@synthetic-subscriber.example,Robert,Gomez,Raleigh,North Carolina,27601,US,35.7662153,-78.6344413,standard,754.42,2026-05-27T11:26:09Z
4641,jennifer.gomez101@synthetic-subscriber.example,Jennifer,Gomez,Scottsdale,Arizona,85251,US,33.5218809,-111.8956352,standard,764.76,2026-05-27T11:26:09Z
4642,michael.phillips102@synthetic-subscriber.example,Michael,Phillips,Honolulu,Hawaii,96801,US,21.3123552,-157.8174821,preferred,5925.81,2026-05-27T11:26:09Z
4643,linda.phillips103@synthetic-subscriber.example,Linda,Phillips,Boulder,Colorado,80301,US,39.9701779,-105.2341341,preferred,5169.75,2026-05-27T11:26:09Z
4644,william.evans104@synthetic-subscriber.example,William,Evans,Savannah,Georgia,31401,US,32.100215,-81.0936598,vip,19170.6,2026-05-27T11:26:09Z
4645,elizabeth.evans105@synthetic-subscriber.example,Elizabeth,Evans,New York,New York,10001,US,40.6978795,-73.9600102,new,134.07,2026-05-27T11:26:09Z
4646,david.turner106@synthetic-subscriber.example,David,Turner,Los Angeles,California,90001,US,34.0238885,-118.2516952,standard,1235.42,2026-05-27T11:26:09Z
4647,barbara.turner107@synthetic-subscriber.example,Barbara,Turner,Chicago,Illinois,60601,US,41.8668465,-87.6002085,standard,1508.11,2026-05-27T11:26:09Z
4648,richard.diaz108@synthetic-subscriber.example,Richard,Diaz,Houston,Texas,77001,US,29.7124048,-95.3721899,standard,1496.96,2026-05-27T11:26:09Z
4649,susan.diaz109@synthetic-subscriber.example,Susan,Diaz,Phoenix,Arizona,85001,US,33.4667491,-112.0994688,preferred,7239.15,2026-05-27T11:26:09Z
4650,joseph.parker110@synthetic-subscriber.example,Joseph,Parker,Philadelphia,Pennsylvania,19101,US,39.9215199,-75.1627447,preferred,5035.88,2026-05-27T11:26:09Z
4651,jessica.parker111@synthetic-subscriber.example,Jessica,Parker,San Antonio,Texas,78201,US,29.4533923,-98.4757921,vip,21130.96,2026-05-27T11:26:09Z
4652,thomas.cruz112@synthetic-subscriber.example,Thomas,Cruz,San Diego,California,92101,US,32.7247505,-117.1996992,new,118.26,2026-05-27T11:26:09Z
4653,sarah.cruz113@synthetic-subscriber.example,Sarah,Cruz,Dallas,Texas,75201,US,32.8123929,-96.7894611,standard,1117.38,2026-05-27T11:26:09Z
4654,christopher.edwards114@synthetic-subscriber.example,Christopher,Edwards,San Jose,California,95101,US,37.3351177,-121.8801402,standard,194.5,2026-05-27T11:26:09Z
4655,karen.edwards115@synthetic-subscriber.example,Karen,Edwards,Austin,Texas,73301,US,30.297709,-97.7308592,standard,1707.15,2026-05-27T11:26:09Z
4656,charles.collins116@synthetic-subscriber.example,Charles,Collins,Jacksonville,Florida,32099,US,30.3409665,-81.653767,preferred,5450.48,2026-05-27T11:26:09Z
4657,lisa.collins117@synthetic-subscriber.example,Lisa,Collins,Fort Worth,Texas,76101,US,32.7908781,-97.3429992,preferred,1189.08,2026-05-27T11:26:09Z
4658,daniel.reyes118@synthetic-subscriber.example,Daniel,Reyes,Columbus,Ohio,43085,US,39.9191671,-83.0101798,vip,20927.34,2026-05-27T11:26:09Z
4659,nancy.reyes119@synthetic-subscriber.example,Nancy,Reyes,Charlotte,North Carolina,28201,US,35.2012183,-80.8470699,new,2.74,2026-05-27T11:26:09Z
4660,matthew.stewart120@synthetic-subscriber.example,Matthew,Stewart,Indianapolis,Indiana,46201,US,39.7464242,-86.1337249,standard,194.92,2026-05-27T11:26:09Z
4661,betty.stewart121@synthetic-subscriber.example,Betty,Stewart,San Francisco,California,94101,US,37.8203145,-122.3849297,standard,922.19,2026-05-27T11:26:09Z
4662,anthony.morris122@synthetic-subscriber.example,Anthony,Morris,Seattle,Washington,98101,US,47.6468212,-122.3537344,standard,1129.3,2026-05-27T11:26:09Z
4663,margaret.morris123@synthetic-subscriber.example,Margaret,Morris,Denver,Colorado,80201,US,39.7097826,-105.0195276,preferred,5125.87,2026-05-27T11:26:09Z
4664,mark.morales124@synthetic-subscriber.example,Mark,Morales,Nashville,Tennessee,37201,US,36.1774327,-86.7629937,preferred,4747.01,2026-05-27T11:26:09Z
4665,sandra.morales125@synthetic-subscriber.example,Sandra,Morales,Portland,Oregon,97201,US,45.5238977,-122.7091445,vip,49174.07,2026-05-27T11:26:09Z
4666,donald.murphy126@synthetic-subscriber.example,Donald,Murphy,Las Vegas,Nevada,89101,US,36.1570025,-115.1290286,new,83.66,2026-05-27T11:26:09Z
4667,ashley.murphy127@synthetic-subscriber.example,Ashley,Murphy,Miami,Florida,33101,US,25.8035319,-80.1880728,standard,1991.32,2026-05-27T11:26:09Z
4668,steven.cook128@synthetic-subscriber.example,Steven,Cook,Atlanta,Georgia,30301,US,33.7920496,-84.4111129,standard,1284.31,2026-05-27T11:26:09Z
4669,kimberly.cook129@synthetic-subscriber.example,Kimberly,Cook,Boston,Massachusetts,02101,US,42.3473154,-71.1054894,standard,1830.43,2026-05-27T11:26:09Z
4670,andrew.rogers130@synthetic-subscriber.example,Andrew,Rogers,Minneapolis,Minnesota,55401,US,44.991927,-93.2279253,preferred,1968.66,2026-05-27T11:26:09Z
4671,emily.rogers131@synthetic-subscriber.example,Emily,Rogers,Salt Lake City,Utah,84101,US,40.8076194,-111.8598926,preferred,7004.31,2026-05-27T11:26:09Z
4672,paul.gutierrez132@synthetic-subscriber.example,Paul,Gutierrez,Detroit,Michigan,48201,US,42.3405474,-83.0582611,vip,23904.12,2026-05-27T11:26:09Z
4673,donna.gutierrez133@synthetic-subscriber.example,Donna,Gutierrez,Tampa,Florida,33601,US,27.9441276,-82.5061084,new,169.05,2026-05-27T11:26:09Z
4674,joshua.ortiz134@synthetic-subscriber.example,Joshua,Ortiz,Brooklyn,New York,11201,US,40.645307,-73.9707007,standard,1677.25,2026-05-27T11:26:09Z
4675,michelle.ortiz135@synthetic-subscriber.example,Michelle,Ortiz,Raleigh,North Carolina,27601,US,35.7304658,-78.6441242,standard,490.25,2026-05-27T11:26:09Z
4676,kenneth.morgan136@synthetic-subscriber.example,Kenneth,Morgan,Scottsdale,Arizona,85251,US,33.5214265,-111.9310304,standard,1184.07,2026-05-27T11:26:09Z
4677,carol.morgan137@synthetic-subscriber.example,Carol,Morgan,Honolulu,Hawaii,96801,US,21.2578118,-157.8923498,preferred,7957.41,2026-05-27T11:26:09Z
4678,kevin.cooper138@synthetic-subscriber.example,Kevin,Cooper,Boulder,Colorado,80301,US,40.032328,-105.2994262,preferred,7983.01,2026-05-27T11:26:09Z
4679,amanda.cooper139@synthetic-subscriber.example,Amanda,Cooper,Savannah,Georgia,31401,US,32.0652487,-81.1085701,vip,5567.98,2026-05-27T11:26:09Z
4680,brian.peterson140@synthetic-subscriber.example,Brian,Peterson,New York,New York,10001,US,40.7308118,-74.0012518,new,175.76,2026-05-27T11:26:09Z
4681,dorothy.peterson141@synthetic-subscriber.example,Dorothy,Peterson,Los Angeles,California,90001,US,34.0469169,-118.276298,standard,393.37,2026-05-27T11:26:09Z
4682,george.bailey142@synthetic-subscriber.example,George,Bailey,Chicago,Illinois,60601,US,41.9236378,-87.6559199,standard,135.72,2026-05-27T11:26:09Z
4683,melissa.bailey143@synthetic-subscriber.example,Melissa,Bailey,Houston,Texas,77001,US,29.7930899,-95.4175746,standard,216.76,2026-05-27T11:26:09Z
4684,timothy.reed144@synthetic-subscriber.example,Timothy,Reed,Phoenix,Arizona,85001,US,33.4232456,-112.0697906,preferred,2424.3,2026-05-27T11:26:09Z
4685,deborah.reed145@synthetic-subscriber.example,Deborah,Reed,Philadelphia,Pennsylvania,19101,US,39.9226823,-75.1225023,preferred,6898.94,2026-05-27T11:26:09Z
4686,aiden.kelly146@synthetic-subscriber.example,Aiden,Kelly,San Antonio,Texas,78201,US,29.3934883,-98.473324,vip,49011.35,2026-05-27T11:26:09Z
4687,sofia.kelly147@synthetic-subscriber.example,Sofia,Kelly,San Diego,California,92101,US,32.756167,-117.1729728,new,143.91,2026-05-27T11:26:09Z
4688,liam.howard148@synthetic-subscriber.example,Liam,Howard,Dallas,Texas,75201,US,32.7402953,-96.815545,standard,467.86,2026-05-27T11:26:09Z
4689,olivia.howard149@synthetic-subscriber.example,Olivia,Howard,San Jose,California,95101,US,37.3752381,-121.9051319,standard,254.82,2026-05-27T11:26:09Z
4690,noah.ramos150@synthetic-subscriber.example,Noah,Ramos,Austin,Texas,73301,US,30.2470901,-97.7659408,standard,361.01,2026-05-27T11:26:09Z
4691,emma.ramos151@synthetic-subscriber.example,Emma,Ramos,Jacksonville,Florida,32099,US,30.3821656,-81.6174555,preferred,7460.1,2026-05-27T11:26:09Z
4692,ethan.kim152@synthetic-subscriber.example,Ethan,Kim,Fort Worth,Texas,76101,US,32.790393,-97.3681552,preferred,2294.55,2026-05-27T11:26:09Z
4693,ava.kim153@synthetic-subscriber.example,Ava,Kim,Columbus,Ohio,43085,US,39.9378845,-82.9652443,vip,26320.72,2026-05-27T11:26:09Z
4694,mason.cox154@synthetic-subscriber.example,Mason,Cox,Charlotte,North Carolina,28201,US,35.2545034,-80.8910279,new,92.6,2026-05-27T11:26:09Z
4695,isabella.cox155@synthetic-subscriber.example,Isabella,Cox,Indianapolis,Indiana,46201,US,39.8020622,-86.1871058,standard,1986.3,2026-05-27T11:26:09Z
4696,lucas.ward156@synthetic-subscriber.example,Lucas,Ward,San Francisco,California,94101,US,37.8224603,-122.3826837,standard,264.31,2026-05-27T11:26:09Z
4697,mia.ward157@synthetic-subscriber.example,Mia,Ward,Seattle,Washington,98101,US,47.6294188,-122.3572843,standard,1835.65,2026-05-27T11:26:09Z
4698,logan.richardson158@synthetic-subscriber.example,Logan,Richardson,Denver,Colorado,80201,US,39.6964418,-104.9586929,preferred,5952.99,2026-05-27T11:26:09Z
4699,charlotte.richardson159@synthetic-subscriber.example,Charlotte,Richardson,Nashville,Tennessee,37201,US,36.1362888,-86.799845,preferred,7034.22,2026-05-27T11:26:09Z
4700,jackson.watson160@synthetic-subscriber.example,Jackson,Watson,Portland,Oregon,97201,US,45.4808171,-122.7029721,vip,26856.56,2026-05-27T11:26:09Z
4701,amelia.watson161@synthetic-subscriber.example,Amelia,Watson,Las Vegas,Nevada,89101,US,36.2183324,-115.1071444,new,102.08,2026-05-27T11:26:09Z
4702,sebastian.brooks162@synthetic-subscriber.example,Sebastian,Brooks,Miami,Florida,33101,US,25.7505408,-80.2320614,standard,1818.93,2026-05-27T11:26:09Z
4703,harper.brooks163@synthetic-subscriber.example,Harper,Brooks,Atlanta,Georgia,30301,US,33.73065,-84.3912332,standard,1370.23,2026-05-27T11:26:09Z
4704,mateo.chavez164@synthetic-subscriber.example,Mateo,Chavez,Boston,Massachusetts,02101,US,42.3542042,-71.0121083,standard,1548.82,2026-05-27T11:26:09Z
4705,evelyn.chavez165@synthetic-subscriber.example,Evelyn,Chavez,Minneapolis,Minnesota,55401,US,44.9990357,-93.2408708,preferred,6064.37,2026-05-27T11:26:09Z
4706,henry.wood166@synthetic-subscriber.example,Henry,Wood,Salt Lake City,Utah,84101,US,40.7388089,-111.9298444,preferred,5138.5,2026-05-27T11:26:09Z
4707,luna.wood167@synthetic-subscriber.example,Luna,Wood,Detroit,Michigan,48201,US,42.3808983,-83.0355431,vip,13177.07,2026-05-27T11:26:09Z
4708,owen.james168@synthetic-subscriber.example,Owen,James,Tampa,Florida,33601,US,27.9850943,-82.4700681,new,111.97,2026-05-27T11:26:09Z
4709,camila.james169@synthetic-subscriber.example,Camila,James,Brooklyn,New York,11201,US,40.7066904,-73.9706455,standard,266.56,2026-05-27T11:26:09Z
4710,wyatt.bennett170@synthetic-subscriber.example,Wyatt,Bennett,Raleigh,North Carolina,27601,US,35.7966638,-78.6876899,standard,479.99,2026-05-27T11:26:09Z
4711,aria.bennett171@synthetic-subscriber.example,Aria,Bennett,Scottsdale,Arizona,85251,US,33.5426188,-111.9509831,standard,823.38,2026-05-27T11:26:09Z
4712,jack.gray172@synthetic-subscriber.example,Jack,Gray,Honolulu,Hawaii,96801,US,21.293671,-157.8920558,preferred,5634.79,2026-05-27T11:26:09Z
4713,scarlett.gray173@synthetic-subscriber.example,Scarlett,Gray,Boulder,Colorado,80301,US,40.0311332,-105.3051878,preferred,1826.75,2026-05-27T11:26:09Z
4714,leo.mendoza174@synthetic-subscriber.example,Leo,Mendoza,Savannah,Georgia,31401,US,32.1158014,-81.0995355,vip,35492.44,2026-05-27T11:26:09Z
4715,penelope.mendoza175@synthetic-subscriber.example,Penelope,Mendoza,New York,New York,10001,US,40.7264979,-74.0115455,new,167.02,2026-05-27T11:26:09Z
4716,asher.ruiz176@synthetic-subscriber.example,Asher,Ruiz,Los Angeles,California,90001,US,34.0320784,-118.2584493,standard,1979.95,2026-05-27T11:26:09Z
4717,layla.ruiz177@synthetic-subscriber.example,Layla,Ruiz,Chicago,Illinois,60601,US,41.8324745,-87.6567129,standard,1862.49,2026-05-27T11:26:09Z
4718,ezra.hughes178@synthetic-subscriber.example,Ezra,Hughes,Houston,Texas,77001,US,29.714954,-95.4196886,standard,1848.23,2026-05-27T11:26:09Z
4719,chloe.hughes179@synthetic-subscriber.example,Chloe,Hughes,Phoenix,Arizona,85001,US,33.4582057,-112.0470773,preferred,5379.18,2026-05-27T11:26:09Z
4720,benjamin.price180@synthetic-subscriber.example,Benjamin,Price,Philadelphia,Pennsylvania,19101,US,39.9130694,-75.2092955,preferred,1434.7,2026-05-27T11:26:09Z
4721,riley.price181@synthetic-subscriber.example,Riley,Price,San Antonio,Texas,78201,US,29.3790269,-98.5135312,vip,9611.93,2026-05-27T11:26:09Z
4722,caleb.alvarez182@synthetic-subscriber.example,Caleb,Alvarez,San Diego,California,92101,US,32.7081648,-117.1302248,new,143.77,2026-05-27T11:26:09Z
4723,zoey.alvarez183@synthetic-subscriber.example,Zoey,Alvarez,Dallas,Texas,75201,US,32.8108588,-96.8096311,standard,347.68,2026-05-27T11:26:09Z
4724,samuel.castillo184@synthetic-subscriber.example,Samuel,Castillo,San Jose,California,95101,US,37.3150823,-121.9233897,standard,1799.39,2026-05-27T11:26:09Z
4725,nora.castillo185@synthetic-subscriber.example,Nora,Castillo,Austin,Texas,73301,US,30.2188792,-97.7299038,standard,1103.58,2026-05-27T11:26:09Z
4726,dylan.sanders186@synthetic-subscriber.example,Dylan,Sanders,Jacksonville,Florida,32099,US,30.3371288,-81.6913273,preferred,1329.8,2026-05-27T11:26:09Z
4727,lily.sanders187@synthetic-subscriber.example,Lily,Sanders,Fort Worth,Texas,76101,US,32.7070291,-97.2979352,preferred,6066.78,2026-05-27T11:26:09Z
4728,gabriel.patel188@synthetic-subscriber.example,Gabriel,Patel,Columbus,Ohio,43085,US,39.9232114,-82.9771823,vip,25988.7,2026-05-27T11:26:09Z
4729,eleanor.patel189@synthetic-subscriber.example,Eleanor,Patel,Charlotte,North Carolina,28201,US,35.1777324,-80.8348755,new,1.24,2026-05-27T11:26:09Z
4730,elijah.myers190@synthetic-subscriber.example,Elijah,Myers,Indianapolis,Indiana,46201,US,39.7908213,-86.1608595,standard,138.75,2026-05-27T11:26:09Z
4731,hannah.myers191@synthetic-subscriber.example,Hannah,Myers,San Francisco,California,94101,US,37.7469594,-122.3983399,standard,520.83,2026-05-27T11:26:09Z
4732,james.smith192@synthetic-subscriber.example,James,Smith,Seattle,Washington,98101,US,47.5958447,-122.3547338,standard,962.24,2026-05-27T11:26:09Z
4733,mary.smith193@synthetic-subscriber.example,Mary,Smith,Denver,Colorado,80201,US,39.7857438,-104.9924433,preferred,2577.78,2026-05-27T11:26:09Z
4734,john.johnson194@synthetic-subscriber.example,John,Johnson,Nashville,Tennessee,37201,US,36.2010864,-86.7748392,preferred,6727.64,2026-05-27T11:26:09Z
4735,patricia.johnson195@synthetic-subscriber.example,Patricia,Johnson,Portland,Oregon,97201,US,45.5107828,-122.7223463,vip,26672.42,2026-05-27T11:26:09Z
4736,robert.williams196@synthetic-subscriber.example,Robert,Williams,Las Vegas,Nevada,89101,US,36.2166233,-115.1303172,new,172.57,2026-05-27T11:26:09Z
4737,jennifer.williams197@synthetic-subscriber.example,Jennifer,Williams,Miami,Florida,33101,US,25.7466423,-80.1804652,standard,375.2,2026-05-27T11:26:09Z
4738,michael.brown198@synthetic-subscriber.example,Michael,Brown,Atlanta,Georgia,30301,US,33.7518516,-84.4155192,standard,1235.96,2026-05-27T11:26:09Z
4739,linda.brown199@synthetic-subscriber.example,Linda,Brown,Boston,Massachusetts,02101,US,42.3209702,-71.1033407,standard,1572.92,2026-05-27T11:26:09Z
4740,william.jones200@synthetic-subscriber.example,William,Jones,Minneapolis,Minnesota,55401,US,45.0017233,-93.3001139,preferred,7180.53,2026-05-27T11:26:09Z
4741,elizabeth.jones201@synthetic-subscriber.example,Elizabeth,Jones,Salt Lake City,Utah,84101,US,40.7459846,-111.9347818,preferred,2968.1,2026-05-27T11:26:09Z
4742,david.garcia202@synthetic-subscriber.example,David,Garcia,Detroit,Michigan,48201,US,42.3162224,-83.029273,vip,8793.07,2026-05-27T11:26:09Z
4743,barbara.garcia203@synthetic-subscriber.example,Barbara,Garcia,Tampa,Florida,33601,US,27.9759597,-82.4089769,new,80.55,2026-05-27T11:26:09Z
4744,richard.miller204@synthetic-subscriber.example,Richard,Miller,Brooklyn,New York,11201,US,40.7147349,-73.9508848,standard,310.01,2026-05-27T11:26:09Z
4745,susan.miller205@synthetic-subscriber.example,Susan,Miller,Raleigh,North Carolina,27601,US,35.7501435,-78.6410881,standard,1451.54,2026-05-27T11:26:09Z
4746,joseph.davis206@synthetic-subscriber.example,Joseph,Davis,Scottsdale,Arizona,85251,US,33.4771249,-111.9673652,standard,1789.45,2026-05-27T11:26:09Z
4747,jessica.davis207@synthetic-subscriber.example,Jessica,Davis,Honolulu,Hawaii,96801,US,21.2720056,-157.8727253,preferred,3177.04,2026-05-27T11:26:09Z
4748,thomas.rodriguez208@synthetic-subscriber.example,Thomas,Rodriguez,Boulder,Colorado,80301,US,40.0268272,-105.2952271,preferred,2369.15,2026-05-27T11:26:09Z
4749,sarah.rodriguez209@synthetic-subscriber.example,Sarah,Rodriguez,Savannah,Georgia,31401,US,32.130571,-81.1082704,vip,36374.58,2026-05-27T11:26:09Z
4750,christopher.martinez210@synthetic-subscriber.example,Christopher,Martinez,New York,New York,10001,US,40.6964743,-74.042432,new,153.24,2026-05-27T11:26:09Z
4751,karen.martinez211@synthetic-subscriber.example,Karen,Martinez,Los Angeles,California,90001,US,34.0528553,-118.2619716,standard,902.79,2026-05-27T11:26:09Z
4752,charles.hernandez212@synthetic-subscriber.example,Charles,Hernandez,Chicago,Illinois,60601,US,41.9183525,-87.6565911,standard,1127.42,2026-05-27T11:26:09Z
4753,lisa.hernandez213@synthetic-subscriber.example,Lisa,Hernandez,Houston,Texas,77001,US,29.7988374,-95.3988575,standard,542.47,2026-05-27T11:26:09Z
4754,daniel.lopez214@synthetic-subscriber.example,Daniel,Lopez,Phoenix,Arizona,85001,US,33.4957362,-112.0407418,preferred,1299.37,2026-05-27T11:26:09Z
4755,nancy.lopez215@synthetic-subscriber.example,Nancy,Lopez,Philadelphia,Pennsylvania,19101,US,39.9882176,-75.1597142,preferred,1195.86,2026-05-27T11:26:09Z
4756,matthew.gonzalez216@synthetic-subscriber.example,Matthew,Gonzalez,San Antonio,Texas,78201,US,29.4228061,-98.4578235,vip,8801.03,2026-05-27T11:26:09Z
4757,betty.gonzalez217@synthetic-subscriber.example,Betty,Gonzalez,San Diego,California,92101,US,32.6743228,-117.1851242,new,62.43,2026-05-27T11:26:09Z
4758,anthony.wilson218@synthetic-subscriber.example,Anthony,Wilson,Dallas,Texas,75201,US,32.7345526,-96.8112495,standard,881.55,2026-05-27T11:26:09Z
4759,margaret.wilson219@synthetic-subscriber.example,Margaret,Wilson,San Jose,California,95101,US,37.386037,-121.9014444,standard,863.02,2026-05-27T11:26:09Z
4760,mark.anderson220@synthetic-subscriber.example,Mark,Anderson,Austin,Texas,73301,US,30.3022485,-97.7246033,standard,843.81,2026-05-27T11:26:09Z
4761,sandra.anderson221@synthetic-subscriber.example,Sandra,Anderson,Jacksonville,Florida,32099,US,30.3647288,-81.679685,preferred,6606.65,2026-05-27T11:26:09Z
4762,donald.thomas222@synthetic-subscriber.example,Donald,Thomas,Fort Worth,Texas,76101,US,32.7706278,-97.3040126,preferred,3096.6,2026-05-27T11:26:09Z
4763,ashley.thomas223@synthetic-subscriber.example,Ashley,Thomas,Columbus,Ohio,43085,US,40.0056212,-83.0398191,vip,34935.85,2026-05-27T11:26:09Z
4764,steven.taylor224@synthetic-subscriber.example,Steven,Taylor,Charlotte,North Carolina,28201,US,35.2702953,-80.8628389,new,136.11,2026-05-27T11:26:09Z
4765,kimberly.taylor225@synthetic-subscriber.example,Kimberly,Taylor,Indianapolis,Indiana,46201,US,39.7522986,-86.2073768,standard,1847.87,2026-05-27T11:26:09Z
4766,andrew.moore226@synthetic-subscriber.example,Andrew,Moore,San Francisco,California,94101,US,37.7529061,-122.4588667,standard,1830.15,2026-05-27T11:26:09Z
4767,emily.moore227@synthetic-subscriber.example,Emily,Moore,Seattle,Washington,98101,US,47.5571369,-122.3738062,standard,309.94,2026-05-27T11:26:09Z
4768,paul.jackson228@synthetic-subscriber.example,Paul,Jackson,Denver,Colorado,80201,US,39.7069535,-104.9987731,preferred,5123.38,2026-05-27T11:26:09Z
4769,donna.jackson229@synthetic-subscriber.example,Donna,Jackson,Nashville,Tennessee,37201,US,36.1951114,-86.7831077,preferred,4452.3,2026-05-27T11:26:09Z
4770,joshua.martin230@synthetic-subscriber.example,Joshua,Martin,Portland,Oregon,97201,US,45.5584228,-122.653099,vip,34962.82,2026-05-27T11:26:09Z
4771,michelle.martin231@synthetic-subscriber.example,Michelle,Martin,Las Vegas,Nevada,89101,US,36.1232827,-115.1188338,new,183.41,2026-05-27T11:26:09Z
4772,kenneth.lee232@synthetic-subscriber.example,Kenneth,Lee,Miami,Florida,33101,US,25.7459283,-80.179336,standard,992.19,2026-05-27T11:26:09Z
4773,carol.lee233@synthetic-subscriber.example,Carol,Lee,Atlanta,Georgia,30301,US,33.7683222,-84.3579611,standard,1240.87,2026-05-27T11:26:09Z
4774,kevin.perez234@synthetic-subscriber.example,Kevin,Perez,Boston,Massachusetts,02101,US,42.3866011,-71.0669986,standard,1324.87,2026-05-27T11:26:09Z
4775,amanda.perez235@synthetic-subscriber.example,Amanda,Perez,Minneapolis,Minnesota,55401,US,44.9510086,-93.2724785,preferred,2122.63,2026-05-27T11:26:09Z
4776,brian.thompson236@synthetic-subscriber.example,Brian,Thompson,Salt Lake City,Utah,84101,US,40.7429945,-111.9051413,preferred,2868.93,2026-05-27T11:26:09Z
4777,dorothy.thompson237@synthetic-subscriber.example,Dorothy,Thompson,Detroit,Michigan,48201,US,42.3326084,-82.9970262,vip,25827.72,2026-05-27T11:26:09Z
4778,george.white238@synthetic-subscriber.example,George,White,Tampa,Florida,33601,US,27.9986533,-82.5043979,new,86.3,2026-05-27T11:26:09Z
4779,melissa.white239@synthetic-subscriber.example,Melissa,White,Brooklyn,New York,11201,US,40.6576135,-73.9292598,standard,290.45,2026-05-27T11:26:09Z
4780,timothy.harris240@synthetic-subscriber.example,Timothy,Harris,Raleigh,North Carolina,27601,US,35.8261355,-78.6298494,standard,1515.64,2026-05-27T11:26:09Z
4781,deborah.harris241@synthetic-subscriber.example,Deborah,Harris,Scottsdale,Arizona,85251,US,33.5024297,-111.878296,standard,1089.68,2026-05-27T11:26:09Z
4782,aiden.sanchez242@synthetic-subscriber.example,Aiden,Sanchez,Honolulu,Hawaii,96801,US,21.2719119,-157.8808764,preferred,6596.3,2026-05-27T11:26:09Z
4783,sofia.sanchez243@synthetic-subscriber.example,Sofia,Sanchez,Boulder,Colorado,80301,US,40.0170386,-105.3172792,preferred,7490.76,2026-05-27T11:26:09Z
4784,liam.clark244@synthetic-subscriber.example,Liam,Clark,Savannah,Georgia,31401,US,32.0864271,-81.1366928,vip,41342.94,2026-05-27T11:26:09Z
4785,olivia.clark245@synthetic-subscriber.example,Olivia,Clark,New York,New York,10001,US,40.6898869,-74.0318546,new,104.87,2026-05-27T11:26:09Z
4786,noah.ramirez246@synthetic-subscriber.example,Noah,Ramirez,Los Angeles,California,90001,US,34.0878045,-118.2437519,standard,1065.49,2026-05-27T11:26:09Z
4787,emma.ramirez247@synthetic-subscriber.example,Emma,Ramirez,Chicago,Illinois,60601,US,41.9237023,-87.6461802,standard,1570.33,2026-05-27T11:26:09Z
4788,ethan.lewis248@synthetic-subscriber.example,Ethan,Lewis,Houston,Texas,77001,US,29.7201335,-95.3285239,standard,998.06,2026-05-27T11:26:09Z
4789,ava.lewis249@synthetic-subscriber.example,Ava,Lewis,Phoenix,Arizona,85001,US,33.4001293,-112.0912038,preferred,6467.22,2026-05-27T11:26:09Z
4790,mason.robinson250@synthetic-subscriber.example,Mason,Robinson,Philadelphia,Pennsylvania,19101,US,39.9240649,-75.1844362,preferred,3513.45,2026-05-27T11:26:09Z
4791,isabella.robinson251@synthetic-subscriber.example,Isabella,Robinson,San Antonio,Texas,78201,US,29.386234,-98.5160481,vip,14366.58,2026-05-27T11:26:09Z
4792,lucas.walker252@synthetic-subscriber.example,Lucas,Walker,San Diego,California,92101,US,32.7101138,-117.1195869,new,155.69,2026-05-27T11:26:09Z
4793,mia.walker253@synthetic-subscriber.example,Mia,Walker,Dallas,Texas,75201,US,32.7354627,-96.7717529,standard,1417.18,2026-05-27T11:26:09Z
4794,logan.young254@synthetic-subscriber.example,Logan,Young,San Jose,California,95101,US,37.2956612,-121.8485783,standard,969.1,2026-05-27T11:26:09Z
4795,charlotte.young255@synthetic-subscriber.example,Charlotte,Young,Austin,Texas,73301,US,30.3159186,-97.7148046,standard,866.95,2026-05-27T11:26:09Z
4796,jackson.allen256@synthetic-subscriber.example,Jackson,Allen,Jacksonville,Florida,32099,US,30.3761647,-81.6220422,preferred,2604.35,2026-05-27T11:26:09Z
4797,amelia.allen257@synthetic-subscriber.example,Amelia,Allen,Fort Worth,Texas,76101,US,32.7929093,-97.3557842,preferred,4692.51,2026-05-27T11:26:09Z
4798,sebastian.king258@synthetic-subscriber.example,Sebastian,King,Columbus,Ohio,43085,US,39.9329734,-83.042531,vip,49351.98,2026-05-27T11:26:09Z
4799,harper.king259@synthetic-subscriber.example,Harper,King,Charlotte,North Carolina,28201,US,35.2072915,-80.833141,new,99.25,2026-05-27T11:26:09Z
4800,mateo.wright260@synthetic-subscriber.example,Mateo,Wright,Indianapolis,Indiana,46201,US,39.7342535,-86.1716232,standard,681.4,2026-05-27T11:26:09Z
4801,evelyn.wright261@synthetic-subscriber.example,Evelyn,Wright,San Francisco,California,94101,US,37.7384397,-122.4052275,standard,1205.56,2026-05-27T11:26:09Z
4802,henry.scott262@synthetic-subscriber.example,Henry,Scott,Seattle,Washington,98101,US,47.6148049,-122.2821591,standard,684.68,2026-05-27T11:26:09Z
4803,luna.scott263@synthetic-subscriber.example,Luna,Scott,Denver,Colorado,80201,US,39.7109598,-105.0044504,preferred,7721.42,2026-05-27T11:26:09Z
4804,owen.torres264@synthetic-subscriber.example,Owen,Torres,Nashville,Tennessee,37201,US,36.2092575,-86.7385343,preferred,7957.48,2026-05-27T11:26:09Z
4805,camila.torres265@synthetic-subscriber.example,Camila,Torres,Portland,Oregon,97201,US,45.4829516,-122.6340791,vip,21951.4,2026-05-27T11:26:09Z
4806,wyatt.nguyen266@synthetic-subscriber.example,Wyatt,Nguyen,Las Vegas,Nevada,89101,US,36.1900854,-115.1861018,new,23.83,2026-05-27T11:26:09Z
4807,aria.nguyen267@synthetic-subscriber.example,Aria,Nguyen,Miami,Florida,33101,US,25.7425533,-80.1526614,standard,1523.74,2026-05-27T11:26:09Z
4808,jack.hill268@synthetic-subscriber.example,Jack,Hill,Atlanta,Georgia,30301,US,33.7334663,-84.3947617,standard,1198.43,2026-05-27T11:26:09Z
4809,scarlett.hill269@synthetic-subscriber.example,Scarlett,Hill,Boston,Massachusetts,02101,US,42.3805413,-71.0665746,standard,803.62,2026-05-27T11:26:09Z
4810,leo.flores270@synthetic-subscriber.example,Leo,Flores,Minneapolis,Minnesota,55401,US,44.9362431,-93.2547327,preferred,7125.76,2026-05-27T11:26:09Z
4811,penelope.flores271@synthetic-subscriber.example,Penelope,Flores,Salt Lake City,Utah,84101,US,40.7383124,-111.9186976,preferred,2959.29,2026-05-27T11:26:09Z
4812,asher.green272@synthetic-subscriber.example,Asher,Green,Detroit,Michigan,48201,US,42.3579149,-83.0297339,vip,22738.85,2026-05-27T11:26:09Z
4813,layla.green273@synthetic-subscriber.example,Layla,Green,Tampa,Florida,33601,US,27.9369862,-82.4867217,new,175.33,2026-05-27T11:26:09Z
4814,ezra.adams274@synthetic-subscriber.example,Ezra,Adams,Brooklyn,New York,11201,US,40.6505118,-73.9036777,standard,368.75,2026-05-27T11:26:09Z
4815,chloe.adams275@synthetic-subscriber.example,Chloe,Adams,Raleigh,North Carolina,27601,US,35.8200199,-78.6830391,standard,1557.75,2026-05-27T11:26:09Z
4816,benjamin.nelson276@synthetic-subscriber.example,Benjamin,Nelson,Scottsdale,Arizona,85251,US,33.4546751,-111.8841412,standard,467.4,2026-05-27T11:26:09Z
4817,riley.nelson277@synthetic-subscriber.example,Riley,Nelson,Honolulu,Hawaii,96801,US,21.2814605,-157.8472553,preferred,1697.71,2026-05-27T11:26:09Z
4818,caleb.baker278@synthetic-subscriber.example,Caleb,Baker,Boulder,Colorado,80301,US,40.0534123,-105.2701801,preferred,4436.83,2026-05-27T11:26:09Z
4819,zoey.baker279@synthetic-subscriber.example,Zoey,Baker,Savannah,Georgia,31401,US,32.1261202,-81.057219,vip,40871.82,2026-05-27T11:26:09Z
4820,samuel.hall280@synthetic-subscriber.example,Samuel,Hall,New York,New York,10001,US,40.6810835,-73.988952,new,13,2026-05-27T11:26:09Z
4821,nora.hall281@synthetic-subscriber.example,Nora,Hall,Los Angeles,California,90001,US,34.0262102,-118.2444278,standard,1243.96,2026-05-27T11:26:09Z
4822,dylan.rivera282@synthetic-subscriber.example,Dylan,Rivera,Chicago,Illinois,60601,US,41.8669122,-87.6067276,standard,1204.89,2026-05-27T11:26:09Z
4823,lily.rivera283@synthetic-subscriber.example,Lily,Rivera,Houston,Texas,77001,US,29.7357324,-95.3656622,standard,1223.5,2026-05-27T11:26:09Z
4824,gabriel.campbell284@synthetic-subscriber.example,Gabriel,Campbell,Phoenix,Arizona,85001,US,33.4244601,-112.0315028,preferred,2035.94,2026-05-27T11:26:09Z
4825,eleanor.campbell285@synthetic-subscriber.example,Eleanor,Campbell,Philadelphia,Pennsylvania,19101,US,39.9542574,-75.1939268,preferred,7595.43,2026-05-27T11:26:09Z
4826,elijah.mitchell286@synthetic-subscriber.example,Elijah,Mitchell,San Antonio,Texas,78201,US,29.4512488,-98.4986586,vip,47434.8,2026-05-27T11:26:09Z
4827,hannah.mitchell287@synthetic-subscriber.example,Hannah,Mitchell,San Diego,California,92101,US,32.7127,-117.1160982,new,70.39,2026-05-27T11:26:09Z
4828,james.carter288@synthetic-subscriber.example,James,Carter,Dallas,Texas,75201,US,32.7633084,-96.7501446,standard,164.03,2026-05-27T11:26:09Z
4829,mary.carter289@synthetic-subscriber.example,Mary,Carter,San Jose,California,95101,US,37.2959051,-121.9135673,standard,301.16,2026-05-27T11:26:09Z
4830,john.roberts290@synthetic-subscriber.example,John,Roberts,Austin,Texas,73301,US,30.2631176,-97.6983016,standard,219.38,2026-05-27T11:26:09Z
4831,patricia.roberts291@synthetic-subscriber.example,Patricia,Roberts,Jacksonville,Florida,32099,US,30.3300708,-81.6453037,preferred,3317.99,2026-05-27T11:26:09Z
4832,robert.gomez292@synthetic-subscriber.example,Robert,Gomez,Fort Worth,Texas,76101,US,32.7777969,-97.3196759,preferred,5882.54,2026-05-27T11:26:09Z
4833,jennifer.gomez293@synthetic-subscriber.example,Jennifer,Gomez,Columbus,Ohio,43085,US,39.9470553,-83.0330477,vip,33617.6,2026-05-27T11:26:09Z
4834,michael.phillips294@synthetic-subscriber.example,Michael,Phillips,Charlotte,North Carolina,28201,US,35.2112359,-80.8565648,new,118.6,2026-05-27T11:26:09Z
4835,linda.phillips295@synthetic-subscriber.example,Linda,Phillips,Indianapolis,Indiana,46201,US,39.7225877,-86.131882,standard,1704.66,2026-05-27T11:26:09Z
4836,william.evans296@synthetic-subscriber.example,William,Evans,San Francisco,California,94101,US,37.7682972,-122.4038389,standard,1664.04,2026-05-27T11:26:09Z
4837,elizabeth.evans297@synthetic-subscriber.example,Elizabeth,Evans,Seattle,Washington,98101,US,47.5711123,-122.3398797,standard,1909.96,2026-05-27T11:26:09Z
4838,david.turner298@synthetic-subscriber.example,David,Turner,Denver,Colorado,80201,US,39.6990681,-104.9854081,preferred,6528.8,2026-05-27T11:26:09Z
4839,barbara.turner299@synthetic-subscriber.example,Barbara,Turner,Nashville,Tennessee,37201,US,36.1834954,-86.7998848,preferred,5473.24,2026-05-27T11:26:09Z
4840,richard.diaz300@synthetic-subscriber.example,Richard,Diaz,Portland,Oregon,97201,US,45.5296353,-122.6436701,vip,37402.19,2026-05-27T11:26:09Z
4841,susan.diaz301@synthetic-subscriber.example,Susan,Diaz,Las Vegas,Nevada,89101,US,36.2121459,-115.1165968,new,135.74,2026-05-27T11:26:09Z
4842,joseph.parker302@synthetic-subscriber.example,Joseph,Parker,Miami,Florida,33101,US,25.7962497,-80.143443,standard,376.15,2026-05-27T11:26:09Z
4843,jessica.parker303@synthetic-subscriber.example,Jessica,Parker,Atlanta,Georgia,30301,US,33.7568152,-84.3504872,standard,1118.8,2026-05-27T11:26:09Z
4844,thomas.cruz304@synthetic-subscriber.example,Thomas,Cruz,Boston,Massachusetts,02101,US,42.3636983,-71.0976153,standard,803.48,2026-05-27T11:26:09Z
4845,sarah.cruz305@synthetic-subscriber.example,Sarah,Cruz,Minneapolis,Minnesota,55401,US,44.9474531,-93.2638123,preferred,6703.37,2026-05-27T11:26:09Z
4846,christopher.edwards306@synthetic-subscriber.example,Christopher,Edwards,Salt Lake City,Utah,84101,US,40.7964881,-111.8609944,preferred,5985.39,2026-05-27T11:26:09Z
4847,karen.edwards307@synthetic-subscriber.example,Karen,Edwards,Detroit,Michigan,48201,US,42.2872484,-83.0731827,vip,33087.41,2026-05-27T11:26:09Z
4848,charles.collins308@synthetic-subscriber.example,Charles,Collins,Tampa,Florida,33601,US,27.9858662,-82.4514142,new,129.91,2026-05-27T11:26:09Z
4849,lisa.collins309@synthetic-subscriber.example,Lisa,Collins,Brooklyn,New York,11201,US,40.7252175,-73.9755338,standard,1044.12,2026-05-27T11:26:09Z
4850,daniel.reyes310@synthetic-subscriber.example,Daniel,Reyes,Raleigh,North Carolina,27601,US,35.7713554,-78.6514678,standard,1850.12,2026-05-27T11:26:09Z
4851,nancy.reyes311@synthetic-subscriber.example,Nancy,Reyes,Scottsdale,Arizona,85251,US,33.4756655,-111.9479987,standard,971.23,2026-05-27T11:26:09Z
4852,matthew.stewart312@synthetic-subscriber.example,Matthew,Stewart,Honolulu,Hawaii,96801,US,21.3307328,-157.8896143,preferred,7226.88,2026-05-27T11:26:09Z
4853,betty.stewart313@synthetic-subscriber.example,Betty,Stewart,Boulder,Colorado,80301,US,40.0030773,-105.2584972,preferred,3442.45,2026-05-27T11:26:09Z
4854,anthony.morris314@synthetic-subscriber.example,Anthony,Morris,Savannah,Georgia,31401,US,32.0502434,-81.0442046,vip,33678.85,2026-05-27T11:26:09Z
4855,margaret.morris315@synthetic-subscriber.example,Margaret,Morris,New York,New York,10001,US,40.7395379,-74.0214346,new,153.69,2026-05-27T11:26:09Z
4856,mark.morales316@synthetic-subscriber.example,Mark,Morales,Los Angeles,California,90001,US,34.0524026,-118.1981438,standard,1874.75,2026-05-27T11:26:09Z
4857,sandra.morales317@synthetic-subscriber.example,Sandra,Morales,Chicago,Illinois,60601,US,41.8544199,-87.6031562,standard,763.05,2026-05-27T11:26:09Z
4858,donald.murphy318@synthetic-subscriber.example,Donald,Murphy,Houston,Texas,77001,US,29.7473578,-95.3700985,standard,1132.32,2026-05-27T11:26:09Z
4859,ashley.murphy319@synthetic-subscriber.example,Ashley,Murphy,Phoenix,Arizona,85001,US,33.4159611,-112.0347365,preferred,3836.1,2026-05-27T11:26:09Z
4860,steven.cook320@synthetic-subscriber.example,Steven,Cook,Philadelphia,Pennsylvania,19101,US,39.9092456,-75.1888949,preferred,7430.85,2026-05-27T11:26:09Z
4861,kimberly.cook321@synthetic-subscriber.example,Kimberly,Cook,San Antonio,Texas,78201,US,29.4735753,-98.4543194,vip,20790.16,2026-05-27T11:26:09Z
4862,andrew.rogers322@synthetic-subscriber.example,Andrew,Rogers,San Diego,California,92101,US,32.691681,-117.1836689,new,31.23,2026-05-27T11:26:09Z
4863,emily.rogers323@synthetic-subscriber.example,Emily,Rogers,Dallas,Texas,75201,US,32.7430689,-96.7892695,standard,669.44,2026-05-27T11:26:09Z
4864,paul.gutierrez324@synthetic-subscriber.example,Paul,Gutierrez,San Jose,California,95101,US,37.3231506,-121.9312685,standard,350.62,2026-05-27T11:26:09Z
4865,donna.gutierrez325@synthetic-subscriber.example,Donna,Gutierrez,Austin,Texas,73301,US,30.2564623,-97.7105136,standard,1563.02,2026-05-27T11:26:09Z
4866,joshua.ortiz326@synthetic-subscriber.example,Joshua,Ortiz,Jacksonville,Florida,32099,US,30.3405609,-81.6702313,preferred,5002.79,2026-05-27T11:26:09Z
4867,michelle.ortiz327@synthetic-subscriber.example,Michelle,Ortiz,Fort Worth,Texas,76101,US,32.7900878,-97.3574626,preferred,4593.94,2026-05-27T11:26:09Z
4868,kenneth.morgan328@synthetic-subscriber.example,Kenneth,Morgan,Columbus,Ohio,43085,US,39.9576441,-82.9700868,vip,47889.49,2026-05-27T11:26:09Z
4869,carol.morgan329@synthetic-subscriber.example,Carol,Morgan,Charlotte,North Carolina,28201,US,35.2634696,-80.8440735,new,172.87,2026-05-27T11:26:09Z
4870,kevin.cooper330@synthetic-subscriber.example,Kevin,Cooper,Indianapolis,Indiana,46201,US,39.7992248,-86.1276215,standard,429.93,2026-05-27T11:26:09Z
4871,amanda.cooper331@synthetic-subscriber.example,Amanda,Cooper,San Francisco,California,94101,US,37.7948815,-122.4318474,standard,954.83,2026-05-27T11:26:09Z
4872,brian.peterson332@synthetic-subscriber.example,Brian,Peterson,Seattle,Washington,98101,US,47.6355449,-122.3367756,standard,1074.39,2026-05-27T11:26:09Z
4873,dorothy.peterson333@synthetic-subscriber.example,Dorothy,Peterson,Denver,Colorado,80201,US,39.6960162,-104.9471932,preferred,2709.86,2026-05-27T11:26:09Z
4874,george.bailey334@synthetic-subscriber.example,George,Bailey,Nashville,Tennessee,37201,US,36.1192986,-86.7464468,preferred,7460.71,2026-05-27T11:26:09Z
4875,melissa.bailey335@synthetic-subscriber.example,Melissa,Bailey,Portland,Oregon,97201,US,45.4770985,-122.6628178,vip,5264.5,2026-05-27T11:26:09Z
4876,timothy.reed336@synthetic-subscriber.example,Timothy,Reed,Las Vegas,Nevada,89101,US,36.1314153,-115.0944813,new,118.46,2026-05-27T11:26:09Z
4877,deborah.reed337@synthetic-subscriber.example,Deborah,Reed,Miami,Florida,33101,US,25.8035576,-80.2396512,standard,1718.23,2026-05-27T11:26:09Z
4878,aiden.kelly338@synthetic-subscriber.example,Aiden,Kelly,Atlanta,Georgia,30301,US,33.7861793,-84.3849103,standard,339.42,2026-05-27T11:26:09Z
4879,sofia.kelly339@synthetic-subscriber.example,Sofia,Kelly,Boston,Massachusetts,02101,US,42.331623,-71.0230551,standard,195.35,2026-05-27T11:26:09Z
4880,liam.howard340@synthetic-subscriber.example,Liam,Howard,Minneapolis,Minnesota,55401,US,44.9607788,-93.3081942,preferred,3681.5,2026-05-27T11:26:09Z
4881,olivia.howard341@synthetic-subscriber.example,Olivia,Howard,Salt Lake City,Utah,84101,US,40.7857612,-111.8546497,preferred,1553.67,2026-05-27T11:26:09Z
4882,noah.ramos342@synthetic-subscriber.example,Noah,Ramos,Detroit,Michigan,48201,US,42.345874,-83.0815046,vip,47877.38,2026-05-27T11:26:09Z
4883,emma.ramos343@synthetic-subscriber.example,Emma,Ramos,Tampa,Florida,33601,US,27.9020275,-82.4611216,new,100.71,2026-05-27T11:26:09Z
4884,ethan.kim344@synthetic-subscriber.example,Ethan,Kim,Brooklyn,New York,11201,US,40.6776787,-73.9292405,standard,1538.17,2026-05-27T11:26:09Z
4885,ava.kim345@synthetic-subscriber.example,Ava,Kim,Raleigh,North Carolina,27601,US,35.7815298,-78.5917137,standard,491.82,2026-05-27T11:26:09Z
4886,mason.cox346@synthetic-subscriber.example,Mason,Cox,Scottsdale,Arizona,85251,US,33.4987402,-111.9181406,standard,1789.47,2026-05-27T11:26:09Z
4887,isabella.cox347@synthetic-subscriber.example,Isabella,Cox,Honolulu,Hawaii,96801,US,21.3285039,-157.8300727,preferred,6182.23,2026-05-27T11:26:09Z
4888,lucas.ward348@synthetic-subscriber.example,Lucas,Ward,Boulder,Colorado,80301,US,39.9949656,-105.2524959,preferred,4582.28,2026-05-27T11:26:09Z
4889,mia.ward349@synthetic-subscriber.example,Mia,Ward,Savannah,Georgia,31401,US,32.0809091,-81.0496956,vip,20105.68,2026-05-27T11:26:09Z
4890,logan.richardson350@synthetic-subscriber.example,Logan,Richardson,New York,New York,10001,US,40.7523906,-74.0436763,new,46.79,2026-05-27T11:26:09Z
4891,charlotte.richardson351@synthetic-subscriber.example,Charlotte,Richardson,Los Angeles,California,90001,US,34.0345361,-118.2119226,standard,1090.47,2026-05-27T11:26:09Z
4892,jackson.watson352@synthetic-subscriber.example,Jackson,Watson,Chicago,Illinois,60601,US,41.915679,-87.6087274,standard,1609.68,2026-05-27T11:26:09Z
4893,amelia.watson353@synthetic-subscriber.example,Amelia,Watson,Houston,Texas,77001,US,29.7613437,-95.406474,standard,1989.52,2026-05-27T11:26:09Z
4894,sebastian.brooks354@synthetic-subscriber.example,Sebastian,Brooks,Phoenix,Arizona,85001,US,33.4333233,-112.063006,preferred,1816.24,2026-05-27T11:26:09Z
4895,harper.brooks355@synthetic-subscriber.example,Harper,Brooks,Philadelphia,Pennsylvania,19101,US,39.9083921,-75.1714126,preferred,5219.48,2026-05-27T11:26:09Z
4896,mateo.chavez356@synthetic-subscriber.example,Mateo,Chavez,San Antonio,Texas,78201,US,29.3756205,-98.5018805,vip,49385.79,2026-05-27T11:26:09Z
4897,evelyn.chavez357@synthetic-subscriber.example,Evelyn,Chavez,San Diego,California,92101,US,32.7447502,-117.1179731,new,22.1,2026-05-27T11:26:09Z
4898,henry.wood358@synthetic-subscriber.example,Henry,Wood,Dallas,Texas,75201,US,32.8161825,-96.7840555,standard,1317.37,2026-05-27T11:26:09Z
4899,luna.wood359@synthetic-subscriber.example,Luna,Wood,San Jose,California,95101,US,37.3296778,-121.9113297,standard,1521.39,2026-05-27T11:26:09Z
4900,owen.james360@synthetic-subscriber.example,Owen,James,Austin,Texas,73301,US,30.2358806,-97.7390353,standard,1579.24,2026-05-27T11:26:09Z
4901,camila.james361@synthetic-subscriber.example,Camila,James,Jacksonville,Florida,32099,US,30.2846861,-81.6719363,preferred,2863.34,2026-05-27T11:26:09Z
4902,wyatt.bennett362@synthetic-subscriber.example,Wyatt,Bennett,Fort Worth,Texas,76101,US,32.7606503,-97.3437424,preferred,2949.91,2026-05-27T11:26:09Z
4903,aria.bennett363@synthetic-subscriber.example,Aria,Bennett,Columbus,Ohio,43085,US,39.9312705,-83.0459265,vip,21214.47,2026-05-27T11:26:09Z
4904,jack.gray364@synthetic-subscriber.example,Jack,Gray,Charlotte,North Carolina,28201,US,35.1776802,-80.8036365,new,19.62,2026-05-27T11:26:09Z
4905,scarlett.gray365@synthetic-subscriber.example,Scarlett,Gray,Indianapolis,Indiana,46201,US,39.7527101,-86.1307039,standard,460.11,2026-05-27T11:26:09Z
4906,leo.mendoza366@synthetic-subscriber.example,Leo,Mendoza,San Francisco,California,94101,US,37.7747105,-122.4379139,standard,518.28,2026-05-27T11:26:09Z
4907,penelope.mendoza367@synthetic-subscriber.example,Penelope,Mendoza,Seattle,Washington,98101,US,47.6008173,-122.3530406,standard,284.75,2026-05-27T11:26:09Z
4908,asher.ruiz368@synthetic-subscriber.example,Asher,Ruiz,Denver,Colorado,80201,US,39.7766697,-104.9612269,preferred,6924.19,2026-05-27T11:26:09Z
4909,layla.ruiz369@synthetic-subscriber.example,Layla,Ruiz,Nashville,Tennessee,37201,US,36.1396401,-86.7577861,preferred,6268.77,2026-05-27T11:26:09Z
4910,ezra.hughes370@synthetic-subscriber.example,Ezra,Hughes,Portland,Oregon,97201,US,45.5225118,-122.7221405,vip,8036.47,2026-05-27T11:26:09Z
4911,chloe.hughes371@synthetic-subscriber.example,Chloe,Hughes,Las Vegas,Nevada,89101,US,36.1459677,-115.1363701,new,50.27,2026-05-27T11:26:09Z
4912,benjamin.price372@synthetic-subscriber.example,Benjamin,Price,Miami,Florida,33101,US,25.7512164,-80.1517264,standard,994.7,2026-05-27T11:26:09Z
4913,riley.price373@synthetic-subscriber.example,Riley,Price,Atlanta,Georgia,30301,US,33.7953104,-84.4121374,standard,1962.98,2026-05-27T11:26:09Z
4914,caleb.alvarez374@synthetic-subscriber.example,Caleb,Alvarez,Boston,Massachusetts,02101,US,42.3185474,-71.1067994,standard,986.56,2026-05-27T11:26:09Z
4915,zoey.alvarez375@synthetic-subscriber.example,Zoey,Alvarez,Minneapolis,Minnesota,55401,US,44.9578025,-93.3016396,preferred,3182.81,2026-05-27T11:26:09Z
4916,samuel.castillo376@synthetic-subscriber.example,Samuel,Castillo,Salt Lake City,Utah,84101,US,40.7968869,-111.901707,preferred,5936.61,2026-05-27T11:26:09Z
4917,nora.castillo377@synthetic-subscriber.example,Nora,Castillo,Detroit,Michigan,48201,US,42.3659336,-83.0097049,vip,47493.77,2026-05-27T11:26:09Z
4918,dylan.sanders378@synthetic-subscriber.example,Dylan,Sanders,Tampa,Florida,33601,US,27.9630861,-82.5010498,new,108.06,2026-05-27T11:26:09Z
4919,lily.sanders379@synthetic-subscriber.example,Lily,Sanders,Brooklyn,New York,11201,US,40.6300873,-73.9647737,standard,729.62,2026-05-27T11:26:09Z
4920,gabriel.patel380@synthetic-subscriber.example,Gabriel,Patel,Raleigh,North Carolina,27601,US,35.7642035,-78.6757379,standard,243.97,2026-05-27T11:26:09Z
4921,eleanor.patel381@synthetic-subscriber.example,Eleanor,Patel,Scottsdale,Arizona,85251,US,33.5053694,-111.9299618,standard,923.03,2026-05-27T11:26:09Z
4922,elijah.myers382@synthetic-subscriber.example,Elijah,Myers,Honolulu,Hawaii,96801,US,21.313802,-157.8682034,preferred,4941.24,2026-05-27T11:26:09Z
4923,hannah.myers383@synthetic-subscriber.example,Hannah,Myers,Boulder,Colorado,80301,US,39.982005,-105.2898795,preferred,6567.6,2026-05-27T11:26:09Z
4924,james.smith384@synthetic-subscriber.example,James,Smith,Savannah,Georgia,31401,US,32.0995756,-81.0829421,vip,6466.39,2026-05-27T11:26:09Z
4925,mary.smith385@synthetic-subscriber.example,Mary,Smith,New York,New York,10001,US,40.7037066,-73.9813802,new,67.17,2026-05-27T11:26:09Z
4926,john.johnson386@synthetic-subscriber.example,John,Johnson,Los Angeles,California,90001,US,34.0573543,-118.2201435,standard,905.98,2026-05-27T11:26:09Z
4927,patricia.johnson387@synthetic-subscriber.example,Patricia,Johnson,Chicago,Illinois,60601,US,41.8977988,-87.6683263,standard,448.96,2026-05-27T11:26:09Z
4928,robert.williams388@synthetic-subscriber.example,Robert,Williams,Houston,Texas,77001,US,29.7711774,-95.4000021,standard,1238.27,2026-05-27T11:26:09Z
4929,jennifer.williams389@synthetic-subscriber.example,Jennifer,Williams,Phoenix,Arizona,85001,US,33.4566751,-112.096045,preferred,1868.68,2026-05-27T11:26:09Z
4930,michael.brown390@synthetic-subscriber.example,Michael,Brown,Philadelphia,Pennsylvania,19101,US,39.9572673,-75.1410801,preferred,6799.93,2026-05-27T11:26:09Z
4931,linda.brown391@synthetic-subscriber.example,Linda,Brown,San Antonio,Texas,78201,US,29.4154688,-98.4861202,vip,6141.08,2026-05-27T11:26:09Z
4932,william.jones392@synthetic-subscriber.example,William,Jones,San Diego,California,92101,US,32.6686643,-117.1457506,new,144,2026-05-27T11:26:09Z
4933,elizabeth.jones393@synthetic-subscriber.example,Elizabeth,Jones,Dallas,Texas,75201,US,32.7374201,-96.7999926,standard,901.75,2026-05-27T11:26:09Z
4934,david.garcia394@synthetic-subscriber.example,David,Garcia,San Jose,California,95101,US,37.3619816,-121.8815375,standard,935.64,2026-05-27T11:26:09Z
4935,barbara.garcia395@synthetic-subscriber.example,Barbara,Garcia,Austin,Texas,73301,US,30.2452174,-97.7676598,standard,1953.47,2026-05-27T11:26:09Z
4936,richard.miller396@synthetic-subscriber.example,Richard,Miller,Jacksonville,Florida,32099,US,30.3786495,-81.6880596,preferred,5250.04,2026-05-27T11:26:09Z
4937,susan.miller397@synthetic-subscriber.example,Susan,Miller,Fort Worth,Texas,76101,US,32.7570039,-97.309214,preferred,6579.47,2026-05-27T11:26:09Z
4938,joseph.davis398@synthetic-subscriber.example,Joseph,Davis,Columbus,Ohio,43085,US,39.9786865,-82.953419,vip,23404.96,2026-05-27T11:26:09Z
4939,jessica.davis399@synthetic-subscriber.example,Jessica,Davis,Charlotte,North Carolina,28201,US,35.2328269,-80.8736555,new,64.52,2026-05-27T11:26:09Z
4940,thomas.rodriguez400@synthetic-subscriber.example,Thomas,Rodriguez,Indianapolis,Indiana,46201,US,39.7575595,-86.1965307,standard,1507.77,2026-05-27T11:26:09Z
4941,sarah.rodriguez401@synthetic-subscriber.example,Sarah,Rodriguez,San Francisco,California,94101,US,37.8069729,-122.4110262,standard,370.11,2026-05-27T11:26:09Z
4942,christopher.martinez402@synthetic-subscriber.example,Christopher,Martinez,Seattle,Washington,98101,US,47.6314594,-122.31046,standard,1773.91,2026-05-27T11:26:09Z
4943,karen.martinez403@synthetic-subscriber.example,Karen,Martinez,Denver,Colorado,80201,US,39.764984,-104.9886732,preferred,2652.51,2026-05-27T11:26:09Z
4944,charles.hernandez404@synthetic-subscriber.example,Charles,Hernandez,Nashville,Tennessee,37201,US,36.1991006,-86.8026641,preferred,2513.9,2026-05-27T11:26:09Z
4945,lisa.hernandez405@synthetic-subscriber.example,Lisa,Hernandez,Portland,Oregon,97201,US,45.481117,-122.6306839,vip,17743.55,2026-05-27T11:26:09Z
4946,daniel.lopez406@synthetic-subscriber.example,Daniel,Lopez,Las Vegas,Nevada,89101,US,36.1405238,-115.1325731,new,73.83,2026-05-27T11:26:09Z
4947,nancy.lopez407@synthetic-subscriber.example,Nancy,Lopez,Miami,Florida,33101,US,25.8038165,-80.232021,standard,811.33,2026-05-27T11:26:09Z
4948,matthew.gonzalez408@synthetic-subscriber.example,Matthew,Gonzalez,Atlanta,Georgia,30301,US,33.7227561,-84.4158462,standard,1991.28,2026-05-27T11:26:09Z
4949,betty.gonzalez409@synthetic-subscriber.example,Betty,Gonzalez,Boston,Massachusetts,02101,US,42.3448958,-71.0118043,standard,1420.52,2026-05-27T11:26:09Z
4950,anthony.wilson410@synthetic-subscriber.example,Anthony,Wilson,Minneapolis,Minnesota,55401,US,44.9738939,-93.2728761,preferred,6384.7,2026-05-27T11:26:09Z
4951,margaret.wilson411@synthetic-subscriber.example,Margaret,Wilson,Salt Lake City,Utah,84101,US,40.7672138,-111.848207,preferred,6384.31,2026-05-27T11:26:09Z
4952,mark.anderson412@synthetic-subscriber.example,Mark,Anderson,Detroit,Michigan,48201,US,42.3134812,-83.046759,vip,7421.54,2026-05-27T11:26:09Z
4953,sandra.anderson413@synthetic-subscriber.example,Sandra,Anderson,Tampa,Florida,33601,US,27.9217581,-82.5033986,new,52.8,2026-05-27T11:26:09Z
4954,donald.thomas414@synthetic-subscriber.example,Donald,Thomas,Brooklyn,New York,11201,US,40.710542,-73.9113499,standard,1564.27,2026-05-27T11:26:09Z
4955,ashley.thomas415@synthetic-subscriber.example,Ashley,Thomas,Raleigh,North Carolina,27601,US,35.7376257,-78.6207791,standard,984.95,2026-05-27T11:26:09Z
4956,steven.taylor416@synthetic-subscriber.example,Steven,Taylor,Scottsdale,Arizona,85251,US,33.5220138,-111.8879897,standard,1416.74,2026-05-27T11:26:09Z
4957,kimberly.taylor417@synthetic-subscriber.example,Kimberly,Taylor,Honolulu,Hawaii,96801,US,21.3265984,-157.8604566,preferred,4682.55,2026-05-27T11:26:09Z
4958,andrew.moore418@synthetic-subscriber.example,Andrew,Moore,Boulder,Colorado,80301,US,40.0386341,-105.2575844,preferred,3045.65,2026-05-27T11:26:09Z
4959,emily.moore419@synthetic-subscriber.example,Emily,Moore,Savannah,Georgia,31401,US,32.1146174,-81.1243314,vip,20175.39,2026-05-27T11:26:09Z
4960,paul.jackson420@synthetic-subscriber.example,Paul,Jackson,New York,New York,10001,US,40.7278247,-74.0346467,new,110.94,2026-05-27T11:26:09Z
4961,donna.jackson421@synthetic-subscriber.example,Donna,Jackson,Los Angeles,California,90001,US,34.002726,-118.2615022,standard,361.51,2026-05-27T11:26:09Z
4962,joshua.martin422@synthetic-subscriber.example,Joshua,Martin,Chicago,Illinois,60601,US,41.8551084,-87.6613182,standard,943.98,2026-05-27T11:26:09Z
4963,michelle.martin423@synthetic-subscriber.example,Michelle,Martin,Houston,Texas,77001,US,29.7651215,-95.3827249,standard,1581.56,2026-05-27T11:26:09Z
4964,kenneth.lee424@synthetic-subscriber.example,Kenneth,Lee,Phoenix,Arizona,85001,US,33.4123808,-112.1210342,preferred,1106.23,2026-05-27T11:26:09Z
4965,carol.lee425@synthetic-subscriber.example,Carol,Lee,Philadelphia,Pennsylvania,19101,US,39.9866147,-75.2150578,preferred,3805.39,2026-05-27T11:26:09Z
4966,kevin.perez426@synthetic-subscriber.example,Kevin,Perez,San Antonio,Texas,78201,US,29.4429431,-98.5420302,vip,39739.93,2026-05-27T11:26:09Z
4967,amanda.perez427@synthetic-subscriber.example,Amanda,Perez,San Diego,California,92101,US,32.6878088,-117.2066059,new,20.53,2026-05-27T11:26:09Z
4968,brian.thompson428@synthetic-subscriber.example,Brian,Thompson,Dallas,Texas,75201,US,32.7328478,-96.827272,standard,953.84,2026-05-27T11:26:09Z
4969,dorothy.thompson429@synthetic-subscriber.example,Dorothy,Thompson,San Jose,California,95101,US,37.2988418,-121.8961688,standard,195.75,2026-05-27T11:26:09Z
4970,george.white430@synthetic-subscriber.example,George,White,Austin,Texas,73301,US,30.2780506,-97.6959941,standard,283.57,2026-05-27T11:26:09Z
4971,melissa.white431@synthetic-subscriber.example,Melissa,White,Jacksonville,Florida,32099,US,30.3223663,-81.6840159,preferred,5927.6,2026-05-27T11:26:09Z
4972,timothy.harris432@synthetic-subscriber.example,Timothy,Harris,Fort Worth,Texas,76101,US,32.7269867,-97.3714496,preferred,3519.94,2026-05-27T11:26:09Z
4973,deborah.harris433@synthetic-subscriber.example,Deborah,Harris,Columbus,Ohio,43085,US,39.9357533,-82.9860528,vip,5599.38,2026-05-27T11:26:09Z
4974,aiden.sanchez434@synthetic-subscriber.example,Aiden,Sanchez,Charlotte,North Carolina,28201,US,35.2479197,-80.8013054,new,8.99,2026-05-27T11:26:09Z
4975,sofia.sanchez435@synthetic-subscriber.example,Sofia,Sanchez,Indianapolis,Indiana,46201,US,39.8110849,-86.154387,standard,1830.44,2026-05-27T11:26:09Z
4976,liam.clark436@synthetic-subscriber.example,Liam,Clark,San Francisco,California,94101,US,37.7313234,-122.4269227,standard,1011.73,2026-05-27T11:26:09Z
4977,olivia.clark437@synthetic-subscriber.example,Olivia,Clark,Seattle,Washington,98101,US,47.6001871,-122.3762738,standard,1325.22,2026-05-27T11:26:09Z
4978,noah.ramirez438@synthetic-subscriber.example,Noah,Ramirez,Denver,Colorado,80201,US,39.6896085,-104.9691275,preferred,2495.39,2026-05-27T11:26:09Z
4979,emma.ramirez439@synthetic-subscriber.example,Emma,Ramirez,Nashville,Tennessee,37201,US,36.1315033,-86.8204322,preferred,3875.69,2026-05-27T11:26:09Z
4980,ethan.lewis440@synthetic-subscriber.example,Ethan,Lewis,Portland,Oregon,97201,US,45.5192814,-122.6405409,vip,37548.06,2026-05-27T11:26:09Z
4981,ava.lewis441@synthetic-subscriber.example,Ava,Lewis,Las Vegas,Nevada,89101,US,36.1682712,-115.0949122,new,31.18,2026-05-27T11:26:09Z
4982,mason.robinson442@synthetic-subscriber.example,Mason,Robinson,Miami,Florida,33101,US,25.7492167,-80.2063325,standard,1216.42,2026-05-27T11:26:09Z
4983,isabella.robinson443@synthetic-subscriber.example,Isabella,Robinson,Atlanta,Georgia,30301,US,33.740409,-84.429432,standard,334.01,2026-05-27T11:26:09Z
4984,lucas.walker444@synthetic-subscriber.example,Lucas,Walker,Boston,Massachusetts,02101,US,42.3917958,-71.0692372,standard,1294.9,2026-05-27T11:26:09Z
4985,mia.walker445@synthetic-subscriber.example,Mia,Walker,Minneapolis,Minnesota,55401,US,44.9291401,-93.3002064,preferred,7535.51,2026-05-27T11:26:09Z
4986,logan.young446@synthetic-subscriber.example,Logan,Young,Salt Lake City,Utah,84101,US,40.8037246,-111.9284288,preferred,5074.5,2026-05-27T11:26:09Z
4987,charlotte.young447@synthetic-subscriber.example,Charlotte,Young,Detroit,Michigan,48201,US,42.3509249,-83.0411711,vip,32992.36,2026-05-27T11:26:09Z
4988,jackson.allen448@synthetic-subscriber.example,Jackson,Allen,Tampa,Florida,33601,US,27.9316243,-82.4459409,new,91.91,2026-05-27T11:26:09Z
4989,amelia.allen449@synthetic-subscriber.example,Amelia,Allen,Brooklyn,New York,11201,US,40.6396755,-73.9352303,standard,1397.29,2026-05-27T11:26:09Z
4990,sebastian.king450@synthetic-subscriber.example,Sebastian,King,Raleigh,North Carolina,27601,US,35.7379282,-78.6126319,standard,724.19,2026-05-27T11:26:09Z
4991,harper.king451@synthetic-subscriber.example,Harper,King,Scottsdale,Arizona,85251,US,33.4611197,-111.9031755,standard,1946.98,2026-05-27T11:26:09Z
4992,mateo.wright452@synthetic-subscriber.example,Mateo,Wright,Honolulu,Hawaii,96801,US,21.3201552,-157.8999636,preferred,5034.45,2026-05-27T11:26:09Z
4993,evelyn.wright453@synthetic-subscriber.example,Evelyn,Wright,Boulder,Colorado,80301,US,39.9683922,-105.2864061,preferred,2908.35,2026-05-27T11:26:09Z
4994,henry.scott454@synthetic-subscriber.example,Henry,Scott,Savannah,Georgia,31401,US,32.0417749,-81.0530808,vip,33026.44,2026-05-27T11:26:09Z
4995,luna.scott455@synthetic-subscriber.example,Luna,Scott,New York,New York,10001,US,40.7206498,-74.0106728,new,164.28,2026-05-27T11:26:09Z
4996,owen.torres456@synthetic-subscriber.example,Owen,Torres,Los Angeles,California,90001,US,34.0817698,-118.2003669,standard,491.78,2026-05-27T11:26:09Z
4997,camila.torres457@synthetic-subscriber.example,Camila,Torres,Chicago,Illinois,60601,US,41.8313865,-87.5914718,standard,1691.13,2026-05-27T11:26:09Z
4998,wyatt.nguyen458@synthetic-subscriber.example,Wyatt,Nguyen,Houston,Texas,77001,US,29.7286864,-95.3346943,standard,1350.14,2026-05-27T11:26:09Z
4999,aria.nguyen459@synthetic-subscriber.example,Aria,Nguyen,Phoenix,Arizona,85001,US,33.4822661,-112.0641532,preferred,4438.27,2026-05-27T11:26:09Z
5000,jack.hill460@synthetic-subscriber.example,Jack,Hill,Philadelphia,Pennsylvania,19101,US,39.9942111,-75.1693551,preferred,4770.02,2026-05-27T11:26:09Z
5001,scarlett.hill461@synthetic-subscriber.example,Scarlett,Hill,San Antonio,Texas,78201,US,29.3836256,-98.4852713,vip,9966.02,2026-05-27T11:26:09Z
5002,leo.flores462@synthetic-subscriber.example,Leo,Flores,San Diego,California,92101,US,32.6862243,-117.166149,new,162.98,2026-05-27T11:26:09Z
5003,penelope.flores463@synthetic-subscriber.example,Penelope,Flores,Dallas,Texas,75201,US,32.7473265,-96.8422677,standard,1011.98,2026-05-27T11:26:09Z
5004,asher.green464@synthetic-subscriber.example,Asher,Green,San Jose,California,95101,US,37.3086881,-121.9325005,standard,1028.86,2026-05-27T11:26:09Z
5005,layla.green465@synthetic-subscriber.example,Layla,Green,Austin,Texas,73301,US,30.2615453,-97.7657253,standard,113.12,2026-05-27T11:26:09Z
5006,ezra.adams466@synthetic-subscriber.example,Ezra,Adams,Jacksonville,Florida,32099,US,30.3487772,-81.6951058,preferred,7996.93,2026-05-27T11:26:09Z
5007,chloe.adams467@synthetic-subscriber.example,Chloe,Adams,Fort Worth,Texas,76101,US,32.7575221,-97.366038,preferred,4821.45,2026-05-27T11:26:09Z
5008,benjamin.nelson468@synthetic-subscriber.example,Benjamin,Nelson,Columbus,Ohio,43085,US,40.0098486,-83.0221853,vip,26284.06,2026-05-27T11:26:09Z
5009,riley.nelson469@synthetic-subscriber.example,Riley,Nelson,Charlotte,North Carolina,28201,US,35.2234276,-80.8923142,new,121.35,2026-05-27T11:26:09Z
5010,caleb.baker470@synthetic-subscriber.example,Caleb,Baker,Indianapolis,Indiana,46201,US,39.7298924,-86.1532337,standard,722.65,2026-05-27T11:26:09Z
5011,zoey.baker471@synthetic-subscriber.example,Zoey,Baker,San Francisco,California,94101,US,37.7631977,-122.4564822,standard,1129.44,2026-05-27T11:26:09Z
5012,samuel.hall472@synthetic-subscriber.example,Samuel,Hall,Seattle,Washington,98101,US,47.5999735,-122.3507008,standard,1856.03,2026-05-27T11:26:09Z
5013,nora.hall473@synthetic-subscriber.example,Nora,Hall,Denver,Colorado,80201,US,39.7193393,-104.9618237,preferred,3314.91,2026-05-27T11:26:09Z
5014,dylan.rivera474@synthetic-subscriber.example,Dylan,Rivera,Nashville,Tennessee,37201,US,36.1822073,-86.8315421,preferred,4504.17,2026-05-27T11:26:09Z
5015,lily.rivera475@synthetic-subscriber.example,Lily,Rivera,Portland,Oregon,97201,US,45.5496341,-122.6807682,vip,48709.63,2026-05-27T11:26:09Z
5016,gabriel.campbell476@synthetic-subscriber.example,Gabriel,Campbell,Las Vegas,Nevada,89101,US,36.1856529,-115.1049363,new,31.41,2026-05-27T11:26:09Z
5017,eleanor.campbell477@synthetic-subscriber.example,Eleanor,Campbell,Miami,Florida,33101,US,25.7154104,-80.2059118,standard,1918.3,2026-05-27T11:26:09Z
5018,elijah.mitchell478@synthetic-subscriber.example,Elijah,Mitchell,Atlanta,Georgia,30301,US,33.7001553,-84.3477403,standard,1517.57,2026-05-27T11:26:09Z
5019,hannah.mitchell479@synthetic-subscriber.example,Hannah,Mitchell,Boston,Massachusetts,02101,US,42.3818093,-71.0530467,standard,1476.73,2026-05-27T11:26:09Z
5020,james.carter480@synthetic-subscriber.example,James,Carter,Minneapolis,Minnesota,55401,US,44.9420638,-93.2829833,preferred,5138.01,2026-05-27T11:26:09Z
5021,mary.carter481@synthetic-subscriber.example,Mary,Carter,Salt Lake City,Utah,84101,US,40.7129805,-111.8820758,preferred,7987.21,2026-05-27T11:26:09Z
5022,john.roberts482@synthetic-subscriber.example,John,Roberts,Detroit,Michigan,48201,US,42.32271,-83.0315384,vip,12942.55,2026-05-27T11:26:09Z
5023,patricia.roberts483@synthetic-subscriber.example,Patricia,Roberts,Tampa,Florida,33601,US,27.9343605,-82.4327154,new,70.4,2026-05-27T11:26:09Z
5024,robert.gomez484@synthetic-subscriber.example,Robert,Gomez,Brooklyn,New York,11201,US,40.6782156,-73.9581154,standard,211.17,2026-05-27T11:26:09Z
5025,jennifer.gomez485@synthetic-subscriber.example,Jennifer,Gomez,Raleigh,North Carolina,27601,US,35.7813247,-78.6517439,standard,302.39,2026-05-27T11:26:09Z
5026,michael.phillips486@synthetic-subscriber.example,Michael,Phillips,Scottsdale,Arizona,85251,US,33.5072009,-111.9116986,standard,1285.48,2026-05-27T11:26:09Z
5027,linda.phillips487@synthetic-subscriber.example,Linda,Phillips,Honolulu,Hawaii,96801,US,21.3132736,-157.858262,preferred,1803.48,2026-05-27T11:26:09Z
5028,william.evans488@synthetic-subscriber.example,William,Evans,Boulder,Colorado,80301,US,39.9723801,-105.3078523,preferred,3567.18,2026-05-27T11:26:09Z
5029,elizabeth.evans489@synthetic-subscriber.example,Elizabeth,Evans,Savannah,Georgia,31401,US,32.0575409,-81.131193,vip,25306.68,2026-05-27T11:26:09Z
5030,david.turner490@synthetic-subscriber.example,David,Turner,New York,New York,10001,US,40.714337,-73.9979627,new,137.54,2026-05-27T11:26:09Z
5031,barbara.turner491@synthetic-subscriber.example,Barbara,Turner,Los Angeles,California,90001,US,34.0350873,-118.2613803,standard,1304.9,2026-05-27T11:26:09Z
5032,richard.diaz492@synthetic-subscriber.example,Richard,Diaz,Chicago,Illinois,60601,US,41.8958096,-87.6689826,standard,810.61,2026-05-27T11:26:09Z
5033,susan.diaz493@synthetic-subscriber.example,Susan,Diaz,Houston,Texas,77001,US,29.7427311,-95.4016055,standard,1322.07,2026-05-27T11:26:09Z
5034,joseph.parker494@synthetic-subscriber.example,Joseph,Parker,Phoenix,Arizona,85001,US,33.419954,-112.1082315,preferred,2548.15,2026-05-27T11:26:09Z
5035,jessica.parker495@synthetic-subscriber.example,Jessica,Parker,Philadelphia,Pennsylvania,19101,US,39.9089519,-75.1597649,preferred,2466.38,2026-05-27T11:26:09Z
5036,thomas.cruz496@synthetic-subscriber.example,Thomas,Cruz,San Antonio,Texas,78201,US,29.4111026,-98.4794438,vip,37554.95,2026-05-27T11:26:09Z
5037,sarah.cruz497@synthetic-subscriber.example,Sarah,Cruz,San Diego,California,92101,US,32.7496379,-117.1830171,new,109.32,2026-05-27T11:26:09Z
5038,christopher.edwards498@synthetic-subscriber.example,Christopher,Edwards,Dallas,Texas,75201,US,32.8224884,-96.8253561,standard,211.93,2026-05-27T11:26:09Z
5039,karen.edwards499@synthetic-subscriber.example,Karen,Edwards,San Jose,California,95101,US,37.3331432,-121.9074787,standard,948.62,2026-05-27T11:26:09Z
5040,charles.collins500@synthetic-subscriber.example,Charles,Collins,Austin,Texas,73301,US,30.3036212,-97.700253,standard,1409.69,2026-05-27T11:26:09Z
5041,lisa.collins501@synthetic-subscriber.example,Lisa,Collins,Jacksonville,Florida,32099,US,30.3808144,-81.6390522,preferred,2560.92,2026-05-27T11:26:09Z
5042,daniel.reyes502@synthetic-subscriber.example,Daniel,Reyes,Fort Worth,Texas,76101,US,32.7487515,-97.3630747,preferred,1476.3,2026-05-27T11:26:09Z
5043,nancy.reyes503@synthetic-subscriber.example,Nancy,Reyes,Columbus,Ohio,43085,US,39.9861716,-82.9647442,vip,26105.88,2026-05-27T11:26:09Z
5044,matthew.stewart504@synthetic-subscriber.example,Matthew,Stewart,Charlotte,North Carolina,28201,US,35.2616102,-80.8085451,new,109.3,2026-05-27T11:26:09Z
5045,betty.stewart505@synthetic-subscriber.example,Betty,Stewart,Indianapolis,Indiana,46201,US,39.7508266,-86.1453745,standard,1623.23,2026-05-27T11:26:09Z
5046,anthony.morris506@synthetic-subscriber.example,Anthony,Morris,San Francisco,California,94101,US,37.7339183,-122.4250173,standard,203.99,2026-05-27T11:26:09Z
5047,margaret.morris507@synthetic-subscriber.example,Margaret,Morris,Seattle,Washington,98101,US,47.6559871,-122.3715212,standard,1559.28,2026-05-27T11:26:09Z
5048,mark.morales508@synthetic-subscriber.example,Mark,Morales,Denver,Colorado,80201,US,39.7638624,-104.9929746,preferred,3666.3,2026-05-27T11:26:09Z
5049,sandra.morales509@synthetic-subscriber.example,Sandra,Morales,Nashville,Tennessee,37201,US,36.1207802,-86.7537695,preferred,6577.68,2026-05-27T11:26:09Z
5050,donald.murphy510@synthetic-subscriber.example,Donald,Murphy,Portland,Oregon,97201,US,45.4715317,-122.6742692,vip,32513.48,2026-05-27T11:26:09Z
5051,ashley.murphy511@synthetic-subscriber.example,Ashley,Murphy,Las Vegas,Nevada,89101,US,36.2065184,-115.1588544,new,7.33,2026-05-27T11:26:09Z
5052,steven.cook512@synthetic-subscriber.example,Steven,Cook,Miami,Florida,33101,US,25.7406207,-80.1769945,standard,1712,2026-05-27T11:26:09Z
5053,kimberly.cook513@synthetic-subscriber.example,Kimberly,Cook,Atlanta,Georgia,30301,US,33.7668502,-84.3566765,standard,736.38,2026-05-27T11:26:09Z
5054,andrew.rogers514@synthetic-subscriber.example,Andrew,Rogers,Boston,Massachusetts,02101,US,42.337095,-71.0873872,standard,850.33,2026-05-27T11:26:09Z
5055,emily.rogers515@synthetic-subscriber.example,Emily,Rogers,Minneapolis,Minnesota,55401,US,44.9626311,-93.2986354,preferred,4409.78,2026-05-27T11:26:09Z
5056,paul.gutierrez516@synthetic-subscriber.example,Paul,Gutierrez,Salt Lake City,Utah,84101,US,40.7221644,-111.9361933,preferred,7356.59,2026-05-27T11:26:09Z
5057,donna.gutierrez517@synthetic-subscriber.example,Donna,Gutierrez,Detroit,Michigan,48201,US,42.3028684,-83.0510697,vip,34711.93,2026-05-27T11:26:09Z
5058,joshua.ortiz518@synthetic-subscriber.example,Joshua,Ortiz,Tampa,Florida,33601,US,27.9076212,-82.4461164,new,78.8,2026-05-27T11:26:09Z
5059,michelle.ortiz519@synthetic-subscriber.example,Michelle,Ortiz,Brooklyn,New York,11201,US,40.63018,-73.9875053,standard,863.28,2026-05-27T11:26:09Z
5060,kenneth.morgan520@synthetic-subscriber.example,Kenneth,Morgan,Raleigh,North Carolina,27601,US,35.7975454,-78.6386168,standard,945.09,2026-05-27T11:26:09Z
5061,carol.morgan521@synthetic-subscriber.example,Carol,Morgan,Scottsdale,Arizona,85251,US,33.4947664,-111.91451,standard,1465.27,2026-05-27T11:26:09Z
5062,kevin.cooper522@synthetic-subscriber.example,Kevin,Cooper,Honolulu,Hawaii,96801,US,21.296393,-157.8948691,preferred,2050.1,2026-05-27T11:26:09Z
5063,amanda.cooper523@synthetic-subscriber.example,Amanda,Cooper,Boulder,Colorado,80301,US,39.9786637,-105.3202232,preferred,4455.23,2026-05-27T11:26:09Z
5064,brian.peterson524@synthetic-subscriber.example,Brian,Peterson,Savannah,Georgia,31401,US,32.0758641,-81.1051867,vip,24822.07,2026-05-27T11:26:09Z
5065,dorothy.peterson525@synthetic-subscriber.example,Dorothy,Peterson,New York,New York,10001,US,40.6883151,-74.0213818,new,131.79,2026-05-27T11:26:09Z
5066,george.bailey526@synthetic-subscriber.example,George,Bailey,Los Angeles,California,90001,US,34.0310984,-118.2076732,standard,611.92,2026-05-27T11:26:09Z
5067,melissa.bailey527@synthetic-subscriber.example,Melissa,Bailey,Chicago,Illinois,60601,US,41.8738076,-87.6502514,standard,1090.51,2026-05-27T11:26:09Z
5068,timothy.reed528@synthetic-subscriber.example,Timothy,Reed,Houston,Texas,77001,US,29.7109412,-95.4064472,standard,528.66,2026-05-27T11:26:09Z
5069,deborah.reed529@synthetic-subscriber.example,Deborah,Reed,Phoenix,Arizona,85001,US,33.4422368,-112.0354017,preferred,2065.01,2026-05-27T11:26:09Z
5070,aiden.kelly530@synthetic-subscriber.example,Aiden,Kelly,Philadelphia,Pennsylvania,19101,US,39.9319207,-75.118334,preferred,3634.82,2026-05-27T11:26:09Z
5071,sofia.kelly531@synthetic-subscriber.example,Sofia,Kelly,San Antonio,Texas,78201,US,29.3794498,-98.5251834,vip,11474.94,2026-05-27T11:26:09Z
5072,liam.howard532@synthetic-subscriber.example,Liam,Howard,San Diego,California,92101,US,32.7201924,-117.144612,new,85.83,2026-05-27T11:26:09Z
5073,olivia.howard533@synthetic-subscriber.example,Olivia,Howard,Dallas,Texas,75201,US,32.8247716,-96.7985052,standard,763.93,2026-05-27T11:26:09Z
5074,noah.ramos534@synthetic-subscriber.example,Noah,Ramos,San Jose,California,95101,US,37.3230575,-121.8799715,standard,416.19,2026-05-27T11:26:09Z
5075,emma.ramos535@synthetic-subscriber.example,Emma,Ramos,Austin,Texas,73301,US,30.249122,-97.7461165,standard,875.58,2026-05-27T11:26:09Z
5076,ethan.kim536@synthetic-subscriber.example,Ethan,Kim,Jacksonville,Florida,32099,US,30.3485436,-81.6697805,preferred,6554.39,2026-05-27T11:26:09Z
5077,ava.kim537@synthetic-subscriber.example,Ava,Kim,Fort Worth,Texas,76101,US,32.7978044,-97.3331124,preferred,4297.73,2026-05-27T11:26:09Z
5078,mason.cox538@synthetic-subscriber.example,Mason,Cox,Columbus,Ohio,43085,US,39.9782392,-82.9803134,vip,21309.46,2026-05-27T11:26:09Z
5079,isabella.cox539@synthetic-subscriber.example,Isabella,Cox,Charlotte,North Carolina,28201,US,35.2641705,-80.7986969,new,125.87,2026-05-27T11:26:09Z
5080,lucas.ward540@synthetic-subscriber.example,Lucas,Ward,Indianapolis,Indiana,46201,US,39.7710417,-86.1392863,standard,1053.58,2026-05-27T11:26:09Z
5081,mia.ward541@synthetic-subscriber.example,Mia,Ward,San Francisco,California,94101,US,37.7886492,-122.4503865,standard,295.64,2026-05-27T11:26:09Z
5082,logan.richardson542@synthetic-subscriber.example,Logan,Richardson,Seattle,Washington,98101,US,47.6431626,-122.2826436,standard,455.17,2026-05-27T11:26:09Z
5083,charlotte.richardson543@synthetic-subscriber.example,Charlotte,Richardson,Denver,Colorado,80201,US,39.6900391,-105.0167133,preferred,1175.09,2026-05-27T11:26:09Z
5084,jackson.watson544@synthetic-subscriber.example,Jackson,Watson,Nashville,Tennessee,37201,US,36.1562848,-86.7678441,preferred,6817.91,2026-05-27T11:26:09Z
5085,amelia.watson545@synthetic-subscriber.example,Amelia,Watson,Portland,Oregon,97201,US,45.558152,-122.6507704,vip,24059.89,2026-05-27T11:26:09Z
5086,sebastian.brooks546@synthetic-subscriber.example,Sebastian,Brooks,Las Vegas,Nevada,89101,US,36.1218093,-115.1229152,new,153.06,2026-05-27T11:26:09Z
5087,harper.brooks547@synthetic-subscriber.example,Harper,Brooks,Miami,Florida,33101,US,25.7740249,-80.2056588,standard,1036.18,2026-05-27T11:26:09Z
5088,mateo.chavez548@synthetic-subscriber.example,Mateo,Chavez,Atlanta,Georgia,30301,US,33.7728835,-84.3416401,standard,789.43,2026-05-27T11:26:09Z
5089,evelyn.chavez549@synthetic-subscriber.example,Evelyn,Chavez,Boston,Massachusetts,02101,US,42.3874248,-71.0164797,standard,1341.7,2026-05-27T11:26:09Z
5090,henry.wood550@synthetic-subscriber.example,Henry,Wood,Minneapolis,Minnesota,55401,US,45.0209018,-93.307866,preferred,1897.38,2026-05-27T11:26:09Z
5091,luna.wood551@synthetic-subscriber.example,Luna,Wood,Salt Lake City,Utah,84101,US,40.7560406,-111.8791793,preferred,3471.12,2026-05-27T11:26:09Z
5092,owen.james552@synthetic-subscriber.example,Owen,James,Detroit,Michigan,48201,US,42.3167348,-83.07398,vip,35378.75,2026-05-27T11:26:09Z
5093,camila.james553@synthetic-subscriber.example,Camila,James,Tampa,Florida,33601,US,27.9439213,-82.4744389,new,111.57,2026-05-27T11:26:09Z
5094,wyatt.bennett554@synthetic-subscriber.example,Wyatt,Bennett,Brooklyn,New York,11201,US,40.6906615,-73.9842717,standard,1440.83,2026-05-27T11:26:09Z
5095,aria.bennett555@synthetic-subscriber.example,Aria,Bennett,Raleigh,North Carolina,27601,US,35.8190657,-78.6029436,standard,1993.83,2026-05-27T11:26:09Z
5096,jack.gray556@synthetic-subscriber.example,Jack,Gray,Scottsdale,Arizona,85251,US,33.4569753,-111.9071515,standard,581.03,2026-05-27T11:26:09Z
5097,scarlett.gray557@synthetic-subscriber.example,Scarlett,Gray,Honolulu,Hawaii,96801,US,21.2691084,-157.8589046,preferred,3476,2026-05-27T11:26:09Z
5098,leo.mendoza558@synthetic-subscriber.example,Leo,Mendoza,Boulder,Colorado,80301,US,40.0514742,-105.2939748,preferred,3138.1,2026-05-27T11:26:09Z
5099,penelope.mendoza559@synthetic-subscriber.example,Penelope,Mendoza,Savannah,Georgia,31401,US,32.1065496,-81.100126,vip,34328.1,2026-05-27T11:26:09Z
5100,asher.ruiz560@synthetic-subscriber.example,Asher,Ruiz,New York,New York,10001,US,40.6943131,-73.9759356,new,22.87,2026-05-27T11:26:09Z
5101,layla.ruiz561@synthetic-subscriber.example,Layla,Ruiz,Los Angeles,California,90001,US,34.040003,-118.2476202,standard,225.22,2026-05-27T11:26:09Z
5102,ezra.hughes562@synthetic-subscriber.example,Ezra,Hughes,Chicago,Illinois,60601,US,41.8787213,-87.6008804,standard,1722.74,2026-05-27T11:26:09Z
5103,chloe.hughes563@synthetic-subscriber.example,Chloe,Hughes,Houston,Texas,77001,US,29.8085402,-95.3835267,standard,1725.94,2026-05-27T11:26:09Z
5104,benjamin.price564@synthetic-subscriber.example,Benjamin,Price,Phoenix,Arizona,85001,US,33.4455022,-112.0596292,preferred,1727.35,2026-05-27T11:26:09Z
5105,riley.price565@synthetic-subscriber.example,Riley,Price,Philadelphia,Pennsylvania,19101,US,39.9515478,-75.1634094,preferred,6376.92,2026-05-27T11:26:09Z
5106,caleb.alvarez566@synthetic-subscriber.example,Caleb,Alvarez,San Antonio,Texas,78201,US,29.4357031,-98.4569412,vip,14628.92,2026-05-27T11:26:09Z
5107,zoey.alvarez567@synthetic-subscriber.example,Zoey,Alvarez,San Diego,California,92101,US,32.666424,-117.1215668,new,130.62,2026-05-27T11:26:09Z
5108,samuel.castillo568@synthetic-subscriber.example,Samuel,Castillo,Dallas,Texas,75201,US,32.770064,-96.767424,standard,894.5,2026-05-27T11:26:09Z
5109,nora.castillo569@synthetic-subscriber.example,Nora,Castillo,San Jose,California,95101,US,37.2886753,-121.9154098,standard,739.52,2026-05-27T11:26:09Z
5110,dylan.sanders570@synthetic-subscriber.example,Dylan,Sanders,Austin,Texas,73301,US,30.2961422,-97.7262521,standard,155,2026-05-27T11:26:09Z
5111,lily.sanders571@synthetic-subscriber.example,Lily,Sanders,Jacksonville,Florida,32099,US,30.3445754,-81.6245757,preferred,1131.91,2026-05-27T11:26:09Z
5112,gabriel.patel572@synthetic-subscriber.example,Gabriel,Patel,Fort Worth,Texas,76101,US,32.7614775,-97.3677172,preferred,6518.86,2026-05-27T11:26:09Z
5113,eleanor.patel573@synthetic-subscriber.example,Eleanor,Patel,Columbus,Ohio,43085,US,39.9964513,-82.9611941,vip,44981.59,2026-05-27T11:26:09Z
5114,elijah.myers574@synthetic-subscriber.example,Elijah,Myers,Charlotte,North Carolina,28201,US,35.2128079,-80.8332226,new,43.06,2026-05-27T11:26:09Z
5115,hannah.myers575@synthetic-subscriber.example,Hannah,Myers,Indianapolis,Indiana,46201,US,39.7305845,-86.1469438,standard,733.07,2026-05-27T11:26:09Z
5116,james.smith576@synthetic-subscriber.example,James,Smith,San Francisco,California,94101,US,37.7768419,-122.4213226,standard,122.53,2026-05-27T11:26:09Z
5117,mary.smith577@synthetic-subscriber.example,Mary,Smith,Seattle,Washington,98101,US,47.5866819,-122.3057264,standard,350.49,2026-05-27T11:26:09Z
5118,john.johnson578@synthetic-subscriber.example,John,Johnson,Denver,Colorado,80201,US,39.7424495,-104.9654229,preferred,3142.51,2026-05-27T11:26:09Z
5119,patricia.johnson579@synthetic-subscriber.example,Patricia,Johnson,Nashville,Tennessee,37201,US,36.1529497,-86.7933217,preferred,5174.83,2026-05-27T11:26:09Z
5120,robert.williams580@synthetic-subscriber.example,Robert,Williams,Portland,Oregon,97201,US,45.5535021,-122.6988365,vip,35136.48,2026-05-27T11:26:09Z
5121,jennifer.williams581@synthetic-subscriber.example,Jennifer,Williams,Las Vegas,Nevada,89101,US,36.2073603,-115.1292844,new,91.54,2026-05-27T11:26:09Z
5122,michael.brown582@synthetic-subscriber.example,Michael,Brown,Miami,Florida,33101,US,25.8009315,-80.2387203,standard,430.55,2026-05-27T11:26:09Z
5123,linda.brown583@synthetic-subscriber.example,Linda,Brown,Atlanta,Georgia,30301,US,33.7646611,-84.4038009,standard,1571.62,2026-05-27T11:26:09Z
5124,william.jones584@synthetic-subscriber.example,William,Jones,Boston,Massachusetts,02101,US,42.3530273,-71.011589,standard,848.53,2026-05-27T11:26:09Z
5125,elizabeth.jones585@synthetic-subscriber.example,Elizabeth,Jones,Minneapolis,Minnesota,55401,US,45.0264277,-93.3020915,preferred,4257.53,2026-05-27T11:26:09Z
5126,david.garcia586@synthetic-subscriber.example,David,Garcia,Salt Lake City,Utah,84101,US,40.7538016,-111.8456941,preferred,4548.26,2026-05-27T11:26:09Z
5127,barbara.garcia587@synthetic-subscriber.example,Barbara,Garcia,Detroit,Michigan,48201,US,42.3282431,-83.0648428,vip,17444.04,2026-05-27T11:26:09Z
5128,richard.miller588@synthetic-subscriber.example,Richard,Miller,Tampa,Florida,33601,US,27.934102,-82.4750083,new,194.53,2026-05-27T11:26:09Z
5129,susan.miller589@synthetic-subscriber.example,Susan,Miller,Brooklyn,New York,11201,US,40.6897248,-73.9915749,standard,892.78,2026-05-27T11:26:09Z
5130,joseph.davis590@synthetic-subscriber.example,Joseph,Davis,Raleigh,North Carolina,27601,US,35.7754108,-78.6439203,standard,468.65,2026-05-27T11:26:09Z
5131,jessica.davis591@synthetic-subscriber.example,Jessica,Davis,Scottsdale,Arizona,85251,US,33.4788155,-111.9033884,standard,910.28,2026-05-27T11:26:09Z
5132,thomas.rodriguez592@synthetic-subscriber.example,Thomas,Rodriguez,Honolulu,Hawaii,96801,US,21.2958272,-157.8833606,preferred,4368.51,2026-05-27T11:26:09Z
5133,sarah.rodriguez593@synthetic-subscriber.example,Sarah,Rodriguez,Boulder,Colorado,80301,US,39.9757729,-105.2426544,preferred,5407,2026-05-27T11:26:09Z
5134,christopher.martinez594@synthetic-subscriber.example,Christopher,Martinez,Savannah,Georgia,31401,US,32.0714825,-81.0463308,vip,47909.91,2026-05-27T11:26:09Z
5135,karen.martinez595@synthetic-subscriber.example,Karen,Martinez,New York,New York,10001,US,40.7225201,-74.0268904,new,90.78,2026-05-27T11:26:09Z
5136,charles.hernandez596@synthetic-subscriber.example,Charles,Hernandez,Los Angeles,California,90001,US,34.0834967,-118.1974488,standard,1796.36,2026-05-27T11:26:09Z
5137,lisa.hernandez597@synthetic-subscriber.example,Lisa,Hernandez,Chicago,Illinois,60601,US,41.9153938,-87.5927072,standard,1433.48,2026-05-27T11:26:09Z
5138,daniel.lopez598@synthetic-subscriber.example,Daniel,Lopez,Houston,Texas,77001,US,29.7746337,-95.3979959,standard,1415.47,2026-05-27T11:26:09Z
5139,nancy.lopez599@synthetic-subscriber.example,Nancy,Lopez,Phoenix,Arizona,85001,US,33.4858927,-112.0750149,preferred,5322.87,2026-05-27T11:26:09Z
5140,matthew.gonzalez600@synthetic-subscriber.example,Matthew,Gonzalez,Philadelphia,Pennsylvania,19101,US,39.9394001,-75.1801577,preferred,5419.85,2026-05-27T11:26:09Z
5141,betty.gonzalez601@synthetic-subscriber.example,Betty,Gonzalez,San Antonio,Texas,78201,US,29.3941999,-98.5433234,vip,26311.71,2026-05-27T11:26:09Z
5142,anthony.wilson602@synthetic-subscriber.example,Anthony,Wilson,San Diego,California,92101,US,32.7532181,-117.1292456,new,13.82,2026-05-27T11:26:09Z
5143,margaret.wilson603@synthetic-subscriber.example,Margaret,Wilson,Dallas,Texas,75201,US,32.7361933,-96.8375994,standard,522.76,2026-05-27T11:26:09Z
5144,mark.anderson604@synthetic-subscriber.example,Mark,Anderson,San Jose,California,95101,US,37.3342448,-121.8527158,standard,1824.33,2026-05-27T11:26:09Z
5145,sandra.anderson605@synthetic-subscriber.example,Sandra,Anderson,Austin,Texas,73301,US,30.2902418,-97.7865368,standard,1813.33,2026-05-27T11:26:09Z
5146,donald.thomas606@synthetic-subscriber.example,Donald,Thomas,Jacksonville,Florida,32099,US,30.3687459,-81.6909013,preferred,5204.68,2026-05-27T11:26:09Z
5147,ashley.thomas607@synthetic-subscriber.example,Ashley,Thomas,Fort Worth,Texas,76101,US,32.7174082,-97.3319814,preferred,2991,2026-05-27T11:26:09Z
5148,steven.taylor608@synthetic-subscriber.example,Steven,Taylor,Columbus,Ohio,43085,US,39.9998381,-83.0387555,vip,45373.04,2026-05-27T11:26:09Z
5149,kimberly.taylor609@synthetic-subscriber.example,Kimberly,Taylor,Charlotte,North Carolina,28201,US,35.1815016,-80.8709918,new,132.17,2026-05-27T11:26:09Z
5150,andrew.moore610@synthetic-subscriber.example,Andrew,Moore,Indianapolis,Indiana,46201,US,39.7296622,-86.1323727,standard,512.24,2026-05-27T11:26:09Z
5151,emily.moore611@synthetic-subscriber.example,Emily,Moore,San Francisco,California,94101,US,37.7352165,-122.4385271,standard,1239.65,2026-05-27T11:26:09Z
5152,paul.jackson612@synthetic-subscriber.example,Paul,Jackson,Seattle,Washington,98101,US,47.5584661,-122.3539994,standard,1584.32,2026-05-27T11:26:09Z
5153,donna.jackson613@synthetic-subscriber.example,Donna,Jackson,Denver,Colorado,80201,US,39.7568388,-104.9710865,preferred,6370.65,2026-05-27T11:26:09Z
5154,joshua.martin614@synthetic-subscriber.example,Joshua,Martin,Nashville,Tennessee,37201,US,36.1927362,-86.8042585,preferred,3695.72,2026-05-27T11:26:09Z
5155,michelle.martin615@synthetic-subscriber.example,Michelle,Martin,Portland,Oregon,97201,US,45.5255582,-122.6680644,vip,40925.91,2026-05-27T11:26:09Z
5156,kenneth.lee616@synthetic-subscriber.example,Kenneth,Lee,Las Vegas,Nevada,89101,US,36.1492023,-115.1390204,new,187.31,2026-05-27T11:26:09Z
5157,carol.lee617@synthetic-subscriber.example,Carol,Lee,Miami,Florida,33101,US,25.8018982,-80.1423992,standard,795.45,2026-05-27T11:26:09Z
5158,kevin.perez618@synthetic-subscriber.example,Kevin,Perez,Atlanta,Georgia,30301,US,33.7518585,-84.4125619,standard,1958.27,2026-05-27T11:26:09Z
5159,amanda.perez619@synthetic-subscriber.example,Amanda,Perez,Boston,Massachusetts,02101,US,42.3235431,-71.0843985,standard,956.65,2026-05-27T11:26:09Z
5160,brian.thompson620@synthetic-subscriber.example,Brian,Thompson,Minneapolis,Minnesota,55401,US,44.9564074,-93.2162197,preferred,2566.94,2026-05-27T11:26:09Z
5161,dorothy.thompson621@synthetic-subscriber.example,Dorothy,Thompson,Salt Lake City,Utah,84101,US,40.7930321,-111.9211902,preferred,5030.72,2026-05-27T11:26:09Z
5162,george.white622@synthetic-subscriber.example,George,White,Detroit,Michigan,48201,US,42.3502763,-83.0474891,vip,23123.07,2026-05-27T11:26:09Z
5163,melissa.white623@synthetic-subscriber.example,Melissa,White,Tampa,Florida,33601,US,27.9674987,-82.4665194,new,23.37,2026-05-27T11:26:09Z
5164,timothy.harris624@synthetic-subscriber.example,Timothy,Harris,Brooklyn,New York,11201,US,40.7267771,-73.927618,standard,1539.76,2026-05-27T11:26:09Z
5165,deborah.harris625@synthetic-subscriber.example,Deborah,Harris,Raleigh,North Carolina,27601,US,35.7378783,-78.6159336,standard,900.66,2026-05-27T11:26:09Z
5166,aiden.sanchez626@synthetic-subscriber.example,Aiden,Sanchez,Scottsdale,Arizona,85251,US,33.5275739,-111.9581596,standard,273.93,2026-05-27T11:26:09Z
5167,sofia.sanchez627@synthetic-subscriber.example,Sofia,Sanchez,Honolulu,Hawaii,96801,US,21.2595865,-157.8137003,preferred,5257.69,2026-05-27T11:26:09Z
5168,liam.clark628@synthetic-subscriber.example,Liam,Clark,Boulder,Colorado,80301,US,39.9845003,-105.2563793,preferred,2505.63,2026-05-27T11:26:09Z
5169,olivia.clark629@synthetic-subscriber.example,Olivia,Clark,Savannah,Georgia,31401,US,32.0359685,-81.1174404,vip,5524.44,2026-05-27T11:26:09Z
5170,noah.ramirez630@synthetic-subscriber.example,Noah,Ramirez,New York,New York,10001,US,40.6633071,-74.0251266,new,110.75,2026-05-27T11:26:09Z
5171,emma.ramirez631@synthetic-subscriber.example,Emma,Ramirez,Los Angeles,California,90001,US,34.0365053,-118.2438291,standard,610.74,2026-05-27T11:26:09Z
5172,ethan.lewis632@synthetic-subscriber.example,Ethan,Lewis,Chicago,Illinois,60601,US,41.9068837,-87.6308875,standard,1791.44,2026-05-27T11:26:09Z
5173,ava.lewis633@synthetic-subscriber.example,Ava,Lewis,Houston,Texas,77001,US,29.8019201,-95.3925431,standard,1537.4,2026-05-27T11:26:09Z
5174,mason.robinson634@synthetic-subscriber.example,Mason,Robinson,Phoenix,Arizona,85001,US,33.4678328,-112.0961206,preferred,1071.14,2026-05-27T11:26:09Z
5175,isabella.robinson635@synthetic-subscriber.example,Isabella,Robinson,Philadelphia,Pennsylvania,19101,US,39.9813429,-75.1167235,preferred,2215.31,2026-05-27T11:26:09Z
5176,lucas.walker636@synthetic-subscriber.example,Lucas,Walker,San Antonio,Texas,78201,US,29.3810578,-98.5073676,vip,37250.24,2026-05-27T11:26:09Z
5177,mia.walker637@synthetic-subscriber.example,Mia,Walker,San Diego,California,92101,US,32.6716109,-117.1949704,new,86.76,2026-05-27T11:26:09Z
5178,logan.young638@synthetic-subscriber.example,Logan,Young,Dallas,Texas,75201,US,32.7705939,-96.7988924,standard,462.92,2026-05-27T11:26:09Z
5179,charlotte.young639@synthetic-subscriber.example,Charlotte,Young,San Jose,California,95101,US,37.3469471,-121.8489994,standard,1295.12,2026-05-27T11:26:09Z
5180,jackson.allen640@synthetic-subscriber.example,Jackson,Allen,Austin,Texas,73301,US,30.3128479,-97.7237166,standard,927.82,2026-05-27T11:26:09Z
5181,amelia.allen641@synthetic-subscriber.example,Amelia,Allen,Jacksonville,Florida,32099,US,30.3207657,-81.7044959,preferred,6542.9,2026-05-27T11:26:09Z
5182,sebastian.king642@synthetic-subscriber.example,Sebastian,King,Fort Worth,Texas,76101,US,32.7703,-97.3034392,preferred,7338.61,2026-05-27T11:26:09Z
5183,harper.king643@synthetic-subscriber.example,Harper,King,Columbus,Ohio,43085,US,39.9289926,-82.9490016,vip,11972.51,2026-05-27T11:26:09Z
5184,mateo.wright644@synthetic-subscriber.example,Mateo,Wright,Charlotte,North Carolina,28201,US,35.1872704,-80.8402933,new,199.05,2026-05-27T11:26:09Z
5185,evelyn.wright645@synthetic-subscriber.example,Evelyn,Wright,Indianapolis,Indiana,46201,US,39.7965857,-86.1266706,standard,970.58,2026-05-27T11:26:09Z
5186,henry.scott646@synthetic-subscriber.example,Henry,Scott,San Francisco,California,94101,US,37.8180762,-122.4429419,standard,1868.45,2026-05-27T11:26:09Z
5187,luna.scott647@synthetic-subscriber.example,Luna,Scott,Seattle,Washington,98101,US,47.600744,-122.3711206,standard,106.71,2026-05-27T11:26:09Z
5188,owen.torres648@synthetic-subscriber.example,Owen,Torres,Denver,Colorado,80201,US,39.7636756,-104.9958991,preferred,3792.25,2026-05-27T11:26:09Z
5189,camila.torres649@synthetic-subscriber.example,Camila,Torres,Nashville,Tennessee,37201,US,36.2024819,-86.7385475,preferred,6528.67,2026-05-27T11:26:09Z
5190,wyatt.nguyen650@synthetic-subscriber.example,Wyatt,Nguyen,Portland,Oregon,97201,US,45.4977928,-122.6539684,vip,21727.21,2026-05-27T11:26:09Z
5191,aria.nguyen651@synthetic-subscriber.example,Aria,Nguyen,Las Vegas,Nevada,89101,US,36.1747367,-115.1597142,new,36.59,2026-05-27T11:26:09Z
5192,jack.hill652@synthetic-subscriber.example,Jack,Hill,Miami,Florida,33101,US,25.8032678,-80.2075672,standard,640.76,2026-05-27T11:26:09Z
5193,scarlett.hill653@synthetic-subscriber.example,Scarlett,Hill,Atlanta,Georgia,30301,US,33.7318561,-84.3414644,standard,199.57,2026-05-27T11:26:09Z
5194,leo.flores654@synthetic-subscriber.example,Leo,Flores,Boston,Massachusetts,02101,US,42.3812905,-71.0917717,standard,1967.22,2026-05-27T11:26:09Z
5195,penelope.flores655@synthetic-subscriber.example,Penelope,Flores,Minneapolis,Minnesota,55401,US,45.0169984,-93.2309034,preferred,7232.74,2026-05-27T11:26:09Z
5196,asher.green656@synthetic-subscriber.example,Asher,Green,Salt Lake City,Utah,84101,US,40.7229774,-111.9039299,preferred,7829.13,2026-05-27T11:26:09Z
5197,layla.green657@synthetic-subscriber.example,Layla,Green,Detroit,Michigan,48201,US,42.3446542,-83.0925089,vip,38554.58,2026-05-27T11:26:09Z
5198,ezra.adams658@synthetic-subscriber.example,Ezra,Adams,Tampa,Florida,33601,US,27.9840587,-82.4370766,new,196.56,2026-05-27T11:26:09Z
5199,chloe.adams659@synthetic-subscriber.example,Chloe,Adams,Brooklyn,New York,11201,US,40.6863653,-73.9658524,standard,361.9,2026-05-27T11:26:09Z
5200,benjamin.nelson660@synthetic-subscriber.example,Benjamin,Nelson,Raleigh,North Carolina,27601,US,35.7573232,-78.5908072,standard,1890.87,2026-05-27T11:26:09Z
5201,riley.nelson661@synthetic-subscriber.example,Riley,Nelson,Scottsdale,Arizona,85251,US,33.4779903,-111.9034707,standard,1084.06,2026-05-27T11:26:09Z
5202,caleb.baker662@synthetic-subscriber.example,Caleb,Baker,Honolulu,Hawaii,96801,US,21.2848843,-157.9065617,preferred,3091.9,2026-05-27T11:26:09Z
5203,zoey.baker663@synthetic-subscriber.example,Zoey,Baker,Boulder,Colorado,80301,US,40.0160601,-105.3094582,preferred,7092.76,2026-05-27T11:26:09Z
5204,samuel.hall664@synthetic-subscriber.example,Samuel,Hall,Savannah,Georgia,31401,US,32.1222511,-81.0768333,vip,40084.25,2026-05-27T11:26:09Z
5205,nora.hall665@synthetic-subscriber.example,Nora,Hall,New York,New York,10001,US,40.7521922,-74.0222577,new,87.17,2026-05-27T11:26:09Z
5206,dylan.rivera666@synthetic-subscriber.example,Dylan,Rivera,Los Angeles,California,90001,US,34.0396483,-118.207047,standard,1906.45,2026-05-27T11:26:09Z
5207,lily.rivera667@synthetic-subscriber.example,Lily,Rivera,Chicago,Illinois,60601,US,41.8816468,-87.6267639,standard,1647.95,2026-05-27T11:26:09Z
5208,gabriel.campbell668@synthetic-subscriber.example,Gabriel,Campbell,Houston,Texas,77001,US,29.7458517,-95.4037485,standard,1930.53,2026-05-27T11:26:09Z
5209,eleanor.campbell669@synthetic-subscriber.example,Eleanor,Campbell,Phoenix,Arizona,85001,US,33.4304801,-112.110998,preferred,4118.85,2026-05-27T11:26:09Z
5210,elijah.mitchell670@synthetic-subscriber.example,Elijah,Mitchell,Philadelphia,Pennsylvania,19101,US,39.9253176,-75.195909,preferred,5090.34,2026-05-27T11:26:09Z
5211,hannah.mitchell671@synthetic-subscriber.example,Hannah,Mitchell,San Antonio,Texas,78201,US,29.4311327,-98.4769537,vip,19231.51,2026-05-27T11:26:09Z
5212,james.carter672@synthetic-subscriber.example,James,Carter,San Diego,California,92101,US,32.6938591,-117.1119252,new,138.33,2026-05-27T11:26:09Z
5213,mary.carter673@synthetic-subscriber.example,Mary,Carter,Dallas,Texas,75201,US,32.8027785,-96.8067415,standard,458.46,2026-05-27T11:26:09Z
5214,john.roberts674@synthetic-subscriber.example,John,Roberts,San Jose,California,95101,US,37.3637241,-121.9327715,standard,1907.63,2026-05-27T11:26:09Z
5215,patricia.roberts675@synthetic-subscriber.example,Patricia,Roberts,Austin,Texas,73301,US,30.2353521,-97.7404536,standard,127.3,2026-05-27T11:26:09Z
5216,robert.gomez676@synthetic-subscriber.example,Robert,Gomez,Jacksonville,Florida,32099,US,30.3755561,-81.684793,preferred,3592.34,2026-05-27T11:26:09Z
5217,jennifer.gomez677@synthetic-subscriber.example,Jennifer,Gomez,Fort Worth,Texas,76101,US,32.8007554,-97.3690879,preferred,4974.35,2026-05-27T11:26:09Z
5218,michael.phillips678@synthetic-subscriber.example,Michael,Phillips,Columbus,Ohio,43085,US,40.0018001,-82.9856252,vip,41622.67,2026-05-27T11:26:09Z
5219,linda.phillips679@synthetic-subscriber.example,Linda,Phillips,Charlotte,North Carolina,28201,US,35.2734475,-80.8272296,new,26.89,2026-05-27T11:26:09Z
5220,william.evans680@synthetic-subscriber.example,William,Evans,Indianapolis,Indiana,46201,US,39.8067177,-86.1573982,standard,1727,2026-05-27T11:26:09Z
5221,elizabeth.evans681@synthetic-subscriber.example,Elizabeth,Evans,San Francisco,California,94101,US,37.743565,-122.4613071,standard,499.56,2026-05-27T11:26:09Z
5222,david.turner682@synthetic-subscriber.example,David,Turner,Seattle,Washington,98101,US,47.6033299,-122.3625898,standard,1576.07,2026-05-27T11:26:09Z
5223,barbara.turner683@synthetic-subscriber.example,Barbara,Turner,Denver,Colorado,80201,US,39.7516529,-104.9748293,preferred,5447.9,2026-05-27T11:26:09Z
5224,richard.diaz684@synthetic-subscriber.example,Richard,Diaz,Nashville,Tennessee,37201,US,36.2029144,-86.8186276,preferred,6180.06,2026-05-27T11:26:09Z
5225,susan.diaz685@synthetic-subscriber.example,Susan,Diaz,Portland,Oregon,97201,US,45.5481079,-122.6567012,vip,45581.67,2026-05-27T11:26:09Z
5226,joseph.parker686@synthetic-subscriber.example,Joseph,Parker,Las Vegas,Nevada,89101,US,36.153277,-115.1609922,new,11.36,2026-05-27T11:26:09Z
5227,jessica.parker687@synthetic-subscriber.example,Jessica,Parker,Miami,Florida,33101,US,25.7130315,-80.2144645,standard,802.21,2026-05-27T11:26:09Z
5228,thomas.cruz688@synthetic-subscriber.example,Thomas,Cruz,Atlanta,Georgia,30301,US,33.7388172,-84.4246823,standard,569.57,2026-05-27T11:26:09Z
5229,sarah.cruz689@synthetic-subscriber.example,Sarah,Cruz,Boston,Massachusetts,02101,US,42.3551699,-71.0555198,standard,1666.85,2026-05-27T11:26:09Z
5230,christopher.edwards690@synthetic-subscriber.example,Christopher,Edwards,Minneapolis,Minnesota,55401,US,44.9825962,-93.2985232,preferred,3276.18,2026-05-27T11:26:09Z
5231,karen.edwards691@synthetic-subscriber.example,Karen,Edwards,Salt Lake City,Utah,84101,US,40.7506959,-111.8462565,preferred,4491.36,2026-05-27T11:26:09Z
5232,charles.collins692@synthetic-subscriber.example,Charles,Collins,Detroit,Michigan,48201,US,42.3542265,-83.073146,vip,26758.11,2026-05-27T11:26:09Z
5233,lisa.collins693@synthetic-subscriber.example,Lisa,Collins,Tampa,Florida,33601,US,27.9655783,-82.4265951,new,46.08,2026-05-27T11:26:09Z
5234,daniel.reyes694@synthetic-subscriber.example,Daniel,Reyes,Brooklyn,New York,11201,US,40.6392343,-73.9106294,standard,444.23,2026-05-27T11:26:09Z
5235,nancy.reyes695@synthetic-subscriber.example,Nancy,Reyes,Raleigh,North Carolina,27601,US,35.776558,-78.6100367,standard,743.71,2026-05-27T11:26:09Z
5236,matthew.stewart696@synthetic-subscriber.example,Matthew,Stewart,Scottsdale,Arizona,85251,US,33.5312662,-111.9521228,standard,1684.81,2026-05-27T11:26:09Z
5237,betty.stewart697@synthetic-subscriber.example,Betty,Stewart,Honolulu,Hawaii,96801,US,21.3073028,-157.810621,preferred,7438.78,2026-05-27T11:26:09Z
5238,anthony.morris698@synthetic-subscriber.example,Anthony,Morris,Boulder,Colorado,80301,US,39.9753455,-105.2923651,preferred,7524.42,2026-05-27T11:26:09Z
5239,margaret.morris699@synthetic-subscriber.example,Margaret,Morris,Savannah,Georgia,31401,US,32.0343952,-81.0774651,vip,33808.79,2026-05-27T11:26:09Z
5240,mark.morales700@synthetic-subscriber.example,Mark,Morales,New York,New York,10001,US,40.6730049,-74.0540739,new,122.95,2026-05-27T11:26:09Z
5241,sandra.morales701@synthetic-subscriber.example,Sandra,Morales,Los Angeles,California,90001,US,34.0156181,-118.2913513,standard,783.75,2026-05-27T11:26:09Z
5242,donald.murphy702@synthetic-subscriber.example,Donald,Murphy,Chicago,Illinois,60601,US,41.8504522,-87.6167591,standard,1244.07,2026-05-27T11:26:09Z
5243,ashley.murphy703@synthetic-subscriber.example,Ashley,Murphy,Houston,Texas,77001,US,29.7236202,-95.3719138,standard,776.9,2026-05-27T11:26:09Z
5244,steven.cook704@synthetic-subscriber.example,Steven,Cook,Phoenix,Arizona,85001,US,33.4221996,-112.0795887,preferred,4661.26,2026-05-27T11:26:09Z
5245,kimberly.cook705@synthetic-subscriber.example,Kimberly,Cook,Philadelphia,Pennsylvania,19101,US,39.9734379,-75.1669105,preferred,1866.49,2026-05-27T11:26:09Z
5246,andrew.rogers706@synthetic-subscriber.example,Andrew,Rogers,San Antonio,Texas,78201,US,29.3822251,-98.5167167,vip,7474.47,2026-05-27T11:26:09Z
5247,emily.rogers707@synthetic-subscriber.example,Emily,Rogers,San Diego,California,92101,US,32.7401485,-117.1156274,new,74.59,2026-05-27T11:26:09Z
5248,paul.gutierrez708@synthetic-subscriber.example,Paul,Gutierrez,Dallas,Texas,75201,US,32.7524228,-96.7818583,standard,1070.13,2026-05-27T11:26:09Z
5249,donna.gutierrez709@synthetic-subscriber.example,Donna,Gutierrez,San Jose,California,95101,US,37.3020961,-121.892909,standard,947.62,2026-05-27T11:26:09Z
5250,joshua.ortiz710@synthetic-subscriber.example,Joshua,Ortiz,Austin,Texas,73301,US,30.2270244,-97.7100686,standard,1211.09,2026-05-27T11:26:09Z
5251,michelle.ortiz711@synthetic-subscriber.example,Michelle,Ortiz,Jacksonville,Florida,32099,US,30.3412257,-81.6273036,preferred,2720.61,2026-05-27T11:26:09Z
5252,kenneth.morgan712@synthetic-subscriber.example,Kenneth,Morgan,Fort Worth,Texas,76101,US,32.7838314,-97.3474135,preferred,6806.76,2026-05-27T11:26:09Z
5253,carol.morgan713@synthetic-subscriber.example,Carol,Morgan,Columbus,Ohio,43085,US,39.9807058,-82.9886219,vip,25975.16,2026-05-27T11:26:09Z
5254,kevin.cooper714@synthetic-subscriber.example,Kevin,Cooper,Charlotte,North Carolina,28201,US,35.2128147,-80.8822343,new,52.1,2026-05-27T11:26:09Z
5255,amanda.cooper715@synthetic-subscriber.example,Amanda,Cooper,Indianapolis,Indiana,46201,US,39.722761,-86.1868593,standard,1399.38,2026-05-27T11:26:09Z
5256,brian.peterson716@synthetic-subscriber.example,Brian,Peterson,San Francisco,California,94101,US,37.8236048,-122.4509294,standard,973.4,2026-05-27T11:26:09Z
5257,dorothy.peterson717@synthetic-subscriber.example,Dorothy,Peterson,Seattle,Washington,98101,US,47.5575144,-122.3041563,standard,1145.35,2026-05-27T11:26:09Z
5258,george.bailey718@synthetic-subscriber.example,George,Bailey,Denver,Colorado,80201,US,39.7017323,-105.0043724,preferred,5144.53,2026-05-27T11:26:09Z
5259,melissa.bailey719@synthetic-subscriber.example,Melissa,Bailey,Nashville,Tennessee,37201,US,36.1932987,-86.8042858,preferred,5694.75,2026-05-27T11:26:09Z
5260,timothy.reed720@synthetic-subscriber.example,Timothy,Reed,Portland,Oregon,97201,US,45.4838927,-122.6962234,vip,25582.9,2026-05-27T11:26:09Z
5261,deborah.reed721@synthetic-subscriber.example,Deborah,Reed,Las Vegas,Nevada,89101,US,36.1801064,-115.1175541,new,92.14,2026-05-27T11:26:09Z
5262,aiden.kelly722@synthetic-subscriber.example,Aiden,Kelly,Miami,Florida,33101,US,25.7469575,-80.239669,standard,599.37,2026-05-27T11:26:09Z
5263,sofia.kelly723@synthetic-subscriber.example,Sofia,Kelly,Atlanta,Georgia,30301,US,33.7579899,-84.3976563,standard,1578.16,2026-05-27T11:26:09Z
5264,liam.howard724@synthetic-subscriber.example,Liam,Howard,Boston,Massachusetts,02101,US,42.3416483,-71.0650602,standard,260.88,2026-05-27T11:26:09Z
5265,olivia.howard725@synthetic-subscriber.example,Olivia,Howard,Minneapolis,Minnesota,55401,US,44.9334833,-93.2361905,preferred,3642.43,2026-05-27T11:26:09Z
5266,noah.ramos726@synthetic-subscriber.example,Noah,Ramos,Salt Lake City,Utah,84101,US,40.8078277,-111.9165725,preferred,2169.93,2026-05-27T11:26:09Z
5267,emma.ramos727@synthetic-subscriber.example,Emma,Ramos,Detroit,Michigan,48201,US,42.3810299,-83.0805895,vip,42625.55,2026-05-27T11:26:09Z
5268,ethan.kim728@synthetic-subscriber.example,Ethan,Kim,Tampa,Florida,33601,US,27.918286,-82.4848433,new,42.67,2026-05-27T11:26:09Z
5269,ava.kim729@synthetic-subscriber.example,Ava,Kim,Brooklyn,New York,11201,US,40.719848,-73.9545756,standard,460.22,2026-05-27T11:26:09Z
5270,mason.cox730@synthetic-subscriber.example,Mason,Cox,Raleigh,North Carolina,27601,US,35.7582935,-78.5911759,standard,208.5,2026-05-27T11:26:09Z
5271,isabella.cox731@synthetic-subscriber.example,Isabella,Cox,Scottsdale,Arizona,85251,US,33.5368837,-111.9463878,standard,1345.7,2026-05-27T11:26:09Z
5272,lucas.ward732@synthetic-subscriber.example,Lucas,Ward,Honolulu,Hawaii,96801,US,21.3092321,-157.8373278,preferred,3269.68,2026-05-27T11:26:09Z
5273,mia.ward733@synthetic-subscriber.example,Mia,Ward,Boulder,Colorado,80301,US,40.0111862,-105.2571491,preferred,1909.77,2026-05-27T11:26:09Z
5274,logan.richardson734@synthetic-subscriber.example,Logan,Richardson,Savannah,Georgia,31401,US,32.0853361,-81.1109469,vip,32712.98,2026-05-27T11:26:09Z
5275,charlotte.richardson735@synthetic-subscriber.example,Charlotte,Richardson,New York,New York,10001,US,40.7555672,-74.0490023,new,124.62,2026-05-27T11:26:09Z
5276,jackson.watson736@synthetic-subscriber.example,Jackson,Watson,Los Angeles,California,90001,US,34.0781209,-118.28414,standard,1178.31,2026-05-27T11:26:09Z
5277,amelia.watson737@synthetic-subscriber.example,Amelia,Watson,Chicago,Illinois,60601,US,41.8787802,-87.5995714,standard,1246.75,2026-05-27T11:26:09Z
5278,sebastian.brooks738@synthetic-subscriber.example,Sebastian,Brooks,Houston,Texas,77001,US,29.7774745,-95.3834213,standard,907.97,2026-05-27T11:26:09Z
5279,harper.brooks739@synthetic-subscriber.example,Harper,Brooks,Phoenix,Arizona,85001,US,33.4634313,-112.0721456,preferred,4817.34,2026-05-27T11:26:09Z
5280,mateo.chavez740@synthetic-subscriber.example,Mateo,Chavez,Philadelphia,Pennsylvania,19101,US,39.9345932,-75.1512491,preferred,1830.92,2026-05-27T11:26:09Z
5281,evelyn.chavez741@synthetic-subscriber.example,Evelyn,Chavez,San Antonio,Texas,78201,US,29.4174608,-98.4919264,vip,49619.78,2026-05-27T11:26:09Z
5282,henry.wood742@synthetic-subscriber.example,Henry,Wood,San Diego,California,92101,US,32.7065917,-117.1272196,new,140.11,2026-05-27T11:26:09Z
5283,luna.wood743@synthetic-subscriber.example,Luna,Wood,Dallas,Texas,75201,US,32.7774457,-96.7951305,standard,381.43,2026-05-27T11:26:09Z
5284,owen.james744@synthetic-subscriber.example,Owen,James,San Jose,California,95101,US,37.3664977,-121.8848362,standard,901.05,2026-05-27T11:26:09Z
5285,camila.james745@synthetic-subscriber.example,Camila,James,Austin,Texas,73301,US,30.2631228,-97.7007029,standard,1138.93,2026-05-27T11:26:09Z
5286,wyatt.bennett746@synthetic-subscriber.example,Wyatt,Bennett,Jacksonville,Florida,32099,US,30.3602879,-81.6120932,preferred,2554.57,2026-05-27T11:26:09Z
5287,aria.bennett747@synthetic-subscriber.example,Aria,Bennett,Fort Worth,Texas,76101,US,32.7848142,-97.3384718,preferred,3234.17,2026-05-27T11:26:09Z
5288,jack.gray748@synthetic-subscriber.example,Jack,Gray,Columbus,Ohio,43085,US,39.9594353,-82.9530321,vip,13933.84,2026-05-27T11:26:09Z
5289,scarlett.gray749@synthetic-subscriber.example,Scarlett,Gray,Charlotte,North Carolina,28201,US,35.1971964,-80.835385,new,66.81,2026-05-27T11:26:09Z
5290,leo.mendoza750@synthetic-subscriber.example,Leo,Mendoza,Indianapolis,Indiana,46201,US,39.7626943,-86.1237747,standard,1649.77,2026-05-27T11:26:09Z
5291,penelope.mendoza751@synthetic-subscriber.example,Penelope,Mendoza,San Francisco,California,94101,US,37.7370517,-122.379853,standard,763.54,2026-05-27T11:26:09Z
5292,asher.ruiz752@synthetic-subscriber.example,Asher,Ruiz,Seattle,Washington,98101,US,47.5878403,-122.2867722,standard,385.46,2026-05-27T11:26:09Z
5293,layla.ruiz753@synthetic-subscriber.example,Layla,Ruiz,Denver,Colorado,80201,US,39.7663224,-104.9967871,preferred,1989.34,2026-05-27T11:26:09Z
5294,ezra.hughes754@synthetic-subscriber.example,Ezra,Hughes,Nashville,Tennessee,37201,US,36.2116135,-86.7773814,preferred,5120.7,2026-05-27T11:26:09Z
5295,chloe.hughes755@synthetic-subscriber.example,Chloe,Hughes,Portland,Oregon,97201,US,45.4802358,-122.631797,vip,32460.73,2026-05-27T11:26:09Z
5296,benjamin.price756@synthetic-subscriber.example,Benjamin,Price,Las Vegas,Nevada,89101,US,36.1846329,-115.1446377,new,145.25,2026-05-27T11:26:09Z
5297,riley.price757@synthetic-subscriber.example,Riley,Price,Miami,Florida,33101,US,25.7981501,-80.1974545,standard,669.72,2026-05-27T11:26:09Z
5298,caleb.alvarez758@synthetic-subscriber.example,Caleb,Alvarez,Atlanta,Georgia,30301,US,33.7307233,-84.3577715,standard,1889.47,2026-05-27T11:26:09Z
5299,zoey.alvarez759@synthetic-subscriber.example,Zoey,Alvarez,Boston,Massachusetts,02101,US,42.3426578,-71.0454427,standard,1234.66,2026-05-27T11:26:09Z
5300,samuel.castillo760@synthetic-subscriber.example,Samuel,Castillo,Minneapolis,Minnesota,55401,US,44.9794225,-93.229814,preferred,1657.2,2026-05-27T11:26:09Z
5301,nora.castillo761@synthetic-subscriber.example,Nora,Castillo,Salt Lake City,Utah,84101,US,40.7605351,-111.8781025,preferred,5774.39,2026-05-27T11:26:09Z
5302,dylan.sanders762@synthetic-subscriber.example,Dylan,Sanders,Detroit,Michigan,48201,US,42.3385848,-83.085862,vip,23637.44,2026-05-27T11:26:09Z
5303,lily.sanders763@synthetic-subscriber.example,Lily,Sanders,Tampa,Florida,33601,US,27.9694141,-82.4841548,new,93.58,2026-05-27T11:26:09Z
5304,gabriel.patel764@synthetic-subscriber.example,Gabriel,Patel,Brooklyn,New York,11201,US,40.7092754,-73.9171986,standard,782.29,2026-05-27T11:26:09Z
5305,eleanor.patel765@synthetic-subscriber.example,Eleanor,Patel,Raleigh,North Carolina,27601,US,35.8225406,-78.59385,standard,1008.68,2026-05-27T11:26:09Z
5306,elijah.myers766@synthetic-subscriber.example,Elijah,Myers,Scottsdale,Arizona,85251,US,33.5366786,-111.9631318,standard,839.69,2026-05-27T11:26:09Z
5307,hannah.myers767@synthetic-subscriber.example,Hannah,Myers,Honolulu,Hawaii,96801,US,21.3202883,-157.9017534,preferred,3865.12,2026-05-27T11:26:09Z
5308,james.smith768@synthetic-subscriber.example,James,Smith,Boulder,Colorado,80301,US,40.0407492,-105.2444824,preferred,1144.23,2026-05-27T11:26:09Z
5309,mary.smith769@synthetic-subscriber.example,Mary,Smith,Savannah,Georgia,31401,US,32.125542,-81.0964904,vip,34049.17,2026-05-27T11:26:09Z
5310,john.johnson770@synthetic-subscriber.example,John,Johnson,New York,New York,10001,US,40.6872131,-73.9727372,new,106.01,2026-05-27T11:26:09Z
5311,patricia.johnson771@synthetic-subscriber.example,Patricia,Johnson,Los Angeles,California,90001,US,34.0845391,-118.2668425,standard,1629.76,2026-05-27T11:26:09Z
5312,robert.williams772@synthetic-subscriber.example,Robert,Williams,Chicago,Illinois,60601,US,41.8283837,-87.6237017,standard,221.8,2026-05-27T11:26:09Z
5313,jennifer.williams773@synthetic-subscriber.example,Jennifer,Williams,Houston,Texas,77001,US,29.7182154,-95.3359501,standard,1318.98,2026-05-27T11:26:09Z
5314,michael.brown774@synthetic-subscriber.example,Michael,Brown,Phoenix,Arizona,85001,US,33.4069357,-112.0781917,preferred,2375.37,2026-05-27T11:26:09Z
5315,linda.brown775@synthetic-subscriber.example,Linda,Brown,Philadelphia,Pennsylvania,19101,US,39.9804109,-75.1358092,preferred,2551.46,2026-05-27T11:26:09Z
5316,william.jones776@synthetic-subscriber.example,William,Jones,San Antonio,Texas,78201,US,29.4072137,-98.5193981,vip,22412.97,2026-05-27T11:26:09Z
5317,elizabeth.jones777@synthetic-subscriber.example,Elizabeth,Jones,San Diego,California,92101,US,32.6663492,-117.1151539,new,186.39,2026-05-27T11:26:09Z
5318,david.garcia778@synthetic-subscriber.example,David,Garcia,Dallas,Texas,75201,US,32.7381491,-96.8196283,standard,1430.07,2026-05-27T11:26:09Z
5319,barbara.garcia779@synthetic-subscriber.example,Barbara,Garcia,San Jose,California,95101,US,37.3209594,-121.8919228,standard,1262.87,2026-05-27T11:26:09Z
5320,richard.miller780@synthetic-subscriber.example,Richard,Miller,Austin,Texas,73301,US,30.3116209,-97.7115021,standard,244.53,2026-05-27T11:26:09Z
5321,susan.miller781@synthetic-subscriber.example,Susan,Miller,Jacksonville,Florida,32099,US,30.3095053,-81.6545468,preferred,7524.06,2026-05-27T11:26:09Z
5322,joseph.davis782@synthetic-subscriber.example,Joseph,Davis,Fort Worth,Texas,76101,US,32.7478204,-97.2994409,preferred,4493.19,2026-05-27T11:26:09Z
5323,jessica.davis783@synthetic-subscriber.example,Jessica,Davis,Columbus,Ohio,43085,US,39.9231821,-83.048044,vip,19894.88,2026-05-27T11:26:09Z
5324,thomas.rodriguez784@synthetic-subscriber.example,Thomas,Rodriguez,Charlotte,North Carolina,28201,US,35.2356792,-80.8920857,new,156.4,2026-05-27T11:26:09Z
5325,sarah.rodriguez785@synthetic-subscriber.example,Sarah,Rodriguez,Indianapolis,Indiana,46201,US,39.781494,-86.1669008,standard,1216.75,2026-05-27T11:26:09Z
5326,christopher.martinez786@synthetic-subscriber.example,Christopher,Martinez,San Francisco,California,94101,US,37.765656,-122.4605372,standard,1732.81,2026-05-27T11:26:09Z
5327,karen.martinez787@synthetic-subscriber.example,Karen,Martinez,Seattle,Washington,98101,US,47.6139504,-122.2868088,standard,104.17,2026-05-27T11:26:09Z
5328,charles.hernandez788@synthetic-subscriber.example,Charles,Hernandez,Denver,Colorado,80201,US,39.7122082,-105.0044378,preferred,3845.9,2026-05-27T11:26:09Z
5329,lisa.hernandez789@synthetic-subscriber.example,Lisa,Hernandez,Nashville,Tennessee,37201,US,36.1544174,-86.8165015,preferred,1744.41,2026-05-27T11:26:09Z
5330,daniel.lopez790@synthetic-subscriber.example,Daniel,Lopez,Portland,Oregon,97201,US,45.4792174,-122.6336954,vip,37055.61,2026-05-27T11:26:09Z
5331,nancy.lopez791@synthetic-subscriber.example,Nancy,Lopez,Las Vegas,Nevada,89101,US,36.1772575,-115.1546793,new,75.39,2026-05-27T11:26:09Z
5332,matthew.gonzalez792@synthetic-subscriber.example,Matthew,Gonzalez,Miami,Florida,33101,US,25.7812508,-80.1909439,standard,765.06,2026-05-27T11:26:09Z
5333,betty.gonzalez793@synthetic-subscriber.example,Betty,Gonzalez,Atlanta,Georgia,30301,US,33.7542635,-84.348207,standard,616.18,2026-05-27T11:26:09Z
5334,anthony.wilson794@synthetic-subscriber.example,Anthony,Wilson,Boston,Massachusetts,02101,US,42.3269954,-71.0172071,standard,1622.79,2026-05-27T11:26:09Z
5335,margaret.wilson795@synthetic-subscriber.example,Margaret,Wilson,Minneapolis,Minnesota,55401,US,44.9797731,-93.2512568,preferred,2765.14,2026-05-27T11:26:09Z
5336,mark.anderson796@synthetic-subscriber.example,Mark,Anderson,Salt Lake City,Utah,84101,US,40.7667412,-111.8887949,preferred,3600.17,2026-05-27T11:26:09Z
5337,sandra.anderson797@synthetic-subscriber.example,Sandra,Anderson,Detroit,Michigan,48201,US,42.3428232,-83.0052903,vip,21305.54,2026-05-27T11:26:09Z
5338,donald.thomas798@synthetic-subscriber.example,Donald,Thomas,Tampa,Florida,33601,US,27.9488627,-82.489771,new,79.34,2026-05-27T11:26:09Z
5339,ashley.thomas799@synthetic-subscriber.example,Ashley,Thomas,Brooklyn,New York,11201,US,40.6320353,-73.9251773,standard,431.74,2026-05-27T11:26:09Z
5340,steven.taylor800@synthetic-subscriber.example,Steven,Taylor,Raleigh,North Carolina,27601,US,35.7507374,-78.6318621,standard,1358.78,2026-05-27T11:26:09Z
5341,kimberly.taylor801@synthetic-subscriber.example,Kimberly,Taylor,Scottsdale,Arizona,85251,US,33.514996,-111.9067605,standard,1545.21,2026-05-27T11:26:09Z
5342,andrew.moore802@synthetic-subscriber.example,Andrew,Moore,Honolulu,Hawaii,96801,US,21.270103,-157.8801699,preferred,3511.37,2026-05-27T11:26:09Z
5343,emily.moore803@synthetic-subscriber.example,Emily,Moore,Boulder,Colorado,80301,US,40.0509438,-105.3021425,preferred,4630.93,2026-05-27T11:26:09Z
5344,paul.jackson804@synthetic-subscriber.example,Paul,Jackson,Savannah,Georgia,31401,US,32.0969842,-81.0835486,vip,18946.47,2026-05-27T11:26:09Z
5345,donna.jackson805@synthetic-subscriber.example,Donna,Jackson,New York,New York,10001,US,40.6882358,-74.0462766,new,1.11,2026-05-27T11:26:09Z
5346,joshua.martin806@synthetic-subscriber.example,Joshua,Martin,Los Angeles,California,90001,US,34.080001,-118.2147506,standard,1221.65,2026-05-27T11:26:09Z
5347,michelle.martin807@synthetic-subscriber.example,Michelle,Martin,Chicago,Illinois,60601,US,41.874969,-87.6766595,standard,1773.28,2026-05-27T11:26:09Z
5348,kenneth.lee808@synthetic-subscriber.example,Kenneth,Lee,Houston,Texas,77001,US,29.721303,-95.3575198,standard,206.56,2026-05-27T11:26:09Z
5349,carol.lee809@synthetic-subscriber.example,Carol,Lee,Phoenix,Arizona,85001,US,33.4535563,-112.0628072,preferred,1849.35,2026-05-27T11:26:09Z
5350,kevin.perez810@synthetic-subscriber.example,Kevin,Perez,Philadelphia,Pennsylvania,19101,US,39.9038547,-75.1245118,preferred,1290.04,2026-05-27T11:26:09Z
5351,amanda.perez811@synthetic-subscriber.example,Amanda,Perez,San Antonio,Texas,78201,US,29.3773311,-98.5175406,vip,8237.31,2026-05-27T11:26:09Z
5352,brian.thompson812@synthetic-subscriber.example,Brian,Thompson,San Diego,California,92101,US,32.6817236,-117.1810016,new,118.27,2026-05-27T11:26:09Z
5353,dorothy.thompson813@synthetic-subscriber.example,Dorothy,Thompson,Dallas,Texas,75201,US,32.8037867,-96.8090831,standard,476.64,2026-05-27T11:26:09Z
5354,george.white814@synthetic-subscriber.example,George,White,San Jose,California,95101,US,37.3563375,-121.9142746,standard,1659.91,2026-05-27T11:26:09Z
5355,melissa.white815@synthetic-subscriber.example,Melissa,White,Austin,Texas,73301,US,30.2539903,-97.706241,standard,287.27,2026-05-27T11:26:09Z
5356,timothy.harris816@synthetic-subscriber.example,Timothy,Harris,Jacksonville,Florida,32099,US,30.3809027,-81.6796363,preferred,1016.32,2026-05-27T11:26:09Z
5357,deborah.harris817@synthetic-subscriber.example,Deborah,Harris,Fort Worth,Texas,76101,US,32.7110273,-97.3300956,preferred,7746.49,2026-05-27T11:26:09Z
5358,aiden.sanchez818@synthetic-subscriber.example,Aiden,Sanchez,Columbus,Ohio,43085,US,39.9830598,-83.0167595,vip,37473.45,2026-05-27T11:26:09Z
5359,sofia.sanchez819@synthetic-subscriber.example,Sofia,Sanchez,Charlotte,North Carolina,28201,US,35.2652973,-80.8671478,new,37.24,2026-05-27T11:26:09Z
5360,liam.clark820@synthetic-subscriber.example,Liam,Clark,Indianapolis,Indiana,46201,US,39.7584202,-86.1936423,standard,680.11,2026-05-27T11:26:09Z
5361,olivia.clark821@synthetic-subscriber.example,Olivia,Clark,San Francisco,California,94101,US,37.7839645,-122.3802251,standard,457.55,2026-05-27T11:26:09Z
5362,noah.ramirez822@synthetic-subscriber.example,Noah,Ramirez,Seattle,Washington,98101,US,47.6463247,-122.2999922,standard,943.92,2026-05-27T11:26:09Z
5363,emma.ramirez823@synthetic-subscriber.example,Emma,Ramirez,Denver,Colorado,80201,US,39.7095788,-105.0377775,preferred,7142.48,2026-05-27T11:26:09Z
5364,ethan.lewis824@synthetic-subscriber.example,Ethan,Lewis,Nashville,Tennessee,37201,US,36.153835,-86.7856615,preferred,4334.82,2026-05-27T11:26:09Z
5365,ava.lewis825@synthetic-subscriber.example,Ava,Lewis,Portland,Oregon,97201,US,45.5631237,-122.6447407,vip,5438.67,2026-05-27T11:26:09Z
5366,mason.robinson826@synthetic-subscriber.example,Mason,Robinson,Las Vegas,Nevada,89101,US,36.1257413,-115.1801942,new,180,2026-05-27T11:26:09Z
5367,isabella.robinson827@synthetic-subscriber.example,Isabella,Robinson,Miami,Florida,33101,US,25.7202121,-80.1811164,standard,1778.53,2026-05-27T11:26:09Z
5368,lucas.walker828@synthetic-subscriber.example,Lucas,Walker,Atlanta,Georgia,30301,US,33.7753066,-84.3648855,standard,326.05,2026-05-27T11:26:09Z
5369,mia.walker829@synthetic-subscriber.example,Mia,Walker,Boston,Massachusetts,02101,US,42.3359121,-71.0174716,standard,531.85,2026-05-27T11:26:09Z
5370,logan.young830@synthetic-subscriber.example,Logan,Young,Minneapolis,Minnesota,55401,US,45.0174649,-93.2589562,preferred,4640.81,2026-05-27T11:26:09Z
5371,charlotte.young831@synthetic-subscriber.example,Charlotte,Young,Salt Lake City,Utah,84101,US,40.7494413,-111.9048488,preferred,4118.92,2026-05-27T11:26:09Z
5372,jackson.allen832@synthetic-subscriber.example,Jackson,Allen,Detroit,Michigan,48201,US,42.3079175,-83.0375379,vip,17191.29,2026-05-27T11:26:09Z
5373,amelia.allen833@synthetic-subscriber.example,Amelia,Allen,Tampa,Florida,33601,US,27.9982062,-82.4500309,new,8.27,2026-05-27T11:26:09Z
5374,sebastian.king834@synthetic-subscriber.example,Sebastian,King,Brooklyn,New York,11201,US,40.6760734,-73.9543622,standard,1798.25,2026-05-27T11:26:09Z
5375,harper.king835@synthetic-subscriber.example,Harper,King,Raleigh,North Carolina,27601,US,35.8269533,-78.684749,standard,1468.04,2026-05-27T11:26:09Z
5376,mateo.wright836@synthetic-subscriber.example,Mateo,Wright,Scottsdale,Arizona,85251,US,33.5063627,-111.8983989,standard,752.91,2026-05-27T11:26:09Z
5377,evelyn.wright837@synthetic-subscriber.example,Evelyn,Wright,Honolulu,Hawaii,96801,US,21.263862,-157.8115906,preferred,3915.24,2026-05-27T11:26:09Z
5378,henry.scott838@synthetic-subscriber.example,Henry,Scott,Boulder,Colorado,80301,US,40.0074295,-105.3041732,preferred,7064.51,2026-05-27T11:26:09Z
5379,luna.scott839@synthetic-subscriber.example,Luna,Scott,Savannah,Georgia,31401,US,32.072447,-81.0563234,vip,44407.48,2026-05-27T11:26:09Z
5380,owen.torres840@synthetic-subscriber.example,Owen,Torres,New York,New York,10001,US,40.7592285,-73.9762105,new,161.21,2026-05-27T11:26:09Z
5381,camila.torres841@synthetic-subscriber.example,Camila,Torres,Los Angeles,California,90001,US,34.0345058,-118.2346799,standard,824.88,2026-05-27T11:26:09Z
5382,wyatt.nguyen842@synthetic-subscriber.example,Wyatt,Nguyen,Chicago,Illinois,60601,US,41.9028321,-87.6121475,standard,834.8,2026-05-27T11:26:09Z
5383,aria.nguyen843@synthetic-subscriber.example,Aria,Nguyen,Houston,Texas,77001,US,29.715508,-95.3242701,standard,179.81,2026-05-27T11:26:09Z
5384,jack.hill844@synthetic-subscriber.example,Jack,Hill,Phoenix,Arizona,85001,US,33.477781,-112.0702853,preferred,3857.99,2026-05-27T11:26:09Z
5385,scarlett.hill845@synthetic-subscriber.example,Scarlett,Hill,Philadelphia,Pennsylvania,19101,US,39.9629461,-75.2093346,preferred,4461.05,2026-05-27T11:26:09Z
5386,leo.flores846@synthetic-subscriber.example,Leo,Flores,San Antonio,Texas,78201,US,29.4203608,-98.5051306,vip,33860.56,2026-05-27T11:26:09Z
5387,penelope.flores847@synthetic-subscriber.example,Penelope,Flores,San Diego,California,92101,US,32.7300749,-117.1783259,new,101.63,2026-05-27T11:26:09Z
5388,asher.green848@synthetic-subscriber.example,Asher,Green,Dallas,Texas,75201,US,32.7653474,-96.8149056,standard,1774.62,2026-05-27T11:26:09Z
5389,layla.green849@synthetic-subscriber.example,Layla,Green,San Jose,California,95101,US,37.3203282,-121.8561117,standard,1475.04,2026-05-27T11:26:09Z
5390,ezra.adams850@synthetic-subscriber.example,Ezra,Adams,Austin,Texas,73301,US,30.224895,-97.770154,standard,499.53,2026-05-27T11:26:09Z
5391,chloe.adams851@synthetic-subscriber.example,Chloe,Adams,Jacksonville,Florida,32099,US,30.3244848,-81.6757881,preferred,3663.62,2026-05-27T11:26:09Z
5392,benjamin.nelson852@synthetic-subscriber.example,Benjamin,Nelson,Fort Worth,Texas,76101,US,32.7335552,-97.3581945,preferred,2133.24,2026-05-27T11:26:09Z
5393,riley.nelson853@synthetic-subscriber.example,Riley,Nelson,Columbus,Ohio,43085,US,39.9874028,-83.0463387,vip,8370.64,2026-05-27T11:26:09Z
5394,caleb.baker854@synthetic-subscriber.example,Caleb,Baker,Charlotte,North Carolina,28201,US,35.252292,-80.8515562,new,197.96,2026-05-27T11:26:09Z
5395,zoey.baker855@synthetic-subscriber.example,Zoey,Baker,Indianapolis,Indiana,46201,US,39.8094898,-86.1407918,standard,696.9,2026-05-27T11:26:09Z
5396,samuel.hall856@synthetic-subscriber.example,Samuel,Hall,San Francisco,California,94101,US,37.7756704,-122.3807096,standard,148.92,2026-05-27T11:26:09Z
5397,nora.hall857@synthetic-subscriber.example,Nora,Hall,Seattle,Washington,98101,US,47.5945878,-122.3761781,standard,1141.13,2026-05-27T11:26:09Z
5398,dylan.rivera858@synthetic-subscriber.example,Dylan,Rivera,Denver,Colorado,80201,US,39.7579411,-105.0052241,preferred,2235.55,2026-05-27T11:26:09Z
5399,lily.rivera859@synthetic-subscriber.example,Lily,Rivera,Nashville,Tennessee,37201,US,36.1232221,-86.767166,preferred,1831.87,2026-05-27T11:26:09Z
5400,gabriel.campbell860@synthetic-subscriber.example,Gabriel,Campbell,Portland,Oregon,97201,US,45.5249014,-122.6459729,vip,22643.78,2026-05-27T11:26:09Z
5401,eleanor.campbell861@synthetic-subscriber.example,Eleanor,Campbell,Las Vegas,Nevada,89101,US,36.1621523,-115.1424072,new,181.2,2026-05-27T11:26:09Z
5402,elijah.mitchell862@synthetic-subscriber.example,Elijah,Mitchell,Miami,Florida,33101,US,25.7687175,-80.2343638,standard,583.39,2026-05-27T11:26:09Z
5403,hannah.mitchell863@synthetic-subscriber.example,Hannah,Mitchell,Atlanta,Georgia,30301,US,33.7559339,-84.401451,standard,1550.08,2026-05-27T11:26:09Z
5404,james.carter864@synthetic-subscriber.example,James,Carter,Boston,Massachusetts,02101,US,42.3732154,-71.0874471,standard,258.21,2026-05-27T11:26:09Z
5405,mary.carter865@synthetic-subscriber.example,Mary,Carter,Minneapolis,Minnesota,55401,US,45.0100314,-93.2595353,preferred,6600.92,2026-05-27T11:26:09Z
5406,john.roberts866@synthetic-subscriber.example,John,Roberts,Salt Lake City,Utah,84101,US,40.8015126,-111.8515822,preferred,1005.76,2026-05-27T11:26:09Z
5407,patricia.roberts867@synthetic-subscriber.example,Patricia,Roberts,Detroit,Michigan,48201,US,42.3085667,-83.025284,vip,14353.14,2026-05-27T11:26:09Z
5408,robert.gomez868@synthetic-subscriber.example,Robert,Gomez,Tampa,Florida,33601,US,27.9392784,-82.4307639,new,172.22,2026-05-27T11:26:09Z
5409,jennifer.gomez869@synthetic-subscriber.example,Jennifer,Gomez,Brooklyn,New York,11201,US,40.6781356,-73.9413931,standard,1202.42,2026-05-27T11:26:09Z
5410,michael.phillips870@synthetic-subscriber.example,Michael,Phillips,Raleigh,North Carolina,27601,US,35.7849975,-78.6004434,standard,1892.57,2026-05-27T11:26:09Z
5411,linda.phillips871@synthetic-subscriber.example,Linda,Phillips,Scottsdale,Arizona,85251,US,33.5422889,-111.9576449,standard,195.62,2026-05-27T11:26:09Z
5412,william.evans872@synthetic-subscriber.example,William,Evans,Honolulu,Hawaii,96801,US,21.2813227,-157.8760905,preferred,4489.79,2026-05-27T11:26:09Z
5413,elizabeth.evans873@synthetic-subscriber.example,Elizabeth,Evans,Boulder,Colorado,80301,US,39.9727361,-105.2724764,preferred,4428.6,2026-05-27T11:26:09Z
5414,david.turner874@synthetic-subscriber.example,David,Turner,Savannah,Georgia,31401,US,32.0418014,-81.1273142,vip,6735.71,2026-05-27T11:26:09Z
5415,barbara.turner875@synthetic-subscriber.example,Barbara,Turner,New York,New York,10001,US,40.6976093,-74.0353808,new,20.29,2026-05-27T11:26:09Z
5416,richard.diaz876@synthetic-subscriber.example,Richard,Diaz,Los Angeles,California,90001,US,34.0199329,-118.2342464,standard,1266.35,2026-05-27T11:26:09Z
5417,susan.diaz877@synthetic-subscriber.example,Susan,Diaz,Chicago,Illinois,60601,US,41.8607687,-87.6421112,standard,565.38,2026-05-27T11:26:09Z
5418,joseph.parker878@synthetic-subscriber.example,Joseph,Parker,Houston,Texas,77001,US,29.7357187,-95.3214201,standard,764.05,2026-05-27T11:26:09Z
5419,jessica.parker879@synthetic-subscriber.example,Jessica,Parker,Phoenix,Arizona,85001,US,33.4470205,-112.0318121,preferred,5120.42,2026-05-27T11:26:09Z
5420,thomas.cruz880@synthetic-subscriber.example,Thomas,Cruz,Philadelphia,Pennsylvania,19101,US,39.9223877,-75.2027849,preferred,1013.98,2026-05-27T11:26:09Z
5421,sarah.cruz881@synthetic-subscriber.example,Sarah,Cruz,San Antonio,Texas,78201,US,29.4554529,-98.4885773,vip,47836.79,2026-05-27T11:26:09Z
5422,christopher.edwards882@synthetic-subscriber.example,Christopher,Edwards,San Diego,California,92101,US,32.7238807,-117.1235619,new,110.01,2026-05-27T11:26:09Z
5423,karen.edwards883@synthetic-subscriber.example,Karen,Edwards,Dallas,Texas,75201,US,32.7556931,-96.7570325,standard,1119.59,2026-05-27T11:26:09Z
5424,charles.collins884@synthetic-subscriber.example,Charles,Collins,San Jose,California,95101,US,37.2921394,-121.934686,standard,166.28,2026-05-27T11:26:09Z
5425,lisa.collins885@synthetic-subscriber.example,Lisa,Collins,Austin,Texas,73301,US,30.248128,-97.731124,standard,162.77,2026-05-27T11:26:09Z
5426,daniel.reyes886@synthetic-subscriber.example,Daniel,Reyes,Jacksonville,Florida,32099,US,30.3296969,-81.6492887,preferred,7379.46,2026-05-27T11:26:09Z
5427,nancy.reyes887@synthetic-subscriber.example,Nancy,Reyes,Fort Worth,Texas,76101,US,32.7880157,-97.2981958,preferred,3512.28,2026-05-27T11:26:09Z
5428,matthew.stewart888@synthetic-subscriber.example,Matthew,Stewart,Columbus,Ohio,43085,US,39.9404958,-82.9680838,vip,45723.06,2026-05-27T11:26:09Z
5429,betty.stewart889@synthetic-subscriber.example,Betty,Stewart,Charlotte,North Carolina,28201,US,35.2409958,-80.8463906,new,172.27,2026-05-27T11:26:09Z
5430,anthony.morris890@synthetic-subscriber.example,Anthony,Morris,Indianapolis,Indiana,46201,US,39.7684537,-86.1638897,standard,302.22,2026-05-27T11:26:09Z
5431,margaret.morris891@synthetic-subscriber.example,Margaret,Morris,San Francisco,California,94101,US,37.7690729,-122.380311,standard,947.87,2026-05-27T11:26:09Z
5432,mark.morales892@synthetic-subscriber.example,Mark,Morales,Seattle,Washington,98101,US,47.6150612,-122.3130178,standard,157.88,2026-05-27T11:26:09Z
5433,sandra.morales893@synthetic-subscriber.example,Sandra,Morales,Denver,Colorado,80201,US,39.7530057,-104.9764976,preferred,1099.67,2026-05-27T11:26:09Z
5434,donald.murphy894@synthetic-subscriber.example,Donald,Murphy,Nashville,Tennessee,37201,US,36.1775749,-86.8099277,preferred,1741.07,2026-05-27T11:26:09Z
5435,ashley.murphy895@synthetic-subscriber.example,Ashley,Murphy,Portland,Oregon,97201,US,45.4929974,-122.6648033,vip,32480.45,2026-05-27T11:26:09Z
5436,steven.cook896@synthetic-subscriber.example,Steven,Cook,Las Vegas,Nevada,89101,US,36.1459851,-115.1169845,new,199.33,2026-05-27T11:26:09Z
5437,kimberly.cook897@synthetic-subscriber.example,Kimberly,Cook,Miami,Florida,33101,US,25.8064529,-80.2106637,standard,1141.03,2026-05-27T11:26:09Z
5438,andrew.rogers898@synthetic-subscriber.example,Andrew,Rogers,Atlanta,Georgia,30301,US,33.7896953,-84.3889165,standard,1521.05,2026-05-27T11:26:09Z
5439,emily.rogers899@synthetic-subscriber.example,Emily,Rogers,Boston,Massachusetts,02101,US,42.3914294,-71.0636514,standard,1869.49,2026-05-27T11:26:09Z
5440,paul.gutierrez900@synthetic-subscriber.example,Paul,Gutierrez,Minneapolis,Minnesota,55401,US,44.9934471,-93.3067655,preferred,1121.25,2026-05-27T11:26:09Z
5441,donna.gutierrez901@synthetic-subscriber.example,Donna,Gutierrez,Salt Lake City,Utah,84101,US,40.809087,-111.867834,preferred,3222.39,2026-05-27T11:26:09Z
5442,joshua.ortiz902@synthetic-subscriber.example,Joshua,Ortiz,Detroit,Michigan,48201,US,42.2879347,-83.0329994,vip,40575.42,2026-05-27T11:26:09Z
5443,michelle.ortiz903@synthetic-subscriber.example,Michelle,Ortiz,Tampa,Florida,33601,US,27.9053275,-82.4124663,new,141.39,2026-05-27T11:26:09Z
5444,kenneth.morgan904@synthetic-subscriber.example,Kenneth,Morgan,Brooklyn,New York,11201,US,40.6299219,-73.9818282,standard,589.79,2026-05-27T11:26:09Z
5445,carol.morgan905@synthetic-subscriber.example,Carol,Morgan,Raleigh,North Carolina,27601,US,35.8265574,-78.6778869,standard,1583.59,2026-05-27T11:26:09Z
5446,kevin.cooper906@synthetic-subscriber.example,Kevin,Cooper,Scottsdale,Arizona,85251,US,33.5343605,-111.920719,standard,977.82,2026-05-27T11:26:09Z
5447,amanda.cooper907@synthetic-subscriber.example,Amanda,Cooper,Honolulu,Hawaii,96801,US,21.2978277,-157.8496513,preferred,4747.22,2026-05-27T11:26:09Z
5448,brian.peterson908@synthetic-subscriber.example,Brian,Peterson,Boulder,Colorado,80301,US,40.0504351,-105.2797509,preferred,6449.2,2026-05-27T11:26:09Z
5449,dorothy.peterson909@synthetic-subscriber.example,Dorothy,Peterson,Savannah,Georgia,31401,US,32.0686559,-81.1156978,vip,46982.24,2026-05-27T11:26:09Z
5450,george.bailey910@synthetic-subscriber.example,George,Bailey,New York,New York,10001,US,40.6675785,-74.0314917,new,68.68,2026-05-27T11:26:09Z
5451,melissa.bailey911@synthetic-subscriber.example,Melissa,Bailey,Los Angeles,California,90001,US,34.0353723,-118.2316073,standard,1569.02,2026-05-27T11:26:09Z
5452,timothy.reed912@synthetic-subscriber.example,Timothy,Reed,Chicago,Illinois,60601,US,41.9177432,-87.6083904,standard,802.4,2026-05-27T11:26:09Z
5453,deborah.reed913@synthetic-subscriber.example,Deborah,Reed,Houston,Texas,77001,US,29.7421639,-95.3872751,standard,1704.99,2026-05-27T11:26:09Z
5454,aiden.kelly914@synthetic-subscriber.example,Aiden,Kelly,Phoenix,Arizona,85001,US,33.4238432,-112.096193,preferred,5083.13,2026-05-27T11:26:09Z
5455,sofia.kelly915@synthetic-subscriber.example,Sofia,Kelly,Philadelphia,Pennsylvania,19101,US,39.9354748,-75.1234897,preferred,6963.11,2026-05-27T11:26:09Z
5456,liam.howard916@synthetic-subscriber.example,Liam,Howard,San Antonio,Texas,78201,US,29.395093,-98.4627442,vip,23652.23,2026-05-27T11:26:09Z
5457,olivia.howard917@synthetic-subscriber.example,Olivia,Howard,San Diego,California,92101,US,32.712363,-117.188843,new,8.93,2026-05-27T11:26:09Z
5458,noah.ramos918@synthetic-subscriber.example,Noah,Ramos,Dallas,Texas,75201,US,32.8062779,-96.7959178,standard,174.05,2026-05-27T11:26:09Z
5459,emma.ramos919@synthetic-subscriber.example,Emma,Ramos,San Jose,California,95101,US,37.3132423,-121.9002571,standard,1030.69,2026-05-27T11:26:09Z
5460,ethan.kim920@synthetic-subscriber.example,Ethan,Kim,Austin,Texas,73301,US,30.2305941,-97.7817868,standard,1974.7,2026-05-27T11:26:09Z
5461,ava.kim921@synthetic-subscriber.example,Ava,Kim,Jacksonville,Florida,32099,US,30.3302129,-81.6678001,preferred,7111.63,2026-05-27T11:26:09Z
5462,mason.cox922@synthetic-subscriber.example,Mason,Cox,Fort Worth,Texas,76101,US,32.7682467,-97.2894349,preferred,4977.85,2026-05-27T11:26:09Z
5463,isabella.cox923@synthetic-subscriber.example,Isabella,Cox,Columbus,Ohio,43085,US,39.9737566,-83.0200787,vip,42701.6,2026-05-27T11:26:09Z
5464,lucas.ward924@synthetic-subscriber.example,Lucas,Ward,Charlotte,North Carolina,28201,US,35.1816313,-80.8774963,new,85.68,2026-05-27T11:26:09Z
5465,mia.ward925@synthetic-subscriber.example,Mia,Ward,Indianapolis,Indiana,46201,US,39.757119,-86.1342975,standard,1680.57,2026-05-27T11:26:09Z
5466,logan.richardson926@synthetic-subscriber.example,Logan,Richardson,San Francisco,California,94101,US,37.7441951,-122.462972,standard,1056.82,2026-05-27T11:26:09Z
5467,charlotte.richardson927@synthetic-subscriber.example,Charlotte,Richardson,Seattle,Washington,98101,US,47.6539583,-122.2976812,standard,510.49,2026-05-27T11:26:09Z
5468,jackson.watson928@synthetic-subscriber.example,Jackson,Watson,Denver,Colorado,80201,US,39.7274349,-104.9559436,preferred,4343.15,2026-05-27T11:26:09Z
5469,amelia.watson929@synthetic-subscriber.example,Amelia,Watson,Nashville,Tennessee,37201,US,36.1390002,-86.7733853,preferred,6291.33,2026-05-27T11:26:09Z
5470,sebastian.brooks930@synthetic-subscriber.example,Sebastian,Brooks,Portland,Oregon,97201,US,45.5008365,-122.7253627,vip,49161.03,2026-05-27T11:26:09Z
5471,harper.brooks931@synthetic-subscriber.example,Harper,Brooks,Las Vegas,Nevada,89101,US,36.1916819,-115.1100232,new,165.45,2026-05-27T11:26:09Z
5472,mateo.chavez932@synthetic-subscriber.example,Mateo,Chavez,Miami,Florida,33101,US,25.7268568,-80.1536101,standard,1438.07,2026-05-27T11:26:09Z
5473,evelyn.chavez933@synthetic-subscriber.example,Evelyn,Chavez,Atlanta,Georgia,30301,US,33.7679686,-84.3425686,standard,464.27,2026-05-27T11:26:09Z
5474,henry.wood934@synthetic-subscriber.example,Henry,Wood,Boston,Massachusetts,02101,US,42.3943875,-71.0833758,standard,488.2,2026-05-27T11:26:09Z
5475,luna.wood935@synthetic-subscriber.example,Luna,Wood,Minneapolis,Minnesota,55401,US,45.0154524,-93.2296181,preferred,7752.17,2026-05-27T11:26:09Z
5476,owen.james936@synthetic-subscriber.example,Owen,James,Salt Lake City,Utah,84101,US,40.7650563,-111.842127,preferred,7724.17,2026-05-27T11:26:09Z
5477,camila.james937@synthetic-subscriber.example,Camila,James,Detroit,Michigan,48201,US,42.3519885,-83.0729993,vip,30879.59,2026-05-27T11:26:09Z
5478,wyatt.bennett938@synthetic-subscriber.example,Wyatt,Bennett,Tampa,Florida,33601,US,27.9470274,-82.455571,new,40.92,2026-05-27T11:26:09Z
5479,aria.bennett939@synthetic-subscriber.example,Aria,Bennett,Brooklyn,New York,11201,US,40.6910995,-73.9198869,standard,1917.72,2026-05-27T11:26:09Z
5480,jack.gray940@synthetic-subscriber.example,Jack,Gray,Raleigh,North Carolina,27601,US,35.784562,-78.5898168,standard,1926.18,2026-05-27T11:26:09Z
5481,scarlett.gray941@synthetic-subscriber.example,Scarlett,Gray,Scottsdale,Arizona,85251,US,33.5107041,-111.9417615,standard,1893.65,2026-05-27T11:26:09Z
5482,leo.mendoza942@synthetic-subscriber.example,Leo,Mendoza,Honolulu,Hawaii,96801,US,21.2701629,-157.888612,preferred,1594.86,2026-05-27T11:26:09Z
5483,penelope.mendoza943@synthetic-subscriber.example,Penelope,Mendoza,Boulder,Colorado,80301,US,39.96736,-105.3128124,preferred,1265.55,2026-05-27T11:26:09Z
5484,asher.ruiz944@synthetic-subscriber.example,Asher,Ruiz,Savannah,Georgia,31401,US,32.1016906,-81.1376174,vip,36155.28,2026-05-27T11:26:09Z
5485,layla.ruiz945@synthetic-subscriber.example,Layla,Ruiz,New York,New York,10001,US,40.6808644,-73.9705892,new,63.9,2026-05-27T11:26:09Z
5486,ezra.hughes946@synthetic-subscriber.example,Ezra,Hughes,Los Angeles,California,90001,US,34.0460188,-118.2012087,standard,1426.21,2026-05-27T11:26:09Z
5487,chloe.hughes947@synthetic-subscriber.example,Chloe,Hughes,Chicago,Illinois,60601,US,41.8612007,-87.5829113,standard,1681.36,2026-05-27T11:26:09Z
5488,benjamin.price948@synthetic-subscriber.example,Benjamin,Price,Houston,Texas,77001,US,29.7289973,-95.3377361,standard,1639.29,2026-05-27T11:26:09Z
5489,riley.price949@synthetic-subscriber.example,Riley,Price,Phoenix,Arizona,85001,US,33.4767924,-112.0893186,preferred,4826.64,2026-05-27T11:26:09Z
5490,caleb.alvarez950@synthetic-subscriber.example,Caleb,Alvarez,Philadelphia,Pennsylvania,19101,US,39.9691394,-75.1450812,preferred,4786.29,2026-05-27T11:26:09Z
5491,zoey.alvarez951@synthetic-subscriber.example,Zoey,Alvarez,San Antonio,Texas,78201,US,29.3876745,-98.5081273,vip,43957.9,2026-05-27T11:26:09Z
5492,samuel.castillo952@synthetic-subscriber.example,Samuel,Castillo,San Diego,California,92101,US,32.6946296,-117.1135496,new,59.54,2026-05-27T11:26:09Z
5493,nora.castillo953@synthetic-subscriber.example,Nora,Castillo,Dallas,Texas,75201,US,32.7269531,-96.7569875,standard,959.03,2026-05-27T11:26:09Z
5494,dylan.sanders954@synthetic-subscriber.example,Dylan,Sanders,San Jose,California,95101,US,37.3534935,-121.9112531,standard,1868.32,2026-05-27T11:26:09Z
5495,lily.sanders955@synthetic-subscriber.example,Lily,Sanders,Austin,Texas,73301,US,30.3066625,-97.7044471,standard,146.66,2026-05-27T11:26:09Z
5496,gabriel.patel956@synthetic-subscriber.example,Gabriel,Patel,Jacksonville,Florida,32099,US,30.3724625,-81.6154538,preferred,1574.8,2026-05-27T11:26:09Z
5497,eleanor.patel957@synthetic-subscriber.example,Eleanor,Patel,Fort Worth,Texas,76101,US,32.784399,-97.2847999,preferred,4088.42,2026-05-27T11:26:09Z
5498,elijah.myers958@synthetic-subscriber.example,Elijah,Myers,Columbus,Ohio,43085,US,39.9883298,-82.9752406,vip,37040.79,2026-05-27T11:26:09Z
5499,hannah.myers959@synthetic-subscriber.example,Hannah,Myers,Charlotte,North Carolina,28201,US,35.2261687,-80.8482035,new,160.89,2026-05-27T11:26:09Z
5500,james.smith960@synthetic-subscriber.example,James,Smith,Indianapolis,Indiana,46201,US,39.7809879,-86.1282977,standard,1411.38,2026-05-27T11:26:09Z
5501,mary.smith961@synthetic-subscriber.example,Mary,Smith,San Francisco,California,94101,US,37.8152667,-122.4534655,standard,1806.33,2026-05-27T11:26:09Z
5502,john.johnson962@synthetic-subscriber.example,John,Johnson,Seattle,Washington,98101,US,47.6552039,-122.2823798,standard,920.05,2026-05-27T11:26:09Z
5503,patricia.johnson963@synthetic-subscriber.example,Patricia,Johnson,Denver,Colorado,80201,US,39.7663646,-105.0219825,preferred,1079.31,2026-05-27T11:26:09Z
5504,robert.williams964@synthetic-subscriber.example,Robert,Williams,Nashville,Tennessee,37201,US,36.1755703,-86.8224877,preferred,6279.63,2026-05-27T11:26:09Z
5505,jennifer.williams965@synthetic-subscriber.example,Jennifer,Williams,Portland,Oregon,97201,US,45.5508849,-122.7058369,vip,12892.18,2026-05-27T11:26:09Z
5506,michael.brown966@synthetic-subscriber.example,Michael,Brown,Las Vegas,Nevada,89101,US,36.2091267,-115.1809402,new,171.08,2026-05-27T11:26:09Z
5507,linda.brown967@synthetic-subscriber.example,Linda,Brown,Miami,Florida,33101,US,25.8104866,-80.1845086,standard,1473.89,2026-05-27T11:26:09Z
5508,william.jones968@synthetic-subscriber.example,William,Jones,Atlanta,Georgia,30301,US,33.7242916,-84.3943308,standard,682.95,2026-05-27T11:26:09Z
5509,elizabeth.jones969@synthetic-subscriber.example,Elizabeth,Jones,Boston,Massachusetts,02101,US,42.3771203,-71.0462569,standard,929.89,2026-05-27T11:26:09Z
5510,david.garcia970@synthetic-subscriber.example,David,Garcia,Minneapolis,Minnesota,55401,US,45.0265899,-93.2234825,preferred,6625.85,2026-05-27T11:26:09Z
5511,barbara.garcia971@synthetic-subscriber.example,Barbara,Garcia,Salt Lake City,Utah,84101,US,40.7458192,-111.8503803,preferred,6414.69,2026-05-27T11:26:09Z
5512,richard.miller972@synthetic-subscriber.example,Richard,Miller,Detroit,Michigan,48201,US,42.3176298,-83.0315026,vip,7676.13,2026-05-27T11:26:09Z
5513,susan.miller973@synthetic-subscriber.example,Susan,Miller,Tampa,Florida,33601,US,27.9041885,-82.440573,new,49.53,2026-05-27T11:26:09Z
5514,joseph.davis974@synthetic-subscriber.example,Joseph,Davis,Brooklyn,New York,11201,US,40.7118347,-73.9410672,standard,232.44,2026-05-27T11:26:09Z
5515,jessica.davis975@synthetic-subscriber.example,Jessica,Davis,Raleigh,North Carolina,27601,US,35.7912584,-78.6236161,standard,1987.81,2026-05-27T11:26:09Z
5516,thomas.rodriguez976@synthetic-subscriber.example,Thomas,Rodriguez,Scottsdale,Arizona,85251,US,33.5009433,-111.9097434,standard,452.7,2026-05-27T11:26:09Z
5517,sarah.rodriguez977@synthetic-subscriber.example,Sarah,Rodriguez,Honolulu,Hawaii,96801,US,21.3096574,-157.8604447,preferred,6769.35,2026-05-27T11:26:09Z
5518,christopher.martinez978@synthetic-subscriber.example,Christopher,Martinez,Boulder,Colorado,80301,US,40.0647014,-105.2326205,preferred,1153.15,2026-05-27T11:26:09Z
5519,karen.martinez979@synthetic-subscriber.example,Karen,Martinez,Savannah,Georgia,31401,US,32.0643851,-81.0838131,vip,15562.19,2026-05-27T11:26:09Z
5520,charles.hernandez980@synthetic-subscriber.example,Charles,Hernandez,New York,New York,10001,US,40.6863295,-73.9582062,new,157.16,2026-05-27T11:26:09Z
5521,lisa.hernandez981@synthetic-subscriber.example,Lisa,Hernandez,Los Angeles,California,90001,US,34.0806856,-118.2815163,standard,1833.52,2026-05-27T11:26:09Z
5522,daniel.lopez982@synthetic-subscriber.example,Daniel,Lopez,Chicago,Illinois,60601,US,41.9094702,-87.5806999,standard,269.81,2026-05-27T11:26:09Z
5523,nancy.lopez983@synthetic-subscriber.example,Nancy,Lopez,Houston,Texas,77001,US,29.7527053,-95.3305266,standard,1494.79,2026-05-27T11:26:09Z
5524,matthew.gonzalez984@synthetic-subscriber.example,Matthew,Gonzalez,Phoenix,Arizona,85001,US,33.4909119,-112.0511386,preferred,7243.31,2026-05-27T11:26:09Z
5525,betty.gonzalez985@synthetic-subscriber.example,Betty,Gonzalez,Philadelphia,Pennsylvania,19101,US,39.9742687,-75.154755,preferred,5339.48,2026-05-27T11:26:09Z
5526,anthony.wilson986@synthetic-subscriber.example,Anthony,Wilson,San Antonio,Texas,78201,US,29.4233448,-98.4615651,vip,14843.87,2026-05-27T11:26:09Z
5527,margaret.wilson987@synthetic-subscriber.example,Margaret,Wilson,San Diego,California,92101,US,32.6917975,-117.1913223,new,20.05,2026-05-27T11:26:09Z
5528,mark.anderson988@synthetic-subscriber.example,Mark,Anderson,Dallas,Texas,75201,US,32.8092571,-96.7485087,standard,299.47,2026-05-27T11:26:09Z
5529,sandra.anderson989@synthetic-subscriber.example,Sandra,Anderson,San Jose,California,95101,US,37.2890242,-121.8677957,standard,1608.54,2026-05-27T11:26:09Z
5530,donald.thomas990@synthetic-subscriber.example,Donald,Thomas,Austin,Texas,73301,US,30.3017246,-97.7333406,standard,1012.13,2026-05-27T11:26:09Z
5531,ashley.thomas991@synthetic-subscriber.example,Ashley,Thomas,Jacksonville,Florida,32099,US,30.2982049,-81.6236259,preferred,5346.39,2026-05-27T11:26:09Z
5532,steven.taylor992@synthetic-subscriber.example,Steven,Taylor,Fort Worth,Texas,76101,US,32.7214076,-97.3157951,preferred,6516.75,2026-05-27T11:26:09Z
5533,kimberly.taylor993@synthetic-subscriber.example,Kimberly,Taylor,Columbus,Ohio,43085,US,39.9839683,-83.0448363,vip,28504.79,2026-05-27T11:26:09Z
5534,andrew.moore994@synthetic-subscriber.example,Andrew,Moore,Charlotte,North Carolina,28201,US,35.1848534,-80.8438448,new,107.71,2026-05-27T11:26:09Z
5535,emily.moore995@synthetic-subscriber.example,Emily,Moore,Indianapolis,Indiana,46201,US,39.7628118,-86.1836739,standard,845.14,2026-05-27T11:26:09Z
5536,paul.jackson996@synthetic-subscriber.example,Paul,Jackson,San Francisco,California,94101,US,37.7489631,-122.4204538,standard,257.71,2026-05-27T11:26:09Z
5537,donna.jackson997@synthetic-subscriber.example,Donna,Jackson,Seattle,Washington,98101,US,47.5896974,-122.3225174,standard,1428.37,2026-05-27T11:26:09Z
5538,joshua.martin998@synthetic-subscriber.example,Joshua,Martin,Denver,Colorado,80201,US,39.778276,-105.0342134,preferred,6401.52,2026-05-27T11:26:09Z
5539,michelle.martin999@synthetic-subscriber.example,Michelle,Martin,Nashville,Tennessee,37201,US,36.1833347,-86.7522902,preferred,7739.96,2026-05-27T11:26:09Z
5540,kenneth.lee1000@synthetic-subscriber.example,Kenneth,Lee,Portland,Oregon,97201,US,45.5221439,-122.6625052,vip,41309.6,2026-05-27T11:26:09Z
5541,carol.lee1001@synthetic-subscriber.example,Carol,Lee,Las Vegas,Nevada,89101,US,36.155401,-115.1314898,new,117.72,2026-05-27T11:26:09Z
5542,kevin.perez1002@synthetic-subscriber.example,Kevin,Perez,Miami,Florida,33101,US,25.7797009,-80.2333805,standard,1455.6,2026-05-27T11:26:09Z
5543,amanda.perez1003@synthetic-subscriber.example,Amanda,Perez,Atlanta,Georgia,30301,US,33.7132255,-84.393563,standard,819.46,2026-05-27T11:26:09Z
5544,brian.thompson1004@synthetic-subscriber.example,Brian,Thompson,Boston,Massachusetts,02101,US,42.3858326,-71.0519018,standard,1323.77,2026-05-27T11:26:09Z
5545,dorothy.thompson1005@synthetic-subscriber.example,Dorothy,Thompson,Minneapolis,Minnesota,55401,US,44.9770438,-93.2444907,preferred,3190.31,2026-05-27T11:26:09Z
5546,george.white1006@synthetic-subscriber.example,George,White,Salt Lake City,Utah,84101,US,40.7295987,-111.9343798,preferred,4094.26,2026-05-27T11:26:09Z
5547,melissa.white1007@synthetic-subscriber.example,Melissa,White,Detroit,Michigan,48201,US,42.3307114,-83.0614784,vip,26346.9,2026-05-27T11:26:09Z
5548,timothy.harris1008@synthetic-subscriber.example,Timothy,Harris,Tampa,Florida,33601,US,27.9257713,-82.4335994,new,56.17,2026-05-27T11:26:09Z
5549,deborah.harris1009@synthetic-subscriber.example,Deborah,Harris,Brooklyn,New York,11201,US,40.6865764,-73.9075604,standard,1351.07,2026-05-27T11:26:09Z
5550,aiden.sanchez1010@synthetic-subscriber.example,Aiden,Sanchez,Raleigh,North Carolina,27601,US,35.7890987,-78.6153485,standard,1266.29,2026-05-27T11:26:09Z
5551,sofia.sanchez1011@synthetic-subscriber.example,Sofia,Sanchez,Scottsdale,Arizona,85251,US,33.4552923,-111.9678307,standard,687.09,2026-05-27T11:26:09Z
5552,liam.clark1012@synthetic-subscriber.example,Liam,Clark,Honolulu,Hawaii,96801,US,21.2821049,-157.8325457,preferred,5359.17,2026-05-27T11:26:09Z
5553,olivia.clark1013@synthetic-subscriber.example,Olivia,Clark,Boulder,Colorado,80301,US,40.0420843,-105.2618627,preferred,5037.23,2026-05-27T11:26:09Z
5554,noah.ramirez1014@synthetic-subscriber.example,Noah,Ramirez,Savannah,Georgia,31401,US,32.103609,-81.0414043,vip,35988.41,2026-05-27T11:26:09Z
5555,emma.ramirez1015@synthetic-subscriber.example,Emma,Ramirez,New York,New York,10001,US,40.6640045,-73.9732588,new,11.89,2026-05-27T11:26:09Z
5556,ethan.lewis1016@synthetic-subscriber.example,Ethan,Lewis,Los Angeles,California,90001,US,34.0235683,-118.2858253,standard,671.75,2026-05-27T11:26:09Z
5557,ava.lewis1017@synthetic-subscriber.example,Ava,Lewis,Chicago,Illinois,60601,US,41.8718227,-87.6598539,standard,341.43,2026-05-27T11:26:09Z
5558,mason.robinson1018@synthetic-subscriber.example,Mason,Robinson,Houston,Texas,77001,US,29.7191749,-95.3376848,standard,359,2026-05-27T11:26:09Z
5559,isabella.robinson1019@synthetic-subscriber.example,Isabella,Robinson,Phoenix,Arizona,85001,US,33.4231055,-112.0301226,preferred,3764.68,2026-05-27T11:26:09Z
5560,lucas.walker1020@synthetic-subscriber.example,Lucas,Walker,Philadelphia,Pennsylvania,19101,US,39.9353315,-75.1877004,preferred,4146.48,2026-05-27T11:26:09Z
5561,mia.walker1021@synthetic-subscriber.example,Mia,Walker,San Antonio,Texas,78201,US,29.442866,-98.5182822,vip,41571.96,2026-05-27T11:26:09Z
5562,logan.young1022@synthetic-subscriber.example,Logan,Young,San Diego,California,92101,US,32.6923827,-117.2101625,new,105.41,2026-05-27T11:26:09Z
5563,charlotte.young1023@synthetic-subscriber.example,Charlotte,Young,Dallas,Texas,75201,US,32.8156648,-96.8206718,standard,722.3,2026-05-27T11:26:09Z
5564,jackson.allen1024@synthetic-subscriber.example,Jackson,Allen,San Jose,California,95101,US,37.3012669,-121.8447923,standard,653.79,2026-05-27T11:26:09Z
5565,amelia.allen1025@synthetic-subscriber.example,Amelia,Allen,Austin,Texas,73301,US,30.270582,-97.7425841,standard,221.9,2026-05-27T11:26:09Z
5566,sebastian.king1026@synthetic-subscriber.example,Sebastian,King,Jacksonville,Florida,32099,US,30.3403788,-81.6591604,preferred,2194.39,2026-05-27T11:26:09Z
5567,harper.king1027@synthetic-subscriber.example,Harper,King,Fort Worth,Texas,76101,US,32.7840529,-97.3787009,preferred,6703.27,2026-05-27T11:26:09Z
5568,mateo.wright1028@synthetic-subscriber.example,Mateo,Wright,Columbus,Ohio,43085,US,39.9862153,-82.9805264,vip,7963.56,2026-05-27T11:26:09Z
5569,evelyn.wright1029@synthetic-subscriber.example,Evelyn,Wright,Charlotte,North Carolina,28201,US,35.247495,-80.8573022,new,109.93,2026-05-27T11:26:09Z
5570,henry.scott1030@synthetic-subscriber.example,Henry,Scott,Indianapolis,Indiana,46201,US,39.7256236,-86.1501636,standard,140.79,2026-05-27T11:26:09Z
5571,luna.scott1031@synthetic-subscriber.example,Luna,Scott,San Francisco,California,94101,US,37.7638457,-122.4235497,standard,161.83,2026-05-27T11:26:09Z
5572,owen.torres1032@synthetic-subscriber.example,Owen,Torres,Seattle,Washington,98101,US,47.5777695,-122.2827083,standard,1695.15,2026-05-27T11:26:09Z
5573,camila.torres1033@synthetic-subscriber.example,Camila,Torres,Denver,Colorado,80201,US,39.727897,-104.9501307,preferred,1051.33,2026-05-27T11:26:09Z
5574,wyatt.nguyen1034@synthetic-subscriber.example,Wyatt,Nguyen,Nashville,Tennessee,37201,US,36.1719385,-86.7971648,preferred,1634.85,2026-05-27T11:26:09Z
5575,aria.nguyen1035@synthetic-subscriber.example,Aria,Nguyen,Portland,Oregon,97201,US,45.4843228,-122.6312953,vip,49722.06,2026-05-27T11:26:09Z
5576,jack.hill1036@synthetic-subscriber.example,Jack,Hill,Las Vegas,Nevada,89101,US,36.1505941,-115.1228464,new,140.92,2026-05-27T11:26:09Z
5577,scarlett.hill1037@synthetic-subscriber.example,Scarlett,Hill,Miami,Florida,33101,US,25.7326706,-80.2385417,standard,644.44,2026-05-27T11:26:09Z
5578,leo.flores1038@synthetic-subscriber.example,Leo,Flores,Atlanta,Georgia,30301,US,33.7505354,-84.4302532,standard,1923.55,2026-05-27T11:26:09Z
5579,penelope.flores1039@synthetic-subscriber.example,Penelope,Flores,Boston,Massachusetts,02101,US,42.3463377,-71.069739,standard,1919.69,2026-05-27T11:26:09Z
5580,asher.green1040@synthetic-subscriber.example,Asher,Green,Minneapolis,Minnesota,55401,US,44.982653,-93.2810937,preferred,5278.09,2026-05-27T11:26:09Z
5581,layla.green1041@synthetic-subscriber.example,Layla,Green,Salt Lake City,Utah,84101,US,40.7468065,-111.9130895,preferred,5121.17,2026-05-27T11:26:09Z
5582,ezra.adams1042@synthetic-subscriber.example,Ezra,Adams,Detroit,Michigan,48201,US,42.2945017,-83.0611636,vip,37480.32,2026-05-27T11:26:09Z
5583,chloe.adams1043@synthetic-subscriber.example,Chloe,Adams,Tampa,Florida,33601,US,27.9077492,-82.415121,new,181.8,2026-05-27T11:26:09Z
5584,benjamin.nelson1044@synthetic-subscriber.example,Benjamin,Nelson,Brooklyn,New York,11201,US,40.6543321,-73.9767827,standard,873.02,2026-05-27T11:26:09Z
5585,riley.nelson1045@synthetic-subscriber.example,Riley,Nelson,Raleigh,North Carolina,27601,US,35.8104576,-78.5905243,standard,1638.52,2026-05-27T11:26:09Z
5586,caleb.baker1046@synthetic-subscriber.example,Caleb,Baker,Scottsdale,Arizona,85251,US,33.5212476,-111.9703906,standard,1984.87,2026-05-27T11:26:09Z
5587,zoey.baker1047@synthetic-subscriber.example,Zoey,Baker,Honolulu,Hawaii,96801,US,21.3405215,-157.8169343,preferred,3465.91,2026-05-27T11:26:09Z
5588,samuel.hall1048@synthetic-subscriber.example,Samuel,Hall,Boulder,Colorado,80301,US,40.0631232,-105.2617409,preferred,3733.93,2026-05-27T11:26:09Z
5589,nora.hall1049@synthetic-subscriber.example,Nora,Hall,Savannah,Georgia,31401,US,32.1299272,-81.0660166,vip,34557.44,2026-05-27T11:26:09Z
5590,dylan.rivera1050@synthetic-subscriber.example,Dylan,Rivera,New York,New York,10001,US,40.7078707,-73.9795775,new,170.02,2026-05-27T11:26:09Z
5591,lily.rivera1051@synthetic-subscriber.example,Lily,Rivera,Los Angeles,California,90001,US,34.0618071,-118.2189965,standard,732.66,2026-05-27T11:26:09Z
5592,gabriel.campbell1052@synthetic-subscriber.example,Gabriel,Campbell,Chicago,Illinois,60601,US,41.9093478,-87.6074598,standard,443.52,2026-05-27T11:26:09Z
5593,eleanor.campbell1053@synthetic-subscriber.example,Eleanor,Campbell,Houston,Texas,77001,US,29.8006818,-95.393528,standard,1412.36,2026-05-27T11:26:09Z
5594,elijah.mitchell1054@synthetic-subscriber.example,Elijah,Mitchell,Phoenix,Arizona,85001,US,33.4095471,-112.0671738,preferred,7242.86,2026-05-27T11:26:09Z
5595,hannah.mitchell1055@synthetic-subscriber.example,Hannah,Mitchell,Philadelphia,Pennsylvania,19101,US,39.9122297,-75.2133718,preferred,6905.96,2026-05-27T11:26:09Z
5596,james.carter1056@synthetic-subscriber.example,James,Carter,San Antonio,Texas,78201,US,29.4692803,-98.5150169,vip,5420.3,2026-05-27T11:26:09Z
5597,mary.carter1057@synthetic-subscriber.example,Mary,Carter,San Diego,California,92101,US,32.6967005,-117.1912408,new,26.91,2026-05-27T11:26:09Z
5598,john.roberts1058@synthetic-subscriber.example,John,Roberts,Dallas,Texas,75201,US,32.7268718,-96.7940238,standard,680.01,2026-05-27T11:26:09Z
5599,patricia.roberts1059@synthetic-subscriber.example,Patricia,Roberts,San Jose,California,95101,US,37.3127571,-121.9012663,standard,1860.64,2026-05-27T11:26:09Z
5600,robert.gomez1060@synthetic-subscriber.example,Robert,Gomez,Austin,Texas,73301,US,30.2743898,-97.7349276,standard,158.79,2026-05-27T11:26:09Z
5601,jennifer.gomez1061@synthetic-subscriber.example,Jennifer,Gomez,Jacksonville,Florida,32099,US,30.3063974,-81.6389437,preferred,1774.12,2026-05-27T11:26:09Z
5602,michael.phillips1062@synthetic-subscriber.example,Michael,Phillips,Fort Worth,Texas,76101,US,32.764265,-97.3734201,preferred,5674.78,2026-05-27T11:26:09Z
5603,linda.phillips1063@synthetic-subscriber.example,Linda,Phillips,Columbus,Ohio,43085,US,39.9612465,-82.9776606,vip,45390.87,2026-05-27T11:26:09Z
5604,william.evans1064@synthetic-subscriber.example,William,Evans,Charlotte,North Carolina,28201,US,35.2654875,-80.8049053,new,47.9,2026-05-27T11:26:09Z
5605,elizabeth.evans1065@synthetic-subscriber.example,Elizabeth,Evans,Indianapolis,Indiana,46201,US,39.7379981,-86.1148489,standard,1288.18,2026-05-27T11:26:09Z
5606,david.turner1066@synthetic-subscriber.example,David,Turner,San Francisco,California,94101,US,37.7648901,-122.3760965,standard,1870.68,2026-05-27T11:26:09Z
5607,barbara.turner1067@synthetic-subscriber.example,Barbara,Turner,Seattle,Washington,98101,US,47.6353394,-122.3520723,standard,1759.5,2026-05-27T11:26:09Z
5608,richard.diaz1068@synthetic-subscriber.example,Richard,Diaz,Denver,Colorado,80201,US,39.704738,-104.9950575,preferred,7652.98,2026-05-27T11:26:09Z
5609,susan.diaz1069@synthetic-subscriber.example,Susan,Diaz,Nashville,Tennessee,37201,US,36.1386634,-86.7474358,preferred,3057.91,2026-05-27T11:26:09Z
5610,joseph.parker1070@synthetic-subscriber.example,Joseph,Parker,Portland,Oregon,97201,US,45.4863738,-122.6899623,vip,9381.77,2026-05-27T11:26:09Z
5611,jessica.parker1071@synthetic-subscriber.example,Jessica,Parker,Las Vegas,Nevada,89101,US,36.2000305,-115.1753208,new,61.03,2026-05-27T11:26:09Z
5612,thomas.cruz1072@synthetic-subscriber.example,Thomas,Cruz,Miami,Florida,33101,US,25.7676663,-80.171888,standard,1867.54,2026-05-27T11:26:09Z
5613,sarah.cruz1073@synthetic-subscriber.example,Sarah,Cruz,Atlanta,Georgia,30301,US,33.7731284,-84.3783238,standard,1319.92,2026-05-27T11:26:09Z
5614,christopher.edwards1074@synthetic-subscriber.example,Christopher,Edwards,Boston,Massachusetts,02101,US,42.3349816,-71.0253322,standard,1486.38,2026-05-27T11:26:09Z
5615,karen.edwards1075@synthetic-subscriber.example,Karen,Edwards,Minneapolis,Minnesota,55401,US,45.0037919,-93.2644014,preferred,2174.44,2026-05-27T11:26:09Z
5616,charles.collins1076@synthetic-subscriber.example,Charles,Collins,Salt Lake City,Utah,84101,US,40.7345206,-111.9008381,preferred,1917.72,2026-05-27T11:26:09Z
5617,lisa.collins1077@synthetic-subscriber.example,Lisa,Collins,Detroit,Michigan,48201,US,42.3614075,-83.0921035,vip,25825.86,2026-05-27T11:26:09Z
5618,daniel.reyes1078@synthetic-subscriber.example,Daniel,Reyes,Tampa,Florida,33601,US,27.9987365,-82.4344721,new,130.12,2026-05-27T11:26:09Z
5619,nancy.reyes1079@synthetic-subscriber.example,Nancy,Reyes,Brooklyn,New York,11201,US,40.6686576,-73.9440392,standard,164.88,2026-05-27T11:26:09Z
5620,matthew.stewart1080@synthetic-subscriber.example,Matthew,Stewart,Raleigh,North Carolina,27601,US,35.8061198,-78.6082613,standard,1067.49,2026-05-27T11:26:09Z
5621,betty.stewart1081@synthetic-subscriber.example,Betty,Stewart,Scottsdale,Arizona,85251,US,33.4644701,-111.945923,standard,970.53,2026-05-27T11:26:09Z
5622,anthony.morris1082@synthetic-subscriber.example,Anthony,Morris,Honolulu,Hawaii,96801,US,21.2738759,-157.8639462,preferred,6993.3,2026-05-27T11:26:09Z
5623,margaret.morris1083@synthetic-subscriber.example,Margaret,Morris,Boulder,Colorado,80301,US,39.9917418,-105.2267735,preferred,5067.47,2026-05-27T11:26:09Z
5624,mark.morales1084@synthetic-subscriber.example,Mark,Morales,Savannah,Georgia,31401,US,32.0970615,-81.0763282,vip,28817.28,2026-05-27T11:26:09Z
5625,sandra.morales1085@synthetic-subscriber.example,Sandra,Morales,New York,New York,10001,US,40.6669199,-74.0008687,new,153.74,2026-05-27T11:26:09Z
5626,donald.murphy1086@synthetic-subscriber.example,Donald,Murphy,Los Angeles,California,90001,US,34.0103529,-118.2544414,standard,1631.9,2026-05-27T11:26:09Z
5627,ashley.murphy1087@synthetic-subscriber.example,Ashley,Murphy,Chicago,Illinois,60601,US,41.9037784,-87.6738291,standard,1722.68,2026-05-27T11:26:09Z
5628,steven.cook1088@synthetic-subscriber.example,Steven,Cook,Houston,Texas,77001,US,29.7851987,-95.4004897,standard,1769.35,2026-05-27T11:26:09Z
5629,kimberly.cook1089@synthetic-subscriber.example,Kimberly,Cook,Phoenix,Arizona,85001,US,33.4323276,-112.1034119,preferred,1781.59,2026-05-27T11:26:09Z
5630,andrew.rogers1090@synthetic-subscriber.example,Andrew,Rogers,Philadelphia,Pennsylvania,19101,US,39.9465487,-75.1827139,preferred,5524.8,2026-05-27T11:26:09Z
5631,emily.rogers1091@synthetic-subscriber.example,Emily,Rogers,San Antonio,Texas,78201,US,29.3841237,-98.4492015,vip,27432.85,2026-05-27T11:26:09Z
5632,paul.gutierrez1092@synthetic-subscriber.example,Paul,Gutierrez,San Diego,California,92101,US,32.7242862,-117.1692425,new,179.71,2026-05-27T11:26:09Z
5633,donna.gutierrez1093@synthetic-subscriber.example,Donna,Gutierrez,Dallas,Texas,75201,US,32.8015846,-96.8442664,standard,630.51,2026-05-27T11:26:09Z
5634,joshua.ortiz1094@synthetic-subscriber.example,Joshua,Ortiz,San Jose,California,95101,US,37.3542376,-121.8464179,standard,942.18,2026-05-27T11:26:09Z
5635,michelle.ortiz1095@synthetic-subscriber.example,Michelle,Ortiz,Austin,Texas,73301,US,30.240351,-97.7089726,standard,195.64,2026-05-27T11:26:09Z
5636,kenneth.morgan1096@synthetic-subscriber.example,Kenneth,Morgan,Jacksonville,Florida,32099,US,30.3278877,-81.6994106,preferred,5117.95,2026-05-27T11:26:09Z
5637,carol.morgan1097@synthetic-subscriber.example,Carol,Morgan,Fort Worth,Texas,76101,US,32.7943193,-97.364664,preferred,1839.05,2026-05-27T11:26:09Z
5638,kevin.cooper1098@synthetic-subscriber.example,Kevin,Cooper,Columbus,Ohio,43085,US,39.9499811,-82.9974815,vip,30259.29,2026-05-27T11:26:09Z
5639,amanda.cooper1099@synthetic-subscriber.example,Amanda,Cooper,Charlotte,North Carolina,28201,US,35.2340831,-80.8389023,new,198.5,2026-05-27T11:26:09Z
5640,brian.peterson1100@synthetic-subscriber.example,Brian,Peterson,Indianapolis,Indiana,46201,US,39.7686587,-86.1471754,standard,1064.54,2026-05-27T11:26:09Z
5641,dorothy.peterson1101@synthetic-subscriber.example,Dorothy,Peterson,San Francisco,California,94101,US,37.7328576,-122.4326346,standard,1559.96,2026-05-27T11:26:09Z
5642,george.bailey1102@synthetic-subscriber.example,George,Bailey,Seattle,Washington,98101,US,47.5989804,-122.3573522,standard,1774.38,2026-05-27T11:26:09Z
5643,melissa.bailey1103@synthetic-subscriber.example,Melissa,Bailey,Denver,Colorado,80201,US,39.6939929,-104.9612955,preferred,1471.05,2026-05-27T11:26:09Z
5644,timothy.reed1104@synthetic-subscriber.example,Timothy,Reed,Nashville,Tennessee,37201,US,36.1376514,-86.7574096,preferred,5050.55,2026-05-27T11:26:09Z
5645,deborah.reed1105@synthetic-subscriber.example,Deborah,Reed,Portland,Oregon,97201,US,45.5556381,-122.6295706,vip,18113.32,2026-05-27T11:26:09Z
5646,aiden.kelly1106@synthetic-subscriber.example,Aiden,Kelly,Las Vegas,Nevada,89101,US,36.1665885,-115.1693136,new,180.2,2026-05-27T11:26:09Z
5647,sofia.kelly1107@synthetic-subscriber.example,Sofia,Kelly,Miami,Florida,33101,US,25.734852,-80.2190531,standard,586.39,2026-05-27T11:26:09Z
5648,liam.howard1108@synthetic-subscriber.example,Liam,Howard,Atlanta,Georgia,30301,US,33.7197718,-84.3552701,standard,797.76,2026-05-27T11:26:09Z
5649,olivia.howard1109@synthetic-subscriber.example,Olivia,Howard,Boston,Massachusetts,02101,US,42.3591998,-71.0418932,standard,1692.29,2026-05-27T11:26:09Z
5650,noah.ramos1110@synthetic-subscriber.example,Noah,Ramos,Minneapolis,Minnesota,55401,US,44.9684183,-93.3061551,preferred,4401.74,2026-05-27T11:26:09Z
5651,emma.ramos1111@synthetic-subscriber.example,Emma,Ramos,Salt Lake City,Utah,84101,US,40.7155616,-111.8581579,preferred,1194.75,2026-05-27T11:26:09Z
5652,ethan.kim1112@synthetic-subscriber.example,Ethan,Kim,Detroit,Michigan,48201,US,42.3138502,-83.086982,vip,22774.59,2026-05-27T11:26:09Z
5653,ava.kim1113@synthetic-subscriber.example,Ava,Kim,Tampa,Florida,33601,US,27.912363,-82.4792561,new,29.26,2026-05-27T11:26:09Z
5654,mason.cox1114@synthetic-subscriber.example,Mason,Cox,Brooklyn,New York,11201,US,40.6448927,-73.9235609,standard,1299.51,2026-05-27T11:26:09Z
5655,isabella.cox1115@synthetic-subscriber.example,Isabella,Cox,Raleigh,North Carolina,27601,US,35.7707272,-78.6089426,standard,1629.12,2026-05-27T11:26:09Z
5656,lucas.ward1116@synthetic-subscriber.example,Lucas,Ward,Scottsdale,Arizona,85251,US,33.49043,-111.8906304,standard,384.34,2026-05-27T11:26:09Z
5657,mia.ward1117@synthetic-subscriber.example,Mia,Ward,Honolulu,Hawaii,96801,US,21.2817487,-157.828165,preferred,6026.34,2026-05-27T11:26:09Z
5658,logan.richardson1118@synthetic-subscriber.example,Logan,Richardson,Boulder,Colorado,80301,US,40.0524893,-105.2494695,preferred,6386.12,2026-05-27T11:26:09Z
5659,charlotte.richardson1119@synthetic-subscriber.example,Charlotte,Richardson,Savannah,Georgia,31401,US,32.0915446,-81.0841426,vip,24644.51,2026-05-27T11:26:09Z
5660,jackson.watson1120@synthetic-subscriber.example,Jackson,Watson,New York,New York,10001,US,40.6995213,-73.9726013,new,7.54,2026-05-27T11:26:09Z
5661,amelia.watson1121@synthetic-subscriber.example,Amelia,Watson,Los Angeles,California,90001,US,34.0117114,-118.2841455,standard,738.26,2026-05-27T11:26:09Z
5662,sebastian.brooks1122@synthetic-subscriber.example,Sebastian,Brooks,Chicago,Illinois,60601,US,41.925464,-87.6223984,standard,1275.08,2026-05-27T11:26:09Z
5663,harper.brooks1123@synthetic-subscriber.example,Harper,Brooks,Houston,Texas,77001,US,29.7541706,-95.4175989,standard,1677.16,2026-05-27T11:26:09Z
5664,mateo.chavez1124@synthetic-subscriber.example,Mateo,Chavez,Phoenix,Arizona,85001,US,33.4516301,-112.0606188,preferred,2874.13,2026-05-27T11:26:09Z
5665,evelyn.chavez1125@synthetic-subscriber.example,Evelyn,Chavez,Philadelphia,Pennsylvania,19101,US,39.9086795,-75.1509208,preferred,7378.78,2026-05-27T11:26:09Z
5666,henry.wood1126@synthetic-subscriber.example,Henry,Wood,San Antonio,Texas,78201,US,29.4257896,-98.4765981,vip,5901.95,2026-05-27T11:26:09Z
5667,luna.wood1127@synthetic-subscriber.example,Luna,Wood,San Diego,California,92101,US,32.7213095,-117.1371514,new,136.4,2026-05-27T11:26:09Z
5668,owen.james1128@synthetic-subscriber.example,Owen,James,Dallas,Texas,75201,US,32.7522408,-96.8188924,standard,995.69,2026-05-27T11:26:09Z
5669,camila.james1129@synthetic-subscriber.example,Camila,James,San Jose,California,95101,US,37.3346366,-121.8708939,standard,1617.63,2026-05-27T11:26:09Z
5670,wyatt.bennett1130@synthetic-subscriber.example,Wyatt,Bennett,Austin,Texas,73301,US,30.2604713,-97.7239285,standard,858.09,2026-05-27T11:26:09Z
5671,aria.bennett1131@synthetic-subscriber.example,Aria,Bennett,Jacksonville,Florida,32099,US,30.3304225,-81.6844256,preferred,7455.17,2026-05-27T11:26:09Z
5672,jack.gray1132@synthetic-subscriber.example,Jack,Gray,Fort Worth,Texas,76101,US,32.7304784,-97.3667433,preferred,3624.89,2026-05-27T11:26:09Z
5673,scarlett.gray1133@synthetic-subscriber.example,Scarlett,Gray,Columbus,Ohio,43085,US,39.9746883,-82.9639022,vip,17618.33,2026-05-27T11:26:09Z
5674,leo.mendoza1134@synthetic-subscriber.example,Leo,Mendoza,Charlotte,North Carolina,28201,US,35.2188386,-80.7936398,new,162.92,2026-05-27T11:26:09Z
5675,penelope.mendoza1135@synthetic-subscriber.example,Penelope,Mendoza,Indianapolis,Indiana,46201,US,39.7813303,-86.1771717,standard,1028.17,2026-05-27T11:26:09Z
5676,asher.ruiz1136@synthetic-subscriber.example,Asher,Ruiz,San Francisco,California,94101,US,37.8038489,-122.4302211,standard,943.87,2026-05-27T11:26:09Z
5677,layla.ruiz1137@synthetic-subscriber.example,Layla,Ruiz,Seattle,Washington,98101,US,47.5680539,-122.365846,standard,822.61,2026-05-27T11:26:09Z
5678,ezra.hughes1138@synthetic-subscriber.example,Ezra,Hughes,Denver,Colorado,80201,US,39.740114,-104.9780379,preferred,3170.42,2026-05-27T11:26:09Z
5679,chloe.hughes1139@synthetic-subscriber.example,Chloe,Hughes,Nashville,Tennessee,37201,US,36.1261681,-86.775652,preferred,1805.44,2026-05-27T11:26:09Z
5680,benjamin.price1140@synthetic-subscriber.example,Benjamin,Price,Portland,Oregon,97201,US,45.4669461,-122.6877647,vip,38732.28,2026-05-27T11:26:09Z
5681,riley.price1141@synthetic-subscriber.example,Riley,Price,Las Vegas,Nevada,89101,US,36.1951252,-115.0978069,new,53.15,2026-05-27T11:26:09Z
5682,caleb.alvarez1142@synthetic-subscriber.example,Caleb,Alvarez,Miami,Florida,33101,US,25.7759716,-80.1635915,standard,546.03,2026-05-27T11:26:09Z
5683,zoey.alvarez1143@synthetic-subscriber.example,Zoey,Alvarez,Atlanta,Georgia,30301,US,33.7181662,-84.3684322,standard,1571.32,2026-05-27T11:26:09Z
5684,samuel.castillo1144@synthetic-subscriber.example,Samuel,Castillo,Boston,Massachusetts,02101,US,42.3935629,-71.0154718,standard,1034.36,2026-05-27T11:26:09Z
5685,nora.castillo1145@synthetic-subscriber.example,Nora,Castillo,Minneapolis,Minnesota,55401,US,44.9448503,-93.2964602,preferred,5652.34,2026-05-27T11:26:09Z
5686,dylan.sanders1146@synthetic-subscriber.example,Dylan,Sanders,Salt Lake City,Utah,84101,US,40.802356,-111.9365102,preferred,1341.38,2026-05-27T11:26:09Z
5687,lily.sanders1147@synthetic-subscriber.example,Lily,Sanders,Detroit,Michigan,48201,US,42.2993077,-83.0375095,vip,35278.91,2026-05-27T11:26:09Z
5688,gabriel.patel1148@synthetic-subscriber.example,Gabriel,Patel,Tampa,Florida,33601,US,27.9715055,-82.4130147,new,163.32,2026-05-27T11:26:09Z
5689,eleanor.patel1149@synthetic-subscriber.example,Eleanor,Patel,Brooklyn,New York,11201,US,40.6319231,-73.9325094,standard,697.24,2026-05-27T11:26:09Z
5690,elijah.myers1150@synthetic-subscriber.example,Elijah,Myers,Raleigh,North Carolina,27601,US,35.742059,-78.6614755,standard,1567.23,2026-05-27T11:26:09Z
5691,hannah.myers1151@synthetic-subscriber.example,Hannah,Myers,Scottsdale,Arizona,85251,US,33.4988139,-111.9373866,standard,1139.15,2026-05-27T11:26:09Z
5692,james.smith1152@synthetic-subscriber.example,James,Smith,Honolulu,Hawaii,96801,US,21.261834,-157.9022897,preferred,6382.36,2026-05-27T11:26:09Z
5693,mary.smith1153@synthetic-subscriber.example,Mary,Smith,Boulder,Colorado,80301,US,39.9912888,-105.2384035,preferred,6436.81,2026-05-27T11:26:09Z
5694,john.johnson1154@synthetic-subscriber.example,John,Johnson,Savannah,Georgia,31401,US,32.1244911,-81.0787882,vip,5223.22,2026-05-27T11:26:09Z
5695,patricia.johnson1155@synthetic-subscriber.example,Patricia,Johnson,New York,New York,10001,US,40.6672944,-74.0270958,new,65.21,2026-05-27T11:26:09Z
5696,robert.williams1156@synthetic-subscriber.example,Robert,Williams,Los Angeles,California,90001,US,34.0380828,-118.25123,standard,761.08,2026-05-27T11:26:09Z
5697,jennifer.williams1157@synthetic-subscriber.example,Jennifer,Williams,Chicago,Illinois,60601,US,41.9068928,-87.6484242,standard,1368.29,2026-05-27T11:26:09Z
5698,michael.brown1158@synthetic-subscriber.example,Michael,Brown,Houston,Texas,77001,US,29.7670208,-95.3471485,standard,370.53,2026-05-27T11:26:09Z
5699,linda.brown1159@synthetic-subscriber.example,Linda,Brown,Phoenix,Arizona,85001,US,33.4564067,-112.0450517,preferred,3437.44,2026-05-27T11:26:09Z
5700,william.jones1160@synthetic-subscriber.example,William,Jones,Philadelphia,Pennsylvania,19101,US,39.9032979,-75.1384694,preferred,4757.86,2026-05-27T11:26:09Z
5701,elizabeth.jones1161@synthetic-subscriber.example,Elizabeth,Jones,San Antonio,Texas,78201,US,29.40623,-98.4698199,vip,7219.86,2026-05-27T11:26:09Z
5702,david.garcia1162@synthetic-subscriber.example,David,Garcia,San Diego,California,92101,US,32.6917678,-117.1227031,new,16.56,2026-05-27T11:26:09Z
5703,barbara.garcia1163@synthetic-subscriber.example,Barbara,Garcia,Dallas,Texas,75201,US,32.7708308,-96.8036609,standard,1989.33,2026-05-27T11:26:09Z
5704,richard.miller1164@synthetic-subscriber.example,Richard,Miller,San Jose,California,95101,US,37.2935729,-121.8511529,standard,112.09,2026-05-27T11:26:09Z
5705,susan.miller1165@synthetic-subscriber.example,Susan,Miller,Austin,Texas,73301,US,30.3170935,-97.7706979,standard,1371.13,2026-05-27T11:26:09Z
5706,joseph.davis1166@synthetic-subscriber.example,Joseph,Davis,Jacksonville,Florida,32099,US,30.298654,-81.6989118,preferred,7103.63,2026-05-27T11:26:09Z
5707,jessica.davis1167@synthetic-subscriber.example,Jessica,Davis,Fort Worth,Texas,76101,US,32.8036856,-97.2982841,preferred,3565.88,2026-05-27T11:26:09Z
5708,thomas.rodriguez1168@synthetic-subscriber.example,Thomas,Rodriguez,Columbus,Ohio,43085,US,40.002661,-82.9797202,vip,46879.88,2026-05-27T11:26:09Z
5709,sarah.rodriguez1169@synthetic-subscriber.example,Sarah,Rodriguez,Charlotte,North Carolina,28201,US,35.2666127,-80.8804794,new,198.75,2026-05-27T11:26:09Z
5710,christopher.martinez1170@synthetic-subscriber.example,Christopher,Martinez,Indianapolis,Indiana,46201,US,39.7489746,-86.202468,standard,435.57,2026-05-27T11:26:09Z
5711,karen.martinez1171@synthetic-subscriber.example,Karen,Martinez,San Francisco,California,94101,US,37.8075018,-122.4109812,standard,1672.08,2026-05-27T11:26:09Z
5712,charles.hernandez1172@synthetic-subscriber.example,Charles,Hernandez,Seattle,Washington,98101,US,47.5649773,-122.3624411,standard,1161.66,2026-05-27T11:26:09Z
5713,lisa.hernandez1173@synthetic-subscriber.example,Lisa,Hernandez,Denver,Colorado,80201,US,39.7212455,-104.9916748,preferred,4556.61,2026-05-27T11:26:09Z
5714,daniel.lopez1174@synthetic-subscriber.example,Daniel,Lopez,Nashville,Tennessee,37201,US,36.1481302,-86.7903444,preferred,6057.04,2026-05-27T11:26:09Z
5715,nancy.lopez1175@synthetic-subscriber.example,Nancy,Lopez,Portland,Oregon,97201,US,45.4988535,-122.6497137,vip,17427.73,2026-05-27T11:26:09Z
5716,matthew.gonzalez1176@synthetic-subscriber.example,Matthew,Gonzalez,Las Vegas,Nevada,89101,US,36.1213333,-115.1167252,new,107.56,2026-05-27T11:26:09Z
5717,betty.gonzalez1177@synthetic-subscriber.example,Betty,Gonzalez,Miami,Florida,33101,US,25.783176,-80.1856077,standard,1609.36,2026-05-27T11:26:09Z
5718,anthony.wilson1178@synthetic-subscriber.example,Anthony,Wilson,Atlanta,Georgia,30301,US,33.7457501,-84.3458411,standard,1267.82,2026-05-27T11:26:09Z
5719,margaret.wilson1179@synthetic-subscriber.example,Margaret,Wilson,Boston,Massachusetts,02101,US,42.314409,-71.0872573,standard,970.4,2026-05-27T11:26:09Z
5720,mark.anderson1180@synthetic-subscriber.example,Mark,Anderson,Minneapolis,Minnesota,55401,US,44.9537429,-93.2583576,preferred,7048.05,2026-05-27T11:26:09Z
5721,sandra.anderson1181@synthetic-subscriber.example,Sandra,Anderson,Salt Lake City,Utah,84101,US,40.7929793,-111.9142675,preferred,7582.02,2026-05-27T11:26:09Z
5722,donald.thomas1182@synthetic-subscriber.example,Donald,Thomas,Detroit,Michigan,48201,US,42.3379129,-83.0816499,vip,5791.08,2026-05-27T11:26:09Z
5723,ashley.thomas1183@synthetic-subscriber.example,Ashley,Thomas,Tampa,Florida,33601,US,27.9183103,-82.475261,new,9.61,2026-05-27T11:26:09Z
5724,steven.taylor1184@synthetic-subscriber.example,Steven,Taylor,Brooklyn,New York,11201,US,40.6876381,-73.9423158,standard,1449.52,2026-05-27T11:26:09Z
5725,kimberly.taylor1185@synthetic-subscriber.example,Kimberly,Taylor,Raleigh,North Carolina,27601,US,35.7938726,-78.6563609,standard,1012.83,2026-05-27T11:26:09Z
5726,andrew.moore1186@synthetic-subscriber.example,Andrew,Moore,Scottsdale,Arizona,85251,US,33.4910443,-111.8832057,standard,1262.84,2026-05-27T11:26:09Z
5727,emily.moore1187@synthetic-subscriber.example,Emily,Moore,Honolulu,Hawaii,96801,US,21.3357157,-157.8473113,preferred,3950.82,2026-05-27T11:26:09Z
5728,paul.jackson1188@synthetic-subscriber.example,Paul,Jackson,Boulder,Colorado,80301,US,40.0441259,-105.2431753,preferred,5816.9,2026-05-27T11:26:09Z
5729,donna.jackson1189@synthetic-subscriber.example,Donna,Jackson,Savannah,Georgia,31401,US,32.0594512,-81.0542893,vip,49005.89,2026-05-27T11:26:09Z
5730,joshua.martin1190@synthetic-subscriber.example,Joshua,Martin,New York,New York,10001,US,40.7050772,-74.0212798,new,160.12,2026-05-27T11:26:09Z
5731,michelle.martin1191@synthetic-subscriber.example,Michelle,Martin,Los Angeles,California,90001,US,34.0470375,-118.2794752,standard,1549.72,2026-05-27T11:26:09Z
5732,kenneth.lee1192@synthetic-subscriber.example,Kenneth,Lee,Chicago,Illinois,60601,US,41.9021013,-87.5878569,standard,1531.8,2026-05-27T11:26:09Z
5733,carol.lee1193@synthetic-subscriber.example,Carol,Lee,Houston,Texas,77001,US,29.7428232,-95.3684362,standard,1152.71,2026-05-27T11:26:09Z
5734,kevin.perez1194@synthetic-subscriber.example,Kevin,Perez,Phoenix,Arizona,85001,US,33.4232052,-112.0631286,preferred,1743.78,2026-05-27T11:26:09Z
5735,amanda.perez1195@synthetic-subscriber.example,Amanda,Perez,Philadelphia,Pennsylvania,19101,US,39.9300836,-75.1794514,preferred,2747.14,2026-05-27T11:26:09Z
5736,brian.thompson1196@synthetic-subscriber.example,Brian,Thompson,San Antonio,Texas,78201,US,29.3967664,-98.4500056,vip,44614.12,2026-05-27T11:26:09Z
5737,dorothy.thompson1197@synthetic-subscriber.example,Dorothy,Thompson,San Diego,California,92101,US,32.753665,-117.1279753,new,170.11,2026-05-27T11:26:09Z
5738,george.white1198@synthetic-subscriber.example,George,White,Dallas,Texas,75201,US,32.7819136,-96.8419312,standard,1670,2026-05-27T11:26:09Z
5739,melissa.white1199@synthetic-subscriber.example,Melissa,White,San Jose,California,95101,US,37.3800197,-121.9255695,standard,745.38,2026-05-27T11:26:09Z
5740,timothy.harris1200@synthetic-subscriber.example,Timothy,Harris,Austin,Texas,73301,US,30.2990195,-97.6943098,standard,359.22,2026-05-27T11:26:09Z
5741,deborah.harris1201@synthetic-subscriber.example,Deborah,Harris,Jacksonville,Florida,32099,US,30.3633074,-81.6431522,preferred,4420.92,2026-05-27T11:26:09Z
5742,aiden.sanchez1202@synthetic-subscriber.example,Aiden,Sanchez,Fort Worth,Texas,76101,US,32.751885,-97.3473605,preferred,4231.47,2026-05-27T11:26:09Z
5743,sofia.sanchez1203@synthetic-subscriber.example,Sofia,Sanchez,Columbus,Ohio,43085,US,39.9146496,-82.9521042,vip,24722.32,2026-05-27T11:26:09Z
5744,liam.clark1204@synthetic-subscriber.example,Liam,Clark,Charlotte,North Carolina,28201,US,35.2489276,-80.8214505,new,166.41,2026-05-27T11:26:09Z
5745,olivia.clark1205@synthetic-subscriber.example,Olivia,Clark,Indianapolis,Indiana,46201,US,39.7855137,-86.2018007,standard,1121.55,2026-05-27T11:26:09Z
5746,noah.ramirez1206@synthetic-subscriber.example,Noah,Ramirez,San Francisco,California,94101,US,37.7817443,-122.4676077,standard,1938.01,2026-05-27T11:26:09Z
5747,emma.ramirez1207@synthetic-subscriber.example,Emma,Ramirez,Seattle,Washington,98101,US,47.639044,-122.3655838,standard,1447.46,2026-05-27T11:26:09Z
5748,ethan.lewis1208@synthetic-subscriber.example,Ethan,Lewis,Denver,Colorado,80201,US,39.751893,-104.9428092,preferred,5902.48,2026-05-27T11:26:09Z
5749,ava.lewis1209@synthetic-subscriber.example,Ava,Lewis,Nashville,Tennessee,37201,US,36.1229684,-86.7949428,preferred,3785.23,2026-05-27T11:26:09Z
5750,mason.robinson1210@synthetic-subscriber.example,Mason,Robinson,Portland,Oregon,97201,US,45.554201,-122.6725792,vip,16229.88,2026-05-27T11:26:09Z
5751,isabella.robinson1211@synthetic-subscriber.example,Isabella,Robinson,Las Vegas,Nevada,89101,US,36.124176,-115.1762694,new,181.47,2026-05-27T11:26:09Z
5752,lucas.walker1212@synthetic-subscriber.example,Lucas,Walker,Miami,Florida,33101,US,25.7684892,-80.1706098,standard,364.32,2026-05-27T11:26:09Z
5753,mia.walker1213@synthetic-subscriber.example,Mia,Walker,Atlanta,Georgia,30301,US,33.7677865,-84.4070667,standard,1891.91,2026-05-27T11:26:09Z
5754,logan.young1214@synthetic-subscriber.example,Logan,Young,Boston,Massachusetts,02101,US,42.3813342,-71.014406,standard,716.44,2026-05-27T11:26:09Z
5755,charlotte.young1215@synthetic-subscriber.example,Charlotte,Young,Minneapolis,Minnesota,55401,US,44.9666189,-93.2599213,preferred,5567.08,2026-05-27T11:26:09Z
5756,jackson.allen1216@synthetic-subscriber.example,Jackson,Allen,Salt Lake City,Utah,84101,US,40.7901687,-111.9289422,preferred,7259.68,2026-05-27T11:26:09Z
5757,amelia.allen1217@synthetic-subscriber.example,Amelia,Allen,Detroit,Michigan,48201,US,42.2862862,-83.0211363,vip,8087.51,2026-05-27T11:26:09Z
5758,sebastian.king1218@synthetic-subscriber.example,Sebastian,King,Tampa,Florida,33601,US,27.9842787,-82.4626875,new,54.49,2026-05-27T11:26:09Z
5759,harper.king1219@synthetic-subscriber.example,Harper,King,Brooklyn,New York,11201,US,40.7168593,-73.9028242,standard,1929.34,2026-05-27T11:26:09Z
5760,mateo.wright1220@synthetic-subscriber.example,Mateo,Wright,Raleigh,North Carolina,27601,US,35.8007191,-78.652814,standard,1984.9,2026-05-27T11:26:09Z
5761,evelyn.wright1221@synthetic-subscriber.example,Evelyn,Wright,Scottsdale,Arizona,85251,US,33.4787607,-111.9683743,standard,1795.95,2026-05-27T11:26:09Z
5762,henry.scott1222@synthetic-subscriber.example,Henry,Scott,Honolulu,Hawaii,96801,US,21.3540145,-157.8796832,preferred,1715.84,2026-05-27T11:26:09Z
5763,luna.scott1223@synthetic-subscriber.example,Luna,Scott,Boulder,Colorado,80301,US,40.0130766,-105.2845998,preferred,3998.78,2026-05-27T11:26:09Z
5764,owen.torres1224@synthetic-subscriber.example,Owen,Torres,Savannah,Georgia,31401,US,32.0600816,-81.1131215,vip,21754.66,2026-05-27T11:26:09Z
5765,camila.torres1225@synthetic-subscriber.example,Camila,Torres,New York,New York,10001,US,40.6989631,-74.0343371,new,192.57,2026-05-27T11:26:09Z
5766,wyatt.nguyen1226@synthetic-subscriber.example,Wyatt,Nguyen,Los Angeles,California,90001,US,34.0616595,-118.2516383,standard,1460.3,2026-05-27T11:26:09Z
5767,aria.nguyen1227@synthetic-subscriber.example,Aria,Nguyen,Chicago,Illinois,60601,US,41.8747501,-87.6646454,standard,281.42,2026-05-27T11:26:09Z
5768,jack.hill1228@synthetic-subscriber.example,Jack,Hill,Houston,Texas,77001,US,29.762602,-95.3471202,standard,315.1,2026-05-27T11:26:09Z
5769,scarlett.hill1229@synthetic-subscriber.example,Scarlett,Hill,Phoenix,Arizona,85001,US,33.4854142,-112.0310647,preferred,1023.33,2026-05-27T11:26:09Z
5770,leo.flores1230@synthetic-subscriber.example,Leo,Flores,Philadelphia,Pennsylvania,19101,US,39.9157166,-75.1872917,preferred,1343.44,2026-05-27T11:26:09Z
5771,penelope.flores1231@synthetic-subscriber.example,Penelope,Flores,San Antonio,Texas,78201,US,29.4576712,-98.5402529,vip,7959.33,2026-05-27T11:26:09Z
5772,asher.green1232@synthetic-subscriber.example,Asher,Green,San Diego,California,92101,US,32.7083707,-117.1427513,new,77.32,2026-05-27T11:26:09Z
5773,layla.green1233@synthetic-subscriber.example,Layla,Green,Dallas,Texas,75201,US,32.7347837,-96.7601045,standard,539.11,2026-05-27T11:26:09Z
5774,ezra.adams1234@synthetic-subscriber.example,Ezra,Adams,San Jose,California,95101,US,37.3148566,-121.9277496,standard,1828.6,2026-05-27T11:26:09Z
5775,chloe.adams1235@synthetic-subscriber.example,Chloe,Adams,Austin,Texas,73301,US,30.2203475,-97.7520507,standard,862.59,2026-05-27T11:26:09Z
5776,benjamin.nelson1236@synthetic-subscriber.example,Benjamin,Nelson,Jacksonville,Florida,32099,US,30.3810416,-81.6625618,preferred,7742.86,2026-05-27T11:26:09Z
5777,riley.nelson1237@synthetic-subscriber.example,Riley,Nelson,Fort Worth,Texas,76101,US,32.7113296,-97.3454906,preferred,7060.2,2026-05-27T11:26:09Z
5778,caleb.baker1238@synthetic-subscriber.example,Caleb,Baker,Columbus,Ohio,43085,US,39.921726,-83.0254789,vip,7938.69,2026-05-27T11:26:09Z
5779,zoey.baker1239@synthetic-subscriber.example,Zoey,Baker,Charlotte,North Carolina,28201,US,35.2666936,-80.8715251,new,16.13,2026-05-27T11:26:09Z
5780,samuel.hall1240@synthetic-subscriber.example,Samuel,Hall,Indianapolis,Indiana,46201,US,39.7335327,-86.1978689,standard,112.56,2026-05-27T11:26:09Z
5781,nora.hall1241@synthetic-subscriber.example,Nora,Hall,San Francisco,California,94101,US,37.7743161,-122.4377522,standard,1173.98,2026-05-27T11:26:09Z
5782,dylan.rivera1242@synthetic-subscriber.example,Dylan,Rivera,Seattle,Washington,98101,US,47.6320915,-122.3102477,standard,845.7,2026-05-27T11:26:09Z
5783,lily.rivera1243@synthetic-subscriber.example,Lily,Rivera,Denver,Colorado,80201,US,39.7085972,-104.9960532,preferred,7749.91,2026-05-27T11:26:09Z
5784,gabriel.campbell1244@synthetic-subscriber.example,Gabriel,Campbell,Nashville,Tennessee,37201,US,36.1752737,-86.7454839,preferred,1599.09,2026-05-27T11:26:09Z
5785,eleanor.campbell1245@synthetic-subscriber.example,Eleanor,Campbell,Portland,Oregon,97201,US,45.514885,-122.6786024,vip,27775.44,2026-05-27T11:26:09Z
5786,elijah.mitchell1246@synthetic-subscriber.example,Elijah,Mitchell,Las Vegas,Nevada,89101,US,36.1275476,-115.1387564,new,112.41,2026-05-27T11:26:09Z
5787,hannah.mitchell1247@synthetic-subscriber.example,Hannah,Mitchell,Miami,Florida,33101,US,25.7986076,-80.1489562,standard,400.54,2026-05-27T11:26:09Z
5788,james.carter1248@synthetic-subscriber.example,James,Carter,Atlanta,Georgia,30301,US,33.7104368,-84.4143574,standard,636.65,2026-05-27T11:26:09Z
5789,mary.carter1249@synthetic-subscriber.example,Mary,Carter,Boston,Massachusetts,02101,US,42.3247421,-71.0357352,standard,1073.36,2026-05-27T11:26:09Z
5790,john.roberts1250@synthetic-subscriber.example,John,Roberts,Minneapolis,Minnesota,55401,US,44.9671199,-93.2571966,preferred,2744.54,2026-05-27T11:26:09Z
5791,patricia.roberts1251@synthetic-subscriber.example,Patricia,Roberts,Salt Lake City,Utah,84101,US,40.7904359,-111.8835002,preferred,6500.59,2026-05-27T11:26:09Z
5792,robert.gomez1252@synthetic-subscriber.example,Robert,Gomez,Detroit,Michigan,48201,US,42.3116261,-83.0932519,vip,13344.49,2026-05-27T11:26:09Z
5793,jennifer.gomez1253@synthetic-subscriber.example,Jennifer,Gomez,Tampa,Florida,33601,US,27.9371636,-82.4846553,new,160.81,2026-05-27T11:26:09Z
5794,michael.phillips1254@synthetic-subscriber.example,Michael,Phillips,Brooklyn,New York,11201,US,40.633085,-73.9327847,standard,1720.63,2026-05-27T11:26:09Z
5795,linda.phillips1255@synthetic-subscriber.example,Linda,Phillips,Raleigh,North Carolina,27601,US,35.7667863,-78.6326855,standard,655.83,2026-05-27T11:26:09Z
5796,william.evans1256@synthetic-subscriber.example,William,Evans,Scottsdale,Arizona,85251,US,33.5069344,-111.9579264,standard,1717.03,2026-05-27T11:26:09Z
5797,elizabeth.evans1257@synthetic-subscriber.example,Elizabeth,Evans,Honolulu,Hawaii,96801,US,21.2807838,-157.8317988,preferred,6205.53,2026-05-27T11:26:09Z
5798,david.turner1258@synthetic-subscriber.example,David,Turner,Boulder,Colorado,80301,US,39.9939057,-105.2939305,preferred,2009.31,2026-05-27T11:26:09Z
5799,barbara.turner1259@synthetic-subscriber.example,Barbara,Turner,Savannah,Georgia,31401,US,32.0386545,-81.0771418,vip,20243.2,2026-05-27T11:26:09Z
5800,richard.diaz1260@synthetic-subscriber.example,Richard,Diaz,New York,New York,10001,US,40.7269693,-74.0407885,new,9.63,2026-05-27T11:26:09Z
5801,susan.diaz1261@synthetic-subscriber.example,Susan,Diaz,Los Angeles,California,90001,US,34.0772071,-118.1946669,standard,663.46,2026-05-27T11:26:09Z
5802,joseph.parker1262@synthetic-subscriber.example,Joseph,Parker,Chicago,Illinois,60601,US,41.8552017,-87.5870002,standard,133.19,2026-05-27T11:26:09Z
5803,jessica.parker1263@synthetic-subscriber.example,Jessica,Parker,Houston,Texas,77001,US,29.7414148,-95.3335514,standard,1784.62,2026-05-27T11:26:09Z
5804,thomas.cruz1264@synthetic-subscriber.example,Thomas,Cruz,Phoenix,Arizona,85001,US,33.4399,-112.1114674,preferred,6063.96,2026-05-27T11:26:09Z
5805,sarah.cruz1265@synthetic-subscriber.example,Sarah,Cruz,Philadelphia,Pennsylvania,19101,US,39.9476723,-75.1911061,preferred,1872.12,2026-05-27T11:26:09Z
5806,christopher.edwards1266@synthetic-subscriber.example,Christopher,Edwards,San Antonio,Texas,78201,US,29.3874518,-98.4694288,vip,26761.23,2026-05-27T11:26:09Z
5807,karen.edwards1267@synthetic-subscriber.example,Karen,Edwards,San Diego,California,92101,US,32.6912941,-117.1725741,new,83.63,2026-05-27T11:26:09Z
5808,charles.collins1268@synthetic-subscriber.example,Charles,Collins,Dallas,Texas,75201,US,32.7660407,-96.7787743,standard,1043.65,2026-05-27T11:26:09Z
5809,lisa.collins1269@synthetic-subscriber.example,Lisa,Collins,San Jose,California,95101,US,37.3006536,-121.8489096,standard,1703.09,2026-05-27T11:26:09Z
5810,daniel.reyes1270@synthetic-subscriber.example,Daniel,Reyes,Austin,Texas,73301,US,30.240556,-97.6987045,standard,509.6,2026-05-27T11:26:09Z
5811,nancy.reyes1271@synthetic-subscriber.example,Nancy,Reyes,Jacksonville,Florida,32099,US,30.2922585,-81.6941293,preferred,2243.17,2026-05-27T11:26:09Z
5812,matthew.stewart1272@synthetic-subscriber.example,Matthew,Stewart,Fort Worth,Texas,76101,US,32.7925427,-97.3488132,preferred,2510.45,2026-05-27T11:26:09Z
5813,betty.stewart1273@synthetic-subscriber.example,Betty,Stewart,Columbus,Ohio,43085,US,39.9291186,-82.9805989,vip,29396.8,2026-05-27T11:26:09Z
5814,anthony.morris1274@synthetic-subscriber.example,Anthony,Morris,Charlotte,North Carolina,28201,US,35.2345494,-80.8888656,new,83.53,2026-05-27T11:26:09Z
5815,margaret.morris1275@synthetic-subscriber.example,Margaret,Morris,Indianapolis,Indiana,46201,US,39.8052235,-86.1391439,standard,683.42,2026-05-27T11:26:09Z
5816,mark.morales1276@synthetic-subscriber.example,Mark,Morales,San Francisco,California,94101,US,37.787677,-122.4271425,standard,111.31,2026-05-27T11:26:09Z
5817,sandra.morales1277@synthetic-subscriber.example,Sandra,Morales,Seattle,Washington,98101,US,47.63189,-122.3487515,standard,114.07,2026-05-27T11:26:09Z
5818,donald.murphy1278@synthetic-subscriber.example,Donald,Murphy,Denver,Colorado,80201,US,39.7436787,-105.0367899,preferred,1180.88,2026-05-27T11:26:09Z
5819,ashley.murphy1279@synthetic-subscriber.example,Ashley,Murphy,Nashville,Tennessee,37201,US,36.1267287,-86.7441393,preferred,6840.6,2026-05-27T11:26:09Z
5820,steven.cook1280@synthetic-subscriber.example,Steven,Cook,Portland,Oregon,97201,US,45.4885046,-122.6779423,vip,43890.57,2026-05-27T11:26:09Z
5821,kimberly.cook1281@synthetic-subscriber.example,Kimberly,Cook,Las Vegas,Nevada,89101,US,36.1263238,-115.1487267,new,174.39,2026-05-27T11:26:09Z
5822,andrew.rogers1282@synthetic-subscriber.example,Andrew,Rogers,Miami,Florida,33101,US,25.8056202,-80.2132573,standard,1958.57,2026-05-27T11:26:09Z
5823,emily.rogers1283@synthetic-subscriber.example,Emily,Rogers,Atlanta,Georgia,30301,US,33.765674,-84.3750091,standard,945.87,2026-05-27T11:26:09Z
5824,paul.gutierrez1284@synthetic-subscriber.example,Paul,Gutierrez,Boston,Massachusetts,02101,US,42.4002214,-71.0380988,standard,1853.6,2026-05-27T11:26:09Z
5825,donna.gutierrez1285@synthetic-subscriber.example,Donna,Gutierrez,Minneapolis,Minnesota,55401,US,45.0003224,-93.3025824,preferred,6488.39,2026-05-27T11:26:09Z
5826,joshua.ortiz1286@synthetic-subscriber.example,Joshua,Ortiz,Salt Lake City,Utah,84101,US,40.7610611,-111.9388823,preferred,1523.74,2026-05-27T11:26:09Z
5827,michelle.ortiz1287@synthetic-subscriber.example,Michelle,Ortiz,Detroit,Michigan,48201,US,42.3665135,-83.0076564,vip,9717.44,2026-05-27T11:26:09Z
5828,kenneth.morgan1288@synthetic-subscriber.example,Kenneth,Morgan,Tampa,Florida,33601,US,27.924742,-82.4293653,new,41.48,2026-05-27T11:26:09Z
5829,carol.morgan1289@synthetic-subscriber.example,Carol,Morgan,Brooklyn,New York,11201,US,40.6293967,-73.9701129,standard,1960.21,2026-05-27T11:26:09Z
5830,kevin.cooper1290@synthetic-subscriber.example,Kevin,Cooper,Raleigh,North Carolina,27601,US,35.7376013,-78.6778527,standard,1981.6,2026-05-27T11:26:09Z
5831,amanda.cooper1291@synthetic-subscriber.example,Amanda,Cooper,Scottsdale,Arizona,85251,US,33.4856104,-111.9517576,standard,1666.44,2026-05-27T11:26:09Z
5832,brian.peterson1292@synthetic-subscriber.example,Brian,Peterson,Honolulu,Hawaii,96801,US,21.2964823,-157.8569305,preferred,1649.2,2026-05-27T11:26:09Z
5833,dorothy.peterson1293@synthetic-subscriber.example,Dorothy,Peterson,Boulder,Colorado,80301,US,40.0402256,-105.2670025,preferred,3294.4,2026-05-27T11:26:09Z
5834,george.bailey1294@synthetic-subscriber.example,George,Bailey,Savannah,Georgia,31401,US,32.12379,-81.0883017,vip,19376.12,2026-05-27T11:26:09Z
5835,melissa.bailey1295@synthetic-subscriber.example,Melissa,Bailey,New York,New York,10001,US,40.7419462,-74.0077876,new,26.12,2026-05-27T11:26:09Z
5836,timothy.reed1296@synthetic-subscriber.example,Timothy,Reed,Los Angeles,California,90001,US,34.012266,-118.2889602,standard,969.56,2026-05-27T11:26:09Z
5837,deborah.reed1297@synthetic-subscriber.example,Deborah,Reed,Chicago,Illinois,60601,US,41.9220203,-87.5806578,standard,206.93,2026-05-27T11:26:09Z
5838,aiden.kelly1298@synthetic-subscriber.example,Aiden,Kelly,Houston,Texas,77001,US,29.7175624,-95.3723534,standard,1536.48,2026-05-27T11:26:09Z
5839,sofia.kelly1299@synthetic-subscriber.example,Sofia,Kelly,Phoenix,Arizona,85001,US,33.4835009,-112.1163795,preferred,2980.47,2026-05-27T11:26:09Z
5840,liam.howard1300@synthetic-subscriber.example,Liam,Howard,Philadelphia,Pennsylvania,19101,US,39.9994507,-75.2132785,preferred,5561.23,2026-05-27T11:26:09Z
5841,olivia.howard1301@synthetic-subscriber.example,Olivia,Howard,San Antonio,Texas,78201,US,29.4010638,-98.5355156,vip,22500.5,2026-05-27T11:26:09Z
5842,noah.ramos1302@synthetic-subscriber.example,Noah,Ramos,San Diego,California,92101,US,32.6672693,-117.1813963,new,174.67,2026-05-27T11:26:09Z
5843,emma.ramos1303@synthetic-subscriber.example,Emma,Ramos,Dallas,Texas,75201,US,32.7378827,-96.799252,standard,521.24,2026-05-27T11:26:09Z
5844,ethan.kim1304@synthetic-subscriber.example,Ethan,Kim,San Jose,California,95101,US,37.3276289,-121.8931489,standard,1352.39,2026-05-27T11:26:09Z
5845,ava.kim1305@synthetic-subscriber.example,Ava,Kim,Austin,Texas,73301,US,30.2407419,-97.7288403,standard,1145.3,2026-05-27T11:26:09Z
5846,mason.cox1306@synthetic-subscriber.example,Mason,Cox,Jacksonville,Florida,32099,US,30.348705,-81.671492,preferred,3544.92,2026-05-27T11:26:09Z
5847,isabella.cox1307@synthetic-subscriber.example,Isabella,Cox,Fort Worth,Texas,76101,US,32.7090333,-97.285683,preferred,6780.22,2026-05-27T11:26:09Z
5848,lucas.ward1308@synthetic-subscriber.example,Lucas,Ward,Columbus,Ohio,43085,US,39.9858358,-83.0336363,vip,15453.21,2026-05-27T11:26:09Z
5849,mia.ward1309@synthetic-subscriber.example,Mia,Ward,Charlotte,North Carolina,28201,US,35.1878368,-80.8665887,new,115.59,2026-05-27T11:26:09Z
5850,logan.richardson1310@synthetic-subscriber.example,Logan,Richardson,Indianapolis,Indiana,46201,US,39.7928348,-86.171667,standard,707.29,2026-05-27T11:26:09Z
5851,charlotte.richardson1311@synthetic-subscriber.example,Charlotte,Richardson,San Francisco,California,94101,US,37.7965672,-122.4672106,standard,1112.53,2026-05-27T11:26:09Z
5852,jackson.watson1312@synthetic-subscriber.example,Jackson,Watson,Seattle,Washington,98101,US,47.5754801,-122.2876407,standard,1270.06,2026-05-27T11:26:09Z
5853,amelia.watson1313@synthetic-subscriber.example,Amelia,Watson,Denver,Colorado,80201,US,39.7244294,-104.9499711,preferred,6782.14,2026-05-27T11:26:09Z
5854,sebastian.brooks1314@synthetic-subscriber.example,Sebastian,Brooks,Nashville,Tennessee,37201,US,36.1243812,-86.7821051,preferred,7717.23,2026-05-27T11:26:09Z
5855,harper.brooks1315@synthetic-subscriber.example,Harper,Brooks,Portland,Oregon,97201,US,45.5258438,-122.7109378,vip,26550.93,2026-05-27T11:26:09Z
5856,mateo.chavez1316@synthetic-subscriber.example,Mateo,Chavez,Las Vegas,Nevada,89101,US,36.1318604,-115.1161326,new,126.8,2026-05-27T11:26:09Z
5857,evelyn.chavez1317@synthetic-subscriber.example,Evelyn,Chavez,Miami,Florida,33101,US,25.7225669,-80.1531658,standard,1651.44,2026-05-27T11:26:09Z
5858,henry.wood1318@synthetic-subscriber.example,Henry,Wood,Atlanta,Georgia,30301,US,33.7873898,-84.3665135,standard,152.01,2026-05-27T11:26:09Z
5859,luna.wood1319@synthetic-subscriber.example,Luna,Wood,Boston,Massachusetts,02101,US,42.4067838,-71.0711994,standard,424.62,2026-05-27T11:26:09Z
5860,owen.james1320@synthetic-subscriber.example,Owen,James,Minneapolis,Minnesota,55401,US,44.9470961,-93.2389959,preferred,3421.7,2026-05-27T11:26:09Z
5861,camila.james1321@synthetic-subscriber.example,Camila,James,Salt Lake City,Utah,84101,US,40.7862617,-111.8581501,preferred,5629.57,2026-05-27T11:26:09Z
5862,wyatt.bennett1322@synthetic-subscriber.example,Wyatt,Bennett,Detroit,Michigan,48201,US,42.3088969,-83.037091,vip,27471.82,2026-05-27T11:26:09Z
5863,aria.bennett1323@synthetic-subscriber.example,Aria,Bennett,Tampa,Florida,33601,US,27.9382181,-82.4484288,new,75.22,2026-05-27T11:26:09Z
5864,jack.gray1324@synthetic-subscriber.example,Jack,Gray,Brooklyn,New York,11201,US,40.6605164,-73.9160138,standard,1137.18,2026-05-27T11:26:09Z
5865,scarlett.gray1325@synthetic-subscriber.example,Scarlett,Gray,Raleigh,North Carolina,27601,US,35.7600655,-78.6240229,standard,1690.36,2026-05-27T11:26:09Z
5866,leo.mendoza1326@synthetic-subscriber.example,Leo,Mendoza,Scottsdale,Arizona,85251,US,33.5308313,-111.8895038,standard,339.01,2026-05-27T11:26:09Z
5867,penelope.mendoza1327@synthetic-subscriber.example,Penelope,Mendoza,Honolulu,Hawaii,96801,US,21.2963485,-157.8866963,preferred,7218.18,2026-05-27T11:26:09Z
5868,asher.ruiz1328@synthetic-subscriber.example,Asher,Ruiz,Boulder,Colorado,80301,US,39.9997004,-105.2576755,preferred,2060.19,2026-05-27T11:26:09Z
5869,layla.ruiz1329@synthetic-subscriber.example,Layla,Ruiz,Savannah,Georgia,31401,US,32.1012761,-81.072849,vip,8563.81,2026-05-27T11:26:09Z
5870,ezra.hughes1330@synthetic-subscriber.example,Ezra,Hughes,New York,New York,10001,US,40.7589776,-74.0174238,new,79.78,2026-05-27T11:26:09Z
5871,chloe.hughes1331@synthetic-subscriber.example,Chloe,Hughes,Los Angeles,California,90001,US,34.0509388,-118.283009,standard,1438.8,2026-05-27T11:26:09Z
5872,benjamin.price1332@synthetic-subscriber.example,Benjamin,Price,Chicago,Illinois,60601,US,41.8739978,-87.6406219,standard,1490.4,2026-05-27T11:26:09Z
5873,riley.price1333@synthetic-subscriber.example,Riley,Price,Houston,Texas,77001,US,29.7959014,-95.3215381,standard,255.87,2026-05-27T11:26:09Z
5874,caleb.alvarez1334@synthetic-subscriber.example,Caleb,Alvarez,Phoenix,Arizona,85001,US,33.4163906,-112.0797232,preferred,6336.34,2026-05-27T11:26:09Z
5875,zoey.alvarez1335@synthetic-subscriber.example,Zoey,Alvarez,Philadelphia,Pennsylvania,19101,US,39.9679575,-75.1738677,preferred,4629.75,2026-05-27T11:26:09Z
5876,samuel.castillo1336@synthetic-subscriber.example,Samuel,Castillo,San Antonio,Texas,78201,US,29.3894168,-98.4685789,vip,28765.1,2026-05-27T11:26:09Z
5877,nora.castillo1337@synthetic-subscriber.example,Nora,Castillo,San Diego,California,92101,US,32.6716163,-117.1749677,new,116.17,2026-05-27T11:26:09Z
5878,dylan.sanders1338@synthetic-subscriber.example,Dylan,Sanders,Dallas,Texas,75201,US,32.7764412,-96.7930035,standard,1226.78,2026-05-27T11:26:09Z
5879,lily.sanders1339@synthetic-subscriber.example,Lily,Sanders,San Jose,California,95101,US,37.3622563,-121.8904622,standard,837.74,2026-05-27T11:26:09Z
5880,gabriel.patel1340@synthetic-subscriber.example,Gabriel,Patel,Austin,Texas,73301,US,30.3070274,-97.7694255,standard,1072.82,2026-05-27T11:26:09Z
5881,eleanor.patel1341@synthetic-subscriber.example,Eleanor,Patel,Jacksonville,Florida,32099,US,30.2902738,-81.6193432,preferred,7809.97,2026-05-27T11:26:09Z
5882,elijah.myers1342@synthetic-subscriber.example,Elijah,Myers,Fort Worth,Texas,76101,US,32.7332675,-97.3025858,preferred,5862.36,2026-05-27T11:26:09Z
5883,hannah.myers1343@synthetic-subscriber.example,Hannah,Myers,Columbus,Ohio,43085,US,40.0031069,-83.0328331,vip,12813.91,2026-05-27T11:26:09Z
5884,james.smith1344@synthetic-subscriber.example,James,Smith,Charlotte,North Carolina,28201,US,35.2659126,-80.8884781,new,124.88,2026-05-27T11:26:09Z
5885,mary.smith1345@synthetic-subscriber.example,Mary,Smith,Indianapolis,Indiana,46201,US,39.7590847,-86.203294,standard,686.59,2026-05-27T11:26:09Z
5886,john.johnson1346@synthetic-subscriber.example,John,Johnson,San Francisco,California,94101,US,37.7928569,-122.4193828,standard,1295.78,2026-05-27T11:26:09Z
5887,patricia.johnson1347@synthetic-subscriber.example,Patricia,Johnson,Seattle,Washington,98101,US,47.6222023,-122.3058076,standard,819.07,2026-05-27T11:26:09Z
5888,robert.williams1348@synthetic-subscriber.example,Robert,Williams,Denver,Colorado,80201,US,39.7883943,-104.9943812,preferred,1313.83,2026-05-27T11:26:09Z
5889,jennifer.williams1349@synthetic-subscriber.example,Jennifer,Williams,Nashville,Tennessee,37201,US,36.121992,-86.8088049,preferred,7480.1,2026-05-27T11:26:09Z
5890,michael.brown1350@synthetic-subscriber.example,Michael,Brown,Portland,Oregon,97201,US,45.4895797,-122.6926748,vip,30437.99,2026-05-27T11:26:09Z
5891,linda.brown1351@synthetic-subscriber.example,Linda,Brown,Las Vegas,Nevada,89101,US,36.1253892,-115.0962248,new,125.71,2026-05-27T11:26:09Z
5892,william.jones1352@synthetic-subscriber.example,William,Jones,Miami,Florida,33101,US,25.7573957,-80.1960419,standard,1707.76,2026-05-27T11:26:09Z
5893,elizabeth.jones1353@synthetic-subscriber.example,Elizabeth,Jones,Atlanta,Georgia,30301,US,33.7682179,-84.3807356,standard,527.33,2026-05-27T11:26:09Z
5894,david.garcia1354@synthetic-subscriber.example,David,Garcia,Boston,Massachusetts,02101,US,42.3253503,-71.1047706,standard,1188.69,2026-05-27T11:26:09Z
5895,barbara.garcia1355@synthetic-subscriber.example,Barbara,Garcia,Minneapolis,Minnesota,55401,US,45.0167556,-93.268399,preferred,6575.01,2026-05-27T11:26:09Z
5896,richard.miller1356@synthetic-subscriber.example,Richard,Miller,Salt Lake City,Utah,84101,US,40.7330403,-111.9233019,preferred,3865.68,2026-05-27T11:26:09Z
5897,susan.miller1357@synthetic-subscriber.example,Susan,Miller,Detroit,Michigan,48201,US,42.3580742,-83.0557414,vip,6806.2,2026-05-27T11:26:09Z
5898,joseph.davis1358@synthetic-subscriber.example,Joseph,Davis,Tampa,Florida,33601,US,27.9562842,-82.4181783,new,44.26,2026-05-27T11:26:09Z
5899,jessica.davis1359@synthetic-subscriber.example,Jessica,Davis,Brooklyn,New York,11201,US,40.7180581,-73.9768342,standard,1422.27,2026-05-27T11:26:09Z
5900,thomas.rodriguez1360@synthetic-subscriber.example,Thomas,Rodriguez,Raleigh,North Carolina,27601,US,35.7555911,-78.6360528,standard,273.89,2026-05-27T11:26:09Z
5901,sarah.rodriguez1361@synthetic-subscriber.example,Sarah,Rodriguez,Scottsdale,Arizona,85251,US,33.5244168,-111.8787039,standard,364.85,2026-05-27T11:26:09Z
5902,christopher.martinez1362@synthetic-subscriber.example,Christopher,Martinez,Honolulu,Hawaii,96801,US,21.3039577,-157.8737917,preferred,1667.95,2026-05-27T11:26:09Z
5903,karen.martinez1363@synthetic-subscriber.example,Karen,Martinez,Boulder,Colorado,80301,US,40.0183639,-105.3105974,preferred,4526.61,2026-05-27T11:26:09Z
5904,charles.hernandez1364@synthetic-subscriber.example,Charles,Hernandez,Savannah,Georgia,31401,US,32.0511353,-81.0579928,vip,32931.68,2026-05-27T11:26:09Z
5905,lisa.hernandez1365@synthetic-subscriber.example,Lisa,Hernandez,New York,New York,10001,US,40.6802886,-74.0010421,new,108.29,2026-05-27T11:26:09Z
5906,daniel.lopez1366@synthetic-subscriber.example,Daniel,Lopez,Los Angeles,California,90001,US,34.0476216,-118.2722653,standard,534.98,2026-05-27T11:26:09Z
5907,nancy.lopez1367@synthetic-subscriber.example,Nancy,Lopez,Chicago,Illinois,60601,US,41.9246866,-87.5938339,standard,1308.72,2026-05-27T11:26:09Z
5908,matthew.gonzalez1368@synthetic-subscriber.example,Matthew,Gonzalez,Houston,Texas,77001,US,29.7890591,-95.3397361,standard,1294.22,2026-05-27T11:26:09Z
5909,betty.gonzalez1369@synthetic-subscriber.example,Betty,Gonzalez,Phoenix,Arizona,85001,US,33.4308459,-112.0286527,preferred,2732.28,2026-05-27T11:26:09Z
5910,anthony.wilson1370@synthetic-subscriber.example,Anthony,Wilson,Philadelphia,Pennsylvania,19101,US,39.9963706,-75.1435132,preferred,1765.87,2026-05-27T11:26:09Z
5911,margaret.wilson1371@synthetic-subscriber.example,Margaret,Wilson,San Antonio,Texas,78201,US,29.4105302,-98.4941653,vip,49057.4,2026-05-27T11:26:09Z
5912,mark.anderson1372@synthetic-subscriber.example,Mark,Anderson,San Diego,California,92101,US,32.7325413,-117.1487919,new,109.32,2026-05-27T11:26:09Z
5913,sandra.anderson1373@synthetic-subscriber.example,Sandra,Anderson,Dallas,Texas,75201,US,32.7567231,-96.8046805,standard,834.12,2026-05-27T11:26:09Z
5914,donald.thomas1374@synthetic-subscriber.example,Donald,Thomas,San Jose,California,95101,US,37.2912087,-121.8938244,standard,1173.57,2026-05-27T11:26:09Z
5915,ashley.thomas1375@synthetic-subscriber.example,Ashley,Thomas,Austin,Texas,73301,US,30.2753604,-97.6989372,standard,117.2,2026-05-27T11:26:09Z
5916,steven.taylor1376@synthetic-subscriber.example,Steven,Taylor,Jacksonville,Florida,32099,US,30.3272237,-81.7045943,preferred,7651.15,2026-05-27T11:26:09Z
5917,kimberly.taylor1377@synthetic-subscriber.example,Kimberly,Taylor,Fort Worth,Texas,76101,US,32.7387103,-97.2943553,preferred,1731.95,2026-05-27T11:26:09Z
5918,andrew.moore1378@synthetic-subscriber.example,Andrew,Moore,Columbus,Ohio,43085,US,39.9832056,-83.0441498,vip,6499.35,2026-05-27T11:26:09Z
5919,emily.moore1379@synthetic-subscriber.example,Emily,Moore,Charlotte,North Carolina,28201,US,35.2157862,-80.8804372,new,64.42,2026-05-27T11:26:09Z
5920,paul.jackson1380@synthetic-subscriber.example,Paul,Jackson,Indianapolis,Indiana,46201,US,39.7388831,-86.1672716,standard,1862.12,2026-05-27T11:26:09Z
5921,donna.jackson1381@synthetic-subscriber.example,Donna,Jackson,San Francisco,California,94101,US,37.7731854,-122.3796059,standard,217.71,2026-05-27T11:26:09Z
5922,joshua.martin1382@synthetic-subscriber.example,Joshua,Martin,Seattle,Washington,98101,US,47.5729309,-122.2950234,standard,1227.41,2026-05-27T11:26:09Z
5923,michelle.martin1383@synthetic-subscriber.example,Michelle,Martin,Denver,Colorado,80201,US,39.7819844,-104.9927883,preferred,4186.07,2026-05-27T11:26:09Z
5924,kenneth.lee1384@synthetic-subscriber.example,Kenneth,Lee,Nashville,Tennessee,37201,US,36.1920971,-86.7831697,preferred,7809.42,2026-05-27T11:26:09Z
5925,carol.lee1385@synthetic-subscriber.example,Carol,Lee,Portland,Oregon,97201,US,45.5297222,-122.673653,vip,33759.63,2026-05-27T11:26:09Z
5926,kevin.perez1386@synthetic-subscriber.example,Kevin,Perez,Las Vegas,Nevada,89101,US,36.1777701,-115.1661172,new,160.26,2026-05-27T11:26:09Z
5927,amanda.perez1387@synthetic-subscriber.example,Amanda,Perez,Miami,Florida,33101,US,25.7469033,-80.1761437,standard,1642.22,2026-05-27T11:26:09Z
5928,brian.thompson1388@synthetic-subscriber.example,Brian,Thompson,Atlanta,Georgia,30301,US,33.7132729,-84.3722238,standard,1654.05,2026-05-27T11:26:09Z
5929,dorothy.thompson1389@synthetic-subscriber.example,Dorothy,Thompson,Boston,Massachusetts,02101,US,42.3402164,-71.0337836,standard,1550.4,2026-05-27T11:26:09Z
5930,george.white1390@synthetic-subscriber.example,George,White,Minneapolis,Minnesota,55401,US,44.9752038,-93.2276755,preferred,5346.82,2026-05-27T11:26:09Z
5931,melissa.white1391@synthetic-subscriber.example,Melissa,White,Salt Lake City,Utah,84101,US,40.7556329,-111.8626915,preferred,1219.55,2026-05-27T11:26:09Z
5932,timothy.harris1392@synthetic-subscriber.example,Timothy,Harris,Detroit,Michigan,48201,US,42.2972409,-83.0760604,vip,19451.13,2026-05-27T11:26:09Z
5933,deborah.harris1393@synthetic-subscriber.example,Deborah,Harris,Tampa,Florida,33601,US,27.9470206,-82.4562551,new,59.1,2026-05-27T11:26:09Z
5934,aiden.sanchez1394@synthetic-subscriber.example,Aiden,Sanchez,Brooklyn,New York,11201,US,40.7204939,-73.9697792,standard,891.81,2026-05-27T11:26:09Z
5935,sofia.sanchez1395@synthetic-subscriber.example,Sofia,Sanchez,Raleigh,North Carolina,27601,US,35.8039667,-78.5904675,standard,1041.18,2026-05-27T11:26:09Z
5936,liam.clark1396@synthetic-subscriber.example,Liam,Clark,Scottsdale,Arizona,85251,US,33.5276608,-111.9462243,standard,882.64,2026-05-27T11:26:09Z
5937,olivia.clark1397@synthetic-subscriber.example,Olivia,Clark,Honolulu,Hawaii,96801,US,21.2702807,-157.8344105,preferred,2983.31,2026-05-27T11:26:09Z
5938,noah.ramirez1398@synthetic-subscriber.example,Noah,Ramirez,Boulder,Colorado,80301,US,40.0395353,-105.285744,preferred,6482.33,2026-05-27T11:26:09Z
5939,emma.ramirez1399@synthetic-subscriber.example,Emma,Ramirez,Savannah,Georgia,31401,US,32.1134322,-81.0627982,vip,7972.07,2026-05-27T11:26:09Z
5940,ethan.lewis1400@synthetic-subscriber.example,Ethan,Lewis,New York,New York,10001,US,40.6842348,-73.9918653,new,129.82,2026-05-27T11:26:09Z
5941,ava.lewis1401@synthetic-subscriber.example,Ava,Lewis,Los Angeles,California,90001,US,34.0508517,-118.2560827,standard,1513.62,2026-05-27T11:26:09Z
5942,mason.robinson1402@synthetic-subscriber.example,Mason,Robinson,Chicago,Illinois,60601,US,41.857491,-87.584562,standard,590.58,2026-05-27T11:26:09Z
5943,isabella.robinson1403@synthetic-subscriber.example,Isabella,Robinson,Houston,Texas,77001,US,29.8038625,-95.4088572,standard,1395.23,2026-05-27T11:26:09Z
5944,lucas.walker1404@synthetic-subscriber.example,Lucas,Walker,Phoenix,Arizona,85001,US,33.4202033,-112.0738359,preferred,1398.43,2026-05-27T11:26:09Z
5945,mia.walker1405@synthetic-subscriber.example,Mia,Walker,Philadelphia,Pennsylvania,19101,US,39.9333056,-75.20563,preferred,4367.25,2026-05-27T11:26:09Z
5946,logan.young1406@synthetic-subscriber.example,Logan,Young,San Antonio,Texas,78201,US,29.3970836,-98.4458663,vip,33524.96,2026-05-27T11:26:09Z
5947,charlotte.young1407@synthetic-subscriber.example,Charlotte,Young,San Diego,California,92101,US,32.6703701,-117.167603,new,191.3,2026-05-27T11:26:09Z
5948,jackson.allen1408@synthetic-subscriber.example,Jackson,Allen,Dallas,Texas,75201,US,32.7671165,-96.8250608,standard,1031.11,2026-05-27T11:26:09Z
5949,amelia.allen1409@synthetic-subscriber.example,Amelia,Allen,San Jose,California,95101,US,37.2979411,-121.9089349,standard,519.53,2026-05-27T11:26:09Z
5950,sebastian.king1410@synthetic-subscriber.example,Sebastian,King,Austin,Texas,73301,US,30.3142241,-97.7558243,standard,1177.5,2026-05-27T11:26:09Z
5951,harper.king1411@synthetic-subscriber.example,Harper,King,Jacksonville,Florida,32099,US,30.2861533,-81.6106277,preferred,6871.2,2026-05-27T11:26:09Z
5952,mateo.wright1412@synthetic-subscriber.example,Mateo,Wright,Fort Worth,Texas,76101,US,32.7729947,-97.359115,preferred,7199.35,2026-05-27T11:26:09Z
5953,evelyn.wright1413@synthetic-subscriber.example,Evelyn,Wright,Columbus,Ohio,43085,US,39.9289059,-82.9809708,vip,13846.48,2026-05-27T11:26:09Z
5954,henry.scott1414@synthetic-subscriber.example,Henry,Scott,Charlotte,North Carolina,28201,US,35.2239836,-80.8878359,new,17.35,2026-05-27T11:26:09Z
5955,luna.scott1415@synthetic-subscriber.example,Luna,Scott,Indianapolis,Indiana,46201,US,39.7948367,-86.1640137,standard,1620.76,2026-05-27T11:26:09Z
5956,owen.torres1416@synthetic-subscriber.example,Owen,Torres,San Francisco,California,94101,US,37.7666078,-122.371881,standard,1685.73,2026-05-27T11:26:09Z
5957,camila.torres1417@synthetic-subscriber.example,Camila,Torres,Seattle,Washington,98101,US,47.5584566,-122.2948977,standard,717.3,2026-05-27T11:26:09Z
5958,wyatt.nguyen1418@synthetic-subscriber.example,Wyatt,Nguyen,Denver,Colorado,80201,US,39.7031165,-104.9784487,preferred,2532.92,2026-05-27T11:26:09Z
5959,aria.nguyen1419@synthetic-subscriber.example,Aria,Nguyen,Nashville,Tennessee,37201,US,36.2091816,-86.7732072,preferred,7025.17,2026-05-27T11:26:09Z
5960,jack.hill1420@synthetic-subscriber.example,Jack,Hill,Portland,Oregon,97201,US,45.5477305,-122.7019848,vip,34242.09,2026-05-27T11:26:09Z
5961,scarlett.hill1421@synthetic-subscriber.example,Scarlett,Hill,Las Vegas,Nevada,89101,US,36.1719441,-115.0923842,new,65.03,2026-05-27T11:26:09Z
5962,leo.flores1422@synthetic-subscriber.example,Leo,Flores,Miami,Florida,33101,US,25.8059541,-80.152502,standard,214.29,2026-05-27T11:26:09Z
5963,penelope.flores1423@synthetic-subscriber.example,Penelope,Flores,Atlanta,Georgia,30301,US,33.7667625,-84.3895885,standard,1465.13,2026-05-27T11:26:09Z
5964,asher.green1424@synthetic-subscriber.example,Asher,Green,Boston,Massachusetts,02101,US,42.3821641,-71.0390328,standard,1570.59,2026-05-27T11:26:09Z
5965,layla.green1425@synthetic-subscriber.example,Layla,Green,Minneapolis,Minnesota,55401,US,45.0034918,-93.2338932,preferred,1209.84,2026-05-27T11:26:09Z
5966,ezra.adams1426@synthetic-subscriber.example,Ezra,Adams,Salt Lake City,Utah,84101,US,40.7432654,-111.8588756,preferred,7130.83,2026-05-27T11:26:09Z
5967,chloe.adams1427@synthetic-subscriber.example,Chloe,Adams,Detroit,Michigan,48201,US,42.3359702,-83.0838024,vip,13756.15,2026-05-27T11:26:09Z
5968,benjamin.nelson1428@synthetic-subscriber.example,Benjamin,Nelson,Tampa,Florida,33601,US,27.9792092,-82.4962594,new,29.13,2026-05-27T11:26:09Z
5969,riley.nelson1429@synthetic-subscriber.example,Riley,Nelson,Brooklyn,New York,11201,US,40.6981481,-73.9937651,standard,1983.41,2026-05-27T11:26:09Z
5970,caleb.baker1430@synthetic-subscriber.example,Caleb,Baker,Raleigh,North Carolina,27601,US,35.7831446,-78.6381748,standard,1115.84,2026-05-27T11:26:09Z
5971,zoey.baker1431@synthetic-subscriber.example,Zoey,Baker,Scottsdale,Arizona,85251,US,33.4963726,-111.90635,standard,1013.9,2026-05-27T11:26:09Z
5972,samuel.hall1432@synthetic-subscriber.example,Samuel,Hall,Honolulu,Hawaii,96801,US,21.2715904,-157.8671623,preferred,5567.15,2026-05-27T11:26:09Z
5973,nora.hall1433@synthetic-subscriber.example,Nora,Hall,Boulder,Colorado,80301,US,40.0168888,-105.2763008,preferred,7619.35,2026-05-27T11:26:09Z
5974,dylan.rivera1434@synthetic-subscriber.example,Dylan,Rivera,Savannah,Georgia,31401,US,32.0917587,-81.127428,vip,46623.99,2026-05-27T11:26:09Z
5975,lily.rivera1435@synthetic-subscriber.example,Lily,Rivera,New York,New York,10001,US,40.6982875,-73.9780517,new,134.77,2026-05-27T11:26:09Z
5976,gabriel.campbell1436@synthetic-subscriber.example,Gabriel,Campbell,Los Angeles,California,90001,US,34.0116822,-118.2473181,standard,1397.87,2026-05-27T11:26:09Z
5977,eleanor.campbell1437@synthetic-subscriber.example,Eleanor,Campbell,Chicago,Illinois,60601,US,41.833632,-87.6287482,standard,935.54,2026-05-27T11:26:09Z
5978,elijah.mitchell1438@synthetic-subscriber.example,Elijah,Mitchell,Houston,Texas,77001,US,29.7899498,-95.3586603,standard,1437.42,2026-05-27T11:26:09Z
5979,hannah.mitchell1439@synthetic-subscriber.example,Hannah,Mitchell,Phoenix,Arizona,85001,US,33.4300408,-112.1020078,preferred,3614.91,2026-05-27T11:26:09Z
5980,james.carter1440@synthetic-subscriber.example,James,Carter,Philadelphia,Pennsylvania,19101,US,39.9620801,-75.1674012,preferred,7849.55,2026-05-27T11:26:09Z
5981,mary.carter1441@synthetic-subscriber.example,Mary,Carter,San Antonio,Texas,78201,US,29.3940492,-98.5236649,vip,22695.43,2026-05-27T11:26:09Z
5982,john.roberts1442@synthetic-subscriber.example,John,Roberts,San Diego,California,92101,US,32.7083443,-117.1243455,new,36.32,2026-05-27T11:26:09Z
5983,patricia.roberts1443@synthetic-subscriber.example,Patricia,Roberts,Dallas,Texas,75201,US,32.8242599,-96.8194194,standard,309.09,2026-05-27T11:26:09Z
5984,robert.gomez1444@synthetic-subscriber.example,Robert,Gomez,San Jose,California,95101,US,37.3682811,-121.8429758,standard,580.81,2026-05-27T11:26:09Z
5985,jennifer.gomez1445@synthetic-subscriber.example,Jennifer,Gomez,Austin,Texas,73301,US,30.3040443,-97.7030423,standard,1922.03,2026-05-27T11:26:09Z
5986,michael.phillips1446@synthetic-subscriber.example,Michael,Phillips,Jacksonville,Florida,32099,US,30.3650765,-81.6176087,preferred,7296.21,2026-05-27T11:26:09Z
5987,linda.phillips1447@synthetic-subscriber.example,Linda,Phillips,Fort Worth,Texas,76101,US,32.7486028,-97.3053199,preferred,5012.58,2026-05-27T11:26:09Z
5988,william.evans1448@synthetic-subscriber.example,William,Evans,Columbus,Ohio,43085,US,39.9350554,-83.0157055,vip,28169.02,2026-05-27T11:26:09Z
5989,elizabeth.evans1449@synthetic-subscriber.example,Elizabeth,Evans,Charlotte,North Carolina,28201,US,35.262556,-80.8092866,new,22.33,2026-05-27T11:26:09Z
5990,david.turner1450@synthetic-subscriber.example,David,Turner,Indianapolis,Indiana,46201,US,39.7814958,-86.1339295,standard,1843.1,2026-05-27T11:26:09Z
5991,barbara.turner1451@synthetic-subscriber.example,Barbara,Turner,San Francisco,California,94101,US,37.7587853,-122.3975619,standard,1789.79,2026-05-27T11:26:09Z
5992,richard.diaz1452@synthetic-subscriber.example,Richard,Diaz,Seattle,Washington,98101,US,47.5668592,-122.378597,standard,1318.55,2026-05-27T11:26:09Z
5993,susan.diaz1453@synthetic-subscriber.example,Susan,Diaz,Denver,Colorado,80201,US,39.7675911,-105.0072527,preferred,1036.86,2026-05-27T11:26:09Z
5994,joseph.parker1454@synthetic-subscriber.example,Joseph,Parker,Nashville,Tennessee,37201,US,36.2063151,-86.7420368,preferred,1387.02,2026-05-27T11:26:09Z
5995,jessica.parker1455@synthetic-subscriber.example,Jessica,Parker,Portland,Oregon,97201,US,45.5050721,-122.6360237,vip,22867.73,2026-05-27T11:26:09Z
5996,thomas.cruz1456@synthetic-subscriber.example,Thomas,Cruz,Las Vegas,Nevada,89101,US,36.1802363,-115.1273737,new,82.22,2026-05-27T11:26:09Z
5997,sarah.cruz1457@synthetic-subscriber.example,Sarah,Cruz,Miami,Florida,33101,US,25.8063783,-80.1670564,standard,1035.39,2026-05-27T11:26:09Z
5998,christopher.edwards1458@synthetic-subscriber.example,Christopher,Edwards,Atlanta,Georgia,30301,US,33.7483375,-84.3546644,standard,1951.97,2026-05-27T11:26:09Z
5999,karen.edwards1459@synthetic-subscriber.example,Karen,Edwards,Boston,Massachusetts,02101,US,42.3605881,-71.1034948,standard,1636.97,2026-05-27T11:26:09Z
6000,charles.collins1460@synthetic-subscriber.example,Charles,Collins,Minneapolis,Minnesota,55401,US,44.9377036,-93.3092599,preferred,1262.39,2026-05-27T11:26:09Z
6001,lisa.collins1461@synthetic-subscriber.example,Lisa,Collins,Salt Lake City,Utah,84101,US,40.8107414,-111.9095548,preferred,5264.76,2026-05-27T11:26:09Z
6002,daniel.reyes1462@synthetic-subscriber.example,Daniel,Reyes,Detroit,Michigan,48201,US,42.3708402,-83.0050597,vip,49738.39,2026-05-27T11:26:09Z
6003,nancy.reyes1463@synthetic-subscriber.example,Nancy,Reyes,Tampa,Florida,33601,US,27.9970229,-82.4419646,new,193.65,2026-05-27T11:26:09Z
6004,matthew.stewart1464@synthetic-subscriber.example,Matthew,Stewart,Brooklyn,New York,11201,US,40.7236748,-73.9177085,standard,539,2026-05-27T11:26:09Z
6005,betty.stewart1465@synthetic-subscriber.example,Betty,Stewart,Raleigh,North Carolina,27601,US,35.8266286,-78.6052251,standard,1575.44,2026-05-27T11:26:09Z
6006,anthony.morris1466@synthetic-subscriber.example,Anthony,Morris,Scottsdale,Arizona,85251,US,33.5367962,-111.8919083,standard,1389.27,2026-05-27T11:26:09Z
6007,margaret.morris1467@synthetic-subscriber.example,Margaret,Morris,Honolulu,Hawaii,96801,US,21.3172959,-157.8281657,preferred,7686.46,2026-05-27T11:26:09Z
6008,mark.morales1468@synthetic-subscriber.example,Mark,Morales,Boulder,Colorado,80301,US,40.0542145,-105.3080668,preferred,5098.99,2026-05-27T11:26:09Z
6009,sandra.morales1469@synthetic-subscriber.example,Sandra,Morales,Savannah,Georgia,31401,US,32.1007297,-81.0568266,vip,30877.75,2026-05-27T11:26:09Z
6010,donald.murphy1470@synthetic-subscriber.example,Donald,Murphy,New York,New York,10001,US,40.7306827,-74.0354372,new,154.49,2026-05-27T11:26:09Z
6011,ashley.murphy1471@synthetic-subscriber.example,Ashley,Murphy,Los Angeles,California,90001,US,34.0636516,-118.2153676,standard,275.62,2026-05-27T11:26:09Z
6012,steven.cook1472@synthetic-subscriber.example,Steven,Cook,Chicago,Illinois,60601,US,41.8330476,-87.5967448,standard,1325.36,2026-05-27T11:26:09Z
6013,kimberly.cook1473@synthetic-subscriber.example,Kimberly,Cook,Houston,Texas,77001,US,29.7469332,-95.383505,standard,1625.77,2026-05-27T11:26:09Z
6014,andrew.rogers1474@synthetic-subscriber.example,Andrew,Rogers,Phoenix,Arizona,85001,US,33.4626145,-112.0681889,preferred,5032.82,2026-05-27T11:26:09Z
6015,emily.rogers1475@synthetic-subscriber.example,Emily,Rogers,Philadelphia,Pennsylvania,19101,US,39.9294856,-75.1234931,preferred,3724.25,2026-05-27T11:26:09Z
6016,paul.gutierrez1476@synthetic-subscriber.example,Paul,Gutierrez,San Antonio,Texas,78201,US,29.4394288,-98.5016664,vip,30973.33,2026-05-27T11:26:09Z
6017,donna.gutierrez1477@synthetic-subscriber.example,Donna,Gutierrez,San Diego,California,92101,US,32.742114,-117.200216,new,135.05,2026-05-27T11:26:09Z
6018,joshua.ortiz1478@synthetic-subscriber.example,Joshua,Ortiz,Dallas,Texas,75201,US,32.7890056,-96.7478818,standard,1725.25,2026-05-27T11:26:09Z
6019,michelle.ortiz1479@synthetic-subscriber.example,Michelle,Ortiz,San Jose,California,95101,US,37.3066312,-121.866529,standard,445.29,2026-05-27T11:26:09Z
6020,kenneth.morgan1480@synthetic-subscriber.example,Kenneth,Morgan,Austin,Texas,73301,US,30.2938619,-97.7357771,standard,400.55,2026-05-27T11:26:09Z
6021,carol.morgan1481@synthetic-subscriber.example,Carol,Morgan,Jacksonville,Florida,32099,US,30.2882702,-81.6478255,preferred,1791.22,2026-05-27T11:26:09Z
6022,kevin.cooper1482@synthetic-subscriber.example,Kevin,Cooper,Fort Worth,Texas,76101,US,32.7930975,-97.3803776,preferred,4049.75,2026-05-27T11:26:09Z
6023,amanda.cooper1483@synthetic-subscriber.example,Amanda,Cooper,Columbus,Ohio,43085,US,39.9691581,-83.0152382,vip,31796.05,2026-05-27T11:26:09Z
6024,brian.peterson1484@synthetic-subscriber.example,Brian,Peterson,Charlotte,North Carolina,28201,US,35.2025681,-80.8362893,new,38.54,2026-05-27T11:26:09Z
6025,dorothy.peterson1485@synthetic-subscriber.example,Dorothy,Peterson,Indianapolis,Indiana,46201,US,39.7528387,-86.1208185,standard,860.05,2026-05-27T11:26:09Z
6026,george.bailey1486@synthetic-subscriber.example,George,Bailey,San Francisco,California,94101,US,37.7411756,-122.4148567,standard,1464.98,2026-05-27T11:26:09Z
6027,melissa.bailey1487@synthetic-subscriber.example,Melissa,Bailey,Seattle,Washington,98101,US,47.5812334,-122.3358563,standard,1132.97,2026-05-27T11:26:09Z
6028,timothy.reed1488@synthetic-subscriber.example,Timothy,Reed,Denver,Colorado,80201,US,39.7519827,-105.0101117,preferred,7668.01,2026-05-27T11:26:09Z
6029,deborah.reed1489@synthetic-subscriber.example,Deborah,Reed,Nashville,Tennessee,37201,US,36.1401163,-86.7517172,preferred,2377.67,2026-05-27T11:26:09Z
6030,aiden.kelly1490@synthetic-subscriber.example,Aiden,Kelly,Portland,Oregon,97201,US,45.545511,-122.6467906,vip,26646.56,2026-05-27T11:26:09Z
6031,sofia.kelly1491@synthetic-subscriber.example,Sofia,Kelly,Las Vegas,Nevada,89101,US,36.2115066,-115.1471966,new,80.76,2026-05-27T11:26:09Z
6032,liam.howard1492@synthetic-subscriber.example,Liam,Howard,Miami,Florida,33101,US,25.7128795,-80.189988,standard,1889.22,2026-05-27T11:26:09Z
6033,olivia.howard1493@synthetic-subscriber.example,Olivia,Howard,Atlanta,Georgia,30301,US,33.7974646,-84.3531563,standard,1168.44,2026-05-27T11:26:09Z
6034,noah.ramos1494@synthetic-subscriber.example,Noah,Ramos,Boston,Massachusetts,02101,US,42.3870883,-71.0181032,standard,580.1,2026-05-27T11:26:09Z
6035,emma.ramos1495@synthetic-subscriber.example,Emma,Ramos,Minneapolis,Minnesota,55401,US,44.9353302,-93.3041473,preferred,7912.1,2026-05-27T11:26:09Z
6036,ethan.kim1496@synthetic-subscriber.example,Ethan,Kim,Salt Lake City,Utah,84101,US,40.7681806,-111.8624189,preferred,7871.58,2026-05-27T11:26:09Z
6037,ava.kim1497@synthetic-subscriber.example,Ava,Kim,Detroit,Michigan,48201,US,42.3539402,-83.0523354,vip,29147.68,2026-05-27T11:26:09Z
6038,mason.cox1498@synthetic-subscriber.example,Mason,Cox,Tampa,Florida,33601,US,27.9116758,-82.4677555,new,32.03,2026-05-27T11:26:09Z
6039,isabella.cox1499@synthetic-subscriber.example,Isabella,Cox,Brooklyn,New York,11201,US,40.6591841,-73.9607135,standard,1762.71,2026-05-27T11:26:09Z
6040,lucas.ward1500@synthetic-subscriber.example,Lucas,Ward,Raleigh,North Carolina,27601,US,35.8212713,-78.6202915,standard,817.39,2026-05-27T11:26:09Z
6041,mia.ward1501@synthetic-subscriber.example,Mia,Ward,Scottsdale,Arizona,85251,US,33.5441249,-111.9265353,standard,1658.6,2026-05-27T11:26:09Z
6042,logan.richardson1502@synthetic-subscriber.example,Logan,Richardson,Honolulu,Hawaii,96801,US,21.2703393,-157.8816525,preferred,6331.56,2026-05-27T11:26:09Z
6043,charlotte.richardson1503@synthetic-subscriber.example,Charlotte,Richardson,Boulder,Colorado,80301,US,40.0612363,-105.2875967,preferred,1603.59,2026-05-27T11:26:09Z
6044,jackson.watson1504@synthetic-subscriber.example,Jackson,Watson,Savannah,Georgia,31401,US,32.1280098,-81.0479361,vip,37456.31,2026-05-27T11:26:09Z
6045,amelia.watson1505@synthetic-subscriber.example,Amelia,Watson,New York,New York,10001,US,40.7159112,-74.0234364,new,90.68,2026-05-27T11:26:09Z
6046,sebastian.brooks1506@synthetic-subscriber.example,Sebastian,Brooks,Los Angeles,California,90001,US,34.0956228,-118.2735367,standard,1184.83,2026-05-27T11:26:09Z
6047,harper.brooks1507@synthetic-subscriber.example,Harper,Brooks,Chicago,Illinois,60601,US,41.9014425,-87.5798435,standard,266.62,2026-05-27T11:26:09Z
6048,mateo.chavez1508@synthetic-subscriber.example,Mateo,Chavez,Houston,Texas,77001,US,29.7745182,-95.3284131,standard,543.6,2026-05-27T11:26:09Z
6049,evelyn.chavez1509@synthetic-subscriber.example,Evelyn,Chavez,Phoenix,Arizona,85001,US,33.4262892,-112.1014092,preferred,2473.78,2026-05-27T11:26:09Z
6050,henry.wood1510@synthetic-subscriber.example,Henry,Wood,Philadelphia,Pennsylvania,19101,US,39.9345267,-75.1223493,preferred,6326.3,2026-05-27T11:26:09Z
6051,luna.wood1511@synthetic-subscriber.example,Luna,Wood,San Antonio,Texas,78201,US,29.4123653,-98.4452105,vip,13874.26,2026-05-27T11:26:09Z
6052,owen.james1512@synthetic-subscriber.example,Owen,James,San Diego,California,92101,US,32.6671338,-117.1206724,new,68.82,2026-05-27T11:26:09Z
6053,camila.james1513@synthetic-subscriber.example,Camila,James,Dallas,Texas,75201,US,32.734067,-96.8432335,standard,431.44,2026-05-27T11:26:09Z
6054,wyatt.bennett1514@synthetic-subscriber.example,Wyatt,Bennett,San Jose,California,95101,US,37.3584906,-121.8818096,standard,931.36,2026-05-27T11:26:09Z
6055,aria.bennett1515@synthetic-subscriber.example,Aria,Bennett,Austin,Texas,73301,US,30.3162017,-97.7674486,standard,1465.06,2026-05-27T11:26:09Z
6056,jack.gray1516@synthetic-subscriber.example,Jack,Gray,Jacksonville,Florida,32099,US,30.3553111,-81.7012014,preferred,6321.97,2026-05-27T11:26:09Z
6057,scarlett.gray1517@synthetic-subscriber.example,Scarlett,Gray,Fort Worth,Texas,76101,US,32.8017805,-97.3764733,preferred,5172.54,2026-05-27T11:26:09Z
6058,leo.mendoza1518@synthetic-subscriber.example,Leo,Mendoza,Columbus,Ohio,43085,US,39.9723047,-82.9930105,vip,20049.38,2026-05-27T11:26:09Z
6059,penelope.mendoza1519@synthetic-subscriber.example,Penelope,Mendoza,Charlotte,North Carolina,28201,US,35.1801858,-80.8652859,new,118.59,2026-05-27T11:26:09Z
6060,asher.ruiz1520@synthetic-subscriber.example,Asher,Ruiz,Indianapolis,Indiana,46201,US,39.7706551,-86.1627341,standard,1470.95,2026-05-27T11:26:09Z
6061,layla.ruiz1521@synthetic-subscriber.example,Layla,Ruiz,San Francisco,California,94101,US,37.7532433,-122.4348984,standard,470.47,2026-05-27T11:26:09Z
6062,ezra.hughes1522@synthetic-subscriber.example,Ezra,Hughes,Seattle,Washington,98101,US,47.5627335,-122.2835564,standard,694.56,2026-05-27T11:26:09Z
6063,chloe.hughes1523@synthetic-subscriber.example,Chloe,Hughes,Denver,Colorado,80201,US,39.7519845,-104.9798218,preferred,6858.41,2026-05-27T11:26:09Z
6064,benjamin.price1524@synthetic-subscriber.example,Benjamin,Price,Nashville,Tennessee,37201,US,36.1135524,-86.7678867,preferred,3543.1,2026-05-27T11:26:09Z
6065,riley.price1525@synthetic-subscriber.example,Riley,Price,Portland,Oregon,97201,US,45.5458144,-122.6560558,vip,38594.13,2026-05-27T11:26:09Z
6066,caleb.alvarez1526@synthetic-subscriber.example,Caleb,Alvarez,Las Vegas,Nevada,89101,US,36.2192756,-115.1525707,new,51.22,2026-05-27T11:26:09Z
6067,zoey.alvarez1527@synthetic-subscriber.example,Zoey,Alvarez,Miami,Florida,33101,US,25.7923617,-80.2176302,standard,1921.82,2026-05-27T11:26:09Z
6068,samuel.castillo1528@synthetic-subscriber.example,Samuel,Castillo,Atlanta,Georgia,30301,US,33.708533,-84.3449687,standard,611.43,2026-05-27T11:26:09Z
6069,nora.castillo1529@synthetic-subscriber.example,Nora,Castillo,Boston,Massachusetts,02101,US,42.389116,-71.067549,standard,1024.16,2026-05-27T11:26:09Z
6070,dylan.sanders1530@synthetic-subscriber.example,Dylan,Sanders,Minneapolis,Minnesota,55401,US,44.9343639,-93.2613111,preferred,2834.26,2026-05-27T11:26:09Z
6071,lily.sanders1531@synthetic-subscriber.example,Lily,Sanders,Salt Lake City,Utah,84101,US,40.7477426,-111.9052897,preferred,3505.55,2026-05-27T11:26:09Z
6072,gabriel.patel1532@synthetic-subscriber.example,Gabriel,Patel,Detroit,Michigan,48201,US,42.3564488,-83.0189759,vip,22220.63,2026-05-27T11:26:09Z
6073,eleanor.patel1533@synthetic-subscriber.example,Eleanor,Patel,Tampa,Florida,33601,US,27.9561366,-82.4454138,new,106.07,2026-05-27T11:26:09Z
6074,elijah.myers1534@synthetic-subscriber.example,Elijah,Myers,Brooklyn,New York,11201,US,40.6405583,-73.9202365,standard,1736.46,2026-05-27T11:26:09Z
6075,hannah.myers1535@synthetic-subscriber.example,Hannah,Myers,Raleigh,North Carolina,27601,US,35.7638614,-78.611305,standard,1396.03,2026-05-27T11:26:09Z
6076,james.smith1536@synthetic-subscriber.example,James,Smith,Scottsdale,Arizona,85251,US,33.503251,-111.9156197,standard,1556.75,2026-05-27T11:26:09Z
6077,mary.smith1537@synthetic-subscriber.example,Mary,Smith,Honolulu,Hawaii,96801,US,21.3120809,-157.8245525,preferred,7511.31,2026-05-27T11:26:09Z
6078,john.johnson1538@synthetic-subscriber.example,John,Johnson,Boulder,Colorado,80301,US,40.064073,-105.2587119,preferred,4638.87,2026-05-27T11:26:09Z
6079,patricia.johnson1539@synthetic-subscriber.example,Patricia,Johnson,Savannah,Georgia,31401,US,32.0990384,-81.1338407,vip,22278.76,2026-05-27T11:26:09Z
6080,robert.williams1540@synthetic-subscriber.example,Robert,Williams,New York,New York,10001,US,40.7202965,-74.0429025,new,151.71,2026-05-27T11:26:09Z
6081,jennifer.williams1541@synthetic-subscriber.example,Jennifer,Williams,Los Angeles,California,90001,US,34.021685,-118.1939729,standard,1092.42,2026-05-27T11:26:09Z
6082,michael.brown1542@synthetic-subscriber.example,Michael,Brown,Chicago,Illinois,60601,US,41.9026981,-87.6038988,standard,1927.58,2026-05-27T11:26:09Z
6083,linda.brown1543@synthetic-subscriber.example,Linda,Brown,Houston,Texas,77001,US,29.7380876,-95.383649,standard,870.21,2026-05-27T11:26:09Z
6084,william.jones1544@synthetic-subscriber.example,William,Jones,Phoenix,Arizona,85001,US,33.4101375,-112.1122661,preferred,3389.12,2026-05-27T11:26:09Z
6085,elizabeth.jones1545@synthetic-subscriber.example,Elizabeth,Jones,Philadelphia,Pennsylvania,19101,US,39.9666974,-75.2002768,preferred,1783.5,2026-05-27T11:26:09Z
6086,david.garcia1546@synthetic-subscriber.example,David,Garcia,San Antonio,Texas,78201,US,29.3776883,-98.475016,vip,5479.12,2026-05-27T11:26:09Z
6087,barbara.garcia1547@synthetic-subscriber.example,Barbara,Garcia,San Diego,California,92101,US,32.707359,-117.1769032,new,107.02,2026-05-27T11:26:09Z
6088,richard.miller1548@synthetic-subscriber.example,Richard,Miller,Dallas,Texas,75201,US,32.8048875,-96.8413631,standard,576.87,2026-05-27T11:26:09Z
6089,susan.miller1549@synthetic-subscriber.example,Susan,Miller,San Jose,California,95101,US,37.3623908,-121.931219,standard,394.06,2026-05-27T11:26:09Z
6090,joseph.davis1550@synthetic-subscriber.example,Joseph,Davis,Austin,Texas,73301,US,30.2313207,-97.7605546,standard,918.32,2026-05-27T11:26:09Z
6091,jessica.davis1551@synthetic-subscriber.example,Jessica,Davis,Jacksonville,Florida,32099,US,30.2874665,-81.6306784,preferred,7294.51,2026-05-27T11:26:09Z
6092,thomas.rodriguez1552@synthetic-subscriber.example,Thomas,Rodriguez,Fort Worth,Texas,76101,US,32.7878182,-97.2938436,preferred,5305.93,2026-05-27T11:26:09Z
6093,sarah.rodriguez1553@synthetic-subscriber.example,Sarah,Rodriguez,Columbus,Ohio,43085,US,39.9199493,-82.986851,vip,27439.14,2026-05-27T11:26:09Z
6094,christopher.martinez1554@synthetic-subscriber.example,Christopher,Martinez,Charlotte,North Carolina,28201,US,35.1879012,-80.8223115,new,26.09,2026-05-27T11:26:09Z
6095,karen.martinez1555@synthetic-subscriber.example,Karen,Martinez,Indianapolis,Indiana,46201,US,39.7226116,-86.1888218,standard,1472.07,2026-05-27T11:26:09Z
6096,charles.hernandez1556@synthetic-subscriber.example,Charles,Hernandez,San Francisco,California,94101,US,37.7779486,-122.4667387,standard,1974.74,2026-05-27T11:26:09Z
6097,lisa.hernandez1557@synthetic-subscriber.example,Lisa,Hernandez,Seattle,Washington,98101,US,47.6481089,-122.3723026,standard,677.07,2026-05-27T11:26:09Z
6098,daniel.lopez1558@synthetic-subscriber.example,Daniel,Lopez,Denver,Colorado,80201,US,39.6901512,-105.004616,preferred,3908.93,2026-05-27T11:26:09Z
6099,nancy.lopez1559@synthetic-subscriber.example,Nancy,Lopez,Nashville,Tennessee,37201,US,36.1804096,-86.7379242,preferred,2311.4,2026-05-27T11:26:09Z
6100,matthew.gonzalez1560@synthetic-subscriber.example,Matthew,Gonzalez,Portland,Oregon,97201,US,45.5044581,-122.6396812,vip,7163.64,2026-05-27T11:26:09Z
6101,betty.gonzalez1561@synthetic-subscriber.example,Betty,Gonzalez,Las Vegas,Nevada,89101,US,36.150359,-115.1568459,new,16.89,2026-05-27T11:26:09Z
6102,anthony.wilson1562@synthetic-subscriber.example,Anthony,Wilson,Miami,Florida,33101,US,25.8073436,-80.1477443,standard,312.28,2026-05-27T11:26:09Z
6103,margaret.wilson1563@synthetic-subscriber.example,Margaret,Wilson,Atlanta,Georgia,30301,US,33.7600576,-84.3651533,standard,1975.11,2026-05-27T11:26:09Z
6104,mark.anderson1564@synthetic-subscriber.example,Mark,Anderson,Boston,Massachusetts,02101,US,42.3242107,-71.0945105,standard,1560.57,2026-05-27T11:26:09Z
6105,sandra.anderson1565@synthetic-subscriber.example,Sandra,Anderson,Minneapolis,Minnesota,55401,US,44.9535257,-93.2691294,preferred,3756.08,2026-05-27T11:26:09Z
6106,donald.thomas1566@synthetic-subscriber.example,Donald,Thomas,Salt Lake City,Utah,84101,US,40.7345692,-111.9097639,preferred,4743.26,2026-05-27T11:26:09Z
6107,ashley.thomas1567@synthetic-subscriber.example,Ashley,Thomas,Detroit,Michigan,48201,US,42.3272492,-83.0297004,vip,8734.17,2026-05-27T11:26:09Z
6108,steven.taylor1568@synthetic-subscriber.example,Steven,Taylor,Tampa,Florida,33601,US,27.9852257,-82.4921282,new,29.76,2026-05-27T11:26:09Z
6109,kimberly.taylor1569@synthetic-subscriber.example,Kimberly,Taylor,Brooklyn,New York,11201,US,40.6368559,-73.9212238,standard,1396.36,2026-05-27T11:26:09Z
6110,andrew.moore1570@synthetic-subscriber.example,Andrew,Moore,Raleigh,North Carolina,27601,US,35.7959213,-78.6666237,standard,1405.25,2026-05-27T11:26:09Z
6111,emily.moore1571@synthetic-subscriber.example,Emily,Moore,Scottsdale,Arizona,85251,US,33.5025113,-111.9368917,standard,1537.83,2026-05-27T11:26:09Z
6112,paul.jackson1572@synthetic-subscriber.example,Paul,Jackson,Honolulu,Hawaii,96801,US,21.2811186,-157.9018552,preferred,7643.22,2026-05-27T11:26:09Z
6113,donna.jackson1573@synthetic-subscriber.example,Donna,Jackson,Boulder,Colorado,80301,US,40.0359044,-105.2552308,preferred,5539.1,2026-05-27T11:26:09Z
6114,joshua.martin1574@synthetic-subscriber.example,Joshua,Martin,Savannah,Georgia,31401,US,32.1064429,-81.0740407,vip,46456.22,2026-05-27T11:26:09Z
6115,michelle.martin1575@synthetic-subscriber.example,Michelle,Martin,New York,New York,10001,US,40.7325447,-74.0383654,new,34.1,2026-05-27T11:26:09Z
6116,kenneth.lee1576@synthetic-subscriber.example,Kenneth,Lee,Los Angeles,California,90001,US,34.0972312,-118.2689797,standard,1157.69,2026-05-27T11:26:09Z
6117,carol.lee1577@synthetic-subscriber.example,Carol,Lee,Chicago,Illinois,60601,US,41.8551325,-87.6662411,standard,1371.48,2026-05-27T11:26:09Z
6118,kevin.perez1578@synthetic-subscriber.example,Kevin,Perez,Houston,Texas,77001,US,29.7300865,-95.3959163,standard,1235.73,2026-05-27T11:26:09Z
6119,amanda.perez1579@synthetic-subscriber.example,Amanda,Perez,Phoenix,Arizona,85001,US,33.475076,-112.0848851,preferred,1265.34,2026-05-27T11:26:09Z
6120,brian.thompson1580@synthetic-subscriber.example,Brian,Thompson,Philadelphia,Pennsylvania,19101,US,39.9824701,-75.1532351,preferred,1415.12,2026-05-27T11:26:09Z
6121,dorothy.thompson1581@synthetic-subscriber.example,Dorothy,Thompson,San Antonio,Texas,78201,US,29.4484654,-98.5242311,vip,12034.39,2026-05-27T11:26:09Z
6122,george.white1582@synthetic-subscriber.example,George,White,San Diego,California,92101,US,32.7374754,-117.1727707,new,24.11,2026-05-27T11:26:09Z
6123,melissa.white1583@synthetic-subscriber.example,Melissa,White,Dallas,Texas,75201,US,32.7309168,-96.7503699,standard,495.85,2026-05-27T11:26:09Z
6124,timothy.harris1584@synthetic-subscriber.example,Timothy,Harris,San Jose,California,95101,US,37.3338,-121.8369879,standard,311.66,2026-05-27T11:26:09Z
6125,deborah.harris1585@synthetic-subscriber.example,Deborah,Harris,Austin,Texas,73301,US,30.2425489,-97.7775061,standard,1969.51,2026-05-27T11:26:09Z
6126,aiden.sanchez1586@synthetic-subscriber.example,Aiden,Sanchez,Jacksonville,Florida,32099,US,30.3527463,-81.6260432,preferred,6861.4,2026-05-27T11:26:09Z
6127,sofia.sanchez1587@synthetic-subscriber.example,Sofia,Sanchez,Fort Worth,Texas,76101,US,32.7406496,-97.3451116,preferred,3785.45,2026-05-27T11:26:09Z
6128,liam.clark1588@synthetic-subscriber.example,Liam,Clark,Columbus,Ohio,43085,US,39.9396729,-82.9627922,vip,43940.76,2026-05-27T11:26:09Z
6129,olivia.clark1589@synthetic-subscriber.example,Olivia,Clark,Charlotte,North Carolina,28201,US,35.2565658,-80.8581127,new,90.92,2026-05-27T11:26:09Z
6130,noah.ramirez1590@synthetic-subscriber.example,Noah,Ramirez,Indianapolis,Indiana,46201,US,39.7192335,-86.2040113,standard,1588.14,2026-05-27T11:26:09Z
6131,emma.ramirez1591@synthetic-subscriber.example,Emma,Ramirez,San Francisco,California,94101,US,37.8053762,-122.4241302,standard,1399.78,2026-05-27T11:26:09Z
6132,ethan.lewis1592@synthetic-subscriber.example,Ethan,Lewis,Seattle,Washington,98101,US,47.5603799,-122.3347818,standard,1708.13,2026-05-27T11:26:09Z
6133,ava.lewis1593@synthetic-subscriber.example,Ava,Lewis,Denver,Colorado,80201,US,39.7270849,-104.9663385,preferred,1384.2,2026-05-27T11:26:09Z
6134,mason.robinson1594@synthetic-subscriber.example,Mason,Robinson,Nashville,Tennessee,37201,US,36.1795077,-86.7909688,preferred,1998.53,2026-05-27T11:26:09Z
6135,isabella.robinson1595@synthetic-subscriber.example,Isabella,Robinson,Portland,Oregon,97201,US,45.5305155,-122.6760187,vip,15814.58,2026-05-27T11:26:09Z
6136,lucas.walker1596@synthetic-subscriber.example,Lucas,Walker,Las Vegas,Nevada,89101,US,36.1634097,-115.0995672,new,58.31,2026-05-27T11:26:09Z
6137,mia.walker1597@synthetic-subscriber.example,Mia,Walker,Miami,Florida,33101,US,25.7552828,-80.2299744,standard,167.27,2026-05-27T11:26:09Z
6138,logan.young1598@synthetic-subscriber.example,Logan,Young,Atlanta,Georgia,30301,US,33.7914653,-84.429657,standard,1521.26,2026-05-27T11:26:09Z
6139,charlotte.young1599@synthetic-subscriber.example,Charlotte,Young,Boston,Massachusetts,02101,US,42.371192,-71.0550688,standard,1011.48,2026-05-27T11:26:09Z
6140,jackson.allen1600@synthetic-subscriber.example,Jackson,Allen,Minneapolis,Minnesota,55401,US,45.0181782,-93.2423912,preferred,4804.94,2026-05-27T11:26:09Z
6141,amelia.allen1601@synthetic-subscriber.example,Amelia,Allen,Salt Lake City,Utah,84101,US,40.8000439,-111.856307,preferred,3969.26,2026-05-27T11:26:09Z
6142,sebastian.king1602@synthetic-subscriber.example,Sebastian,King,Detroit,Michigan,48201,US,42.377178,-83.04602,vip,23854.94,2026-05-27T11:26:09Z
6143,harper.king1603@synthetic-subscriber.example,Harper,King,Tampa,Florida,33601,US,27.9044839,-82.4439662,new,93.26,2026-05-27T11:26:09Z
6144,mateo.wright1604@synthetic-subscriber.example,Mateo,Wright,Brooklyn,New York,11201,US,40.726199,-73.9568459,standard,1801.55,2026-05-27T11:26:09Z
6145,evelyn.wright1605@synthetic-subscriber.example,Evelyn,Wright,Raleigh,North Carolina,27601,US,35.7934246,-78.6877349,standard,485.47,2026-05-27T11:26:09Z
6146,henry.scott1606@synthetic-subscriber.example,Henry,Scott,Scottsdale,Arizona,85251,US,33.4598878,-111.9041174,standard,1773.33,2026-05-27T11:26:09Z
6147,luna.scott1607@synthetic-subscriber.example,Luna,Scott,Honolulu,Hawaii,96801,US,21.3059006,-157.8852514,preferred,6336.84,2026-05-27T11:26:09Z
6148,owen.torres1608@synthetic-subscriber.example,Owen,Torres,Boulder,Colorado,80301,US,40.0181265,-105.2272012,preferred,4276.9,2026-05-27T11:26:09Z
6149,camila.torres1609@synthetic-subscriber.example,Camila,Torres,Savannah,Georgia,31401,US,32.0472824,-81.0996318,vip,10594.25,2026-05-27T11:26:09Z
6150,wyatt.nguyen1610@synthetic-subscriber.example,Wyatt,Nguyen,New York,New York,10001,US,40.7017945,-73.9614419,new,198.2,2026-05-27T11:26:09Z
6151,aria.nguyen1611@synthetic-subscriber.example,Aria,Nguyen,Los Angeles,California,90001,US,34.0501065,-118.2665712,standard,478.61,2026-05-27T11:26:09Z
6152,jack.hill1612@synthetic-subscriber.example,Jack,Hill,Chicago,Illinois,60601,US,41.8842646,-87.6172143,standard,1214.44,2026-05-27T11:26:09Z
6153,scarlett.hill1613@synthetic-subscriber.example,Scarlett,Hill,Houston,Texas,77001,US,29.7810627,-95.3506006,standard,1817.81,2026-05-27T11:26:09Z
6154,leo.flores1614@synthetic-subscriber.example,Leo,Flores,Phoenix,Arizona,85001,US,33.4171082,-112.0824913,preferred,2093.06,2026-05-27T11:26:09Z
6155,penelope.flores1615@synthetic-subscriber.example,Penelope,Flores,Philadelphia,Pennsylvania,19101,US,39.9264286,-75.2077926,preferred,2931.08,2026-05-27T11:26:09Z
6156,asher.green1616@synthetic-subscriber.example,Asher,Green,San Antonio,Texas,78201,US,29.436973,-98.5354468,vip,10530.81,2026-05-27T11:26:09Z
6157,layla.green1617@synthetic-subscriber.example,Layla,Green,San Diego,California,92101,US,32.6899133,-117.2010074,new,160.65,2026-05-27T11:26:09Z
6158,ezra.adams1618@synthetic-subscriber.example,Ezra,Adams,Dallas,Texas,75201,US,32.7278692,-96.8034953,standard,1560.71,2026-05-27T11:26:09Z
6159,chloe.adams1619@synthetic-subscriber.example,Chloe,Adams,San Jose,California,95101,US,37.3430496,-121.9306737,standard,1352.25,2026-05-27T11:26:09Z
6160,benjamin.nelson1620@synthetic-subscriber.example,Benjamin,Nelson,Austin,Texas,73301,US,30.2582008,-97.7583276,standard,598.96,2026-05-27T11:26:09Z
6161,riley.nelson1621@synthetic-subscriber.example,Riley,Nelson,Jacksonville,Florida,32099,US,30.3487573,-81.6539096,preferred,4103.67,2026-05-27T11:26:09Z
6162,caleb.baker1622@synthetic-subscriber.example,Caleb,Baker,Fort Worth,Texas,76101,US,32.75371,-97.3266365,preferred,7325.38,2026-05-27T11:26:09Z
6163,zoey.baker1623@synthetic-subscriber.example,Zoey,Baker,Columbus,Ohio,43085,US,39.9218992,-83.0143128,vip,49972.89,2026-05-27T11:26:09Z
6164,samuel.hall1624@synthetic-subscriber.example,Samuel,Hall,Charlotte,North Carolina,28201,US,35.1807849,-80.858704,new,139.33,2026-05-27T11:26:09Z
6165,nora.hall1625@synthetic-subscriber.example,Nora,Hall,Indianapolis,Indiana,46201,US,39.7222274,-86.1352708,standard,356.33,2026-05-27T11:26:09Z
6166,dylan.rivera1626@synthetic-subscriber.example,Dylan,Rivera,San Francisco,California,94101,US,37.7840036,-122.4534005,standard,678.66,2026-05-27T11:26:09Z
6167,lily.rivera1627@synthetic-subscriber.example,Lily,Rivera,Seattle,Washington,98101,US,47.6489572,-122.3415043,standard,127.59,2026-05-27T11:26:09Z
6168,gabriel.campbell1628@synthetic-subscriber.example,Gabriel,Campbell,Denver,Colorado,80201,US,39.7651806,-105.0001363,preferred,4616.26,2026-05-27T11:26:09Z
6169,eleanor.campbell1629@synthetic-subscriber.example,Eleanor,Campbell,Nashville,Tennessee,37201,US,36.1985347,-86.8288439,preferred,3664.4,2026-05-27T11:26:09Z
6170,elijah.mitchell1630@synthetic-subscriber.example,Elijah,Mitchell,Portland,Oregon,97201,US,45.5501158,-122.6312346,vip,19739.8,2026-05-27T11:26:09Z
6171,hannah.mitchell1631@synthetic-subscriber.example,Hannah,Mitchell,Las Vegas,Nevada,89101,US,36.1546493,-115.15258,new,194.72,2026-05-27T11:26:09Z
6172,james.carter1632@synthetic-subscriber.example,James,Carter,Miami,Florida,33101,US,25.7176777,-80.1748818,standard,498.81,2026-05-27T11:26:09Z
6173,mary.carter1633@synthetic-subscriber.example,Mary,Carter,Atlanta,Georgia,30301,US,33.7265266,-84.4034722,standard,1917.77,2026-05-27T11:26:09Z
6174,john.roberts1634@synthetic-subscriber.example,John,Roberts,Boston,Massachusetts,02101,US,42.3920553,-71.0423421,standard,896,2026-05-27T11:26:09Z
6175,patricia.roberts1635@synthetic-subscriber.example,Patricia,Roberts,Minneapolis,Minnesota,55401,US,45.0216168,-93.2869594,preferred,3978.44,2026-05-27T11:26:09Z
6176,robert.gomez1636@synthetic-subscriber.example,Robert,Gomez,Salt Lake City,Utah,84101,US,40.7181357,-111.8807272,preferred,6804.53,2026-05-27T11:26:09Z
6177,jennifer.gomez1637@synthetic-subscriber.example,Jennifer,Gomez,Detroit,Michigan,48201,US,42.3487597,-83.0481932,vip,31776.87,2026-05-27T11:26:09Z
6178,michael.phillips1638@synthetic-subscriber.example,Michael,Phillips,Tampa,Florida,33601,US,27.9785221,-82.4902186,new,92.44,2026-05-27T11:26:09Z
6179,linda.phillips1639@synthetic-subscriber.example,Linda,Phillips,Brooklyn,New York,11201,US,40.7106009,-73.941808,standard,1523.79,2026-05-27T11:26:09Z
6180,william.evans1640@synthetic-subscriber.example,William,Evans,Raleigh,North Carolina,27601,US,35.7527177,-78.6550742,standard,1136.38,2026-05-27T11:26:09Z
6181,elizabeth.evans1641@synthetic-subscriber.example,Elizabeth,Evans,Scottsdale,Arizona,85251,US,33.5414979,-111.9306516,standard,1075.25,2026-05-27T11:26:09Z
6182,david.turner1642@synthetic-subscriber.example,David,Turner,Honolulu,Hawaii,96801,US,21.3475544,-157.8986374,preferred,6019.51,2026-05-27T11:26:09Z
6183,barbara.turner1643@synthetic-subscriber.example,Barbara,Turner,Boulder,Colorado,80301,US,39.9741634,-105.2891461,preferred,1092,2026-05-27T11:26:09Z
6184,richard.diaz1644@synthetic-subscriber.example,Richard,Diaz,Savannah,Georgia,31401,US,32.1032506,-81.1001411,vip,8310.66,2026-05-27T11:26:09Z
6185,susan.diaz1645@synthetic-subscriber.example,Susan,Diaz,New York,New York,10001,US,40.7068012,-73.969426,new,165.11,2026-05-27T11:26:09Z
6186,joseph.parker1646@synthetic-subscriber.example,Joseph,Parker,Los Angeles,California,90001,US,34.0367827,-118.2103837,standard,1404.09,2026-05-27T11:26:09Z
6187,jessica.parker1647@synthetic-subscriber.example,Jessica,Parker,Chicago,Illinois,60601,US,41.925667,-87.6266056,standard,108.29,2026-05-27T11:26:09Z
6188,thomas.cruz1648@synthetic-subscriber.example,Thomas,Cruz,Houston,Texas,77001,US,29.7893771,-95.356962,standard,1056.9,2026-05-27T11:26:09Z
6189,sarah.cruz1649@synthetic-subscriber.example,Sarah,Cruz,Phoenix,Arizona,85001,US,33.4706942,-112.1068498,preferred,1990.27,2026-05-27T11:26:09Z
6190,christopher.edwards1650@synthetic-subscriber.example,Christopher,Edwards,Philadelphia,Pennsylvania,19101,US,39.9781363,-75.1861046,preferred,7272.84,2026-05-27T11:26:09Z
6191,karen.edwards1651@synthetic-subscriber.example,Karen,Edwards,San Antonio,Texas,78201,US,29.4211011,-98.5187756,vip,5019.8,2026-05-27T11:26:09Z
6192,charles.collins1652@synthetic-subscriber.example,Charles,Collins,San Diego,California,92101,US,32.6793018,-117.1384903,new,159.95,2026-05-27T11:26:09Z
6193,lisa.collins1653@synthetic-subscriber.example,Lisa,Collins,Dallas,Texas,75201,US,32.7705634,-96.8440197,standard,1548.19,2026-05-27T11:26:09Z
6194,daniel.reyes1654@synthetic-subscriber.example,Daniel,Reyes,San Jose,California,95101,US,37.3784788,-121.8566138,standard,1228.5,2026-05-27T11:26:09Z
6195,nancy.reyes1655@synthetic-subscriber.example,Nancy,Reyes,Austin,Texas,73301,US,30.2592615,-97.7817391,standard,125.3,2026-05-27T11:26:09Z
6196,matthew.stewart1656@synthetic-subscriber.example,Matthew,Stewart,Jacksonville,Florida,32099,US,30.2970583,-81.6931952,preferred,3392.66,2026-05-27T11:26:09Z
6197,betty.stewart1657@synthetic-subscriber.example,Betty,Stewart,Fort Worth,Texas,76101,US,32.7808726,-97.3008321,preferred,1020.84,2026-05-27T11:26:09Z
6198,anthony.morris1658@synthetic-subscriber.example,Anthony,Morris,Columbus,Ohio,43085,US,39.9161094,-83.0467052,vip,7513.88,2026-05-27T11:26:09Z
6199,margaret.morris1659@synthetic-subscriber.example,Margaret,Morris,Charlotte,North Carolina,28201,US,35.2425757,-80.823508,new,191.93,2026-05-27T11:26:09Z
6200,mark.morales1660@synthetic-subscriber.example,Mark,Morales,Indianapolis,Indiana,46201,US,39.7797192,-86.1419093,standard,1289.37,2026-05-27T11:26:09Z
6201,sandra.morales1661@synthetic-subscriber.example,Sandra,Morales,San Francisco,California,94101,US,37.7262582,-122.4132354,standard,836.4,2026-05-27T11:26:09Z
6202,donald.murphy1662@synthetic-subscriber.example,Donald,Murphy,Seattle,Washington,98101,US,47.6435333,-122.2961476,standard,1167.39,2026-05-27T11:26:09Z
6203,ashley.murphy1663@synthetic-subscriber.example,Ashley,Murphy,Denver,Colorado,80201,US,39.7479778,-104.9524354,preferred,1956.8,2026-05-27T11:26:09Z
6204,steven.cook1664@synthetic-subscriber.example,Steven,Cook,Nashville,Tennessee,37201,US,36.1407309,-86.8067385,preferred,7268.8,2026-05-27T11:26:09Z
6205,kimberly.cook1665@synthetic-subscriber.example,Kimberly,Cook,Portland,Oregon,97201,US,45.4669682,-122.6887715,vip,33351.14,2026-05-27T11:26:09Z
6206,andrew.rogers1666@synthetic-subscriber.example,Andrew,Rogers,Las Vegas,Nevada,89101,US,36.2044438,-115.0959646,new,129.11,2026-05-27T11:26:09Z
6207,emily.rogers1667@synthetic-subscriber.example,Emily,Rogers,Miami,Florida,33101,US,25.7261445,-80.1941333,standard,1531.51,2026-05-27T11:26:09Z
6208,paul.gutierrez1668@synthetic-subscriber.example,Paul,Gutierrez,Atlanta,Georgia,30301,US,33.7941984,-84.3575543,standard,1945.24,2026-05-27T11:26:09Z
6209,donna.gutierrez1669@synthetic-subscriber.example,Donna,Gutierrez,Boston,Massachusetts,02101,US,42.4061078,-71.0964232,standard,692.61,2026-05-27T11:26:09Z
6210,joshua.ortiz1670@synthetic-subscriber.example,Joshua,Ortiz,Minneapolis,Minnesota,55401,US,44.9703748,-93.2400789,preferred,7609.15,2026-05-27T11:26:09Z
6211,michelle.ortiz1671@synthetic-subscriber.example,Michelle,Ortiz,Salt Lake City,Utah,84101,US,40.7257784,-111.8957783,preferred,3716.02,2026-05-27T11:26:09Z
6212,kenneth.morgan1672@synthetic-subscriber.example,Kenneth,Morgan,Detroit,Michigan,48201,US,42.2969729,-83.0181879,vip,31615.16,2026-05-27T11:26:09Z
6213,carol.morgan1673@synthetic-subscriber.example,Carol,Morgan,Tampa,Florida,33601,US,27.9156002,-82.5063606,new,131.28,2026-05-27T11:26:09Z
6214,kevin.cooper1674@synthetic-subscriber.example,Kevin,Cooper,Brooklyn,New York,11201,US,40.6519352,-73.9513108,standard,1985.28,2026-05-27T11:26:09Z
6215,amanda.cooper1675@synthetic-subscriber.example,Amanda,Cooper,Raleigh,North Carolina,27601,US,35.7929002,-78.6110592,standard,809.96,2026-05-27T11:26:09Z
6216,brian.peterson1676@synthetic-subscriber.example,Brian,Peterson,Scottsdale,Arizona,85251,US,33.5143416,-111.8866468,standard,472.33,2026-05-27T11:26:09Z
6217,dorothy.peterson1677@synthetic-subscriber.example,Dorothy,Peterson,Honolulu,Hawaii,96801,US,21.3282065,-157.8283799,preferred,7715.11,2026-05-27T11:26:09Z
6218,george.bailey1678@synthetic-subscriber.example,George,Bailey,Boulder,Colorado,80301,US,40.0247167,-105.2639824,preferred,2208.11,2026-05-27T11:26:09Z
6219,melissa.bailey1679@synthetic-subscriber.example,Melissa,Bailey,Savannah,Georgia,31401,US,32.1008481,-81.043834,vip,25986.38,2026-05-27T11:26:09Z
6220,timothy.reed1680@synthetic-subscriber.example,Timothy,Reed,New York,New York,10001,US,40.7133948,-74.0260919,new,137.28,2026-05-27T11:26:09Z
6221,deborah.reed1681@synthetic-subscriber.example,Deborah,Reed,Los Angeles,California,90001,US,34.0546689,-118.2199437,standard,1256.6,2026-05-27T11:26:09Z
6222,aiden.kelly1682@synthetic-subscriber.example,Aiden,Kelly,Chicago,Illinois,60601,US,41.8767991,-87.6361962,standard,728.64,2026-05-27T11:26:09Z
6223,sofia.kelly1683@synthetic-subscriber.example,Sofia,Kelly,Houston,Texas,77001,US,29.7390412,-95.4030316,standard,147,2026-05-27T11:26:09Z
6224,liam.howard1684@synthetic-subscriber.example,Liam,Howard,Phoenix,Arizona,85001,US,33.4621807,-112.115721,preferred,3832.75,2026-05-27T11:26:09Z
6225,olivia.howard1685@synthetic-subscriber.example,Olivia,Howard,Philadelphia,Pennsylvania,19101,US,39.9153091,-75.1374553,preferred,3570.72,2026-05-27T11:26:09Z
6226,noah.ramos1686@synthetic-subscriber.example,Noah,Ramos,San Antonio,Texas,78201,US,29.3908145,-98.47826,vip,16163.38,2026-05-27T11:26:09Z
6227,emma.ramos1687@synthetic-subscriber.example,Emma,Ramos,San Diego,California,92101,US,32.6928203,-117.1437857,new,139.8,2026-05-27T11:26:09Z
6228,ethan.kim1688@synthetic-subscriber.example,Ethan,Kim,Dallas,Texas,75201,US,32.7383752,-96.8447085,standard,1855.54,2026-05-27T11:26:09Z
6229,ava.kim1689@synthetic-subscriber.example,Ava,Kim,San Jose,California,95101,US,37.3736367,-121.8513734,standard,697.34,2026-05-27T11:26:09Z
6230,mason.cox1690@synthetic-subscriber.example,Mason,Cox,Austin,Texas,73301,US,30.2449861,-97.7269323,standard,909.17,2026-05-27T11:26:09Z
6231,isabella.cox1691@synthetic-subscriber.example,Isabella,Cox,Jacksonville,Florida,32099,US,30.3087121,-81.6382309,preferred,1526.41,2026-05-27T11:26:09Z
6232,lucas.ward1692@synthetic-subscriber.example,Lucas,Ward,Fort Worth,Texas,76101,US,32.7378118,-97.3083658,preferred,6221.69,2026-05-27T11:26:09Z
6233,mia.ward1693@synthetic-subscriber.example,Mia,Ward,Columbus,Ohio,43085,US,39.9510399,-82.9568586,vip,43921.82,2026-05-27T11:26:09Z
6234,logan.richardson1694@synthetic-subscriber.example,Logan,Richardson,Charlotte,North Carolina,28201,US,35.2371643,-80.8591776,new,187.82,2026-05-27T11:26:09Z
6235,charlotte.richardson1695@synthetic-subscriber.example,Charlotte,Richardson,Indianapolis,Indiana,46201,US,39.7510546,-86.1240844,standard,1956.91,2026-05-27T11:26:09Z
6236,jackson.watson1696@synthetic-subscriber.example,Jackson,Watson,San Francisco,California,94101,US,37.7669663,-122.3929688,standard,1195.63,2026-05-27T11:26:09Z
6237,amelia.watson1697@synthetic-subscriber.example,Amelia,Watson,Seattle,Washington,98101,US,47.5727353,-122.2850316,standard,515.3,2026-05-27T11:26:09Z
6238,sebastian.brooks1698@synthetic-subscriber.example,Sebastian,Brooks,Denver,Colorado,80201,US,39.7502382,-104.97803,preferred,5527.62,2026-05-27T11:26:09Z
6239,harper.brooks1699@synthetic-subscriber.example,Harper,Brooks,Nashville,Tennessee,37201,US,36.2050121,-86.7936944,preferred,3253.97,2026-05-27T11:26:09Z
6240,mateo.chavez1700@synthetic-subscriber.example,Mateo,Chavez,Portland,Oregon,97201,US,45.540874,-122.6519148,vip,31407.28,2026-05-27T11:26:09Z
6241,evelyn.chavez1701@synthetic-subscriber.example,Evelyn,Chavez,Las Vegas,Nevada,89101,US,36.1298938,-115.1346468,new,19.54,2026-05-27T11:26:09Z
6242,henry.wood1702@synthetic-subscriber.example,Henry,Wood,Miami,Florida,33101,US,25.7267635,-80.1457074,standard,1700.51,2026-05-27T11:26:09Z
6243,luna.wood1703@synthetic-subscriber.example,Luna,Wood,Atlanta,Georgia,30301,US,33.7222175,-84.385451,standard,1633.55,2026-05-27T11:26:09Z
6244,owen.james1704@synthetic-subscriber.example,Owen,James,Boston,Massachusetts,02101,US,42.3288167,-71.0321212,standard,1424.04,2026-05-27T11:26:09Z
6245,camila.james1705@synthetic-subscriber.example,Camila,James,Minneapolis,Minnesota,55401,US,44.9954311,-93.2552251,preferred,7948.37,2026-05-27T11:26:09Z
6246,wyatt.bennett1706@synthetic-subscriber.example,Wyatt,Bennett,Salt Lake City,Utah,84101,US,40.7608617,-111.8872585,preferred,4593.1,2026-05-27T11:26:09Z
6247,aria.bennett1707@synthetic-subscriber.example,Aria,Bennett,Detroit,Michigan,48201,US,42.3346964,-83.0938279,vip,40425.2,2026-05-27T11:26:09Z
6248,jack.gray1708@synthetic-subscriber.example,Jack,Gray,Tampa,Florida,33601,US,27.907868,-82.4183756,new,163.99,2026-05-27T11:26:09Z
6249,scarlett.gray1709@synthetic-subscriber.example,Scarlett,Gray,Brooklyn,New York,11201,US,40.6679198,-73.9753758,standard,640.32,2026-05-27T11:26:09Z
6250,leo.mendoza1710@synthetic-subscriber.example,Leo,Mendoza,Raleigh,North Carolina,27601,US,35.7628785,-78.6802141,standard,202.12,2026-05-27T11:26:09Z
6251,penelope.mendoza1711@synthetic-subscriber.example,Penelope,Mendoza,Scottsdale,Arizona,85251,US,33.5404644,-111.9262663,standard,1029.47,2026-05-27T11:26:09Z
6252,asher.ruiz1712@synthetic-subscriber.example,Asher,Ruiz,Honolulu,Hawaii,96801,US,21.3350467,-157.8331722,preferred,4296.62,2026-05-27T11:26:09Z
6253,layla.ruiz1713@synthetic-subscriber.example,Layla,Ruiz,Boulder,Colorado,80301,US,40.0434454,-105.2646279,preferred,3101.04,2026-05-27T11:26:09Z
6254,ezra.hughes1714@synthetic-subscriber.example,Ezra,Hughes,Savannah,Georgia,31401,US,32.0582509,-81.080417,vip,21454.08,2026-05-27T11:26:09Z
6255,chloe.hughes1715@synthetic-subscriber.example,Chloe,Hughes,New York,New York,10001,US,40.6839201,-73.9718336,new,106.42,2026-05-27T11:26:09Z
6256,benjamin.price1716@synthetic-subscriber.example,Benjamin,Price,Los Angeles,California,90001,US,34.0182103,-118.2826,standard,1180.02,2026-05-27T11:26:09Z
6257,riley.price1717@synthetic-subscriber.example,Riley,Price,Chicago,Illinois,60601,US,41.8390223,-87.6341915,standard,404.22,2026-05-27T11:26:09Z
6258,caleb.alvarez1718@synthetic-subscriber.example,Caleb,Alvarez,Houston,Texas,77001,US,29.7510779,-95.3368579,standard,857.68,2026-05-27T11:26:09Z
6259,zoey.alvarez1719@synthetic-subscriber.example,Zoey,Alvarez,Phoenix,Arizona,85001,US,33.4366091,-112.0742864,preferred,5571.67,2026-05-27T11:26:09Z
6260,samuel.castillo1720@synthetic-subscriber.example,Samuel,Castillo,Philadelphia,Pennsylvania,19101,US,39.9922123,-75.166858,preferred,6178.42,2026-05-27T11:26:09Z
6261,nora.castillo1721@synthetic-subscriber.example,Nora,Castillo,San Antonio,Texas,78201,US,29.4037327,-98.5241181,vip,6835.3,2026-05-27T11:26:09Z
6262,dylan.sanders1722@synthetic-subscriber.example,Dylan,Sanders,San Diego,California,92101,US,32.6824807,-117.1142366,new,4.77,2026-05-27T11:26:09Z
6263,lily.sanders1723@synthetic-subscriber.example,Lily,Sanders,Dallas,Texas,75201,US,32.7559773,-96.8009235,standard,1086.23,2026-05-27T11:26:09Z
6264,gabriel.patel1724@synthetic-subscriber.example,Gabriel,Patel,San Jose,California,95101,US,37.3760946,-121.8588873,standard,397.29,2026-05-27T11:26:09Z
6265,eleanor.patel1725@synthetic-subscriber.example,Eleanor,Patel,Austin,Texas,73301,US,30.2491326,-97.7186835,standard,375.96,2026-05-27T11:26:09Z
6266,elijah.myers1726@synthetic-subscriber.example,Elijah,Myers,Jacksonville,Florida,32099,US,30.3210384,-81.6824217,preferred,7029.7,2026-05-27T11:26:09Z
6267,hannah.myers1727@synthetic-subscriber.example,Hannah,Myers,Fort Worth,Texas,76101,US,32.7499492,-97.330158,preferred,7994.71,2026-05-27T11:26:09Z
6268,james.smith1728@synthetic-subscriber.example,James,Smith,Columbus,Ohio,43085,US,39.9564524,-82.9748436,vip,33994.74,2026-05-27T11:26:09Z
6269,mary.smith1729@synthetic-subscriber.example,Mary,Smith,Charlotte,North Carolina,28201,US,35.1913291,-80.8586264,new,181.86,2026-05-27T11:26:09Z
6270,john.johnson1730@synthetic-subscriber.example,John,Johnson,Indianapolis,Indiana,46201,US,39.7394721,-86.140341,standard,1991.4,2026-05-27T11:26:09Z
6271,patricia.johnson1731@synthetic-subscriber.example,Patricia,Johnson,San Francisco,California,94101,US,37.7589934,-122.4613219,standard,545.93,2026-05-27T11:26:09Z
6272,robert.williams1732@synthetic-subscriber.example,Robert,Williams,Seattle,Washington,98101,US,47.5951473,-122.3379684,standard,1531.73,2026-05-27T11:26:09Z
6273,jennifer.williams1733@synthetic-subscriber.example,Jennifer,Williams,Denver,Colorado,80201,US,39.6943166,-104.9899026,preferred,5035.25,2026-05-27T11:26:09Z
6274,michael.brown1734@synthetic-subscriber.example,Michael,Brown,Nashville,Tennessee,37201,US,36.1851904,-86.8276952,preferred,3117,2026-05-27T11:26:09Z
6275,linda.brown1735@synthetic-subscriber.example,Linda,Brown,Portland,Oregon,97201,US,45.4957359,-122.6855451,vip,44830.69,2026-05-27T11:26:09Z
6276,william.jones1736@synthetic-subscriber.example,William,Jones,Las Vegas,Nevada,89101,US,36.1459162,-115.1102837,new,40.05,2026-05-27T11:26:09Z
6277,elizabeth.jones1737@synthetic-subscriber.example,Elizabeth,Jones,Miami,Florida,33101,US,25.776934,-80.1591417,standard,218.19,2026-05-27T11:26:09Z
6278,david.garcia1738@synthetic-subscriber.example,David,Garcia,Atlanta,Georgia,30301,US,33.7374102,-84.4031353,standard,106.76,2026-05-27T11:26:09Z
6279,barbara.garcia1739@synthetic-subscriber.example,Barbara,Garcia,Boston,Massachusetts,02101,US,42.4051064,-71.0650382,standard,523.67,2026-05-27T11:26:09Z
6280,richard.miller1740@synthetic-subscriber.example,Richard,Miller,Minneapolis,Minnesota,55401,US,44.92973,-93.2771472,preferred,4776.88,2026-05-27T11:26:09Z
6281,susan.miller1741@synthetic-subscriber.example,Susan,Miller,Salt Lake City,Utah,84101,US,40.7861765,-111.8776293,preferred,5523.57,2026-05-27T11:26:09Z
6282,joseph.davis1742@synthetic-subscriber.example,Joseph,Davis,Detroit,Michigan,48201,US,42.3724009,-83.0689581,vip,29369.54,2026-05-27T11:26:09Z
6283,jessica.davis1743@synthetic-subscriber.example,Jessica,Davis,Tampa,Florida,33601,US,27.9727708,-82.4701508,new,43.09,2026-05-27T11:26:09Z
6284,thomas.rodriguez1744@synthetic-subscriber.example,Thomas,Rodriguez,Brooklyn,New York,11201,US,40.6445814,-73.9828713,standard,571.46,2026-05-27T11:26:09Z
6285,sarah.rodriguez1745@synthetic-subscriber.example,Sarah,Rodriguez,Raleigh,North Carolina,27601,US,35.818037,-78.6132149,standard,616.48,2026-05-27T11:26:09Z
6286,christopher.martinez1746@synthetic-subscriber.example,Christopher,Martinez,Scottsdale,Arizona,85251,US,33.5286578,-111.9048314,standard,1876.44,2026-05-27T11:26:09Z
6287,karen.martinez1747@synthetic-subscriber.example,Karen,Martinez,Honolulu,Hawaii,96801,US,21.3540484,-157.8288369,preferred,4743.08,2026-05-27T11:26:09Z
6288,charles.hernandez1748@synthetic-subscriber.example,Charles,Hernandez,Boulder,Colorado,80301,US,40.0649029,-105.2610177,preferred,2199.23,2026-05-27T11:26:09Z
6289,lisa.hernandez1749@synthetic-subscriber.example,Lisa,Hernandez,Savannah,Georgia,31401,US,32.0766683,-81.1121002,vip,6180.67,2026-05-27T11:26:09Z
6290,daniel.lopez1750@synthetic-subscriber.example,Daniel,Lopez,New York,New York,10001,US,40.6921094,-74.0151227,new,103.88,2026-05-27T11:26:09Z
6291,nancy.lopez1751@synthetic-subscriber.example,Nancy,Lopez,Los Angeles,California,90001,US,34.0244688,-118.2132069,standard,1657.7,2026-05-27T11:26:09Z
6292,matthew.gonzalez1752@synthetic-subscriber.example,Matthew,Gonzalez,Chicago,Illinois,60601,US,41.9124975,-87.6163087,standard,361.59,2026-05-27T11:26:09Z
6293,betty.gonzalez1753@synthetic-subscriber.example,Betty,Gonzalez,Houston,Texas,77001,US,29.7204569,-95.4170932,standard,684.19,2026-05-27T11:26:09Z
6294,anthony.wilson1754@synthetic-subscriber.example,Anthony,Wilson,Phoenix,Arizona,85001,US,33.4432389,-112.0816024,preferred,6593.28,2026-05-27T11:26:09Z
6295,margaret.wilson1755@synthetic-subscriber.example,Margaret,Wilson,Philadelphia,Pennsylvania,19101,US,39.9360036,-75.1615289,preferred,7359.15,2026-05-27T11:26:09Z
6296,mark.anderson1756@synthetic-subscriber.example,Mark,Anderson,San Antonio,Texas,78201,US,29.4679525,-98.520732,vip,30939.52,2026-05-27T11:26:09Z
6297,sandra.anderson1757@synthetic-subscriber.example,Sandra,Anderson,San Diego,California,92101,US,32.741471,-117.1189452,new,12.27,2026-05-27T11:26:09Z
6298,donald.thomas1758@synthetic-subscriber.example,Donald,Thomas,Dallas,Texas,75201,US,32.7977873,-96.8451671,standard,543.17,2026-05-27T11:26:09Z
6299,ashley.thomas1759@synthetic-subscriber.example,Ashley,Thomas,San Jose,California,95101,US,37.3554462,-121.9151552,standard,1949.37,2026-05-27T11:26:09Z
6300,steven.taylor1760@synthetic-subscriber.example,Steven,Taylor,Austin,Texas,73301,US,30.2232944,-97.7727897,standard,1856.94,2026-05-27T11:26:09Z
6301,kimberly.taylor1761@synthetic-subscriber.example,Kimberly,Taylor,Jacksonville,Florida,32099,US,30.2857287,-81.6112603,preferred,5740.34,2026-05-27T11:26:09Z
6302,andrew.moore1762@synthetic-subscriber.example,Andrew,Moore,Fort Worth,Texas,76101,US,32.7440821,-97.3800211,preferred,2227.96,2026-05-27T11:26:09Z
6303,emily.moore1763@synthetic-subscriber.example,Emily,Moore,Columbus,Ohio,43085,US,39.9691299,-82.950306,vip,38669.01,2026-05-27T11:26:09Z
6304,paul.jackson1764@synthetic-subscriber.example,Paul,Jackson,Charlotte,North Carolina,28201,US,35.250501,-80.8638033,new,155.38,2026-05-27T11:26:09Z
6305,donna.jackson1765@synthetic-subscriber.example,Donna,Jackson,Indianapolis,Indiana,46201,US,39.7627176,-86.177548,standard,359.66,2026-05-27T11:26:09Z
6306,joshua.martin1766@synthetic-subscriber.example,Joshua,Martin,San Francisco,California,94101,US,37.7996752,-122.3756446,standard,729.55,2026-05-27T11:26:09Z
6307,michelle.martin1767@synthetic-subscriber.example,Michelle,Martin,Seattle,Washington,98101,US,47.5649571,-122.3605607,standard,1664.65,2026-05-27T11:26:09Z
6308,kenneth.lee1768@synthetic-subscriber.example,Kenneth,Lee,Denver,Colorado,80201,US,39.7644647,-105.0399033,preferred,2487.82,2026-05-27T11:26:09Z
6309,carol.lee1769@synthetic-subscriber.example,Carol,Lee,Nashville,Tennessee,37201,US,36.1920194,-86.742085,preferred,3989.71,2026-05-27T11:26:09Z
6310,kevin.perez1770@synthetic-subscriber.example,Kevin,Perez,Portland,Oregon,97201,US,45.4714387,-122.6379082,vip,5737.03,2026-05-27T11:26:09Z
6311,amanda.perez1771@synthetic-subscriber.example,Amanda,Perez,Las Vegas,Nevada,89101,US,36.2183659,-115.1762144,new,167.6,2026-05-27T11:26:09Z
6312,brian.thompson1772@synthetic-subscriber.example,Brian,Thompson,Miami,Florida,33101,US,25.8091463,-80.158379,standard,1945.78,2026-05-27T11:26:09Z
6313,dorothy.thompson1773@synthetic-subscriber.example,Dorothy,Thompson,Atlanta,Georgia,30301,US,33.764665,-84.3466665,standard,920.35,2026-05-27T11:26:09Z
6314,george.white1774@synthetic-subscriber.example,George,White,Boston,Massachusetts,02101,US,42.3454352,-71.0416465,standard,1091.14,2026-05-27T11:26:09Z
6315,melissa.white1775@synthetic-subscriber.example,Melissa,White,Minneapolis,Minnesota,55401,US,44.9475996,-93.2949114,preferred,4651.53,2026-05-27T11:26:09Z
6316,timothy.harris1776@synthetic-subscriber.example,Timothy,Harris,Salt Lake City,Utah,84101,US,40.7672591,-111.8951375,preferred,2589.48,2026-05-27T11:26:09Z
6317,deborah.harris1777@synthetic-subscriber.example,Deborah,Harris,Detroit,Michigan,48201,US,42.3610852,-83.0197968,vip,48014.76,2026-05-27T11:26:09Z
6318,aiden.sanchez1778@synthetic-subscriber.example,Aiden,Sanchez,Tampa,Florida,33601,US,27.9143251,-82.4258409,new,85.37,2026-05-27T11:26:09Z
6319,sofia.sanchez1779@synthetic-subscriber.example,Sofia,Sanchez,Brooklyn,New York,11201,US,40.6386294,-73.9113519,standard,493.43,2026-05-27T11:26:09Z
6320,liam.clark1780@synthetic-subscriber.example,Liam,Clark,Raleigh,North Carolina,27601,US,35.7487801,-78.6433792,standard,1695.14,2026-05-27T11:26:09Z
6321,olivia.clark1781@synthetic-subscriber.example,Olivia,Clark,Scottsdale,Arizona,85251,US,33.5028217,-111.9197042,standard,1834.14,2026-05-27T11:26:09Z
6322,noah.ramirez1782@synthetic-subscriber.example,Noah,Ramirez,Honolulu,Hawaii,96801,US,21.3317383,-157.8374527,preferred,1845.57,2026-05-27T11:26:09Z
6323,emma.ramirez1783@synthetic-subscriber.example,Emma,Ramirez,Boulder,Colorado,80301,US,40.0218428,-105.3105174,preferred,1890.24,2026-05-27T11:26:09Z
6324,ethan.lewis1784@synthetic-subscriber.example,Ethan,Lewis,Savannah,Georgia,31401,US,32.1161992,-81.1310895,vip,14848.47,2026-05-27T11:26:09Z
6325,ava.lewis1785@synthetic-subscriber.example,Ava,Lewis,New York,New York,10001,US,40.6973149,-74.0274433,new,122.02,2026-05-27T11:26:09Z
6326,mason.robinson1786@synthetic-subscriber.example,Mason,Robinson,Los Angeles,California,90001,US,34.0461614,-118.2619762,standard,890.93,2026-05-27T11:26:09Z
6327,isabella.robinson1787@synthetic-subscriber.example,Isabella,Robinson,Chicago,Illinois,60601,US,41.8663985,-87.6207953,standard,978.93,2026-05-27T11:26:09Z
6328,lucas.walker1788@synthetic-subscriber.example,Lucas,Walker,Houston,Texas,77001,US,29.7547219,-95.3998362,standard,1344.85,2026-05-27T11:26:09Z
6329,mia.walker1789@synthetic-subscriber.example,Mia,Walker,Phoenix,Arizona,85001,US,33.4029086,-112.1151048,preferred,6029.56,2026-05-27T11:26:09Z
6330,logan.young1790@synthetic-subscriber.example,Logan,Young,Philadelphia,Pennsylvania,19101,US,39.9837011,-75.1985735,preferred,7750.36,2026-05-27T11:26:09Z
6331,charlotte.young1791@synthetic-subscriber.example,Charlotte,Young,San Antonio,Texas,78201,US,29.4085473,-98.5193133,vip,17708.8,2026-05-27T11:26:09Z
6332,jackson.allen1792@synthetic-subscriber.example,Jackson,Allen,San Diego,California,92101,US,32.7299446,-117.2009265,new,95.46,2026-05-27T11:26:09Z
6333,amelia.allen1793@synthetic-subscriber.example,Amelia,Allen,Dallas,Texas,75201,US,32.7915824,-96.7703576,standard,823.91,2026-05-27T11:26:09Z
6334,sebastian.king1794@synthetic-subscriber.example,Sebastian,King,San Jose,California,95101,US,37.3327923,-121.8945417,standard,671.35,2026-05-27T11:26:09Z
6335,harper.king1795@synthetic-subscriber.example,Harper,King,Austin,Texas,73301,US,30.2737973,-97.7788999,standard,1163.49,2026-05-27T11:26:09Z
6336,mateo.wright1796@synthetic-subscriber.example,Mateo,Wright,Jacksonville,Florida,32099,US,30.3665119,-81.6480134,preferred,1319.19,2026-05-27T11:26:09Z
6337,evelyn.wright1797@synthetic-subscriber.example,Evelyn,Wright,Fort Worth,Texas,76101,US,32.7724662,-97.3320721,preferred,1915.8,2026-05-27T11:26:09Z
6338,henry.scott1798@synthetic-subscriber.example,Henry,Scott,Columbus,Ohio,43085,US,39.9606729,-82.985298,vip,23833.75,2026-05-27T11:26:09Z
6339,luna.scott1799@synthetic-subscriber.example,Luna,Scott,Charlotte,North Carolina,28201,US,35.2402216,-80.8299697,new,129.57,2026-05-27T11:26:09Z
6340,owen.torres1800@synthetic-subscriber.example,Owen,Torres,Indianapolis,Indiana,46201,US,39.7269133,-86.1521606,standard,1340.53,2026-05-27T11:26:09Z
6341,camila.torres1801@synthetic-subscriber.example,Camila,Torres,San Francisco,California,94101,US,37.7658595,-122.3781099,standard,1762,2026-05-27T11:26:09Z
6342,wyatt.nguyen1802@synthetic-subscriber.example,Wyatt,Nguyen,Seattle,Washington,98101,US,47.6258147,-122.3325562,standard,751.12,2026-05-27T11:26:09Z
6343,aria.nguyen1803@synthetic-subscriber.example,Aria,Nguyen,Denver,Colorado,80201,US,39.7883097,-104.9409028,preferred,2419.88,2026-05-27T11:26:09Z
6344,jack.hill1804@synthetic-subscriber.example,Jack,Hill,Nashville,Tennessee,37201,US,36.1843992,-86.7430463,preferred,1363.94,2026-05-27T11:26:09Z
6345,scarlett.hill1805@synthetic-subscriber.example,Scarlett,Hill,Portland,Oregon,97201,US,45.4674323,-122.6335042,vip,38066.92,2026-05-27T11:26:09Z
6346,leo.flores1806@synthetic-subscriber.example,Leo,Flores,Las Vegas,Nevada,89101,US,36.1899781,-115.1611662,new,146.41,2026-05-27T11:26:09Z
6347,penelope.flores1807@synthetic-subscriber.example,Penelope,Flores,Miami,Florida,33101,US,25.7966338,-80.1703251,standard,1575.36,2026-05-27T11:26:09Z
6348,asher.green1808@synthetic-subscriber.example,Asher,Green,Atlanta,Georgia,30301,US,33.7372865,-84.407426,standard,1194.84,2026-05-27T11:26:09Z
6349,layla.green1809@synthetic-subscriber.example,Layla,Green,Boston,Massachusetts,02101,US,42.4031264,-71.0113311,standard,1622.44,2026-05-27T11:26:09Z
6350,ezra.adams1810@synthetic-subscriber.example,Ezra,Adams,Minneapolis,Minnesota,55401,US,44.9408202,-93.2422421,preferred,7119.19,2026-05-27T11:26:09Z
6351,chloe.adams1811@synthetic-subscriber.example,Chloe,Adams,Salt Lake City,Utah,84101,US,40.7363745,-111.9351581,preferred,5627.9,2026-05-27T11:26:09Z
6352,benjamin.nelson1812@synthetic-subscriber.example,Benjamin,Nelson,Detroit,Michigan,48201,US,42.3457405,-83.081593,vip,35569.64,2026-05-27T11:26:09Z
6353,riley.nelson1813@synthetic-subscriber.example,Riley,Nelson,Tampa,Florida,33601,US,27.976857,-82.451493,new,182.6,2026-05-27T11:26:09Z
6354,caleb.baker1814@synthetic-subscriber.example,Caleb,Baker,Brooklyn,New York,11201,US,40.637959,-73.9381889,standard,358.35,2026-05-27T11:26:09Z
6355,zoey.baker1815@synthetic-subscriber.example,Zoey,Baker,Raleigh,North Carolina,27601,US,35.8161649,-78.6190015,standard,978.57,2026-05-27T11:26:09Z
6356,samuel.hall1816@synthetic-subscriber.example,Samuel,Hall,Scottsdale,Arizona,85251,US,33.4592575,-111.956549,standard,928.85,2026-05-27T11:26:09Z
6357,nora.hall1817@synthetic-subscriber.example,Nora,Hall,Honolulu,Hawaii,96801,US,21.299335,-157.8602446,preferred,7449.51,2026-05-27T11:26:09Z
6358,dylan.rivera1818@synthetic-subscriber.example,Dylan,Rivera,Boulder,Colorado,80301,US,39.9879141,-105.2737002,preferred,3422.36,2026-05-27T11:26:09Z
6359,lily.rivera1819@synthetic-subscriber.example,Lily,Rivera,Savannah,Georgia,31401,US,32.0985023,-81.1072142,vip,43931.04,2026-05-27T11:26:09Z
6360,gabriel.campbell1820@synthetic-subscriber.example,Gabriel,Campbell,New York,New York,10001,US,40.6844863,-73.973365,new,177.72,2026-05-27T11:26:09Z
6361,eleanor.campbell1821@synthetic-subscriber.example,Eleanor,Campbell,Los Angeles,California,90001,US,34.0885969,-118.2690158,standard,523.73,2026-05-27T11:26:09Z
6362,elijah.mitchell1822@synthetic-subscriber.example,Elijah,Mitchell,Chicago,Illinois,60601,US,41.9012316,-87.6437603,standard,199.54,2026-05-27T11:26:09Z
6363,hannah.mitchell1823@synthetic-subscriber.example,Hannah,Mitchell,Houston,Texas,77001,US,29.7751841,-95.3413107,standard,152.45,2026-05-27T11:26:09Z
6364,james.carter1824@synthetic-subscriber.example,James,Carter,Phoenix,Arizona,85001,US,33.4852021,-112.0441629,preferred,4542.2,2026-05-27T11:26:09Z
6365,mary.carter1825@synthetic-subscriber.example,Mary,Carter,Philadelphia,Pennsylvania,19101,US,39.9264907,-75.1437013,preferred,6925.15,2026-05-27T11:26:09Z
6366,john.roberts1826@synthetic-subscriber.example,John,Roberts,San Antonio,Texas,78201,US,29.3753468,-98.490256,vip,23303.02,2026-05-27T11:26:09Z
6367,patricia.roberts1827@synthetic-subscriber.example,Patricia,Roberts,San Diego,California,92101,US,32.7379644,-117.1756387,new,100.25,2026-05-27T11:26:09Z
6368,robert.gomez1828@synthetic-subscriber.example,Robert,Gomez,Dallas,Texas,75201,US,32.7487222,-96.8110657,standard,966.86,2026-05-27T11:26:09Z
6369,jennifer.gomez1829@synthetic-subscriber.example,Jennifer,Gomez,San Jose,California,95101,US,37.3408264,-121.8431232,standard,471.6,2026-05-27T11:26:09Z
6370,michael.phillips1830@synthetic-subscriber.example,Michael,Phillips,Austin,Texas,73301,US,30.2739915,-97.7070732,standard,856.73,2026-05-27T11:26:09Z
6371,linda.phillips1831@synthetic-subscriber.example,Linda,Phillips,Jacksonville,Florida,32099,US,30.2958038,-81.6430461,preferred,7778.94,2026-05-27T11:26:09Z
6372,william.evans1832@synthetic-subscriber.example,William,Evans,Fort Worth,Texas,76101,US,32.7243364,-97.2979094,preferred,6627.39,2026-05-27T11:26:09Z
6373,elizabeth.evans1833@synthetic-subscriber.example,Elizabeth,Evans,Columbus,Ohio,43085,US,39.9602011,-82.997451,vip,46422.86,2026-05-27T11:26:09Z
6374,david.turner1834@synthetic-subscriber.example,David,Turner,Charlotte,North Carolina,28201,US,35.2713265,-80.8912404,new,95.38,2026-05-27T11:26:09Z
6375,barbara.turner1835@synthetic-subscriber.example,Barbara,Turner,Indianapolis,Indiana,46201,US,39.7951808,-86.1417743,standard,1988.37,2026-05-27T11:26:09Z
6376,richard.diaz1836@synthetic-subscriber.example,Richard,Diaz,San Francisco,California,94101,US,37.8001786,-122.445239,standard,471.53,2026-05-27T11:26:09Z
6377,susan.diaz1837@synthetic-subscriber.example,Susan,Diaz,Seattle,Washington,98101,US,47.5928384,-122.3422333,standard,102.73,2026-05-27T11:26:09Z
6378,joseph.parker1838@synthetic-subscriber.example,Joseph,Parker,Denver,Colorado,80201,US,39.7236833,-104.9965915,preferred,5861.3,2026-05-27T11:26:09Z
6379,jessica.parker1839@synthetic-subscriber.example,Jessica,Parker,Nashville,Tennessee,37201,US,36.1545595,-86.7925767,preferred,2299.85,2026-05-27T11:26:09Z
6380,thomas.cruz1840@synthetic-subscriber.example,Thomas,Cruz,Portland,Oregon,97201,US,45.5102668,-122.6984769,vip,13037.48,2026-05-27T11:26:09Z
6381,sarah.cruz1841@synthetic-subscriber.example,Sarah,Cruz,Las Vegas,Nevada,89101,US,36.2195028,-115.1114121,new,44.13,2026-05-27T11:26:09Z
6382,christopher.edwards1842@synthetic-subscriber.example,Christopher,Edwards,Miami,Florida,33101,US,25.742694,-80.2361615,standard,881.72,2026-05-27T11:26:09Z
6383,karen.edwards1843@synthetic-subscriber.example,Karen,Edwards,Atlanta,Georgia,30301,US,33.7756957,-84.3651082,standard,1291.83,2026-05-27T11:26:09Z
6384,charles.collins1844@synthetic-subscriber.example,Charles,Collins,Boston,Massachusetts,02101,US,42.3984611,-71.0134267,standard,534.11,2026-05-27T11:26:09Z
6385,lisa.collins1845@synthetic-subscriber.example,Lisa,Collins,Minneapolis,Minnesota,55401,US,44.9773131,-93.2659548,preferred,4864.25,2026-05-27T11:26:09Z
6386,daniel.reyes1846@synthetic-subscriber.example,Daniel,Reyes,Salt Lake City,Utah,84101,US,40.7759784,-111.8436993,preferred,1125.09,2026-05-27T11:26:09Z
6387,nancy.reyes1847@synthetic-subscriber.example,Nancy,Reyes,Detroit,Michigan,48201,US,42.3011016,-83.0065352,vip,32042.89,2026-05-27T11:26:09Z
6388,matthew.stewart1848@synthetic-subscriber.example,Matthew,Stewart,Tampa,Florida,33601,US,27.9098749,-82.4159252,new,66.09,2026-05-27T11:26:09Z
6389,betty.stewart1849@synthetic-subscriber.example,Betty,Stewart,Brooklyn,New York,11201,US,40.6436113,-73.9387367,standard,664.97,2026-05-27T11:26:09Z
6390,anthony.morris1850@synthetic-subscriber.example,Anthony,Morris,Raleigh,North Carolina,27601,US,35.8278523,-78.6242968,standard,131.87,2026-05-27T11:26:09Z
6391,margaret.morris1851@synthetic-subscriber.example,Margaret,Morris,Scottsdale,Arizona,85251,US,33.4583173,-111.9274962,standard,343.46,2026-05-27T11:26:09Z
6392,mark.morales1852@synthetic-subscriber.example,Mark,Morales,Honolulu,Hawaii,96801,US,21.345731,-157.8830795,preferred,3081.58,2026-05-27T11:26:09Z
6393,sandra.morales1853@synthetic-subscriber.example,Sandra,Morales,Boulder,Colorado,80301,US,40.0271157,-105.2670234,preferred,1524.86,2026-05-27T11:26:09Z
6394,donald.murphy1854@synthetic-subscriber.example,Donald,Murphy,Savannah,Georgia,31401,US,32.0733017,-81.0775603,vip,22647.87,2026-05-27T11:26:09Z
6395,ashley.murphy1855@synthetic-subscriber.example,Ashley,Murphy,New York,New York,10001,US,40.7181475,-73.9698485,new,39.27,2026-05-27T11:26:09Z
6396,steven.cook1856@synthetic-subscriber.example,Steven,Cook,Los Angeles,California,90001,US,34.0734342,-118.1940384,standard,1789.33,2026-05-27T11:26:09Z
6397,kimberly.cook1857@synthetic-subscriber.example,Kimberly,Cook,Chicago,Illinois,60601,US,41.9067646,-87.618239,standard,879.17,2026-05-27T11:26:09Z
6398,andrew.rogers1858@synthetic-subscriber.example,Andrew,Rogers,Houston,Texas,77001,US,29.7613046,-95.3654583,standard,637.47,2026-05-27T11:26:09Z
6399,emily.rogers1859@synthetic-subscriber.example,Emily,Rogers,Phoenix,Arizona,85001,US,33.4502018,-112.108986,preferred,2483.85,2026-05-27T11:26:09Z
6400,paul.gutierrez1860@synthetic-subscriber.example,Paul,Gutierrez,Philadelphia,Pennsylvania,19101,US,39.9454204,-75.1859537,preferred,3369.58,2026-05-27T11:26:09Z
6401,donna.gutierrez1861@synthetic-subscriber.example,Donna,Gutierrez,San Antonio,Texas,78201,US,29.4496414,-98.4527869,vip,36293.74,2026-05-27T11:26:09Z
6402,joshua.ortiz1862@synthetic-subscriber.example,Joshua,Ortiz,San Diego,California,92101,US,32.7182846,-117.1339079,new,42.99,2026-05-27T11:26:09Z
6403,michelle.ortiz1863@synthetic-subscriber.example,Michelle,Ortiz,Dallas,Texas,75201,US,32.7894017,-96.8353712,standard,493.18,2026-05-27T11:26:09Z
6404,kenneth.morgan1864@synthetic-subscriber.example,Kenneth,Morgan,San Jose,California,95101,US,37.3292045,-121.9287199,standard,147.91,2026-05-27T11:26:09Z
6405,carol.morgan1865@synthetic-subscriber.example,Carol,Morgan,Austin,Texas,73301,US,30.2969296,-97.718051,standard,1257.87,2026-05-27T11:26:09Z
6406,kevin.cooper1866@synthetic-subscriber.example,Kevin,Cooper,Jacksonville,Florida,32099,US,30.3041554,-81.625191,preferred,6279.14,2026-05-27T11:26:09Z
6407,amanda.cooper1867@synthetic-subscriber.example,Amanda,Cooper,Fort Worth,Texas,76101,US,32.7762445,-97.2867241,preferred,7365.55,2026-05-27T11:26:09Z
6408,brian.peterson1868@synthetic-subscriber.example,Brian,Peterson,Columbus,Ohio,43085,US,39.9411653,-82.9996432,vip,12660.92,2026-05-27T11:26:09Z
6409,dorothy.peterson1869@synthetic-subscriber.example,Dorothy,Peterson,Charlotte,North Carolina,28201,US,35.2111117,-80.8271808,new,36.49,2026-05-27T11:26:09Z
6410,george.bailey1870@synthetic-subscriber.example,George,Bailey,Indianapolis,Indiana,46201,US,39.781988,-86.1764486,standard,1308.74,2026-05-27T11:26:09Z
6411,melissa.bailey1871@synthetic-subscriber.example,Melissa,Bailey,San Francisco,California,94101,US,37.8019397,-122.4317429,standard,1134.87,2026-05-27T11:26:09Z
6412,timothy.reed1872@synthetic-subscriber.example,Timothy,Reed,Seattle,Washington,98101,US,47.6169131,-122.2871137,standard,941.5,2026-05-27T11:26:09Z
6413,deborah.reed1873@synthetic-subscriber.example,Deborah,Reed,Denver,Colorado,80201,US,39.7295281,-105.0222508,preferred,3858.23,2026-05-27T11:26:09Z
6414,aiden.kelly1874@synthetic-subscriber.example,Aiden,Kelly,Nashville,Tennessee,37201,US,36.2041336,-86.8193613,preferred,7844.62,2026-05-27T11:26:09Z
6415,sofia.kelly1875@synthetic-subscriber.example,Sofia,Kelly,Portland,Oregon,97201,US,45.4671496,-122.6700058,vip,8258.79,2026-05-27T11:26:09Z
6416,liam.howard1876@synthetic-subscriber.example,Liam,Howard,Las Vegas,Nevada,89101,US,36.1236044,-115.1169401,new,73.22,2026-05-27T11:26:09Z
6417,olivia.howard1877@synthetic-subscriber.example,Olivia,Howard,Miami,Florida,33101,US,25.7238344,-80.2192537,standard,762.16,2026-05-27T11:26:09Z
6418,noah.ramos1878@synthetic-subscriber.example,Noah,Ramos,Atlanta,Georgia,30301,US,33.7498754,-84.3652143,standard,272.71,2026-05-27T11:26:09Z
6419,emma.ramos1879@synthetic-subscriber.example,Emma,Ramos,Boston,Massachusetts,02101,US,42.3978865,-71.0993469,standard,1589.66,2026-05-27T11:26:09Z
6420,ethan.kim1880@synthetic-subscriber.example,Ethan,Kim,Minneapolis,Minnesota,55401,US,45.0129135,-93.2988274,preferred,4971.26,2026-05-27T11:26:09Z
6421,ava.kim1881@synthetic-subscriber.example,Ava,Kim,Salt Lake City,Utah,84101,US,40.7859606,-111.9012586,preferred,1619.04,2026-05-27T11:26:09Z
6422,mason.cox1882@synthetic-subscriber.example,Mason,Cox,Detroit,Michigan,48201,US,42.3282114,-83.0940824,vip,27178.67,2026-05-27T11:26:09Z
6423,isabella.cox1883@synthetic-subscriber.example,Isabella,Cox,Tampa,Florida,33601,US,27.9023722,-82.4871423,new,5.13,2026-05-27T11:26:09Z
6424,lucas.ward1884@synthetic-subscriber.example,Lucas,Ward,Brooklyn,New York,11201,US,40.7013966,-73.980811,standard,1868.87,2026-05-27T11:26:09Z
6425,mia.ward1885@synthetic-subscriber.example,Mia,Ward,Raleigh,North Carolina,27601,US,35.8277782,-78.6155059,standard,1862.21,2026-05-27T11:26:09Z
6426,logan.richardson1886@synthetic-subscriber.example,Logan,Richardson,Scottsdale,Arizona,85251,US,33.4978343,-111.9424304,standard,1096.93,2026-05-27T11:26:09Z
6427,charlotte.richardson1887@synthetic-subscriber.example,Charlotte,Richardson,Honolulu,Hawaii,96801,US,21.3099956,-157.862154,preferred,2541.17,2026-05-27T11:26:09Z
6428,jackson.watson1888@synthetic-subscriber.example,Jackson,Watson,Boulder,Colorado,80301,US,40.0377078,-105.3060365,preferred,7192.58,2026-05-27T11:26:09Z
6429,amelia.watson1889@synthetic-subscriber.example,Amelia,Watson,Savannah,Georgia,31401,US,32.0637699,-81.0763738,vip,6996.68,2026-05-27T11:26:09Z
6430,sebastian.brooks1890@synthetic-subscriber.example,Sebastian,Brooks,New York,New York,10001,US,40.6638219,-74.0101733,new,94.42,2026-05-27T11:26:09Z
6431,harper.brooks1891@synthetic-subscriber.example,Harper,Brooks,Los Angeles,California,90001,US,34.0518753,-118.2782112,standard,312.02,2026-05-27T11:26:09Z
6432,mateo.chavez1892@synthetic-subscriber.example,Mateo,Chavez,Chicago,Illinois,60601,US,41.8751662,-87.641555,standard,1198.02,2026-05-27T11:26:09Z
6433,evelyn.chavez1893@synthetic-subscriber.example,Evelyn,Chavez,Houston,Texas,77001,US,29.7202082,-95.4160781,standard,365.17,2026-05-27T11:26:09Z
6434,henry.wood1894@synthetic-subscriber.example,Henry,Wood,Phoenix,Arizona,85001,US,33.4281082,-112.0470991,preferred,6491.64,2026-05-27T11:26:09Z
6435,luna.wood1895@synthetic-subscriber.example,Luna,Wood,Philadelphia,Pennsylvania,19101,US,39.9301984,-75.2048875,preferred,7037.42,2026-05-27T11:26:09Z
6436,owen.james1896@synthetic-subscriber.example,Owen,James,San Antonio,Texas,78201,US,29.43566,-98.5390903,vip,47858.17,2026-05-27T11:26:09Z
6437,camila.james1897@synthetic-subscriber.example,Camila,James,San Diego,California,92101,US,32.6661199,-117.1702179,new,12.91,2026-05-27T11:26:09Z
6438,wyatt.bennett1898@synthetic-subscriber.example,Wyatt,Bennett,Dallas,Texas,75201,US,32.7718977,-96.7891787,standard,1158.28,2026-05-27T11:26:09Z
6439,aria.bennett1899@synthetic-subscriber.example,Aria,Bennett,San Jose,California,95101,US,37.3014805,-121.9282694,standard,682.09,2026-05-27T11:26:09Z
6440,jack.gray1900@synthetic-subscriber.example,Jack,Gray,Austin,Texas,73301,US,30.3136961,-97.7452667,standard,186.79,2026-05-27T11:26:09Z
6441,scarlett.gray1901@synthetic-subscriber.example,Scarlett,Gray,Jacksonville,Florida,32099,US,30.2959253,-81.6542525,preferred,4328.1,2026-05-27T11:26:09Z
6442,leo.mendoza1902@synthetic-subscriber.example,Leo,Mendoza,Fort Worth,Texas,76101,US,32.7563887,-97.3605372,preferred,3488.26,2026-05-27T11:26:09Z
6443,penelope.mendoza1903@synthetic-subscriber.example,Penelope,Mendoza,Columbus,Ohio,43085,US,39.917904,-83.0408137,vip,28235.29,2026-05-27T11:26:09Z
6444,asher.ruiz1904@synthetic-subscriber.example,Asher,Ruiz,Charlotte,North Carolina,28201,US,35.208022,-80.8097575,new,152.83,2026-05-27T11:26:09Z
6445,layla.ruiz1905@synthetic-subscriber.example,Layla,Ruiz,Indianapolis,Indiana,46201,US,39.7266656,-86.127406,standard,300.84,2026-05-27T11:26:09Z
6446,ezra.hughes1906@synthetic-subscriber.example,Ezra,Hughes,San Francisco,California,94101,US,37.8086058,-122.4351322,standard,1172.71,2026-05-27T11:26:09Z
6447,chloe.hughes1907@synthetic-subscriber.example,Chloe,Hughes,Seattle,Washington,98101,US,47.5670924,-122.3488102,standard,460.49,2026-05-27T11:26:09Z
6448,benjamin.price1908@synthetic-subscriber.example,Benjamin,Price,Denver,Colorado,80201,US,39.6921093,-104.9940804,preferred,1399.58,2026-05-27T11:26:09Z
6449,riley.price1909@synthetic-subscriber.example,Riley,Price,Nashville,Tennessee,37201,US,36.154495,-86.7686442,preferred,1255.36,2026-05-27T11:26:09Z
6450,caleb.alvarez1910@synthetic-subscriber.example,Caleb,Alvarez,Portland,Oregon,97201,US,45.5275582,-122.6848377,vip,15583.7,2026-05-27T11:26:09Z
6451,zoey.alvarez1911@synthetic-subscriber.example,Zoey,Alvarez,Las Vegas,Nevada,89101,US,36.1814006,-115.1662665,new,172.16,2026-05-27T11:26:09Z
6452,samuel.castillo1912@synthetic-subscriber.example,Samuel,Castillo,Miami,Florida,33101,US,25.7256984,-80.1612031,standard,1148.22,2026-05-27T11:26:09Z
6453,nora.castillo1913@synthetic-subscriber.example,Nora,Castillo,Atlanta,Georgia,30301,US,33.7368829,-84.4036975,standard,1946.11,2026-05-27T11:26:09Z
6454,dylan.sanders1914@synthetic-subscriber.example,Dylan,Sanders,Boston,Massachusetts,02101,US,42.3817563,-71.016418,standard,447.68,2026-05-27T11:26:09Z
6455,lily.sanders1915@synthetic-subscriber.example,Lily,Sanders,Minneapolis,Minnesota,55401,US,44.9448259,-93.3063145,preferred,7149.66,2026-05-27T11:26:09Z
6456,gabriel.patel1916@synthetic-subscriber.example,Gabriel,Patel,Salt Lake City,Utah,84101,US,40.7229576,-111.9120965,preferred,2510.33,2026-05-27T11:26:09Z
6457,eleanor.patel1917@synthetic-subscriber.example,Eleanor,Patel,Detroit,Michigan,48201,US,42.3310093,-83.0716271,vip,46440.12,2026-05-27T11:26:09Z
6458,elijah.myers1918@synthetic-subscriber.example,Elijah,Myers,Tampa,Florida,33601,US,27.910876,-82.4077946,new,82.64,2026-05-27T11:26:09Z
6459,hannah.myers1919@synthetic-subscriber.example,Hannah,Myers,Brooklyn,New York,11201,US,40.6793924,-73.9386797,standard,1887.01,2026-05-27T11:26:09Z
6460,james.smith1920@synthetic-subscriber.example,James,Smith,Raleigh,North Carolina,27601,US,35.7886658,-78.674953,standard,373.66,2026-05-27T11:26:09Z
6461,mary.smith1921@synthetic-subscriber.example,Mary,Smith,Scottsdale,Arizona,85251,US,33.4819123,-111.9078953,standard,1312.68,2026-05-27T11:26:09Z
6462,john.johnson1922@synthetic-subscriber.example,John,Johnson,Honolulu,Hawaii,96801,US,21.2884853,-157.8633795,preferred,3206.39,2026-05-27T11:26:09Z
6463,patricia.johnson1923@synthetic-subscriber.example,Patricia,Johnson,Boulder,Colorado,80301,US,39.9727342,-105.2743515,preferred,5475.76,2026-05-27T11:26:09Z
6464,robert.williams1924@synthetic-subscriber.example,Robert,Williams,Savannah,Georgia,31401,US,32.1056574,-81.0858378,vip,11748.41,2026-05-27T11:26:09Z
6465,jennifer.williams1925@synthetic-subscriber.example,Jennifer,Williams,New York,New York,10001,US,40.6696254,-74.0280817,new,53.5,2026-05-27T11:26:09Z
6466,michael.brown1926@synthetic-subscriber.example,Michael,Brown,Los Angeles,California,90001,US,34.0294844,-118.2786331,standard,897.53,2026-05-27T11:26:09Z
6467,linda.brown1927@synthetic-subscriber.example,Linda,Brown,Chicago,Illinois,60601,US,41.9238372,-87.5883957,standard,1527.34,2026-05-27T11:26:09Z
6468,william.jones1928@synthetic-subscriber.example,William,Jones,Houston,Texas,77001,US,29.7752397,-95.3471658,standard,1755.45,2026-05-27T11:26:09Z
6469,elizabeth.jones1929@synthetic-subscriber.example,Elizabeth,Jones,Phoenix,Arizona,85001,US,33.4785312,-112.111307,preferred,4007.74,2026-05-27T11:26:09Z
6470,david.garcia1930@synthetic-subscriber.example,David,Garcia,Philadelphia,Pennsylvania,19101,US,39.9721726,-75.1421357,preferred,6533.77,2026-05-27T11:26:09Z
6471,barbara.garcia1931@synthetic-subscriber.example,Barbara,Garcia,San Antonio,Texas,78201,US,29.4350888,-98.4680049,vip,47229.77,2026-05-27T11:26:09Z
6472,richard.miller1932@synthetic-subscriber.example,Richard,Miller,San Diego,California,92101,US,32.7155187,-117.2078584,new,5.01,2026-05-27T11:26:09Z
6473,susan.miller1933@synthetic-subscriber.example,Susan,Miller,Dallas,Texas,75201,US,32.7784917,-96.8222399,standard,810.65,2026-05-27T11:26:09Z
6474,joseph.davis1934@synthetic-subscriber.example,Joseph,Davis,San Jose,California,95101,US,37.3247726,-121.849385,standard,1141.85,2026-05-27T11:26:09Z
6475,jessica.davis1935@synthetic-subscriber.example,Jessica,Davis,Austin,Texas,73301,US,30.236039,-97.7366653,standard,1701.05,2026-05-27T11:26:09Z
6476,thomas.rodriguez1936@synthetic-subscriber.example,Thomas,Rodriguez,Jacksonville,Florida,32099,US,30.3654957,-81.6681396,preferred,4646.39,2026-05-27T11:26:09Z
6477,sarah.rodriguez1937@synthetic-subscriber.example,Sarah,Rodriguez,Fort Worth,Texas,76101,US,32.7746761,-97.3338704,preferred,2013.06,2026-05-27T11:26:09Z
6478,christopher.martinez1938@synthetic-subscriber.example,Christopher,Martinez,Columbus,Ohio,43085,US,39.912732,-83.0248945,vip,26116.07,2026-05-27T11:26:09Z
6479,karen.martinez1939@synthetic-subscriber.example,Karen,Martinez,Charlotte,North Carolina,28201,US,35.1838928,-80.8752565,new,171.76,2026-05-27T11:26:09Z
6480,charles.hernandez1940@synthetic-subscriber.example,Charles,Hernandez,Indianapolis,Indiana,46201,US,39.7289736,-86.2069421,standard,1637.06,2026-05-27T11:26:09Z
6481,lisa.hernandez1941@synthetic-subscriber.example,Lisa,Hernandez,San Francisco,California,94101,US,37.7826834,-122.400677,standard,441.71,2026-05-27T11:26:09Z
6482,daniel.lopez1942@synthetic-subscriber.example,Daniel,Lopez,Seattle,Washington,98101,US,47.5737036,-122.3575239,standard,513.13,2026-05-27T11:26:09Z
6483,nancy.lopez1943@synthetic-subscriber.example,Nancy,Lopez,Denver,Colorado,80201,US,39.7533524,-104.9816829,preferred,5102.27,2026-05-27T11:26:09Z
6484,matthew.gonzalez1944@synthetic-subscriber.example,Matthew,Gonzalez,Nashville,Tennessee,37201,US,36.2095094,-86.767743,preferred,4687.49,2026-05-27T11:26:09Z
6485,betty.gonzalez1945@synthetic-subscriber.example,Betty,Gonzalez,Portland,Oregon,97201,US,45.5245889,-122.7138238,vip,5891.85,2026-05-27T11:26:09Z
6486,anthony.wilson1946@synthetic-subscriber.example,Anthony,Wilson,Las Vegas,Nevada,89101,US,36.15912,-115.1416646,new,95.68,2026-05-27T11:26:09Z
6487,margaret.wilson1947@synthetic-subscriber.example,Margaret,Wilson,Miami,Florida,33101,US,25.76914,-80.1924927,standard,293.7,2026-05-27T11:26:09Z
6488,mark.anderson1948@synthetic-subscriber.example,Mark,Anderson,Atlanta,Georgia,30301,US,33.7249784,-84.3668954,standard,1232.83,2026-05-27T11:26:09Z
6489,sandra.anderson1949@synthetic-subscriber.example,Sandra,Anderson,Boston,Massachusetts,02101,US,42.3898251,-71.0411184,standard,1942.43,2026-05-27T11:26:09Z
6490,donald.thomas1950@synthetic-subscriber.example,Donald,Thomas,Minneapolis,Minnesota,55401,US,45.0112048,-93.2546077,preferred,7540.71,2026-05-27T11:26:09Z
6491,ashley.thomas1951@synthetic-subscriber.example,Ashley,Thomas,Salt Lake City,Utah,84101,US,40.7661873,-111.931425,preferred,1307.97,2026-05-27T11:26:09Z
6492,steven.taylor1952@synthetic-subscriber.example,Steven,Taylor,Detroit,Michigan,48201,US,42.3579777,-83.0417238,vip,47067.41,2026-05-27T11:26:09Z
6493,kimberly.taylor1953@synthetic-subscriber.example,Kimberly,Taylor,Tampa,Florida,33601,US,27.9434695,-82.4242086,new,22.98,2026-05-27T11:26:09Z
6494,andrew.moore1954@synthetic-subscriber.example,Andrew,Moore,Brooklyn,New York,11201,US,40.6329697,-73.9140948,standard,385.98,2026-05-27T11:26:09Z
6495,emily.moore1955@synthetic-subscriber.example,Emily,Moore,Raleigh,North Carolina,27601,US,35.7460542,-78.659635,standard,126.93,2026-05-27T11:26:09Z
6496,paul.jackson1956@synthetic-subscriber.example,Paul,Jackson,Scottsdale,Arizona,85251,US,33.5389635,-111.935348,standard,1268.61,2026-05-27T11:26:09Z
6497,donna.jackson1957@synthetic-subscriber.example,Donna,Jackson,Honolulu,Hawaii,96801,US,21.3529758,-157.8440672,preferred,6042.87,2026-05-27T11:26:09Z
6498,joshua.martin1958@synthetic-subscriber.example,Joshua,Martin,Boulder,Colorado,80301,US,40.0055202,-105.2839479,preferred,5700.56,2026-05-27T11:26:09Z
6499,michelle.martin1959@synthetic-subscriber.example,Michelle,Martin,Savannah,Georgia,31401,US,32.0458546,-81.1036915,vip,37518.12,2026-05-27T11:26:09Z
6500,kenneth.lee1960@synthetic-subscriber.example,Kenneth,Lee,New York,New York,10001,US,40.6779823,-74.0550916,new,73.01,2026-05-27T11:26:09Z
6501,carol.lee1961@synthetic-subscriber.example,Carol,Lee,Los Angeles,California,90001,US,34.0652033,-118.2741603,standard,1714.4,2026-05-27T11:26:09Z
6502,kevin.perez1962@synthetic-subscriber.example,Kevin,Perez,Chicago,Illinois,60601,US,41.8742616,-87.6064129,standard,1395.65,2026-05-27T11:26:09Z
6503,amanda.perez1963@synthetic-subscriber.example,Amanda,Perez,Houston,Texas,77001,US,29.7238729,-95.4175416,standard,440.73,2026-05-27T11:26:09Z
6504,brian.thompson1964@synthetic-subscriber.example,Brian,Thompson,Phoenix,Arizona,85001,US,33.4612907,-112.0800104,preferred,7829.74,2026-05-27T11:26:09Z
6505,dorothy.thompson1965@synthetic-subscriber.example,Dorothy,Thompson,Philadelphia,Pennsylvania,19101,US,39.914212,-75.1413058,preferred,2976.84,2026-05-27T11:26:09Z
6506,george.white1966@synthetic-subscriber.example,George,White,San Antonio,Texas,78201,US,29.3952283,-98.522858,vip,40042.52,2026-05-27T11:26:09Z
6507,melissa.white1967@synthetic-subscriber.example,Melissa,White,San Diego,California,92101,US,32.7347108,-117.135299,new,23.71,2026-05-27T11:26:09Z
6508,timothy.harris1968@synthetic-subscriber.example,Timothy,Harris,Dallas,Texas,75201,US,32.7872895,-96.823075,standard,708.27,2026-05-27T11:26:09Z
6509,deborah.harris1969@synthetic-subscriber.example,Deborah,Harris,San Jose,California,95101,US,37.364862,-121.8659582,standard,1941.94,2026-05-27T11:26:09Z
6510,aiden.sanchez1970@synthetic-subscriber.example,Aiden,Sanchez,Austin,Texas,73301,US,30.2471877,-97.70134,standard,994.59,2026-05-27T11:26:09Z
6511,sofia.sanchez1971@synthetic-subscriber.example,Sofia,Sanchez,Jacksonville,Florida,32099,US,30.3786594,-81.6998271,preferred,4848.92,2026-05-27T11:26:09Z
6512,liam.clark1972@synthetic-subscriber.example,Liam,Clark,Fort Worth,Texas,76101,US,32.7887439,-97.3298688,preferred,1177.18,2026-05-27T11:26:09Z
6513,olivia.clark1973@synthetic-subscriber.example,Olivia,Clark,Columbus,Ohio,43085,US,39.9305506,-83.0188729,vip,29071.54,2026-05-27T11:26:09Z
6514,noah.ramirez1974@synthetic-subscriber.example,Noah,Ramirez,Charlotte,North Carolina,28201,US,35.2361734,-80.8354457,new,61.65,2026-05-27T11:26:09Z
6515,emma.ramirez1975@synthetic-subscriber.example,Emma,Ramirez,Indianapolis,Indiana,46201,US,39.7186816,-86.2004121,standard,1710.09,2026-05-27T11:26:09Z
6516,ethan.lewis1976@synthetic-subscriber.example,Ethan,Lewis,San Francisco,California,94101,US,37.7699231,-122.4077514,standard,824.41,2026-05-27T11:26:09Z
6517,ava.lewis1977@synthetic-subscriber.example,Ava,Lewis,Seattle,Washington,98101,US,47.640319,-122.2981347,standard,1188.59,2026-05-27T11:26:09Z
6518,mason.robinson1978@synthetic-subscriber.example,Mason,Robinson,Denver,Colorado,80201,US,39.757719,-104.9645282,preferred,1931.66,2026-05-27T11:26:09Z
6519,isabella.robinson1979@synthetic-subscriber.example,Isabella,Robinson,Nashville,Tennessee,37201,US,36.1946128,-86.7919346,preferred,2738.34,2026-05-27T11:26:09Z
6520,lucas.walker1980@synthetic-subscriber.example,Lucas,Walker,Portland,Oregon,97201,US,45.4804757,-122.6522507,vip,45446.67,2026-05-27T11:26:09Z
6521,mia.walker1981@synthetic-subscriber.example,Mia,Walker,Las Vegas,Nevada,89101,US,36.1928177,-115.1798676,new,130.29,2026-05-27T11:26:09Z
6522,logan.young1982@synthetic-subscriber.example,Logan,Young,Miami,Florida,33101,US,25.7117987,-80.1956654,standard,254.49,2026-05-27T11:26:09Z
6523,charlotte.young1983@synthetic-subscriber.example,Charlotte,Young,Atlanta,Georgia,30301,US,33.7807329,-84.4070374,standard,1903.5,2026-05-27T11:26:09Z
6524,jackson.allen1984@synthetic-subscriber.example,Jackson,Allen,Boston,Massachusetts,02101,US,42.3187956,-71.0286982,standard,172.6,2026-05-27T11:26:09Z
6525,amelia.allen1985@synthetic-subscriber.example,Amelia,Allen,Minneapolis,Minnesota,55401,US,45.0243981,-93.2457077,preferred,6487.74,2026-05-27T11:26:09Z
6526,sebastian.king1986@synthetic-subscriber.example,Sebastian,King,Salt Lake City,Utah,84101,US,40.7809414,-111.9353874,preferred,6844.22,2026-05-27T11:26:09Z
6527,harper.king1987@synthetic-subscriber.example,Harper,King,Detroit,Michigan,48201,US,42.3356384,-83.0350189,vip,43508.12,2026-05-27T11:26:09Z
6528,mateo.wright1988@synthetic-subscriber.example,Mateo,Wright,Tampa,Florida,33601,US,27.960993,-82.4086933,new,108.61,2026-05-27T11:26:09Z
6529,evelyn.wright1989@synthetic-subscriber.example,Evelyn,Wright,Brooklyn,New York,11201,US,40.708018,-73.9158278,standard,1383.1,2026-05-27T11:26:09Z
6530,henry.scott1990@synthetic-subscriber.example,Henry,Scott,Raleigh,North Carolina,27601,US,35.8220126,-78.5896804,standard,965.23,2026-05-27T11:26:09Z
6531,luna.scott1991@synthetic-subscriber.example,Luna,Scott,Scottsdale,Arizona,85251,US,33.4628395,-111.8838317,standard,614.53,2026-05-27T11:26:09Z
6532,owen.torres1992@synthetic-subscriber.example,Owen,Torres,Honolulu,Hawaii,96801,US,21.2958547,-157.8491279,preferred,3790.16,2026-05-27T11:26:09Z
6533,camila.torres1993@synthetic-subscriber.example,Camila,Torres,Boulder,Colorado,80301,US,40.0446624,-105.2384855,preferred,1265.22,2026-05-27T11:26:09Z
6534,wyatt.nguyen1994@synthetic-subscriber.example,Wyatt,Nguyen,Savannah,Georgia,31401,US,32.0728483,-81.0874813,vip,22392.71,2026-05-27T11:26:09Z
6535,aria.nguyen1995@synthetic-subscriber.example,Aria,Nguyen,New York,New York,10001,US,40.6984903,-73.9752828,new,83.7,2026-05-27T11:26:09Z
6536,jack.hill1996@synthetic-subscriber.example,Jack,Hill,Los Angeles,California,90001,US,34.0989983,-118.2550396,standard,1111.9,2026-05-27T11:26:09Z
6537,scarlett.hill1997@synthetic-subscriber.example,Scarlett,Hill,Chicago,Illinois,60601,US,41.838507,-87.6436489,standard,1646.3,2026-05-27T11:26:09Z
6538,leo.flores1998@synthetic-subscriber.example,Leo,Flores,Houston,Texas,77001,US,29.7545887,-95.3441313,standard,108.48,2026-05-27T11:26:09Z
6539,penelope.flores1999@synthetic-subscriber.example,Penelope,Flores,Phoenix,Arizona,85001,US,33.431079,-112.0712643,preferred,6225.92,2026-05-27T11:26:09Z
6540,asher.green2000@synthetic-subscriber.example,Asher,Green,Philadelphia,Pennsylvania,19101,US,39.9562695,-75.1226887,preferred,7181.32,2026-05-27T11:26:09Z
