item_id,order_id,product_id,quantity,unit_price,fulfilled_from
44541,44541,1546,1,260,152
44542,44541,1562,1,40,152
44543,44541,1550,3,0,152
44544,44541,1547,2,420,152
44545,44541,1566,1,30,152
44546,44542,1554,2,145,150
44547,44542,1572,3,20,150
44548,44542,1566,2,30,150
44549,44542,1571,1,30,150
44550,44542,1572,3,20,150
44551,44543,1541,1,85,142
44552,44543,1554,2,145,142
44553,44544,1565,3,45,144
44554,44544,1554,1,145,144
44555,44544,1566,3,30,144
44556,44544,1545,1,95,144
44557,44544,1548,1,180,144
44558,44545,1548,1,180,150
44559,44545,1554,3,145,150
44560,44545,1555,1,220,150
44561,44546,1546,1,260,144
44562,44546,1571,2,30,144
44563,44546,1571,2,30,144
44564,44546,1552,2,45,144
44565,44547,1566,1,30,148
44566,44547,1551,2,0,148
44567,44547,1551,1,0,148
44568,44547,1572,2,20,148
44569,44548,1566,1,30,
44570,44548,1572,1,20,
44571,44548,1561,2,210,
44572,44548,1560,1,15,
44573,44548,1559,2,89,
44574,44549,1570,2,25,148
44575,44549,1556,1,70,148
44576,44550,1561,2,210,141
44577,44551,1558,3,95,141
44578,44551,1565,3,45,141
44579,44551,1568,2,640,141
44580,44551,1546,2,260,141
44581,44552,1568,3,640,145
44582,44552,1563,2,150,145
44583,44552,1550,3,0,145
44584,44553,1570,2,25,152
44585,44553,1571,3,30,152
44586,44553,1542,2,35,152
44587,44553,1550,3,0,152
44588,44554,1556,3,70,147
44589,44554,1557,3,115,147
44590,44554,1559,3,89,147
44591,44554,1554,2,145,147
44592,44555,1542,2,35,145
44593,44555,1558,3,95,145
44594,44555,1542,1,35,145
44595,44555,1558,2,95,145
44596,44555,1563,1,150,145
44597,44556,1555,2,220,
44598,44557,1543,2,25,150
44599,44557,1554,1,145,150
44600,44557,1542,3,35,150
44601,44558,1544,2,120,147
44602,44558,1549,2,55,147
44603,44558,1554,3,145,147
44604,44559,1543,1,25,151
44605,44560,1559,2,89,148
44606,44561,1566,1,30,152
44607,44561,1558,2,95,152
44608,44561,1562,1,40,152
44609,44561,1570,1,25,152
44610,44561,1554,1,145,152
44611,44562,1546,2,260,148
44612,44562,1566,2,30,148
44613,44562,1566,2,30,148
44614,44562,1558,2,95,148
44615,44562,1543,1,25,148
44616,44563,1552,3,45,145
44617,44563,1550,1,0,145
44618,44564,1566,2,30,
44619,44564,1571,2,30,
44620,44564,1568,3,640,
44621,44564,1560,2,15,
44622,44564,1549,3,55,
44623,44565,1567,3,360,142
44624,44565,1550,3,0,142
44625,44565,1547,2,420,142
44626,44565,1570,2,25,142
44627,44566,1563,1,150,144
44628,44566,1560,3,15,144
44629,44566,1549,2,55,144
44630,44567,1541,1,85,141
44631,44567,1546,1,260,141
44632,44567,1550,3,0,141
44633,44568,1562,3,40,143
44634,44568,1570,2,25,143
44635,44568,1542,2,35,143
44636,44569,1559,3,89,147
44637,44569,1549,2,55,147
44638,44569,1562,2,40,147
44639,44570,1543,1,25,142
44640,44571,1567,3,360,151
44641,44572,1542,2,35,
44642,44572,1548,3,180,
44643,44572,1542,2,35,
44644,44573,1562,1,40,143
44645,44574,1571,2,30,149
44646,44574,1572,1,20,149
44647,44574,1550,3,0,149
44648,44574,1549,3,55,149
44649,44574,1547,1,420,149
44650,44575,1569,1,0,145
44651,44575,1551,3,0,145
44652,44575,1565,2,45,145
44653,44576,1563,3,150,142
44654,44576,1551,3,0,142
44655,44577,1551,3,0,143
44656,44577,1550,1,0,143
44657,44577,1550,2,0,143
44658,44577,1569,2,0,143
44659,44577,1542,3,35,143
44660,44578,1560,3,15,142
44661,44578,1564,1,0,142
44662,44578,1561,1,210,142
44663,44578,1561,1,210,142
44664,44579,1544,3,120,147
44665,44579,1548,2,180,147
44666,44580,1554,2,145,
44667,44580,1549,2,55,
44668,44581,1560,1,15,143
44669,44582,1552,2,45,142
44670,44582,1545,3,95,142
44671,44582,1566,3,30,142
44672,44582,1560,3,15,142
44673,44582,1548,2,180,142
44674,44583,1554,1,145,152
44675,44583,1564,2,0,152
44676,44583,1551,2,0,152
44677,44584,1572,2,20,142
44678,44584,1562,3,40,142
44679,44584,1572,2,20,142
44680,44584,1565,1,45,142
44681,44585,1546,2,260,152
44682,44585,1566,3,30,152
44683,44585,1549,3,55,152
44684,44585,1541,1,85,152
44685,44586,1559,1,89,148
44686,44586,1558,3,95,148
44687,44586,1543,1,25,148
44688,44586,1571,2,30,148
44689,44586,1550,1,0,148
44690,44587,1558,1,95,149
44691,44587,1549,2,55,149
44692,44587,1551,2,0,149
44693,44588,1555,3,220,
44694,44589,1551,1,0,141
44695,44589,1550,2,0,141
44696,44589,1564,3,0,141
44697,44589,1570,1,25,141
44698,44589,1542,2,35,141
44699,44590,1558,2,95,147
44700,44591,1569,3,0,148
44701,44591,1555,1,220,148
44702,44591,1552,2,45,148
44703,44592,1565,1,45,152
44704,44592,1556,1,70,152
44705,44592,1544,1,120,152
44706,44592,1565,2,45,152
44707,44592,1557,3,115,152
44708,44593,1546,2,260,151
44709,44593,1560,2,15,151
44710,44593,1556,3,70,151
44711,44594,1543,2,25,144
44712,44594,1548,2,180,144
44713,44594,1572,3,20,144
44714,44594,1556,2,70,144
44715,44594,1569,1,0,144
44716,44595,1542,3,35,151
44717,44596,1551,3,0,
44718,44596,1554,3,145,
44719,44597,1564,2,0,145
44720,44597,1550,2,0,145
44721,44597,1568,2,640,145
44722,44597,1558,1,95,145
44723,44597,1569,3,0,145
44724,44598,1560,1,15,144
44725,44598,1560,3,15,144
44726,44598,1554,3,145,144
44727,44598,1546,2,260,144
44728,44599,1572,2,20,147
44729,44600,1542,1,35,152
44730,44600,1556,3,70,152
44731,44601,1557,2,115,141
44732,44602,1562,2,40,150
44733,44602,1566,1,30,150
44734,44602,1543,2,25,150
44735,44602,1568,1,640,150
44736,44602,1544,2,120,150
44737,44603,1551,3,0,141
44738,44603,1548,1,180,141
44739,44603,1544,3,120,141
44740,44603,1559,2,89,141
44741,44604,1549,1,55,
44742,44604,1560,1,15,
44743,44604,1562,3,40,
44744,44605,1569,1,0,149
44745,44606,1553,1,310,146
44746,44606,1572,1,20,146
44747,44606,1560,2,15,146
44748,44606,1546,3,260,146
44749,44607,1570,1,25,144
44750,44607,1560,2,15,144
44751,44607,1546,3,260,144
44752,44608,1541,2,85,150
44753,44608,1546,2,260,150
44754,44609,1548,2,180,151
44755,44609,1564,2,0,151
44756,44610,1566,3,30,143
44757,44610,1543,2,25,143
44758,44610,1545,1,95,143
44759,44610,1545,1,95,143
44760,44610,1568,3,640,143
44761,44611,1545,3,95,142
44762,44611,1553,2,310,142
44763,44611,1566,1,30,142
44764,44611,1563,1,150,142
44765,44612,1564,2,0,
44766,44612,1559,2,89,
44767,44612,1549,1,55,
44768,44612,1541,2,85,
44769,44612,1550,1,0,
44770,44613,1559,3,89,143
44771,44614,1556,1,70,143
44772,44614,1552,1,45,143
44773,44615,1557,1,115,146
44774,44615,1554,3,145,146
44775,44615,1557,2,115,146
44776,44615,1565,3,45,146
44777,44616,1556,2,70,151
44778,44616,1571,3,30,151
44779,44616,1556,3,70,151
44780,44616,1547,1,420,151
44781,44617,1556,2,70,144
44782,44617,1541,1,85,144
44783,44617,1564,1,0,144
44784,44617,1559,3,89,144
44785,44618,1548,2,180,142
44786,44618,1572,2,20,142
44787,44618,1542,2,35,142
44788,44618,1553,3,310,142
44789,44619,1542,1,35,142
44790,44619,1570,3,25,142
44791,44619,1557,3,115,142
44792,44619,1542,3,35,142
44793,44619,1555,1,220,142
44794,44620,1568,3,640,
44795,44620,1546,1,260,
44796,44621,1572,2,20,149
44797,44621,1558,3,95,149
44798,44621,1544,2,120,149
44799,44621,1558,3,95,149
44800,44622,1567,1,360,148
44801,44622,1562,2,40,148
44802,44622,1543,3,25,148
44803,44622,1571,1,30,148
44804,44622,1556,2,70,148
44805,44623,1568,3,640,149
44806,44623,1558,1,95,149
44807,44623,1561,3,210,149
44808,44623,1567,3,360,149
44809,44623,1568,1,640,149
44810,44624,1553,2,310,144
44811,44624,1571,1,30,144
44812,44624,1552,2,45,144
44813,44625,1567,2,360,150
44814,44625,1554,1,145,150
44815,44625,1547,3,420,150
44816,44626,1542,2,35,150
44817,44627,1555,2,220,142
44818,44627,1569,3,0,142
44819,44627,1563,3,150,142
44820,44628,1570,3,25,
44821,44628,1559,3,89,
44822,44628,1559,2,89,
44823,44629,1557,3,115,145
44824,44629,1557,3,115,145
44825,44629,1552,2,45,145
44826,44630,1572,2,20,145
44827,44631,1554,3,145,146
44828,44632,1571,1,30,145
44829,44632,1546,2,260,145
44830,44632,1568,3,640,145
44831,44633,1570,1,25,145
44832,44633,1569,3,0,145
44833,44633,1565,1,45,145
44834,44633,1557,2,115,145
44835,44634,1565,2,45,143
44836,44635,1547,2,420,145
44837,44636,1545,1,95,
44838,44636,1566,3,30,
44839,44636,1557,2,115,
44840,44636,1555,2,220,
44841,44637,1564,3,0,142
44842,44637,1554,3,145,142
44843,44637,1551,3,0,142
44844,44637,1541,3,85,142
44845,44637,1551,2,0,142
44846,44638,1566,1,30,147
44847,44638,1541,2,85,147
44848,44638,1572,1,20,147
44849,44638,1568,2,640,147
44850,44639,1543,1,25,151
44851,44639,1553,2,310,151
44852,44639,1555,1,220,151
44853,44639,1572,2,20,151
44854,44640,1546,1,260,147
44855,44640,1566,3,30,147
44856,44641,1566,2,30,152
44857,44641,1561,1,210,152
44858,44641,1546,1,260,152
44859,44641,1568,3,640,152
44860,44642,1554,1,145,148
44861,44642,1556,1,70,148
44862,44642,1559,3,89,148
44863,44643,1572,1,20,143
44864,44643,1564,1,0,143
44865,44643,1551,1,0,143
44866,44643,1562,2,40,143
44867,44644,1565,1,45,
44868,44644,1558,1,95,
44869,44644,1550,2,0,
44870,44645,1548,1,180,144
44871,44646,1545,2,95,147
44872,44647,1545,3,95,148
44873,44647,1541,2,85,148
44874,44647,1556,3,70,148
44875,44647,1544,1,120,148
44876,44648,1572,1,20,147
44877,44648,1571,1,30,147
44878,44648,1547,2,420,147
44879,44649,1554,3,145,145
44880,44649,1555,2,220,145
44881,44650,1555,3,220,148
44882,44650,1568,2,640,148
44883,44651,1556,1,70,149
44884,44651,1554,3,145,149
44885,44651,1561,1,210,149
44886,44652,1568,3,640,
44887,44652,1564,2,0,
44888,44652,1549,1,55,
44889,44652,1561,1,210,
44890,44652,1563,2,150,
44891,44653,1567,2,360,144
44892,44653,1554,1,145,144
44893,44653,1562,3,40,144
44894,44654,1558,3,95,147
44895,44654,1557,3,115,147
44896,44654,1556,3,70,147
44897,44655,1554,2,145,152
44898,44656,1542,1,35,150
44899,44656,1551,2,0,150
44900,44656,1568,2,640,150
44901,44656,1571,2,30,150
44902,44657,1558,2,95,145
44903,44657,1550,3,0,145
44904,44657,1550,1,0,145
44905,44657,1558,3,95,145
44906,44657,1547,2,420,145
44907,44658,1560,3,15,141
44908,44658,1545,1,95,141
44909,44659,1567,1,360,149
44910,44659,1560,3,15,149
44911,44659,1543,2,25,149
44912,44660,1570,3,25,
44913,44660,1560,1,15,
44914,44661,1542,3,35,149
44915,44661,1542,2,35,149
44916,44661,1553,1,310,149
44917,44662,1549,2,55,148
44918,44662,1552,1,45,148
44919,44662,1560,1,15,148
44920,44662,1547,3,420,148
44921,44662,1553,1,310,148
44922,44663,1562,3,40,148
44923,44664,1551,3,0,141
44924,44665,1568,2,640,144
44925,44665,1561,3,210,144
44926,44665,1550,2,0,144
44927,44665,1564,2,0,144
44928,44666,1564,1,0,141
44929,44666,1566,3,30,141
44930,44667,1569,1,0,148
44931,44667,1572,3,20,148
44932,44667,1551,1,0,148
44933,44667,1564,3,0,148
44934,44667,1558,2,95,148
44935,44668,1544,1,120,
44936,44668,1558,2,95,
44937,44668,1542,1,35,
44938,44669,1566,2,30,141
44939,44669,1550,3,0,141
44940,44669,1561,3,210,141
44941,44669,1560,2,15,141
44942,44670,1563,2,150,144
44943,44670,1567,3,360,144
44944,44670,1557,3,115,144
44945,44671,1541,3,85,152
44946,44671,1567,1,360,152
44947,44671,1562,3,40,152
44948,44672,1551,3,0,150
44949,44673,1566,1,30,152
44950,44673,1546,1,260,152
44951,44674,1561,3,210,151
44952,44674,1561,1,210,151
44953,44675,1548,2,180,152
44954,44675,1558,1,95,152
44955,44675,1545,2,95,152
44956,44676,1571,1,30,
44957,44676,1543,2,25,
44958,44676,1562,1,40,
44959,44676,1565,1,45,
44960,44677,1558,2,95,148
44961,44677,1549,1,55,148
44962,44677,1558,2,95,148
44963,44678,1572,2,20,146
44964,44679,1546,1,260,146
44965,44679,1561,3,210,146
44966,44680,1560,3,15,144
44967,44680,1554,3,145,144
44968,44680,1550,1,0,144
44969,44681,1570,1,25,143
44970,44681,1572,2,20,143
44971,44682,1548,1,180,141
44972,44682,1565,3,45,141
44973,44683,1547,1,420,149
44974,44683,1554,3,145,149
44975,44683,1549,2,55,149
44976,44683,1566,2,30,149
44977,44684,1556,3,70,
44978,44684,1544,2,120,
44979,44684,1561,1,210,
44980,44685,1565,1,45,142
44981,44685,1553,2,310,142
44982,44686,1542,2,35,149
44983,44686,1562,1,40,149
44984,44687,1547,1,420,143
44985,44688,1562,1,40,141
44986,44688,1565,3,45,141
44987,44689,1562,1,40,144
44988,44690,1565,2,45,149
44989,44690,1547,1,420,149
44990,44690,1541,1,85,149
44991,44690,1564,2,0,149
44992,44691,1553,2,310,146
44993,44692,1551,3,0,
44994,44692,1549,3,55,
44995,44693,1546,1,260,150
44996,44693,1557,3,115,150
44997,44693,1556,3,70,150
44998,44694,1567,2,360,148
44999,44694,1548,2,180,148
45000,44694,1542,3,35,148
45001,44694,1550,3,0,148
45002,44695,1565,3,45,147
45003,44695,1550,3,0,147
45004,44695,1544,3,120,147
45005,44695,1561,1,210,147
45006,44696,1544,1,120,150
45007,44696,1572,1,20,150
45008,44696,1541,3,85,150
45009,44696,1542,3,35,150
45010,44696,1551,2,0,150
45011,44697,1558,2,95,142
45012,44697,1558,1,95,142
45013,44697,1568,2,640,142
45014,44697,1564,3,0,142
45015,44698,1556,1,70,146
45016,44698,1567,2,360,146
45017,44699,1549,1,55,143
45018,44699,1559,3,89,143
45019,44700,1571,1,30,
45020,44700,1567,3,360,
45021,44701,1556,1,70,142
45022,44701,1546,3,260,142
45023,44701,1569,2,0,142
45024,44701,1559,1,89,142
45025,44701,1569,2,0,142
45026,44702,1554,1,145,150
45027,44703,1550,3,0,149
45028,44703,1560,2,15,149
45029,44703,1550,1,0,149
45030,44703,1551,1,0,149
45031,44704,1545,3,95,149
45032,44704,1571,1,30,149
45033,44704,1565,3,45,149
45034,44704,1550,1,0,149
45035,44704,1563,3,150,149
45036,44705,1542,3,35,145
45037,44705,1546,2,260,145
45038,44705,1553,2,310,145
45039,44705,1563,2,150,145
45040,44706,1542,2,35,148
45041,44706,1564,2,0,148
45042,44706,1570,3,25,148
45043,44706,1566,1,30,148
45044,44706,1550,3,0,148
45045,44707,1553,2,310,144
45046,44708,1563,2,150,
45047,44709,1560,1,15,149
45048,44709,1560,1,15,149
45049,44709,1548,1,180,149
45050,44709,1560,3,15,149
45051,44709,1565,1,45,149
45052,44710,1564,3,0,150
45053,44711,1555,2,220,141
45054,44711,1542,1,35,141
45055,44711,1545,3,95,141
45056,44711,1570,2,25,141
45057,44712,1559,1,89,149
45058,44712,1542,2,35,149
45059,44712,1554,1,145,149
45060,44713,1559,3,89,151
45061,44713,1549,3,55,151
45062,44714,1568,2,640,141
45063,44715,1542,2,35,150
45064,44715,1570,1,25,150
45065,44715,1557,1,115,150
45066,44715,1548,1,180,150
45067,44715,1570,2,25,150
45068,44716,1549,2,55,
45069,44716,1550,1,0,
45070,44716,1556,1,70,
45071,44716,1552,2,45,
45072,44716,1564,1,0,
45073,44717,1563,3,150,147
45074,44717,1552,2,45,147
45075,44717,1542,3,35,147
45076,44717,1544,3,120,147
45077,44717,1566,2,30,147
45078,44718,1549,2,55,147
45079,44718,1551,2,0,147
45080,44718,1544,2,120,147
45081,44719,1548,1,180,145
45082,44719,1549,1,55,145
45083,44719,1551,2,0,145
45084,44719,1561,3,210,145
45085,44720,1552,1,45,142
45086,44721,1572,2,20,149
45087,44721,1564,1,0,149
45088,44721,1572,1,20,149
45089,44721,1572,2,20,149
45090,44722,1543,3,25,149
45091,44723,1569,3,0,148
45092,44723,1546,1,260,148
45093,44723,1552,1,45,148
45094,44724,1563,3,150,
45095,44724,1571,1,30,
45096,44724,1565,2,45,
45097,44725,1556,3,70,149
45098,44725,1564,3,0,149
45099,44725,1541,3,85,149
45100,44725,1542,2,35,149
45101,44726,1571,3,30,145
45102,44726,1570,2,25,145
45103,44726,1543,1,25,145
45104,44726,1561,3,210,145
45105,44727,1551,1,0,147
45106,44727,1542,1,35,147
45107,44727,1567,1,360,147
45108,44727,1571,2,30,147
45109,44728,1549,2,55,152
45110,44728,1552,3,45,152
45111,44728,1547,2,420,152
45112,44728,1556,2,70,152
45113,44729,1559,3,89,151
45114,44729,1547,3,420,151
45115,44729,1557,1,115,151
45116,44729,1557,3,115,151
45117,44729,1561,2,210,151
45118,44730,1546,1,260,144
45119,44730,1565,3,45,144
45120,44730,1561,1,210,144
45121,44730,1552,3,45,144
45122,44730,1549,2,55,144
45123,44731,1567,3,360,151
45124,44731,1544,3,120,151
45125,44731,1572,3,20,151
45126,44731,1549,1,55,151
45127,44731,1567,3,360,151
45128,44732,1566,3,30,
45129,44732,1552,3,45,
45130,44732,1556,3,70,
45131,44733,1562,3,40,141
45132,44733,1541,3,85,141
45133,44733,1567,2,360,141
45134,44734,1560,2,15,151
45135,44734,1572,3,20,151
45136,44734,1549,1,55,151
45137,44734,1559,1,89,151
45138,44734,1572,1,20,151
45139,44735,1554,3,145,142
45140,44735,1547,3,420,142
45141,44735,1566,1,30,142
45142,44735,1557,3,115,142
45143,44736,1551,2,0,142
45144,44736,1562,3,40,142
45145,44736,1541,2,85,142
45146,44736,1543,3,25,142
45147,44736,1564,2,0,142
45148,44737,1561,1,210,150
45149,44737,1547,1,420,150
45150,44738,1567,3,360,142
45151,44738,1553,2,310,142
45152,44738,1566,1,30,142
45153,44738,1556,2,70,142
45154,44738,1570,2,25,142
45155,44739,1558,3,95,150
45156,44740,1553,3,310,
45157,44740,1565,3,45,
45158,44740,1569,3,0,
45159,44740,1556,3,70,
45160,44741,1554,3,145,148
45161,44742,1560,3,15,144
45162,44742,1562,3,40,144
45163,44742,1554,2,145,144
45164,44742,1567,1,360,144
45165,44743,1562,1,40,152
45166,44743,1547,2,420,152
45167,44744,1565,3,45,149
45168,44744,1561,1,210,149
45169,44744,1557,3,115,149
45170,44744,1544,1,120,149
45171,44745,1562,3,40,150
45172,44745,1547,1,420,150
45173,44745,1570,2,25,150
45174,44746,1547,1,420,147
45175,44746,1542,2,35,147
45176,44746,1543,1,25,147
45177,44746,1558,3,95,147
45178,44746,1544,2,120,147
45179,44747,1548,3,180,141
45180,44748,1566,3,30,
45181,44748,1567,2,360,
45182,44749,1569,3,0,147
45183,44749,1567,2,360,147
45184,44749,1554,1,145,147
45185,44749,1561,2,210,147
45186,44750,1554,3,145,143
45187,44750,1547,2,420,143
45188,44750,1550,1,0,143
45189,44750,1541,3,85,143
45190,44750,1561,2,210,143
45191,44751,1559,2,89,145
45192,44751,1572,3,20,145
45193,44752,1545,3,95,145
45194,44752,1564,1,0,145
45195,44752,1557,1,115,145
45196,44753,1565,2,45,151
45197,44753,1556,2,70,151
45198,44753,1566,2,30,151
45199,44753,1561,1,210,151
45200,44753,1566,3,30,151
45201,44754,1545,1,95,147
45202,44754,1546,1,260,147
45203,44754,1545,2,95,147
45204,44754,1548,2,180,147
45205,44754,1551,2,0,147
45206,44755,1549,3,55,151
45207,44755,1572,1,20,151
45208,44755,1568,2,640,151
45209,44755,1553,3,310,151
45210,44756,1554,2,145,
45211,44756,1564,3,0,
45212,44756,1544,3,120,
45213,44756,1562,2,40,
45214,44756,1558,1,95,
45215,44757,1559,2,89,148
45216,44757,1552,2,45,148
45217,44757,1542,2,35,148
45218,44757,1547,2,420,148
45219,44758,1541,2,85,142
45220,44758,1558,3,95,142
45221,44758,1541,1,85,142
45222,44759,1553,2,310,148
45223,44760,1546,2,260,149
45224,44761,1545,1,95,144
45225,44761,1571,1,30,144
45226,44761,1542,3,35,144
45227,44761,1566,1,30,144
45228,44762,1555,1,220,150
45229,44762,1564,2,0,150
45230,44762,1561,3,210,150
45231,44762,1556,1,70,150
45232,44763,1570,2,25,146
45233,44763,1555,1,220,146
45234,44763,1559,2,89,146
45235,44764,1543,1,25,
45236,44764,1545,2,95,
45237,44764,1571,1,30,
45238,44764,1567,2,360,
45239,44765,1545,1,95,145
45240,44765,1557,3,115,145
45241,44765,1562,2,40,145
45242,44766,1564,2,0,144
45243,44766,1563,2,150,144
45244,44766,1564,3,0,144
45245,44767,1571,2,30,148
45246,44768,1545,3,95,142
45247,44768,1560,1,15,142
45248,44768,1569,1,0,142
45249,44768,1560,1,15,142
45250,44769,1555,2,220,142
45251,44770,1562,1,40,148
45252,44771,1554,3,145,141
45253,44771,1554,1,145,141
45254,44771,1546,3,260,141
45255,44771,1572,3,20,141
45256,44771,1552,1,45,141
45257,44772,1551,2,0,
45258,44773,1548,2,180,148
45259,44774,1545,3,95,149
45260,44774,1564,2,0,149
45261,44774,1560,2,15,149
45262,44775,1568,3,640,142
45263,44776,1550,3,0,150
45264,44777,1557,1,115,144
45265,44777,1551,2,0,144
45266,44778,1550,3,0,148
45267,44778,1555,2,220,148
45268,44779,1541,2,85,143
45269,44779,1547,3,420,143
45270,44779,1561,1,210,143
45271,44779,1558,3,95,143
45272,44780,1571,1,30,
45273,44780,1568,3,640,
45274,44780,1542,2,35,
45275,44780,1563,2,150,
45276,44781,1567,2,360,152
45277,44781,1559,3,89,152
45278,44782,1548,2,180,148
45279,44782,1558,1,95,148
45280,44782,1564,2,0,148
45281,44782,1545,3,95,148
45282,44783,1548,3,180,145
45283,44783,1562,1,40,145
45284,44783,1571,3,30,145
45285,44784,1554,1,145,142
45286,44784,1557,1,115,142
45287,44784,1541,1,85,142
45288,44784,1569,3,0,142
45289,44784,1543,3,25,142
45290,44785,1544,2,120,144
45291,44785,1548,3,180,144
45292,44785,1571,2,30,144
45293,44786,1545,1,95,143
45294,44786,1547,1,420,143
45295,44787,1559,3,89,151
45296,44788,1549,1,55,
45297,44788,1570,3,25,
45298,44789,1569,2,0,142
45299,44789,1553,2,310,142
45300,44789,1549,2,55,142
45301,44790,1563,2,150,141
45302,44790,1569,2,0,141
45303,44790,1572,3,20,141
45304,44790,1561,1,210,141
45305,44790,1570,1,25,141
45306,44791,1550,3,0,150
45307,44791,1561,2,210,150
45308,44791,1564,2,0,150
45309,44791,1553,1,310,150
45310,44792,1563,3,150,146
45311,44792,1556,2,70,146
45312,44793,1550,2,0,152
45313,44794,1552,3,45,143
45314,44794,1542,3,35,143
45315,44794,1559,1,89,143
45316,44794,1543,3,25,143
45317,44795,1547,1,420,145
45318,44795,1560,3,15,145
45319,44795,1547,1,420,145
45320,44796,1549,3,55,
45321,44796,1542,1,35,
45322,44796,1545,1,95,
45323,44797,1548,3,180,146
45324,44797,1570,2,25,146
45325,44798,1546,2,260,143
45326,44798,1568,2,640,143
45327,44799,1565,2,45,152
45328,44799,1564,1,0,152
45329,44799,1570,1,25,152
45330,44799,1568,2,640,152
45331,44799,1551,3,0,152
45332,44800,1554,3,145,148
45333,44800,1543,3,25,148
45334,44800,1551,1,0,148
45335,44800,1548,2,180,148
45336,44800,1570,2,25,148
45337,44801,1546,1,260,148
45338,44801,1547,3,420,148
45339,44801,1544,2,120,148
45340,44802,1548,1,180,141
45341,44803,1554,1,145,148
45342,44803,1567,1,360,148
45343,44803,1548,3,180,148
45344,44803,1543,3,25,148
45345,44803,1541,2,85,148
45346,44804,1567,2,360,
45347,44804,1560,2,15,
45348,44805,1553,1,310,146
45349,44806,1558,3,95,150
45350,44806,1565,2,45,150
45351,44806,1543,3,25,150
45352,44807,1546,2,260,145
45353,44808,1552,3,45,141
45354,44808,1561,3,210,141
45355,44809,1563,1,150,150
45356,44809,1542,2,35,150
45357,44809,1562,2,40,150
45358,44810,1548,2,180,147
45359,44811,1552,2,45,141
45360,44811,1564,2,0,141
45361,44812,1566,2,30,
45362,44812,1542,1,35,
45363,44812,1565,2,45,
45364,44812,1564,1,0,
45365,44813,1553,3,310,149
45366,44813,1542,1,35,149
45367,44813,1555,2,220,149
45368,44813,1572,3,20,149
45369,44814,1570,2,25,143
45370,44814,1559,1,89,143
45371,44815,1572,3,20,151
45372,44815,1542,3,35,151
45373,44815,1559,1,89,151
45374,44815,1566,1,30,151
45375,44816,1541,1,85,149
45376,44816,1550,2,0,149
45377,44816,1561,1,210,149
45378,44816,1550,1,0,149
45379,44816,1569,2,0,149
45380,44817,1567,1,360,147
45381,44817,1567,2,360,147
45382,44817,1549,1,55,147
45383,44817,1557,1,115,147
45384,44817,1570,3,25,147
45385,44818,1549,2,55,151
45386,44819,1562,1,40,151
45387,44819,1567,2,360,151
45388,44819,1549,3,55,151
45389,44820,1553,1,310,
45390,44820,1559,2,89,
45391,44820,1561,1,210,
45392,44820,1569,3,0,
45393,44821,1555,2,220,146
45394,44821,1564,1,0,146
45395,44821,1541,1,85,146
45396,44821,1553,3,310,146
45397,44821,1543,2,25,146
45398,44822,1551,1,0,144
45399,44822,1563,3,150,144
45400,44822,1564,2,0,144
45401,44823,1556,2,70,145
45402,44823,1550,1,0,145
45403,44823,1570,3,25,145
45404,44823,1547,1,420,145
45405,44823,1544,3,120,145
45406,44824,1541,1,85,141
45407,44824,1572,1,20,141
45408,44824,1557,1,115,141
45409,44824,1568,2,640,141
45410,44825,1571,2,30,148
45411,44825,1556,2,70,148
45412,44825,1557,2,115,148
45413,44825,1572,2,20,148
45414,44826,1550,2,0,148
45415,44826,1556,1,70,148
45416,44827,1556,1,70,141
45417,44827,1567,1,360,141
45418,44827,1572,1,20,141
45419,44827,1568,1,640,141
45420,44828,1553,3,310,
45421,44828,1571,1,30,
45422,44829,1544,3,120,150
45423,44829,1570,3,25,150
45424,44829,1566,3,30,150
45425,44829,1571,1,30,150
45426,44830,1562,3,40,144
45427,44830,1549,1,55,144
45428,44830,1563,1,150,144
45429,44831,1572,3,20,148
45430,44831,1541,2,85,148
45431,44831,1550,3,0,148
45432,44832,1547,2,420,146
45433,44833,1546,1,260,144
45434,44833,1563,3,150,144
45435,44833,1567,3,360,144
45436,44833,1571,3,30,144
45437,44833,1561,3,210,144
45438,44834,1546,1,260,151
45439,44834,1566,3,30,151
45440,44834,1570,1,25,151
45441,44834,1548,3,180,151
45442,44834,1571,3,30,151
45443,44835,1554,1,145,147
45444,44835,1566,1,30,147
45445,44835,1562,2,40,147
45446,44835,1557,1,115,147
45447,44835,1567,3,360,147
45448,44836,1548,1,180,
45449,44836,1542,2,35,
45450,44836,1545,3,95,
45451,44836,1558,1,95,
45452,44836,1554,2,145,
45453,44837,1548,2,180,152
45454,44837,1572,3,20,152
45455,44837,1572,2,20,152
45456,44837,1555,2,220,152
45457,44837,1558,1,95,152
45458,44838,1553,1,310,143
45459,44839,1563,1,150,146
45460,44839,1554,3,145,146
45461,44839,1567,3,360,146
45462,44840,1550,2,0,152
45463,44840,1559,2,89,152
45464,44840,1570,1,25,152
45465,44841,1547,3,420,150
45466,44841,1551,3,0,150
45467,44841,1572,1,20,150
45468,44842,1568,2,640,144
45469,44842,1544,3,120,144
45470,44842,1548,2,180,144
45471,44842,1557,3,115,144
45472,44843,1547,3,420,145
45473,44843,1553,1,310,145
45474,44843,1546,2,260,145
45475,44844,1570,1,25,
45476,44844,1549,2,55,
45477,44844,1560,3,15,
45478,44844,1552,1,45,
45479,44844,1564,1,0,
45480,44845,1545,2,95,143
45481,44845,1556,1,70,143
45482,44846,1565,1,45,143
45483,44846,1570,2,25,143
45484,44846,1555,2,220,143
45485,44846,1569,1,0,143
45486,44846,1564,2,0,143
45487,44847,1570,1,25,147
45488,44847,1557,2,115,147
45489,44848,1570,2,25,142
45490,44848,1560,1,15,142
45491,44849,1547,1,420,143
45492,44849,1541,2,85,143
45493,44850,1547,3,420,152
45494,44850,1541,1,85,152
45495,44851,1543,1,25,142
45496,44851,1550,3,0,142
45497,44851,1561,3,210,142
45498,44851,1546,2,260,142
45499,44851,1566,2,30,142
45500,44852,1549,1,55,
45501,44852,1542,2,35,
45502,44852,1566,3,30,
45503,44852,1558,2,95,
45504,44852,1555,2,220,
45505,44853,1567,2,360,150
45506,44853,1557,2,115,150
45507,44853,1558,1,95,150
45508,44853,1543,3,25,150
45509,44854,1570,3,25,141
45510,44854,1542,1,35,141
45511,44854,1558,1,95,141
45512,44854,1563,3,150,141
45513,44854,1566,2,30,141
45514,44855,1554,2,145,149
45515,44855,1547,3,420,149
45516,44855,1568,2,640,149
45517,44855,1548,3,180,149
45518,44855,1569,1,0,149
45519,44856,1563,2,150,142
45520,44857,1547,1,420,149
45521,44857,1551,2,0,149
45522,44858,1556,3,70,142
45523,44858,1542,3,35,142
45524,44858,1550,3,0,142
45525,44859,1563,1,150,149
45526,44859,1567,1,360,149
45527,44859,1562,3,40,149
45528,44860,1545,2,95,
45529,44860,1561,2,210,
45530,44860,1569,1,0,
45531,44860,1560,1,15,
45532,44860,1549,3,55,
45533,44861,1541,1,85,144
45534,44861,1560,2,15,144
45535,44862,1545,2,95,150
45536,44863,1545,2,95,147
45537,44864,1565,1,45,148
45538,44864,1564,2,0,148
45539,44864,1566,2,30,148
45540,44864,1551,3,0,148
45541,44865,1547,3,420,144
45542,44866,1545,3,95,151
45543,44866,1572,1,20,151
45544,44867,1552,2,45,146
45545,44867,1544,1,120,146
45546,44868,1562,2,40,
45547,44868,1552,1,45,
45548,44869,1572,1,20,148
45549,44870,1547,2,420,150
45550,44870,1552,2,45,150
45551,44871,1570,1,25,151
45552,44872,1567,3,360,148
45553,44872,1571,1,30,148
45554,44872,1549,3,55,148
45555,44872,1565,1,45,148
45556,44873,1554,1,145,144
45557,44873,1545,2,95,144
45558,44873,1566,3,30,144
45559,44873,1548,2,180,144
45560,44873,1559,2,89,144
45561,44874,1556,2,70,150
45562,44874,1544,1,120,150
45563,44875,1572,3,20,147
45564,44876,1561,3,210,
45565,44876,1562,2,40,
45566,44876,1561,1,210,
45567,44876,1544,3,120,
45568,44877,1566,1,30,141
45569,44877,1545,3,95,141
45570,44877,1562,2,40,141
45571,44877,1561,1,210,141
45572,44877,1548,1,180,141
45573,44878,1566,2,30,149
45574,44878,1562,3,40,149
45575,44878,1571,3,30,149
45576,44878,1556,2,70,149
45577,44879,1554,3,145,145
45578,44879,1569,3,0,145
45579,44880,1572,1,20,144
45580,44880,1569,2,0,144
45581,44880,1545,2,95,144
45582,44881,1562,2,40,146
45583,44881,1556,2,70,146
45584,44881,1568,2,640,146
45585,44881,1552,2,45,146
45586,44881,1567,2,360,146
45587,44882,1556,2,70,148
45588,44882,1544,2,120,148
45589,44882,1543,1,25,148
45590,44882,1544,1,120,148
45591,44882,1542,3,35,148
45592,44883,1548,1,180,146
45593,44883,1553,1,310,146
45594,44884,1545,1,95,
45595,44884,1556,1,70,
45596,44884,1551,2,0,
45597,44884,1551,1,0,
45598,44884,1568,1,640,
45599,44885,1558,3,95,144
45600,44885,1566,3,30,144
45601,44885,1559,2,89,144
45602,44885,1565,1,45,144
45603,44886,1564,1,0,149
45604,44887,1560,2,15,142
45605,44887,1560,3,15,142
45606,44887,1566,3,30,142
45607,44887,1553,1,310,142
45608,44887,1552,2,45,142
45609,44888,1547,3,420,146
45610,44888,1568,2,640,146
45611,44888,1556,3,70,146
45612,44888,1551,1,0,146
45613,44888,1546,1,260,146
45614,44889,1541,3,85,150
45615,44889,1570,1,25,150
45616,44889,1561,3,210,150
45617,44889,1553,2,310,150
45618,44889,1542,3,35,150
45619,44890,1570,3,25,148
45620,44891,1549,3,55,145
45621,44891,1558,2,95,145
45622,44891,1545,3,95,145
45623,44891,1562,1,40,145
45624,44891,1569,3,0,145
45625,44892,1562,3,40,
45626,44892,1541,1,85,
45627,44892,1570,3,25,
45628,44893,1568,1,640,143
45629,44893,1563,1,150,143
45630,44893,1556,2,70,143
45631,44893,1560,3,15,143
45632,44894,1567,1,360,144
45633,44894,1553,3,310,144
45634,44894,1564,3,0,144
45635,44894,1548,1,180,144
45636,44894,1545,3,95,144
45637,44895,1567,1,360,142
45638,44895,1568,2,640,142
45639,44895,1570,1,25,142
45640,44896,1557,3,115,152
45641,44897,1548,3,180,143
45642,44898,1557,3,115,143
45643,44898,1560,1,15,143
45644,44899,1570,2,25,141
45645,44899,1554,3,145,141
45646,44900,1567,2,360,
45647,44900,1563,1,150,
45648,44900,1541,2,85,
45649,44900,1557,2,115,
45650,44900,1547,3,420,
45651,44901,1561,3,210,142
45652,44901,1552,1,45,142
45653,44901,1556,1,70,142
45654,44901,1553,1,310,142
45655,44902,1554,1,145,150
45656,44902,1561,2,210,150
45657,44902,1570,1,25,150
45658,44903,1565,2,45,151
45659,44903,1561,2,210,151
45660,44903,1567,2,360,151
45661,44904,1543,1,25,142
45662,44905,1553,3,310,144
45663,44906,1562,1,40,146
45664,44906,1571,2,30,146
45665,44906,1548,2,180,146
45666,44907,1543,1,25,152
45667,44907,1569,2,0,152
45668,44907,1568,1,640,152
45669,44907,1569,3,0,152
45670,44908,1541,3,85,
45671,44909,1553,2,310,146
45672,44909,1550,3,0,146
45673,44910,1552,2,45,148
45674,44910,1552,1,45,148
45675,44910,1561,3,210,148
45676,44910,1547,1,420,148
45677,44910,1570,3,25,148
45678,44911,1570,3,25,151
45679,44911,1543,3,25,151
45680,44911,1552,2,45,151
45681,44911,1555,3,220,151
45682,44911,1568,3,640,151
45683,44912,1544,3,120,146
45684,44912,1546,2,260,146
45685,44912,1570,1,25,146
45686,44913,1562,1,40,151
45687,44913,1556,2,70,151
45688,44914,1553,3,310,144
45689,44915,1565,3,45,151
45690,44915,1553,1,310,151
45691,44915,1548,3,180,151
45692,44915,1541,2,85,151
45693,44915,1546,2,260,151
45694,44916,1561,2,210,
45695,44916,1572,2,20,
45696,44916,1563,2,150,
45697,44916,1542,3,35,
45698,44916,1571,3,30,
45699,44917,1554,1,145,149
45700,44917,1558,2,95,149
45701,44917,1571,1,30,149
45702,44917,1571,1,30,149
45703,44917,1569,1,0,149
45704,44918,1555,1,220,152
45705,44918,1565,2,45,152
45706,44919,1570,1,25,141
45707,44919,1560,2,15,141
45708,44920,1552,3,45,151
45709,44920,1567,2,360,151
45710,44920,1549,3,55,151
45711,44920,1556,1,70,151
45712,44921,1559,3,89,147
45713,44921,1560,1,15,147
45714,44921,1554,2,145,147
45715,44921,1552,2,45,147
45716,44921,1560,2,15,147
45717,44922,1547,2,420,147
45718,44922,1555,2,220,147
45719,44922,1551,2,0,147
45720,44922,1552,2,45,147
45721,44923,1571,1,30,143
45722,44923,1565,3,45,143
45723,44924,1541,1,85,
45724,44924,1557,2,115,
45725,44924,1543,1,25,
45726,44924,1566,2,30,
45727,44924,1543,3,25,
45728,44925,1567,3,360,147
45729,44925,1561,1,210,147
45730,44925,1543,1,25,147
45731,44925,1556,2,70,147
45732,44926,1557,3,115,142
45733,44926,1543,1,25,142
45734,44926,1544,2,120,142
45735,44926,1558,2,95,142
45736,44926,1550,3,0,142
45737,44927,1559,1,89,144
45738,44927,1543,1,25,144
45739,44927,1553,3,310,144
45740,44928,1566,2,30,151
45741,44929,1567,3,360,152
45742,44929,1552,2,45,152
45743,44929,1545,3,95,152
45744,44929,1554,2,145,152
45745,44929,1554,2,145,152
45746,44930,1563,3,150,145
45747,44931,1566,3,30,141
45748,44931,1548,3,180,141
45749,44931,1550,1,0,141
45750,44931,1562,3,40,141
45751,44931,1559,2,89,141
45752,44932,1572,2,20,
45753,44932,1541,3,85,
45754,44933,1569,3,0,149
45755,44934,1561,1,210,141
45756,44934,1566,1,30,141
45757,44934,1541,1,85,141
45758,44935,1543,2,25,145
45759,44935,1557,1,115,145
45760,44935,1561,1,210,145
45761,44935,1545,2,95,145
45762,44935,1549,1,55,145
45763,44936,1557,1,115,145
45764,44936,1550,1,0,145
45765,44936,1557,1,115,145
45766,44936,1568,1,640,145
45767,44937,1541,2,85,149
45768,44937,1544,2,120,149
45769,44937,1549,2,55,149
45770,44937,1569,1,0,149
45771,44937,1558,1,95,149
45772,44938,1550,1,0,149
45773,44938,1558,1,95,149
45774,44938,1570,2,25,149
45775,44938,1566,1,30,149
45776,44939,1551,1,0,150
45777,44939,1552,1,45,150
45778,44940,1565,1,45,
45779,44940,1548,1,180,
45780,44940,1553,1,310,
45781,44940,1568,3,640,
45782,44940,1546,2,260,
45783,44941,1550,1,0,150
45784,44941,1541,3,85,150
45785,44941,1549,2,55,150
45786,44941,1565,3,45,150
45787,44941,1550,3,0,150
45788,44942,1548,2,180,151
45789,44942,1566,2,30,151
45790,44943,1560,1,15,142
45791,44943,1552,2,45,142
45792,44944,1564,3,0,149
45793,44944,1554,1,145,149
45794,44944,1547,3,420,149
45795,44944,1570,3,25,149
45796,44944,1572,1,20,149
45797,44945,1542,3,35,152
45798,44945,1566,1,30,152
45799,44946,1545,1,95,149
45800,44947,1570,2,25,151
45801,44947,1572,1,20,151
45802,44947,1566,2,30,151
45803,44947,1560,3,15,151
45804,44948,1567,3,360,
45805,44948,1559,1,89,
45806,44949,1562,2,40,141
45807,44949,1558,3,95,141
45808,44950,1548,2,180,141
45809,44951,1547,3,420,148
45810,44952,1557,2,115,148
45811,44952,1569,2,0,148
45812,44953,1571,2,30,148
45813,44953,1559,2,89,148
45814,44953,1557,2,115,148
45815,44954,1550,3,0,152
45816,44954,1564,2,0,152
45817,44954,1543,1,25,152
45818,44954,1551,3,0,152
45819,44954,1557,3,115,152
45820,44955,1551,1,0,148
45821,44956,1564,1,0,
45822,44957,1566,3,30,146
45823,44957,1569,2,0,146
45824,44957,1571,3,30,146
45825,44957,1546,3,260,146
45826,44958,1570,3,25,146
45827,44959,1551,1,0,152
45828,44959,1555,2,220,152
45829,44959,1570,2,25,152
45830,44959,1559,1,89,152
45831,44959,1549,2,55,152
45832,44960,1570,3,25,146
45833,44960,1544,2,120,146
45834,44960,1552,3,45,146
45835,44961,1552,3,45,145
45836,44961,1565,3,45,145
45837,44962,1543,1,25,144
45838,44962,1567,2,360,144
45839,44962,1561,2,210,144
45840,44963,1561,2,210,146
45841,44963,1553,2,310,146
45842,44963,1549,1,55,146
45843,44963,1552,3,45,146
45844,44963,1558,2,95,146
45845,44964,1557,3,115,
45846,44964,1544,1,120,
45847,44964,1552,1,45,
45848,44965,1547,3,420,146
45849,44966,1542,3,35,145
45850,44966,1569,3,0,145
45851,44966,1567,1,360,145
45852,44967,1544,3,120,146
45853,44967,1542,3,35,146
45854,44967,1560,3,15,146
45855,44967,1566,1,30,146
45856,44967,1560,2,15,146
45857,44968,1548,2,180,149
45858,44968,1545,2,95,149
45859,44968,1569,3,0,149
45860,44969,1560,2,15,143
45861,44969,1571,1,30,143
45862,44970,1559,1,89,147
45863,44970,1560,3,15,147
45864,44970,1545,2,95,147
45865,44971,1541,3,85,148
45866,44971,1542,1,35,148
45867,44971,1569,1,0,148
45868,44971,1550,2,0,148
45869,44971,1542,3,35,148
45870,44972,1550,3,0,
45871,44973,1555,3,220,142
45872,44973,1569,2,0,142
45873,44973,1558,2,95,142
45874,44973,1541,3,85,142
45875,44974,1557,1,115,144
45876,44974,1555,3,220,144
45877,44974,1553,2,310,144
45878,44974,1544,3,120,144
45879,44974,1546,1,260,144
45880,44975,1551,2,0,149
45881,44975,1565,2,45,149
45882,44976,1551,2,0,149
45883,44976,1557,1,115,149
45884,44976,1556,2,70,149
45885,44976,1552,2,45,149
45886,44977,1562,3,40,152
45887,44977,1546,2,260,152
45888,44978,1563,1,150,145
45889,44978,1546,3,260,145
45890,44979,1550,2,0,152
45891,44979,1571,3,30,152
45892,44979,1561,1,210,152
45893,44979,1541,2,85,152
45894,44979,1559,2,89,152
45895,44980,1543,3,25,
45896,44980,1560,3,15,
45897,44980,1546,3,260,
45898,44980,1550,2,0,
45899,44980,1549,2,55,
45900,44981,1551,3,0,144
45901,44981,1547,3,420,144
45902,44981,1555,3,220,144
45903,44982,1553,3,310,142
45904,44982,1567,3,360,142
45905,44983,1557,2,115,141
45906,44983,1564,2,0,141
45907,44983,1543,3,25,141
45908,44984,1541,3,85,147
45909,44985,1562,2,40,147
45910,44985,1545,2,95,147
45911,44985,1549,1,55,147
45912,44985,1546,1,260,147
45913,44986,1550,2,0,148
45914,44986,1547,3,420,148
45915,44987,1566,1,30,150
45916,44987,1565,2,45,150
45917,44987,1549,2,55,150
45918,44987,1561,1,210,150
45919,44988,1562,1,40,
45920,44988,1553,2,310,
45921,44988,1555,1,220,
45922,44988,1565,2,45,
45923,44989,1567,1,360,141
45924,44989,1553,1,310,141
45925,44989,1570,1,25,141
45926,44989,1559,2,89,141
45927,44990,1552,3,45,144
45928,44990,1569,3,0,144
45929,44990,1566,3,30,144
45930,44990,1549,3,55,144
45931,44991,1560,2,15,150
45932,44992,1556,1,70,150
45933,44992,1547,3,420,150
45934,44993,1571,3,30,150
45935,44993,1559,1,89,150
45936,44993,1569,3,0,150
45937,44994,1542,2,35,141
45938,44995,1549,1,55,147
45939,44996,1571,2,30,
45940,44997,1557,1,115,152
45941,44997,1551,1,0,152
45942,44997,1550,2,0,152
45943,44998,1553,2,310,145
45944,44998,1547,1,420,145
45945,44998,1555,1,220,145
45946,44999,1552,3,45,144
45947,44999,1550,3,0,144
45948,44999,1550,1,0,144
45949,44999,1558,2,95,144
45950,44999,1549,1,55,144
45951,45000,1570,3,25,147
45952,45000,1555,1,220,147
45953,45000,1548,3,180,147
45954,45000,1543,2,25,147
45955,45000,1543,2,25,147
45956,45001,1546,1,260,141
45957,45001,1545,3,95,141
45958,45001,1555,1,220,141
45959,45002,1569,1,0,152
45960,45003,1568,2,640,148
45961,45004,1549,3,55,
45962,45004,1562,2,40,
45963,45004,1549,1,55,
45964,45004,1566,1,30,
45965,45005,1550,3,0,143
45966,45005,1557,1,115,143
45967,45005,1542,3,35,143
45968,45006,1569,1,0,145
45969,45006,1546,3,260,145
45970,45006,1543,1,25,145
45971,45006,1566,3,30,145
45972,45006,1558,1,95,145
45973,45007,1561,2,210,147
45974,45007,1542,3,35,147
45975,45007,1564,1,0,147
45976,45007,1542,2,35,147
45977,45007,1553,3,310,147
45978,45008,1549,2,55,146
45979,45008,1557,3,115,146
45980,45009,1570,2,25,146
45981,45009,1555,3,220,146
45982,45010,1557,2,115,152
45983,45010,1566,1,30,152
45984,45011,1571,2,30,146
45985,45011,1570,1,25,146
45986,45011,1543,3,25,146
45987,45011,1546,2,260,146
45988,45012,1566,2,30,
45989,45013,1548,1,180,141
45990,45013,1565,3,45,141
45991,45013,1557,2,115,141
45992,45014,1569,1,0,149
45993,45014,1558,1,95,149
45994,45015,1557,3,115,141
45995,45015,1553,2,310,141
45996,45015,1546,1,260,141
45997,45016,1552,3,45,150
45998,45016,1552,2,45,150
45999,45017,1544,1,120,150
46000,45017,1543,2,25,150
46001,45017,1560,2,15,150
46002,45017,1566,1,30,150
46003,45018,1565,1,45,149
46004,45018,1544,2,120,149
46005,45018,1560,3,15,149
46006,45018,1555,2,220,149
46007,45019,1543,2,25,143
46008,45019,1544,1,120,143
46009,45019,1566,1,30,143
46010,45020,1568,1,640,
46011,45021,1566,2,30,146
46012,45021,1571,3,30,146
46013,45022,1545,3,95,147
46014,45022,1549,2,55,147
46015,45022,1547,1,420,147
46016,45022,1568,1,640,147
46017,45022,1546,3,260,147
46018,45023,1571,1,30,151
46019,45024,1559,2,89,147
46020,45024,1547,2,420,147
46021,45024,1546,1,260,147
46022,45024,1565,3,45,147
46023,45024,1542,2,35,147
46024,45025,1547,3,420,143
46025,45025,1557,3,115,143
46026,45025,1545,1,95,143
46027,45025,1546,2,260,143
46028,45026,1562,2,40,150
46029,45026,1558,2,95,150
46030,45027,1543,3,25,143
46031,45027,1572,3,20,143
46032,45027,1558,2,95,143
46033,45028,1571,3,30,
46034,45028,1542,2,35,
46035,45028,1546,1,260,
46036,45028,1563,2,150,
46037,45028,1572,2,20,
46038,45029,1545,3,95,146
46039,45029,1569,3,0,146
46040,45029,1559,1,89,146
46041,45030,1557,1,115,150
46042,45031,1542,2,35,145
46043,45032,1557,1,115,147
46044,45032,1561,3,210,147
46045,45032,1551,2,0,147
46046,45032,1563,3,150,147
46047,45032,1541,2,85,147
46048,45033,1559,1,89,152
46049,45034,1572,3,20,148
46050,45034,1570,1,25,148
46051,45034,1545,1,95,148
46052,45034,1567,1,360,148
46053,45035,1549,1,55,146
46054,45035,1558,2,95,146
46055,45035,1542,2,35,146
46056,45035,1566,2,30,146
46057,45036,1557,3,115,
46058,45036,1550,2,0,
46059,45036,1557,3,115,
46060,45036,1548,2,180,
46061,45037,1549,2,55,143
46062,45037,1568,1,640,143
46063,45037,1572,2,20,143
46064,45037,1557,1,115,143
46065,45038,1549,3,55,149
46066,45038,1551,3,0,149
46067,45038,1554,1,145,149
46068,45038,1542,3,35,149
46069,45038,1555,3,220,149
46070,45039,1541,2,85,145
46071,45039,1567,2,360,145
46072,45039,1567,1,360,145
46073,45039,1542,3,35,145
46074,45039,1549,2,55,145
46075,45040,1542,2,35,152
46076,45041,1563,2,150,150
46077,45042,1541,2,85,147
46078,45042,1549,1,55,147
46079,45042,1562,3,40,147
46080,45043,1558,1,95,147
46081,45043,1568,1,640,147
46082,45043,1557,2,115,147
46083,45044,1567,1,360,
46084,45044,1564,3,0,
46085,45045,1568,3,640,147
46086,45045,1550,3,0,147
46087,45045,1564,3,0,147
46088,45046,1553,3,310,148
46089,45046,1553,2,310,148
46090,45046,1554,3,145,148
46091,45046,1543,3,25,148
46092,45047,1565,2,45,143
46093,45047,1568,1,640,143
46094,45048,1570,2,25,142
46095,45048,1565,3,45,142
46096,45048,1543,3,25,142
46097,45048,1545,3,95,142
46098,45048,1567,3,360,142
46099,45049,1552,2,45,151
46100,45050,1567,3,360,148
46101,45050,1551,3,0,148
46102,45051,1544,2,120,150
46103,45051,1545,2,95,150
46104,45051,1562,2,40,150
46105,45051,1570,1,25,150
46106,45051,1547,2,420,150
46107,45052,1557,1,115,
46108,45052,1552,3,45,
46109,45052,1549,3,55,
46110,45052,1553,2,310,
46111,45053,1551,3,0,152
46112,45053,1547,3,420,152
46113,45053,1562,1,40,152
46114,45054,1562,1,40,148
46115,45054,1545,1,95,148
46116,45054,1548,1,180,148
46117,45054,1564,3,0,148
46118,45054,1559,2,89,148
46119,45055,1551,1,0,146
46120,45055,1572,2,20,146
46121,45056,1547,1,420,143
46122,45056,1556,1,70,143
46123,45056,1550,2,0,143
46124,45057,1552,3,45,142
46125,45057,1546,3,260,142
46126,45058,1568,2,640,145
46127,45058,1572,3,20,145
46128,45059,1547,3,420,151
46129,45059,1558,3,95,151
46130,45060,1547,3,420,
46131,45060,1558,1,95,
46132,45060,1549,2,55,
46133,45061,1547,2,420,151
46134,45062,1551,2,0,148
46135,45062,1555,3,220,148
46136,45062,1562,3,40,148
46137,45062,1541,3,85,148
46138,45063,1554,1,145,145
46139,45063,1545,3,95,145
46140,45063,1552,3,45,145
46141,45063,1551,2,0,145
46142,45064,1561,2,210,147
46143,45065,1562,2,40,143
46144,45065,1558,2,95,143
46145,45065,1568,3,640,143
46146,45065,1545,2,95,143
46147,45066,1554,1,145,147
46148,45066,1543,3,25,147
46149,45066,1558,3,95,147
46150,45066,1555,3,220,147
46151,45066,1566,2,30,147
46152,45067,1565,3,45,149
46153,45067,1557,2,115,149
46154,45067,1561,2,210,149
46155,45067,1560,1,15,149
46156,45067,1555,3,220,149
46157,45068,1558,2,95,
46158,45068,1560,2,15,
46159,45069,1545,1,95,145
46160,45069,1542,2,35,145
46161,45069,1558,2,95,145
46162,45069,1545,1,95,145
46163,45069,1566,1,30,145
46164,45070,1564,3,0,148
46165,45070,1565,3,45,148
46166,45070,1548,3,180,148
46167,45070,1570,1,25,148
46168,45070,1556,2,70,148
46169,45071,1549,3,55,149
46170,45071,1552,2,45,149
46171,45072,1570,1,25,152
46172,45072,1549,2,55,152
46173,45072,1542,1,35,152
46174,45072,1553,3,310,152
46175,45072,1547,3,420,152
46176,45073,1542,1,35,141
46177,45073,1545,3,95,141
46178,45074,1554,1,145,150
46179,45074,1552,3,45,150
46180,45074,1556,1,70,150
46181,45074,1549,1,55,150
46182,45075,1543,2,25,150
46183,45075,1548,3,180,150
46184,45075,1566,2,30,150
46185,45076,1543,3,25,
46186,45076,1544,3,120,
46187,45076,1567,2,360,
46188,45076,1554,3,145,
46189,45077,1555,2,220,145
46190,45077,1546,3,260,145
46191,45077,1567,3,360,145
46192,45077,1544,3,120,145
46193,45077,1560,2,15,145
46194,45078,1569,3,0,147
46195,45078,1543,1,25,147
46196,45078,1566,1,30,147
46197,45078,1566,2,30,147
46198,45079,1566,3,30,151
46199,45079,1557,3,115,151
46200,45080,1563,2,150,141
46201,45081,1541,2,85,142
46202,45081,1546,1,260,142
46203,45081,1571,1,30,142
46204,45082,1571,3,30,145
46205,45082,1545,1,95,145
46206,45082,1551,3,0,145
46207,45082,1570,1,25,145
46208,45083,1570,2,25,150
46209,45083,1565,2,45,150
46210,45083,1570,2,25,150
46211,45083,1555,2,220,150
46212,45084,1550,1,0,
46213,45085,1553,3,310,149
46214,45085,1552,2,45,149
46215,45085,1567,3,360,149
46216,45085,1550,3,0,149
46217,45086,1554,2,145,149
46218,45086,1548,1,180,149
46219,45087,1572,1,20,143
46220,45087,1556,2,70,143
46221,45088,1565,3,45,146
46222,45088,1569,2,0,146
46223,45089,1547,2,420,151
46224,45089,1551,3,0,151
46225,45089,1547,1,420,151
46226,45089,1546,3,260,151
46227,45090,1566,3,30,142
46228,45090,1560,3,15,142
46229,45090,1567,3,360,142
46230,45091,1568,2,640,144
46231,45091,1549,3,55,144
46232,45092,1559,1,89,
46233,45092,1550,1,0,
46234,45093,1550,1,0,148
46235,45093,1550,2,0,148
46236,45094,1550,1,0,149
46237,45094,1561,3,210,149
46238,45094,1562,3,40,149
46239,45095,1564,2,0,149
46240,45095,1566,2,30,149
46241,45095,1552,2,45,149
46242,45095,1559,2,89,149
46243,45095,1564,3,0,149
46244,45096,1561,3,210,146
46245,45097,1565,1,45,148
46246,45098,1571,3,30,152
46247,45098,1555,1,220,152
46248,45099,1566,1,30,146
46249,45099,1544,3,120,146
46250,45100,1548,1,180,
46251,45100,1564,1,0,
46252,45100,1553,2,310,
46253,45100,1554,1,145,
46254,45101,1568,1,640,149
46255,45102,1547,3,420,145
46256,45103,1564,3,0,148
46257,45103,1556,3,70,148
46258,45104,1545,2,95,152
46259,45104,1561,1,210,152
46260,45104,1552,1,45,152
46261,45105,1543,2,25,142
46262,45105,1552,1,45,142
46263,45105,1549,1,55,142
46264,45105,1559,3,89,142
46265,45106,1561,1,210,146
46266,45106,1567,3,360,146
46267,45106,1541,1,85,146
46268,45106,1548,1,180,146
46269,45107,1555,3,220,150
46270,45107,1544,1,120,150
46271,45107,1557,2,115,150
46272,45108,1570,3,25,
46273,45109,1569,3,0,152
46274,45109,1557,2,115,152
46275,45110,1542,3,35,145
46276,45110,1544,3,120,145
46277,45110,1564,3,0,145
46278,45110,1544,3,120,145
46279,45110,1562,2,40,145
46280,45111,1541,1,85,147
46281,45111,1560,2,15,147
46282,45111,1558,2,95,147
46283,45111,1570,1,25,147
46284,45112,1558,1,95,147
46285,45112,1562,3,40,147
46286,45112,1553,3,310,147
46287,45112,1551,1,0,147
46288,45113,1558,2,95,145
46289,45113,1567,2,360,145
46290,45113,1560,2,15,145
46291,45113,1562,2,40,145
46292,45114,1569,2,0,150
46293,45114,1544,2,120,150
46294,45114,1551,2,0,150
46295,45115,1570,3,25,150
46296,45115,1551,1,0,150
46297,45115,1565,2,45,150
46298,45115,1550,3,0,150
46299,45115,1553,1,310,150
46300,45116,1541,1,85,
46301,45116,1551,1,0,
46302,45117,1572,2,20,141
46303,45117,1565,2,45,141
46304,45117,1548,3,180,141
46305,45118,1572,3,20,142
46306,45118,1554,1,145,142
46307,45119,1544,1,120,150
46308,45119,1571,1,30,150
46309,45119,1562,1,40,150
46310,45120,1571,2,30,149
46311,45121,1572,1,20,150
46312,45121,1545,2,95,150
46313,45122,1555,3,220,148
46314,45122,1562,3,40,148
46315,45122,1568,3,640,148
46316,45123,1541,3,85,141
46317,45123,1559,3,89,141
46318,45123,1572,3,20,141
46319,45123,1572,1,20,141
46320,45123,1559,1,89,141
46321,45124,1555,3,220,
46322,45124,1551,3,0,
46323,45124,1561,2,210,
46324,45124,1567,2,360,
46325,45125,1555,2,220,144
46326,45125,1565,1,45,144
46327,45125,1567,3,360,144
46328,45125,1568,2,640,144
46329,45126,1571,1,30,141
46330,45126,1552,2,45,141
46331,45127,1550,3,0,148
46332,45127,1569,3,0,148
46333,45127,1548,2,180,148
46334,45127,1571,3,30,148
46335,45127,1566,3,30,148
46336,45128,1561,1,210,147
46337,45128,1571,1,30,147
46338,45128,1554,3,145,147
46339,45129,1558,3,95,148
46340,45129,1557,3,115,148
46341,45130,1566,1,30,146
46342,45130,1548,3,180,146
46343,45130,1566,1,30,146
46344,45130,1556,3,70,146
46345,45130,1559,2,89,146
46346,45131,1569,2,0,143
46347,45131,1565,2,45,143
46348,45131,1570,3,25,143
46349,45132,1571,3,30,
46350,45132,1553,3,310,
46351,45133,1547,1,420,148
46352,45133,1563,2,150,148
46353,45133,1554,2,145,148
46354,45133,1554,3,145,148
46355,45133,1554,2,145,148
46356,45134,1548,2,180,152
46357,45134,1553,3,310,152
46358,45134,1546,2,260,152
46359,45134,1564,3,0,152
46360,45135,1560,3,15,141
46361,45136,1565,3,45,147
46362,45137,1554,3,145,150
46363,45137,1562,2,40,150
46364,45137,1544,2,120,150
46365,45138,1565,1,45,145
46366,45138,1569,2,0,145
46367,45138,1562,1,40,145
46368,45139,1546,3,260,151
46369,45139,1564,1,0,151
46370,45139,1543,3,25,151
46371,45139,1558,2,95,151
46372,45139,1561,1,210,151
46373,45140,1571,2,30,
46374,45140,1544,2,120,
46375,45141,1569,3,0,152
46376,45141,1563,2,150,152
46377,45141,1553,3,310,152
46378,45141,1570,2,25,152
46379,45142,1561,3,210,145
46380,45142,1547,3,420,145
46381,45143,1546,1,260,145
46382,45143,1566,2,30,145
46383,45143,1547,2,420,145
46384,45143,1542,1,35,145
46385,45144,1564,2,0,147
46386,45144,1551,2,0,147
46387,45144,1550,3,0,147
46388,45145,1555,3,220,148
46389,45145,1566,3,30,148
46390,45146,1569,3,0,151
46391,45147,1570,3,25,150
46392,45148,1544,2,120,
46393,45148,1556,2,70,
46394,45148,1543,3,25,
46395,45148,1572,1,20,
46396,45149,1552,2,45,142
46397,45149,1551,1,0,142
46398,45149,1572,3,20,142
46399,45150,1544,3,120,152
46400,45151,1562,3,40,147
46401,45152,1555,3,220,144
46402,45152,1544,3,120,144
46403,45152,1558,2,95,144
46404,45153,1559,2,89,145
46405,45153,1569,2,0,145
46406,45153,1570,3,25,145
46407,45154,1545,2,95,143
46408,45154,1571,2,30,143
46409,45155,1569,2,0,152
46410,45156,1551,3,0,
46411,45157,1555,1,220,151
46412,45157,1568,2,640,151
46413,45158,1567,2,360,148
46414,45158,1545,2,95,148
46415,45158,1572,1,20,148
46416,45158,1559,2,89,148
46417,45158,1555,3,220,148
46418,45159,1557,3,115,148
46419,45159,1542,2,35,148
46420,45160,1555,2,220,151
46421,45161,1569,1,0,150
46422,45161,1560,3,15,150
46423,45161,1563,1,150,150
46424,45162,1566,1,30,141
46425,45162,1571,1,30,141
46426,45163,1554,1,145,142
46427,45163,1569,1,0,142
46428,45163,1566,2,30,142
46429,45163,1568,2,640,142
46430,45164,1552,2,45,
46431,45164,1551,1,0,
46432,45164,1558,2,95,
46433,45165,1544,3,120,145
46434,45165,1551,1,0,145
46435,45165,1562,2,40,145
46436,45165,1551,2,0,145
46437,45165,1568,1,640,145
46438,45166,1546,1,260,148
46439,45166,1551,1,0,148
46440,45166,1552,2,45,148
46441,45166,1564,2,0,148
46442,45166,1557,2,115,148
46443,45167,1571,1,30,152
46444,45167,1551,1,0,152
46445,45167,1551,1,0,152
46446,45168,1555,2,220,146
46447,45168,1559,2,89,146
46448,45168,1542,3,35,146
46449,45169,1549,1,55,142
46450,45169,1558,1,95,142
46451,45170,1548,2,180,143
46452,45170,1543,2,25,143
46453,45170,1559,2,89,143
46454,45171,1548,3,180,141
46455,45171,1545,3,95,141
46456,45171,1564,3,0,141
46457,45171,1564,2,0,141
46458,45171,1564,1,0,141
46459,45172,1571,2,30,
46460,45172,1551,3,0,
46461,45172,1568,3,640,
46462,45172,1565,1,45,
46463,45173,1547,1,420,143
46464,45174,1548,3,180,148
46465,45174,1559,3,89,148
46466,45174,1542,2,35,148
46467,45174,1564,2,0,148
46468,45175,1560,1,15,141
46469,45175,1565,3,45,141
46470,45175,1567,1,360,141
46471,45176,1569,3,0,150
46472,45176,1550,3,0,150
46473,45177,1556,3,70,151
46474,45177,1559,2,89,151
46475,45177,1563,2,150,151
46476,45177,1558,3,95,151
46477,45178,1549,2,55,142
46478,45178,1558,3,95,142
46479,45178,1542,1,35,142
46480,45178,1558,3,95,142
46481,45178,1556,3,70,142
46482,45179,1543,1,25,146
46483,45180,1572,2,20,
46484,45180,1543,1,25,
46485,45180,1544,3,120,
46486,45180,1560,2,15,
46487,45181,1567,1,360,150
46488,45181,1557,2,115,150
46489,45182,1549,3,55,146
46490,45182,1559,1,89,146
46491,45183,1568,3,640,147
46492,45183,1560,3,15,147
46493,45183,1553,3,310,147
46494,45184,1562,3,40,150
46495,45184,1560,3,15,150
46496,45184,1570,1,25,150
46497,45184,1552,1,45,150
46498,45185,1546,1,260,151
46499,45186,1553,3,310,141
46500,45186,1546,2,260,141
46501,45187,1546,2,260,152
46502,45187,1566,3,30,152
46503,45187,1562,1,40,152
46504,45187,1565,1,45,152
46505,45188,1549,3,55,
46506,45188,1548,3,180,
46507,45188,1556,2,70,
46508,45188,1569,1,0,
46509,45189,1545,1,95,148
46510,45189,1548,1,180,148
46511,45189,1544,3,120,148
46512,45190,1551,3,0,147
46513,45190,1552,2,45,147
46514,45190,1547,1,420,147
46515,45191,1568,2,640,141
46516,45191,1556,1,70,141
46517,45192,1567,3,360,146
46518,45193,1561,3,210,151
46519,45193,1562,3,40,151
46520,45193,1558,1,95,151
46521,45193,1567,3,360,151
46522,45193,1543,1,25,151
46523,45194,1546,1,260,152
46524,45194,1555,3,220,152
46525,45194,1559,3,89,152
46526,45194,1555,1,220,152
46527,45195,1549,3,55,145
46528,45196,1561,1,210,
46529,45196,1559,1,89,
46530,45196,1561,1,210,
46531,45197,1552,1,45,142
46532,45198,1545,2,95,150
46533,45198,1569,2,0,150
46534,45198,1552,1,45,150
46535,45198,1563,3,150,150
46536,45198,1546,1,260,150
46537,45199,1558,1,95,146
46538,45199,1563,3,150,146
46539,45199,1559,2,89,146
46540,45199,1549,3,55,146
46541,45199,1543,2,25,146
46542,45200,1547,3,420,141
46543,45200,1562,1,40,141
46544,45200,1542,1,35,141
46545,45200,1559,3,89,141
46546,45201,1565,2,45,151
46547,45201,1566,3,30,151
46548,45202,1553,3,310,151
46549,45202,1558,1,95,151
46550,45203,1567,2,360,150
46551,45204,1569,2,0,
46552,45205,1556,1,70,148
46553,45205,1541,3,85,148
46554,45206,1567,2,360,152
46555,45207,1572,1,20,144
46556,45207,1549,3,55,144
46557,45207,1563,2,150,144
46558,45208,1543,2,25,152
46559,45208,1557,3,115,152
46560,45208,1548,2,180,152
46561,45208,1546,3,260,152
46562,45209,1545,2,95,151
46563,45209,1558,2,95,151
46564,45209,1557,1,115,151
46565,45209,1567,3,360,151
46566,45210,1541,1,85,142
46567,45210,1543,2,25,142
46568,45210,1557,3,115,142
46569,45211,1542,2,35,148
46570,45211,1559,1,89,148
46571,45211,1549,1,55,148
46572,45211,1566,3,30,148
46573,45211,1571,1,30,148
46574,45212,1560,1,15,
46575,45212,1562,3,40,
46576,45212,1570,3,25,
46577,45212,1572,1,20,
46578,45213,1541,1,85,151
46579,45213,1561,3,210,151
46580,45213,1555,3,220,151
46581,45213,1557,3,115,151
46582,45213,1568,3,640,151
46583,45214,1567,1,360,152
46584,45214,1569,3,0,152
46585,45214,1557,1,115,152
46586,45214,1566,1,30,152
46587,45215,1542,1,35,145
46588,45215,1562,3,40,145
46589,45215,1565,1,45,145
46590,45215,1556,2,70,145
46591,45215,1546,3,260,145
46592,45216,1562,1,40,149
46593,45216,1552,1,45,149
46594,45216,1564,2,0,149
46595,45216,1555,1,220,149
46596,45217,1554,2,145,145
46597,45217,1546,3,260,145
46598,45217,1566,1,30,145
46599,45217,1549,3,55,145
46600,45217,1567,2,360,145
46601,45218,1549,3,55,147
46602,45218,1561,1,210,147
46603,45218,1555,1,220,147
46604,45218,1559,1,89,147
46605,45219,1541,1,85,149
46606,45219,1569,3,0,149
46607,45220,1565,3,45,
46608,45220,1545,1,95,
46609,45220,1550,3,0,
46610,45221,1548,1,180,152
46611,45221,1559,3,89,152
46612,45221,1549,3,55,152
46613,45221,1555,1,220,152
46614,45222,1558,3,95,147
46615,45222,1556,2,70,147
46616,45222,1558,1,95,147
46617,45222,1558,1,95,147
46618,45223,1559,2,89,146
46619,45223,1567,3,360,146
46620,45223,1564,2,0,146
46621,45224,1571,3,30,151
46622,45224,1543,3,25,151
46623,45224,1543,2,25,151
46624,45224,1553,2,310,151
46625,45225,1559,3,89,143
46626,45225,1567,1,360,143
46627,45226,1552,2,45,149
46628,45226,1550,3,0,149
46629,45226,1553,1,310,149
46630,45226,1548,2,180,149
46631,45226,1543,1,25,149
46632,45227,1553,2,310,150
46633,45227,1541,3,85,150
46634,45227,1561,1,210,150
46635,45228,1550,2,0,
46636,45228,1558,2,95,
46637,45228,1563,1,150,
46638,45228,1568,2,640,
46639,45229,1551,3,0,143
46640,45229,1552,2,45,143
46641,45230,1551,3,0,152
46642,45231,1567,3,360,141
46643,45232,1546,2,260,143
46644,45232,1550,1,0,143
46645,45232,1560,1,15,143
46646,45232,1551,2,0,143
46647,45232,1562,1,40,143
46648,45233,1572,2,20,150
46649,45233,1560,1,15,150
46650,45233,1552,2,45,150
46651,45234,1564,2,0,141
46652,45234,1542,2,35,141
46653,45234,1556,2,70,141
46654,45235,1552,2,45,148
46655,45236,1557,3,115,
46656,45236,1565,3,45,
46657,45237,1549,1,55,148
46658,45237,1568,2,640,148
46659,45237,1569,3,0,148
46660,45237,1560,2,15,148
46661,45238,1544,2,120,148
46662,45238,1567,1,360,148
46663,45238,1562,1,40,148
46664,45239,1562,1,40,152
46665,45239,1569,1,0,152
46666,45239,1547,2,420,152
46667,45239,1571,3,30,152
46668,45239,1566,2,30,152
46669,45240,1572,2,20,148
46670,45241,1572,3,20,143
46671,45241,1552,2,45,143
46672,45241,1571,2,30,143
46673,45241,1548,2,180,143
46674,45241,1541,2,85,143
46675,45242,1553,3,310,144
46676,45243,1571,1,30,144
46677,45244,1551,1,0,
46678,45244,1554,2,145,
46679,45244,1544,1,120,
46680,45245,1569,3,0,141
46681,45246,1549,3,55,144
46682,45246,1548,1,180,144
46683,45246,1561,2,210,144
46684,45246,1544,2,120,144
46685,45247,1548,3,180,152
46686,45247,1541,3,85,152
46687,45247,1541,2,85,152
46688,45247,1560,3,15,152
46689,45248,1541,1,85,146
46690,45249,1561,3,210,145
46691,45249,1541,1,85,145
46692,45249,1557,3,115,145
46693,45249,1552,3,45,145
46694,45249,1549,1,55,145
46695,45250,1541,1,85,146
46696,45250,1548,1,180,146
46697,45251,1561,2,210,151
46698,45251,1556,2,70,151
46699,45251,1544,3,120,151
46700,45251,1556,3,70,151
46701,45252,1569,1,0,
46702,45252,1566,2,30,
46703,45252,1566,1,30,
46704,45253,1566,3,30,144
46705,45254,1560,1,15,142
46706,45254,1554,1,145,142
46707,45254,1571,2,30,142
46708,45254,1553,3,310,142
46709,45255,1564,1,0,141
46710,45255,1569,1,0,141
46711,45255,1559,2,89,141
46712,45256,1568,2,640,148
46713,45256,1568,1,640,148
46714,45256,1552,3,45,148
46715,45256,1546,1,260,148
46716,45256,1571,3,30,148
46717,45257,1570,2,25,148
46718,45258,1564,2,0,152
46719,45258,1555,1,220,152
46720,45258,1544,3,120,152
46721,45259,1541,2,85,143
46722,45259,1552,2,45,143
46723,45259,1555,3,220,143
46724,45260,1553,3,310,
46725,45260,1542,1,35,
46726,45260,1566,3,30,
46727,45260,1567,3,360,
46728,45260,1570,2,25,
46729,45261,1555,2,220,145
46730,45261,1572,1,20,145
46731,45261,1563,3,150,145
46732,45261,1547,2,420,145
46733,45262,1542,2,35,141
46734,45262,1561,1,210,141
46735,45263,1565,2,45,150
46736,45264,1557,1,115,142
46737,45264,1572,2,20,142
46738,45265,1555,3,220,144
46739,45266,1572,2,20,148
46740,45267,1542,1,35,150
46741,45267,1557,1,115,150
46742,45267,1561,3,210,150
46743,45267,1571,2,30,150
46744,45267,1565,1,45,150
46745,45268,1544,2,120,
46746,45268,1561,3,210,
46747,45268,1564,1,0,
46748,45268,1556,3,70,
46749,45268,1554,1,145,
46750,45269,1569,3,0,149
46751,45269,1553,1,310,149
46752,45269,1550,1,0,149
46753,45269,1564,2,0,149
46754,45270,1552,2,45,147
46755,45270,1552,3,45,147
46756,45270,1553,1,310,147
46757,45270,1569,3,0,147
46758,45270,1565,1,45,147
46759,45271,1559,3,89,151
46760,45272,1563,3,150,147
46761,45273,1545,3,95,146
46762,45273,1544,1,120,146
46763,45274,1557,2,115,151
46764,45274,1569,2,0,151
46765,45274,1571,3,30,151
46766,45274,1567,1,360,151
46767,45274,1562,3,40,151
46768,45275,1550,3,0,150
46769,45275,1565,3,45,150
46770,45275,1570,3,25,150
46771,45275,1555,1,220,150
46772,45276,1559,1,89,
46773,45276,1553,2,310,
46774,45276,1544,3,120,
46775,45276,1560,3,15,
46776,45276,1569,3,0,
46777,45277,1559,3,89,152
46778,45277,1572,1,20,152
46779,45277,1553,2,310,152
46780,45277,1541,3,85,152
46781,45277,1562,2,40,152
46782,45278,1554,1,145,147
46783,45278,1548,1,180,147
46784,45278,1548,2,180,147
46785,45278,1542,1,35,147
46786,45279,1560,1,15,149
46787,45279,1550,2,0,149
46788,45279,1554,2,145,149
46789,45279,1553,3,310,149
46790,45280,1568,3,640,143
46791,45280,1557,2,115,143
46792,45280,1559,1,89,143
46793,45280,1557,3,115,143
46794,45280,1541,3,85,143
46795,45281,1567,3,360,144
46796,45281,1555,3,220,144
46797,45281,1554,1,145,144
46798,45282,1565,2,45,144
46799,45282,1548,1,180,144
46800,45282,1546,2,260,144
46801,45282,1552,2,45,144
46802,45283,1554,2,145,148
46803,45283,1543,3,25,148
46804,45284,1557,2,115,
46805,45284,1555,2,220,
46806,45284,1558,3,95,
46807,45284,1547,2,420,
46808,45284,1543,1,25,
46809,45285,1544,2,120,144
46810,45285,1568,1,640,144
46811,45286,1542,3,35,142
46812,45286,1561,2,210,142
46813,45287,1562,2,40,145
46814,45287,1564,1,0,145
46815,45288,1555,2,220,146
46816,45288,1551,3,0,146
46817,45288,1548,2,180,146
46818,45288,1550,1,0,146
46819,45289,1544,3,120,150
46820,45290,1553,2,310,141
46821,45290,1561,1,210,141
46822,45290,1569,1,0,141
46823,45290,1565,2,45,141
46824,45291,1558,2,95,148
46825,45291,1559,1,89,148
46826,45291,1549,2,55,148
46827,45291,1570,2,25,148
46828,45292,1548,2,180,
46829,45292,1552,3,45,
46830,45292,1548,1,180,
46831,45292,1570,2,25,
46832,45292,1561,3,210,
46833,45293,1547,1,420,150
46834,45293,1546,1,260,150
46835,45294,1567,1,360,146
46836,45294,1556,1,70,146
46837,45294,1547,3,420,146
46838,45294,1541,1,85,146
46839,45294,1549,1,55,146
46840,45295,1556,3,70,150
46841,45295,1550,1,0,150
46842,45295,1544,3,120,150
46843,45295,1559,3,89,150
46844,45296,1545,1,95,146
46845,45296,1553,1,310,146
46846,45296,1553,1,310,146
46847,45297,1570,1,25,144
46848,45297,1572,2,20,144
46849,45297,1548,2,180,144
46850,45297,1552,2,45,144
46851,45297,1559,2,89,144
46852,45298,1554,3,145,144
46853,45298,1550,3,0,144
46854,45298,1547,1,420,144
46855,45299,1561,3,210,145
46856,45300,1562,2,40,
46857,45300,1548,1,180,
46858,45300,1549,3,55,
46859,45300,1545,1,95,
46860,45301,1562,1,40,152
46861,45301,1568,2,640,152
46862,45301,1565,2,45,152
46863,45301,1554,1,145,152
46864,45301,1543,1,25,152
46865,45302,1567,3,360,142
46866,45303,1555,3,220,151
46867,45303,1551,3,0,151
46868,45303,1556,2,70,151
46869,45303,1545,3,95,151
46870,45304,1553,1,310,146
46871,45305,1569,1,0,148
46872,45305,1565,2,45,148
46873,45305,1562,3,40,148
46874,45305,1563,2,150,148
46875,45305,1566,1,30,148
46876,45306,1543,3,25,149
46877,45306,1548,2,180,149
46878,45306,1568,2,640,149
46879,45306,1568,2,640,149
46880,45307,1548,2,180,148
46881,45308,1566,2,30,
46882,45309,1543,2,25,148
46883,45310,1541,2,85,152
46884,45310,1541,3,85,152
46885,45310,1556,1,70,152
46886,45310,1571,1,30,152
46887,45311,1563,1,150,151
46888,45312,1568,2,640,146
46889,45313,1553,3,310,149
46890,45314,1558,1,95,143
46891,45314,1546,3,260,143
46892,45314,1545,2,95,143
46893,45314,1554,2,145,143
46894,45314,1550,2,0,143
46895,45315,1571,2,30,152
46896,45315,1570,2,25,152
46897,45315,1566,1,30,152
46898,45315,1555,1,220,152
46899,45316,1551,3,0,
46900,45317,1542,2,35,149
46901,45318,1548,2,180,145
46902,45319,1557,3,115,149
46903,45319,1556,1,70,149
46904,45319,1571,3,30,149
46905,45319,1557,2,115,149
46906,45319,1556,2,70,149
46907,45320,1545,1,95,150
46908,45320,1546,3,260,150
46909,45320,1556,3,70,150
46910,45320,1569,2,0,150
46911,45320,1566,1,30,150
46912,45321,1556,1,70,147
46913,45322,1572,3,20,150
46914,45322,1571,2,30,150
46915,45322,1572,2,20,150
46916,45322,1571,1,30,150
46917,45322,1542,2,35,150
46918,45323,1563,3,150,145
46919,45323,1542,2,35,145
46920,45323,1545,2,95,145
46921,45324,1564,3,0,
46922,45324,1561,3,210,
46923,45325,1564,3,0,149
46924,45325,1555,2,220,149
46925,45325,1553,3,310,149
46926,45326,1543,3,25,150
46927,45326,1543,3,25,150
46928,45327,1550,2,0,141
46929,45327,1562,2,40,141
46930,45328,1561,1,210,148
46931,45328,1548,1,180,148
46932,45328,1552,3,45,148
46933,45328,1571,1,30,148
46934,45328,1568,3,640,148
46935,45329,1568,2,640,152
46936,45330,1555,1,220,149
46937,45330,1545,3,95,149
46938,45330,1556,3,70,149
46939,45330,1567,2,360,149
46940,45330,1553,3,310,149
46941,45331,1544,2,120,148
46942,45331,1567,3,360,148
46943,45332,1565,3,45,
46944,45332,1541,2,85,
46945,45332,1542,1,35,
46946,45332,1572,1,20,
46947,45333,1564,2,0,148
46948,45334,1551,3,0,149
46949,45334,1571,1,30,149
46950,45334,1547,2,420,149
46951,45334,1544,1,120,149
46952,45335,1569,2,0,148
46953,45335,1567,2,360,148
46954,45335,1569,3,0,148
46955,45335,1556,1,70,148
46956,45335,1560,3,15,148
46957,45336,1542,3,35,146
46958,45336,1545,1,95,146
46959,45336,1562,3,40,146
46960,45336,1555,3,220,146
46961,45337,1553,3,310,152
46962,45338,1550,2,0,144
46963,45338,1571,3,30,144
46964,45338,1565,3,45,144
46965,45339,1552,2,45,147
46966,45339,1558,1,95,147
46967,45339,1543,3,25,147
46968,45339,1546,3,260,147
46969,45340,1559,1,89,
46970,45340,1544,2,120,
46971,45340,1563,3,150,
46972,45340,1548,2,180,
46973,45341,1558,3,95,147
46974,45341,1542,2,35,147
46975,45341,1555,1,220,147
46976,45341,1555,2,220,147
46977,45341,1546,3,260,147
46978,45342,1548,3,180,148
46979,45342,1557,1,115,148
46980,45342,1558,3,95,148
46981,45342,1571,2,30,148
46982,45342,1557,2,115,148
46983,45343,1553,3,310,149
46984,45344,1570,2,25,149
46985,45344,1565,3,45,149
46986,45344,1572,1,20,149
46987,45344,1545,2,95,149
46988,45344,1547,3,420,149
46989,45345,1542,2,35,141
46990,45345,1554,3,145,141
46991,45345,1559,3,89,141
46992,45346,1544,3,120,144
46993,45347,1571,2,30,144
46994,45347,1548,3,180,144
46995,45348,1547,3,420,
46996,45348,1567,1,360,
46997,45348,1571,1,30,
46998,45349,1548,3,180,152
46999,45350,1547,1,420,142
47000,45350,1560,1,15,142
47001,45350,1564,3,0,142
47002,45350,1566,1,30,142
47003,45350,1545,3,95,142
47004,45351,1560,3,15,141
47005,45351,1563,2,150,141
47006,45351,1560,2,15,141
47007,45352,1552,3,45,141
47008,45352,1563,3,150,141
47009,45352,1548,2,180,141
47010,45353,1560,1,15,143
47011,45353,1544,2,120,143
47012,45353,1545,2,95,143
47013,45353,1546,3,260,143
47014,45354,1548,3,180,144
47015,45354,1546,2,260,144
47016,45355,1557,3,115,151
47017,45355,1552,3,45,151
47018,45356,1562,1,40,
47019,45356,1541,2,85,
47020,45356,1548,1,180,
47021,45357,1546,3,260,151
47022,45357,1561,3,210,151
47023,45358,1542,2,35,142
47024,45358,1554,3,145,142
47025,45358,1551,3,0,142
47026,45358,1553,1,310,142
47027,45358,1561,3,210,142
47028,45359,1570,1,25,146
47029,45359,1560,3,15,146
47030,45360,1572,1,20,149
47031,45360,1567,1,360,149
47032,45360,1566,3,30,149
47033,45360,1557,1,115,149
47034,45361,1562,1,40,152
47035,45361,1547,2,420,152
47036,45361,1559,3,89,152
47037,45361,1541,1,85,152
47038,45361,1563,2,150,152
47039,45362,1542,1,35,148
47040,45362,1553,2,310,148
47041,45362,1570,1,25,148
47042,45362,1571,1,30,148
47043,45362,1554,2,145,148
47044,45363,1561,3,210,152
47045,45363,1551,1,0,152
47046,45363,1543,1,25,152
47047,45363,1556,3,70,152
47048,45363,1548,1,180,152
47049,45364,1555,3,220,
47050,45365,1570,3,25,147
47051,45365,1556,1,70,147
47052,45365,1555,3,220,147
47053,45365,1549,3,55,147
47054,45365,1545,2,95,147
47055,45366,1572,1,20,149
47056,45366,1566,3,30,149
47057,45366,1559,2,89,149
47058,45367,1552,2,45,144
47059,45367,1564,3,0,144
47060,45368,1569,1,0,142
47061,45369,1553,3,310,144
47062,45369,1567,3,360,144
47063,45370,1566,3,30,145
47064,45371,1553,1,310,148
47065,45371,1541,1,85,148
47066,45371,1562,3,40,148
47067,45372,1542,3,35,
47068,45373,1541,3,85,147
47069,45373,1561,1,210,147
47070,45373,1558,3,95,147
47071,45373,1543,1,25,147
47072,45373,1552,3,45,147
47073,45374,1553,3,310,142
47074,45374,1542,2,35,142
47075,45374,1550,3,0,142
47076,45374,1558,1,95,142
47077,45375,1563,3,150,147
47078,45375,1564,1,0,147
47079,45376,1567,3,360,145
47080,45377,1545,1,95,151
47081,45378,1554,3,145,142
47082,45378,1546,2,260,142
47083,45378,1548,1,180,142
47084,45379,1569,3,0,146
47085,45379,1544,1,120,146
47086,45380,1544,1,120,
47087,45380,1545,3,95,
47088,45380,1553,3,310,
47089,45381,1559,1,89,145
47090,45381,1553,2,310,145
47091,45381,1567,3,360,145
47092,45381,1544,2,120,145
47093,45381,1555,1,220,145
47094,45382,1557,2,115,148
47095,45382,1563,1,150,148
47096,45383,1543,2,25,143
47097,45383,1545,2,95,143
47098,45383,1564,1,0,143
47099,45383,1542,3,35,143
47100,45384,1559,2,89,143
47101,45384,1558,2,95,143
47102,45385,1569,3,0,151
47103,45385,1553,1,310,151
47104,45385,1550,2,0,151
47105,45385,1561,3,210,151
47106,45385,1549,1,55,151
47107,45386,1562,2,40,141
47108,45387,1569,1,0,149
47109,45387,1541,3,85,149
47110,45388,1554,3,145,
47111,45388,1564,2,0,
47112,45388,1553,2,310,
47113,45388,1553,2,310,
47114,45389,1555,2,220,149
47115,45390,1565,1,45,146
47116,45391,1548,1,180,150
47117,45391,1557,2,115,150
47118,45392,1544,1,120,143
47119,45392,1562,2,40,143
47120,45392,1549,2,55,143
47121,45392,1557,3,115,143
47122,45392,1566,3,30,143
47123,45393,1570,2,25,148
47124,45393,1566,1,30,148
47125,45393,1562,3,40,148
47126,45393,1549,2,55,148
47127,45394,1566,1,30,151
47128,45394,1543,3,25,151
47129,45394,1557,1,115,151
47130,45394,1566,2,30,151
47131,45394,1557,1,115,151
47132,45395,1563,1,150,145
47133,45395,1548,3,180,145
47134,45396,1554,1,145,
47135,45396,1544,3,120,
47136,45397,1560,3,15,150
47137,45397,1546,1,260,150
47138,45397,1542,1,35,150
47139,45398,1543,3,25,149
47140,45399,1569,1,0,150
47141,45400,1548,1,180,142
47142,45400,1565,2,45,142
47143,45400,1542,2,35,142
47144,45400,1565,1,45,142
47145,45400,1554,1,145,142
47146,45401,1546,2,260,152
47147,45401,1550,2,0,152
47148,45401,1568,1,640,152
47149,45401,1560,1,15,152
47150,45402,1556,2,70,152
47151,45402,1566,1,30,152
47152,45402,1551,3,0,152
47153,45402,1557,3,115,152
47154,45403,1558,2,95,144
47155,45403,1556,3,70,144
47156,45403,1551,3,0,144
47157,45403,1561,1,210,144
47158,45404,1562,3,40,
47159,45405,1547,1,420,146
47160,45405,1571,3,30,146
47161,45405,1556,3,70,146
47162,45405,1547,1,420,146
47163,45405,1545,3,95,146
47164,45406,1564,1,0,141
47165,45406,1553,3,310,141
47166,45406,1571,2,30,141
47167,45406,1565,3,45,141
47168,45407,1557,2,115,145
47169,45407,1569,1,0,145
47170,45407,1565,2,45,145
47171,45407,1563,3,150,145
47172,45408,1549,1,55,145
47173,45408,1556,3,70,145
47174,45409,1563,3,150,142
47175,45409,1542,3,35,142
47176,45409,1541,2,85,142
47177,45409,1567,3,360,142
47178,45410,1564,2,0,146
47179,45411,1569,3,0,146
47180,45411,1570,1,25,146
47181,45411,1569,2,0,146
47182,45411,1564,1,0,146
47183,45411,1569,2,0,146
47184,45412,1543,1,25,
47185,45412,1553,1,310,
47186,45412,1569,3,0,
47187,45412,1560,2,15,
47188,45412,1554,2,145,
47189,45413,1567,2,360,145
47190,45414,1543,3,25,142
47191,45414,1565,2,45,142
47192,45415,1564,2,0,142
47193,45415,1566,2,30,142
47194,45415,1565,3,45,142
47195,45416,1551,3,0,151
47196,45417,1569,3,0,147
47197,45417,1556,2,70,147
47198,45418,1543,2,25,150
47199,45418,1555,2,220,150
47200,45419,1544,3,120,152
47201,45419,1564,1,0,152
47202,45420,1566,3,30,
47203,45420,1549,3,55,
47204,45421,1558,1,95,145
47205,45421,1550,1,0,145
47206,45421,1556,1,70,145
47207,45422,1541,1,85,146
47208,45422,1558,1,95,146
47209,45422,1569,1,0,146
47210,45422,1544,1,120,146
47211,45422,1542,2,35,146
47212,45423,1550,3,0,142
47213,45424,1549,2,55,146
47214,45425,1549,2,55,148
47215,45426,1569,3,0,148
47216,45426,1542,1,35,148
47217,45426,1564,2,0,148
47218,45426,1563,2,150,148
47219,45426,1572,3,20,148
47220,45427,1557,3,115,144
47221,45427,1563,3,150,144
47222,45427,1557,1,115,144
47223,45428,1572,3,20,
47224,45428,1558,2,95,
47225,45428,1541,3,85,
47226,45428,1543,3,25,
47227,45429,1572,1,20,152
47228,45429,1556,1,70,152
47229,45429,1568,2,640,152
47230,45429,1561,1,210,152
47231,45429,1542,1,35,152
47232,45430,1560,2,15,150
47233,45430,1571,2,30,150
47234,45430,1566,2,30,150
47235,45430,1541,1,85,150
47236,45431,1541,3,85,144
47237,45431,1569,2,0,144
47238,45432,1561,2,210,146
47239,45432,1566,2,30,146
47240,45433,1543,3,25,149
47241,45433,1551,2,0,149
47242,45433,1545,3,95,149
47243,45433,1550,1,0,149
47244,45434,1547,2,420,144
47245,45434,1553,2,310,144
47246,45434,1572,1,20,144
47247,45434,1568,2,640,144
47248,45434,1569,1,0,144
47249,45435,1553,3,310,152
47250,45435,1567,2,360,152
47251,45435,1571,2,30,152
47252,45436,1557,2,115,
47253,45436,1559,1,89,
47254,45436,1553,2,310,
47255,45436,1545,3,95,
47256,45436,1556,3,70,
47257,45437,1566,3,30,141
47258,45437,1567,1,360,141
47259,45437,1572,3,20,141
47260,45437,1552,2,45,141
47261,45437,1546,1,260,141
47262,45438,1553,1,310,150
47263,45438,1570,2,25,150
47264,45439,1555,2,220,143
47265,45440,1544,1,120,141
47266,45440,1562,2,40,141
47267,45440,1554,2,145,141
47268,45440,1556,3,70,141
47269,45441,1567,3,360,145
47270,45441,1542,2,35,145
47271,45442,1543,2,25,149
47272,45442,1563,1,150,149
47273,45443,1541,2,85,146
47274,45444,1558,3,95,
47275,45444,1558,3,95,
47276,45444,1570,1,25,
47277,45445,1566,3,30,142
47278,45445,1572,3,20,142
47279,45445,1557,1,115,142
47280,45445,1555,2,220,142
47281,45445,1562,2,40,142
47282,45446,1569,1,0,148
47283,45446,1552,3,45,148
47284,45447,1567,2,360,152
47285,45447,1550,2,0,152
47286,45447,1559,3,89,152
47287,45448,1563,2,150,151
47288,45448,1550,1,0,151
47289,45448,1564,1,0,151
47290,45448,1547,2,420,151
47291,45448,1570,3,25,151
47292,45449,1572,1,20,143
47293,45450,1556,2,70,146
47294,45450,1544,2,120,146
47295,45450,1561,3,210,146
47296,45451,1559,1,89,145
47297,45452,1546,2,260,
47298,45452,1559,2,89,
47299,45452,1542,2,35,
47300,45452,1556,2,70,
47301,45452,1563,2,150,
47302,45453,1555,2,220,143
47303,45453,1568,3,640,143
47304,45454,1546,2,260,148
47305,45454,1567,3,360,148
47306,45455,1567,1,360,142
47307,45455,1556,1,70,142
47308,45455,1561,3,210,142
47309,45456,1568,1,640,144
47310,45456,1567,2,360,144
47311,45456,1565,1,45,144
47312,45456,1568,2,640,144
47313,45456,1560,3,15,144
47314,45457,1569,3,0,152
47315,45458,1566,3,30,142
47316,45458,1571,1,30,142
47317,45458,1570,2,25,142
47318,45459,1554,3,145,145
47319,45459,1550,1,0,145
47320,45459,1541,3,85,145
47321,45459,1561,2,210,145
47322,45459,1565,1,45,145
47323,45460,1571,3,30,
47324,45461,1553,1,310,144
47325,45461,1557,1,115,144
47326,45461,1546,1,260,144
47327,45461,1558,3,95,144
47328,45462,1564,1,0,144
47329,45462,1545,3,95,144
47330,45462,1542,3,35,144
47331,45463,1554,3,145,147
47332,45464,1542,1,35,142
47333,45465,1556,3,70,151
47334,45465,1542,2,35,151
47335,45465,1557,2,115,151
47336,45466,1567,2,360,143
47337,45466,1559,2,89,143
47338,45466,1550,1,0,143
47339,45466,1563,3,150,143
47340,45467,1558,2,95,149
47341,45467,1567,1,360,149
47342,45467,1570,2,25,149
47343,45467,1541,2,85,149
47344,45467,1564,2,0,149
47345,45468,1553,1,310,
47346,45468,1559,1,89,
47347,45468,1562,1,40,
47348,45468,1559,2,89,
47349,45469,1541,2,85,149
47350,45469,1547,1,420,149
47351,45470,1549,1,55,152
47352,45470,1557,1,115,152
47353,45470,1558,3,95,152
47354,45470,1564,3,0,152
47355,45470,1563,1,150,152
47356,45471,1556,1,70,141
47357,45471,1560,2,15,141
47358,45471,1564,1,0,141
47359,45471,1562,3,40,141
47360,45471,1562,1,40,141
47361,45472,1568,2,640,152
47362,45472,1552,3,45,152
47363,45473,1549,2,55,146
47364,45473,1556,2,70,146
47365,45473,1571,2,30,146
47366,45473,1548,2,180,146
47367,45474,1559,2,89,145
47368,45474,1563,2,150,145
47369,45474,1551,3,0,145
47370,45474,1556,3,70,145
47371,45474,1572,1,20,145
47372,45475,1558,2,95,146
47373,45475,1565,3,45,146
47374,45476,1548,3,180,
47375,45476,1545,2,95,
47376,45476,1541,3,85,
47377,45476,1554,2,145,
47378,45476,1543,2,25,
47379,45477,1565,3,45,146
47380,45477,1542,3,35,146
47381,45477,1545,2,95,146
47382,45477,1557,3,115,146
47383,45477,1567,1,360,146
47384,45478,1570,2,25,150
47385,45479,1546,2,260,142
47386,45479,1567,3,360,142
47387,45479,1565,2,45,142
47388,45479,1547,2,420,142
47389,45480,1542,2,35,141
47390,45480,1545,2,95,141
47391,45481,1551,2,0,149
47392,45481,1545,2,95,149
47393,45481,1569,1,0,149
47394,45481,1563,2,150,149
47395,45482,1558,1,95,146
47396,45482,1559,1,89,146
47397,45482,1554,3,145,146
47398,45482,1547,2,420,146
47399,45483,1554,1,145,152
47400,45483,1545,2,95,152
47401,45483,1558,2,95,152
47402,45484,1556,2,70,
47403,45484,1555,3,220,
47404,45484,1542,2,35,
47405,45484,1565,3,45,
47406,45485,1543,1,25,144
47407,45485,1551,1,0,144
47408,45485,1553,1,310,144
47409,45486,1553,3,310,147
47410,45487,1559,1,89,143
47411,45487,1548,2,180,143
47412,45487,1567,2,360,143
47413,45488,1552,3,45,144
47414,45488,1550,3,0,144
47415,45488,1551,3,0,144
47416,45488,1549,2,55,144
47417,45489,1566,3,30,141
47418,45489,1547,3,420,141
47419,45489,1546,3,260,141
47420,45490,1552,3,45,147
47421,45490,1556,1,70,147
47422,45490,1543,1,25,147
47423,45490,1568,2,640,147
47424,45490,1554,2,145,147
47425,45491,1568,3,640,151
47426,45491,1543,2,25,151
47427,45492,1572,1,20,
47428,45492,1555,3,220,
47429,45493,1551,3,0,145
47430,45493,1564,3,0,145
47431,45493,1549,1,55,145
47432,45494,1572,3,20,149
47433,45494,1544,3,120,149
47434,45495,1562,1,40,152
47435,45495,1571,3,30,152
47436,45495,1564,3,0,152
47437,45496,1568,2,640,141
47438,45496,1557,3,115,141
47439,45497,1565,2,45,149
47440,45497,1556,3,70,149
47441,45497,1557,1,115,149
47442,45498,1572,2,20,150
47443,45499,1556,3,70,144
47444,45499,1561,3,210,144
47445,45500,1544,3,120,
47446,45500,1546,2,260,
47447,45500,1559,3,89,
47448,45501,1549,3,55,145
47449,45501,1558,1,95,145
47450,45502,1550,3,0,145
47451,45502,1556,3,70,145
47452,45502,1553,3,310,145
47453,45502,1547,2,420,145
47454,45502,1562,1,40,145
47455,45503,1568,3,640,148
47456,45503,1568,3,640,148
47457,45503,1554,1,145,148
47458,45503,1551,1,0,148
47459,45504,1564,2,0,145
47460,45504,1570,3,25,145
47461,45504,1545,2,95,145
47462,45505,1543,3,25,145
47463,45505,1568,2,640,145
47464,45506,1543,1,25,149
47465,45506,1569,3,0,149
47466,45506,1565,2,45,149
47467,45507,1553,2,310,151
47468,45507,1570,1,25,151
47469,45508,1552,1,45,
47470,45508,1554,2,145,
47471,45509,1547,3,420,149
47472,45509,1562,1,40,149
47473,45509,1561,1,210,149
47474,45510,1551,3,0,144
47475,45510,1568,2,640,144
47476,45511,1550,2,0,148
47477,45511,1547,1,420,148
47478,45511,1552,1,45,148
47479,45512,1556,2,70,149
47480,45513,1556,1,70,143
47481,45513,1555,3,220,143
47482,45513,1569,3,0,143
47483,45514,1557,1,115,150
47484,45515,1559,1,89,152
47485,45516,1561,3,210,
47486,45516,1546,2,260,
47487,45516,1553,2,310,
47488,45516,1565,3,45,
47489,45516,1558,3,95,
47490,45517,1542,1,35,143
47491,45517,1544,2,120,143
47492,45517,1550,3,0,143
47493,45517,1552,3,45,143
47494,45517,1570,3,25,143
47495,45518,1541,1,85,151
47496,45518,1554,3,145,151
47497,45518,1554,1,145,151
47498,45518,1560,1,15,151
47499,45518,1556,3,70,151
47500,45519,1550,1,0,148
47501,45519,1568,2,640,148
47502,45519,1544,1,120,148
47503,45519,1548,2,180,148
47504,45519,1566,3,30,148
47505,45520,1544,1,120,152
47506,45521,1546,1,260,141
47507,45521,1571,2,30,141
47508,45521,1568,2,640,141
47509,45521,1544,1,120,141
47510,45521,1552,2,45,141
47511,45522,1547,3,420,145
47512,45522,1548,1,180,145
47513,45523,1549,2,55,146
47514,45523,1566,3,30,146
47515,45524,1549,3,55,
47516,45524,1544,3,120,
47517,45524,1569,2,0,
47518,45524,1564,3,0,
47519,45524,1550,3,0,
47520,45525,1563,1,150,142
47521,45525,1570,2,25,142
47522,45525,1567,1,360,142
47523,45525,1566,1,30,142
47524,45525,1548,2,180,142
47525,45526,1551,1,0,148
47526,45526,1570,2,25,148
47527,45527,1553,3,310,149
47528,45527,1562,3,40,149
47529,45527,1568,1,640,149
47530,45527,1557,3,115,149
47531,45527,1562,2,40,149
47532,45528,1544,2,120,143
47533,45529,1564,2,0,149
47534,45529,1546,2,260,149
47535,45529,1562,3,40,149
47536,45529,1542,2,35,149
47537,45529,1567,1,360,149
47538,45530,1554,3,145,149
47539,45530,1570,2,25,149
47540,45530,1565,3,45,149
47541,45530,1558,2,95,149
47542,45531,1560,2,15,144
47543,45531,1544,2,120,144
47544,45531,1544,3,120,144
47545,45531,1555,1,220,144
47546,45531,1571,2,30,144
47547,45532,1545,1,95,
47548,45532,1541,2,85,
47549,45532,1554,2,145,
47550,45532,1570,2,25,
47551,45532,1555,3,220,
47552,45533,1559,2,89,150
47553,45533,1561,1,210,150
47554,45534,1554,2,145,147
47555,45534,1563,2,150,147
47556,45534,1571,1,30,147
47557,45534,1565,3,45,147
47558,45535,1548,1,180,142
47559,45535,1566,2,30,142
47560,45535,1555,3,220,142
47561,45536,1555,1,220,142
47562,45536,1541,2,85,142
47563,45536,1559,3,89,142
47564,45536,1546,2,260,142
47565,45537,1541,2,85,143
47566,45537,1566,2,30,143
47567,45537,1569,3,0,143
47568,45538,1569,2,0,147
47569,45539,1564,2,0,148
47570,45539,1551,3,0,148
47571,45540,1561,2,210,
47572,45540,1572,1,20,
47573,45541,1560,3,15,148
47574,45541,1541,2,85,148
47575,45541,1566,1,30,148
47576,45541,1559,2,89,148
47577,45542,1557,3,115,148
47578,45542,1551,1,0,148
47579,45542,1567,3,360,148
47580,45542,1544,3,120,148
47581,45543,1553,1,310,141
47582,45543,1551,3,0,141
47583,45543,1542,3,35,141
47584,45543,1554,1,145,141
47585,45543,1556,2,70,141
47586,45544,1569,1,0,141
47587,45544,1550,2,0,141
47588,45544,1546,1,260,141
47589,45545,1548,2,180,151
47590,45545,1552,2,45,151
47591,45546,1553,2,310,144
47592,45546,1556,3,70,144
47593,45547,1566,3,30,141
47594,45547,1572,3,20,141
47595,45548,1559,3,89,
47596,45549,1548,1,180,150
47597,45550,1562,1,40,148
47598,45550,1551,1,0,148
47599,45550,1547,2,420,148
47600,45551,1558,2,95,141
47601,45552,1572,3,20,151
47602,45552,1557,3,115,151
47603,45553,1545,3,95,143
47604,45553,1547,3,420,143
47605,45553,1564,2,0,143
47606,45553,1564,3,0,143
47607,45553,1554,2,145,143
47608,45554,1559,3,89,149
47609,45555,1554,2,145,148
47610,45555,1561,2,210,148
47611,45555,1568,1,640,148
47612,45555,1572,3,20,148
47613,45555,1550,1,0,148
47614,45556,1565,2,45,
47615,45556,1572,3,20,
47616,45556,1566,3,30,
47617,45556,1544,1,120,
47618,45557,1567,1,360,148
47619,45557,1553,1,310,148
47620,45558,1562,1,40,148
47621,45559,1564,1,0,143
47622,45559,1547,3,420,143
47623,45559,1543,3,25,143
47624,45559,1543,1,25,143
47625,45560,1571,2,30,142
47626,45560,1570,2,25,142
47627,45560,1551,3,0,142
47628,45561,1555,3,220,141
47629,45561,1548,3,180,141
47630,45562,1541,2,85,147
47631,45562,1554,2,145,147
47632,45562,1544,3,120,147
47633,45562,1541,2,85,147
47634,45563,1571,1,30,150
47635,45563,1541,1,85,150
47636,45563,1546,3,260,150
47637,45563,1571,3,30,150
47638,45563,1545,2,95,150
47639,45564,1572,2,20,
47640,45564,1549,3,55,
47641,45565,1555,1,220,144
47642,45565,1551,3,0,144
47643,45566,1543,3,25,142
47644,45567,1548,2,180,143
47645,45567,1562,3,40,143
47646,45567,1564,3,0,143
47647,45567,1553,3,310,143
47648,45568,1551,2,0,142
47649,45568,1541,1,85,142
47650,45568,1548,2,180,142
47651,45569,1567,3,360,151
47652,45569,1560,2,15,151
47653,45569,1562,3,40,151
47654,45569,1568,2,640,151
47655,45570,1546,1,260,141
47656,45570,1556,2,70,141
47657,45570,1557,3,115,141
47658,45570,1541,2,85,141
47659,45570,1561,2,210,141
47660,45571,1545,1,95,146
47661,45571,1545,2,95,146
47662,45571,1544,1,120,146
47663,45571,1548,3,180,146
47664,45572,1571,3,30,
47665,45573,1549,1,55,141
47666,45573,1570,1,25,141
47667,45574,1555,2,220,145
47668,45575,1563,1,150,146
47669,45575,1545,2,95,146
47670,45575,1570,1,25,146
47671,45576,1561,2,210,152
47672,45576,1570,2,25,152
47673,45576,1548,3,180,152
47674,45576,1570,3,25,152
47675,45576,1544,2,120,152
47676,45577,1570,3,25,148
47677,45577,1567,1,360,148
47678,45577,1561,1,210,148
47679,45577,1567,3,360,148
47680,45577,1550,1,0,148
47681,45578,1568,3,640,151
47682,45578,1567,1,360,151
47683,45578,1569,1,0,151
47684,45578,1571,3,30,151
47685,45578,1542,1,35,151
47686,45579,1549,3,55,147
47687,45579,1561,1,210,147
47688,45580,1559,1,89,
47689,45580,1541,1,85,
47690,45580,1552,2,45,
47691,45581,1541,3,85,142
47692,45581,1569,1,0,142
47693,45581,1562,3,40,142
47694,45581,1547,3,420,142
47695,45582,1564,3,0,148
47696,45582,1566,1,30,148
47697,45582,1545,3,95,148
47698,45583,1556,1,70,148
47699,45583,1564,2,0,148
47700,45583,1551,2,0,148
47701,45584,1570,3,25,145
47702,45584,1554,3,145,145
47703,45584,1551,3,0,145
47704,45584,1546,2,260,145
47705,45585,1554,3,145,142
47706,45585,1551,3,0,142
47707,45586,1552,1,45,150
47708,45586,1555,3,220,150
47709,45586,1546,2,260,150
47710,45586,1554,1,145,150
47711,45586,1561,3,210,150
47712,45587,1542,1,35,146
47713,45587,1548,1,180,146
47714,45587,1550,2,0,146
47715,45587,1563,3,150,146
47716,45587,1543,3,25,146
47717,45588,1546,1,260,
47718,45588,1548,2,180,
47719,45588,1552,1,45,
47720,45589,1545,3,95,147
47721,45589,1548,1,180,147
47722,45590,1571,1,30,151
47723,45590,1562,2,40,151
47724,45590,1560,2,15,151
47725,45591,1560,1,15,142
47726,45591,1552,2,45,142
47727,45592,1566,2,30,151
47728,45592,1563,3,150,151
47729,45593,1548,1,180,141
47730,45593,1547,3,420,141
47731,45594,1542,2,35,141
47732,45594,1542,2,35,141
47733,45594,1571,1,30,141
47734,45595,1559,3,89,148
47735,45595,1552,1,45,148
47736,45595,1569,2,0,148
47737,45596,1546,1,260,
47738,45596,1542,2,35,
47739,45596,1570,3,25,
47740,45597,1553,1,310,149
47741,45597,1543,2,25,149
47742,45597,1545,1,95,149
47743,45597,1547,3,420,149
47744,45597,1556,3,70,149
47745,45598,1545,2,95,142
47746,45598,1548,3,180,142
47747,45598,1544,2,120,142
47748,45598,1557,2,115,142
47749,45599,1543,1,25,150
47750,45599,1561,1,210,150
47751,45599,1550,3,0,150
47752,45599,1569,1,0,150
47753,45599,1562,1,40,150
47754,45600,1543,3,25,144
47755,45600,1568,3,640,144
47756,45600,1566,3,30,144
47757,45601,1568,2,640,152
47758,45602,1551,3,0,150
47759,45603,1544,2,120,144
47760,45603,1568,3,640,144
47761,45603,1549,3,55,144
47762,45603,1560,2,15,144
47763,45604,1566,2,30,
47764,45605,1570,1,25,141
47765,45606,1541,1,85,143
47766,45606,1545,1,95,143
47767,45606,1567,2,360,143
47768,45606,1565,2,45,143
47769,45606,1562,3,40,143
47770,45607,1548,1,180,143
47771,45607,1558,2,95,143
47772,45607,1547,1,420,143
47773,45608,1552,1,45,151
47774,45608,1557,2,115,151
47775,45608,1561,1,210,151
47776,45608,1566,1,30,151
47777,45608,1547,1,420,151
47778,45609,1564,1,0,141
47779,45609,1566,2,30,141
47780,45609,1563,1,150,141
47781,45609,1566,1,30,141
47782,45609,1556,2,70,141
47783,45610,1549,1,55,150
47784,45610,1568,3,640,150
47785,45610,1552,1,45,150
47786,45611,1557,1,115,150
47787,45611,1545,3,95,150
47788,45611,1555,1,220,150
47789,45611,1566,3,30,150
47790,45611,1557,1,115,150
47791,45612,1549,3,55,
47792,45612,1549,2,55,
47793,45613,1571,2,30,141
47794,45614,1551,2,0,141
47795,45614,1571,3,30,141
47796,45615,1543,3,25,146
47797,45615,1568,2,640,146
47798,45615,1558,1,95,146
47799,45615,1564,2,0,146
47800,45615,1565,3,45,146
47801,45616,1561,1,210,144
47802,45616,1558,1,95,144
47803,45617,1541,3,85,152
47804,45617,1553,2,310,152
47805,45618,1570,3,25,147
47806,45618,1566,3,30,147
47807,45618,1545,2,95,147
47808,45618,1543,3,25,147
47809,45619,1564,3,0,144
47810,45620,1561,3,210,
47811,45620,1551,3,0,
47812,45620,1559,2,89,
47813,45620,1549,2,55,
47814,45620,1563,1,150,
47815,45621,1548,3,180,151
47816,45621,1548,3,180,151
47817,45621,1545,1,95,151
47818,45622,1564,3,0,149
47819,45622,1569,1,0,149
47820,45623,1557,2,115,147
47821,45623,1557,3,115,147
47822,45623,1560,2,15,147
47823,45623,1543,1,25,147
47824,45623,1545,3,95,147
47825,45624,1572,2,20,145
47826,45624,1562,3,40,145
47827,45624,1541,3,85,145
47828,45625,1544,2,120,147
47829,45625,1572,1,20,147
47830,45626,1562,3,40,146
47831,45626,1546,1,260,146
47832,45626,1555,3,220,146
47833,45626,1542,2,35,146
47834,45626,1560,1,15,146
47835,45627,1572,2,20,151
47836,45627,1551,1,0,151
47837,45627,1566,2,30,151
47838,45628,1544,2,120,
47839,45628,1558,1,95,
47840,45628,1551,2,0,
47841,45628,1553,1,310,
47842,45628,1542,3,35,
47843,45629,1554,1,145,145
47844,45629,1551,3,0,145
47845,45629,1552,3,45,145
47846,45630,1547,1,420,144
47847,45630,1544,2,120,144
47848,45630,1562,3,40,144
47849,45630,1557,2,115,144
47850,45631,1541,3,85,142
47851,45631,1560,1,15,142
47852,45631,1566,3,30,142
47853,45632,1571,2,30,146
47854,45632,1550,3,0,146
47855,45632,1561,3,210,146
47856,45632,1557,3,115,146
47857,45632,1562,1,40,146
47858,45633,1553,2,310,147
47859,45633,1566,3,30,147
47860,45633,1559,2,89,147
47861,45633,1570,3,25,147
47862,45633,1555,2,220,147
47863,45634,1541,1,85,144
47864,45634,1555,1,220,144
47865,45635,1552,3,45,143
47866,45635,1551,3,0,143
47867,45635,1561,1,210,143
47868,45635,1565,1,45,143
47869,45636,1553,3,310,
47870,45636,1550,2,0,
47871,45636,1570,1,25,
47872,45637,1553,3,310,150
47873,45637,1566,3,30,150
47874,45637,1546,1,260,150
47875,45637,1542,3,35,150
47876,45638,1549,3,55,142
47877,45638,1549,3,55,142
47878,45638,1571,3,30,142
47879,45639,1543,1,25,144
47880,45639,1561,2,210,144
47881,45639,1558,3,95,144
47882,45639,1555,3,220,144
47883,45640,1560,1,15,147
47884,45640,1544,2,120,147
47885,45640,1556,3,70,147
47886,45641,1567,2,360,145
47887,45641,1568,3,640,145
47888,45641,1563,3,150,145
47889,45641,1569,1,0,145
47890,45641,1550,2,0,145
47891,45642,1566,1,30,141
47892,45642,1572,3,20,141
47893,45642,1550,1,0,141
47894,45642,1543,2,25,141
47895,45643,1552,2,45,141
47896,45643,1542,3,35,141
47897,45643,1545,1,95,141
47898,45644,1572,1,20,
47899,45644,1565,1,45,
47900,45644,1568,1,640,
47901,45645,1571,2,30,148
47902,45645,1544,3,120,148
47903,45646,1541,1,85,147
47904,45646,1571,2,30,147
47905,45646,1571,1,30,147
47906,45646,1557,3,115,147
47907,45646,1565,1,45,147
47908,45647,1557,2,115,148
47909,45647,1568,1,640,148
47910,45647,1564,1,0,148
47911,45647,1541,2,85,148
47912,45647,1548,3,180,148
47913,45648,1558,1,95,148
47914,45648,1565,3,45,148
47915,45649,1545,3,95,151
47916,45649,1558,2,95,151
47917,45649,1554,2,145,151
47918,45650,1557,3,115,149
47919,45650,1556,3,70,149
47920,45650,1571,3,30,149
47921,45651,1550,1,0,143
47922,45652,1571,2,30,
47923,45652,1557,1,115,
47924,45652,1543,2,25,
47925,45652,1547,3,420,
47926,45653,1546,3,260,147
47927,45653,1554,2,145,147
47928,45653,1555,2,220,147
47929,45653,1567,2,360,147
47930,45654,1561,1,210,142
47931,45654,1572,1,20,142
47932,45654,1543,1,25,142
47933,45654,1542,1,35,142
47934,45655,1571,2,30,147
47935,45655,1562,2,40,147
47936,45655,1560,1,15,147
47937,45655,1568,3,640,147
47938,45655,1565,1,45,147
47939,45656,1571,3,30,151
47940,45656,1555,3,220,151
47941,45657,1570,3,25,142
47942,45657,1547,3,420,142
47943,45658,1557,1,115,143
47944,45658,1542,1,35,143
47945,45659,1570,2,25,149
47946,45659,1552,2,45,149
47947,45659,1548,3,180,149
47948,45660,1561,2,210,
47949,45660,1569,2,0,
47950,45660,1567,2,360,
47951,45661,1558,2,95,148
47952,45661,1554,1,145,148
47953,45661,1550,3,0,148
47954,45661,1555,3,220,148
47955,45662,1546,2,260,152
47956,45663,1551,3,0,143
47957,45663,1572,2,20,143
47958,45664,1547,3,420,152
47959,45665,1568,1,640,143
47960,45665,1565,1,45,143
47961,45665,1563,1,150,143
47962,45665,1547,1,420,143
47963,45666,1548,2,180,148
47964,45666,1572,3,20,148
47965,45666,1572,2,20,148
47966,45667,1554,1,145,143
47967,45668,1572,2,20,
47968,45668,1557,2,115,
47969,45668,1561,1,210,
47970,45668,1549,2,55,
47971,45669,1546,2,260,146
47972,45669,1572,1,20,146
47973,45669,1552,1,45,146
47974,45669,1554,3,145,146
47975,45670,1562,3,40,149
47976,45670,1546,2,260,149
47977,45671,1563,3,150,152
47978,45671,1560,1,15,152
47979,45672,1551,3,0,147
47980,45673,1544,3,120,152
47981,45673,1545,1,95,152
47982,45673,1565,1,45,152
47983,45673,1570,3,25,152
47984,45674,1572,1,20,142
47985,45674,1556,1,70,142
47986,45674,1542,2,35,142
47987,45674,1546,3,260,142
47988,45674,1570,1,25,142
47989,45675,1559,2,89,152
47990,45675,1561,1,210,152
47991,45676,1563,1,150,
47992,45676,1566,1,30,
47993,45677,1561,2,210,145
47994,45677,1552,3,45,145
47995,45678,1553,2,310,142
47996,45678,1572,1,20,142
47997,45678,1560,1,15,142
47998,45678,1561,1,210,142
47999,45679,1568,1,640,151
48000,45680,1551,3,0,143
48001,45680,1556,2,70,143
48002,45680,1544,2,120,143
48003,45681,1554,1,145,141
48004,45681,1541,1,85,141
48005,45682,1558,2,95,146
48006,45682,1570,1,25,146
48007,45683,1569,3,0,142
48008,45683,1548,2,180,142
48009,45683,1561,2,210,142
48010,45683,1557,2,115,142
48011,45683,1558,1,95,142
48012,45684,1554,2,145,
48013,45684,1544,3,120,
48014,45684,1560,1,15,
48015,45684,1548,2,180,
48016,45684,1571,1,30,
48017,45685,1562,3,40,145
48018,45685,1559,2,89,145
48019,45686,1553,3,310,145
48020,45686,1559,1,89,145
48021,45686,1545,1,95,145
48022,45687,1545,3,95,151
48023,45687,1567,3,360,151
48024,45688,1562,1,40,144
48025,45688,1565,3,45,144
48026,45688,1571,2,30,144
48027,45688,1565,3,45,144
48028,45689,1557,2,115,143
48029,45689,1552,2,45,143
48030,45689,1553,1,310,143
48031,45690,1570,1,25,143
48032,45690,1569,1,0,143
48033,45690,1541,3,85,143
48034,45690,1549,3,55,143
48035,45691,1563,2,150,148
48036,45691,1554,2,145,148
48037,45691,1554,1,145,148
48038,45691,1570,1,25,148
48039,45691,1549,1,55,148
48040,45692,1544,1,120,
48041,45692,1561,3,210,
48042,45693,1566,2,30,147
48043,45693,1546,3,260,147
48044,45693,1561,3,210,147
48045,45693,1568,3,640,147
48046,45694,1554,3,145,146
48047,45694,1550,2,0,146
48048,45694,1564,3,0,146
48049,45695,1568,3,640,152
48050,45695,1565,3,45,152
48051,45695,1566,2,30,152
48052,45695,1563,1,150,152
48053,45695,1567,3,360,152
48054,45696,1570,3,25,150
48055,45697,1568,1,640,150
48056,45697,1566,3,30,150
48057,45697,1570,3,25,150
48058,45697,1545,3,95,150
48059,45698,1553,3,310,152
48060,45698,1559,1,89,152
48061,45698,1566,3,30,152
48062,45699,1557,3,115,147
48063,45699,1572,2,20,147
48064,45699,1565,3,45,147
48065,45699,1558,2,95,147
48066,45700,1569,1,0,
48067,45700,1562,3,40,
48068,45700,1570,2,25,
48069,45700,1547,3,420,
48070,45700,1551,2,0,
48071,45701,1548,2,180,142
48072,45701,1564,3,0,142
48073,45701,1562,2,40,142
48074,45701,1549,1,55,142
48075,45702,1546,2,260,141
48076,45702,1556,1,70,141
48077,45703,1548,3,180,143
48078,45703,1557,2,115,143
48079,45704,1572,1,20,146
48080,45704,1562,2,40,146
48081,45705,1542,2,35,143
48082,45705,1557,1,115,143
48083,45705,1542,1,35,143
48084,45705,1560,1,15,143
48085,45705,1543,3,25,143
48086,45706,1542,2,35,150
48087,45706,1569,1,0,150
48088,45707,1555,1,220,142
48089,45707,1569,2,0,142
48090,45707,1570,2,25,142
48091,45707,1563,3,150,142
48092,45707,1544,1,120,142
48093,45708,1572,3,20,
48094,45708,1569,2,0,
48095,45708,1569,1,0,
48096,45708,1569,1,0,
48097,45708,1553,3,310,
48098,45709,1564,1,0,149
48099,45709,1542,3,35,149
48100,45709,1559,2,89,149
48101,45709,1564,2,0,149
48102,45709,1569,1,0,149
48103,45710,1558,3,95,150
48104,45710,1564,2,0,150
48105,45710,1554,2,145,150
48106,45711,1571,3,30,152
48107,45711,1553,3,310,152
48108,45711,1569,2,0,152
48109,45712,1567,3,360,152
48110,45712,1563,3,150,152
48111,45712,1567,2,360,152
48112,45713,1571,1,30,145
48113,45713,1542,3,35,145
48114,45713,1553,1,310,145
48115,45714,1563,2,150,146
48116,45714,1562,1,40,146
48117,45715,1545,3,95,145
48118,45715,1546,1,260,145
48119,45715,1544,2,120,145
48120,45715,1572,1,20,145
48121,45715,1571,2,30,145
48122,45716,1565,1,45,
48123,45716,1541,2,85,
48124,45716,1565,3,45,
48125,45716,1550,2,0,
48126,45717,1564,3,0,148
48127,45717,1567,3,360,148
48128,45718,1566,3,30,144
48129,45718,1571,1,30,144
48130,45719,1558,3,95,146
48131,45719,1562,1,40,146
48132,45719,1544,2,120,146
48133,45719,1564,2,0,146
48134,45720,1557,1,115,149
48135,45720,1555,2,220,149
48136,45721,1545,1,95,151
48137,45722,1572,1,20,142
48138,45722,1555,1,220,142
48139,45723,1563,3,150,152
48140,45723,1560,1,15,152
48141,45723,1545,2,95,152
48142,45723,1553,3,310,152
48143,45724,1547,1,420,
48144,45724,1568,1,640,
48145,45724,1547,3,420,
48146,45725,1543,2,25,150
48147,45725,1569,1,0,150
48148,45725,1556,1,70,150
48149,45725,1570,3,25,150
48150,45726,1571,1,30,146
48151,45726,1555,2,220,146
48152,45726,1561,1,210,146
48153,45727,1561,3,210,142
48154,45728,1571,2,30,141
48155,45728,1558,1,95,141
48156,45728,1557,3,115,141
48157,45729,1557,1,115,143
48158,45729,1552,2,45,143
48159,45730,1549,1,55,141
48160,45730,1547,2,420,141
48161,45731,1543,1,25,151
48162,45731,1569,3,0,151
48163,45731,1551,1,0,151
48164,45732,1562,3,40,
48165,45732,1563,2,150,
48166,45732,1559,2,89,
48167,45733,1572,1,20,143
48168,45733,1567,2,360,143
48169,45733,1556,1,70,143
48170,45734,1554,1,145,147
48171,45734,1566,3,30,147
48172,45734,1554,1,145,147
48173,45734,1572,2,20,147
48174,45734,1565,1,45,147
48175,45735,1564,2,0,143
48176,45736,1572,3,20,141
48177,45736,1562,1,40,141
48178,45736,1569,1,0,141
48179,45736,1552,3,45,141
48180,45737,1570,3,25,150
48181,45737,1551,3,0,150
48182,45737,1544,3,120,150
48183,45737,1563,3,150,150
48184,45737,1551,3,0,150
48185,45738,1555,3,220,146
48186,45739,1556,2,70,143
48187,45739,1568,2,640,143
48188,45740,1563,2,150,
48189,45740,1567,1,360,
48190,45740,1557,2,115,
48191,45740,1542,2,35,
48192,45741,1541,3,85,151
48193,45741,1547,3,420,151
48194,45742,1567,1,360,143
48195,45742,1544,1,120,143
48196,45742,1557,3,115,143
48197,45743,1548,2,180,142
48198,45743,1562,3,40,142
48199,45744,1556,2,70,146
48200,45744,1542,1,35,146
48201,45744,1557,3,115,146
48202,45745,1570,3,25,150
48203,45745,1553,2,310,150
48204,45745,1566,3,30,150
48205,45746,1569,1,0,143
48206,45746,1546,3,260,143
48207,45746,1553,3,310,143
48208,45746,1553,2,310,143
48209,45746,1558,3,95,143
48210,45747,1570,1,25,143
48211,45747,1572,1,20,143
48212,45747,1543,2,25,143
48213,45747,1572,2,20,143
48214,45747,1572,1,20,143
48215,45748,1570,2,25,
48216,45748,1545,1,95,
48217,45748,1568,1,640,
48218,45749,1546,1,260,150
48219,45749,1569,3,0,150
48220,45749,1545,2,95,150
48221,45750,1542,3,35,150
48222,45751,1541,2,85,143
48223,45751,1549,2,55,143
48224,45751,1568,3,640,143
48225,45751,1548,1,180,143
48226,45752,1559,1,89,144
48227,45753,1559,2,89,149
48228,45754,1548,2,180,147
48229,45755,1542,2,35,141
48230,45755,1543,3,25,141
48231,45755,1571,1,30,141
48232,45755,1556,1,70,141
48233,45755,1554,1,145,141
48234,45756,1561,3,210,
48235,45756,1570,2,25,
48236,45757,1556,1,70,149
48237,45757,1545,1,95,149
48238,45757,1551,3,0,149
48239,45757,1558,3,95,149
48240,45757,1547,2,420,149
48241,45758,1558,1,95,142
48242,45758,1552,3,45,142
48243,45758,1570,2,25,142
48244,45758,1571,2,30,142
48245,45758,1564,3,0,142
48246,45759,1553,3,310,145
48247,45759,1570,3,25,145
48248,45759,1554,1,145,145
48249,45760,1562,3,40,152
48250,45760,1543,1,25,152
48251,45760,1554,1,145,152
48252,45760,1544,3,120,152
48253,45761,1569,1,0,148
48254,45762,1556,3,70,150
48255,45762,1570,3,25,150
48256,45762,1563,3,150,150
48257,45762,1560,3,15,150
48258,45763,1550,2,0,146
48259,45763,1559,3,89,146
48260,45763,1563,1,150,146
48261,45764,1555,2,220,
48262,45764,1561,1,210,
48263,45764,1572,1,20,
48264,45764,1543,1,25,
48265,45764,1543,1,25,
48266,45765,1570,2,25,149
48267,45765,1545,2,95,149
48268,45765,1550,3,0,149
48269,45765,1562,2,40,149
48270,45766,1550,3,0,146
48271,45767,1552,1,45,151
48272,45767,1556,2,70,151
48273,45767,1551,1,0,151
48274,45767,1545,2,95,151
48275,45768,1547,2,420,143
48276,45768,1561,1,210,143
48277,45768,1552,3,45,143
48278,45768,1541,1,85,143
48279,45769,1567,1,360,143
48280,45769,1571,1,30,143
48281,45769,1544,1,120,143
48282,45769,1559,1,89,143
48283,45769,1561,2,210,143
48284,45770,1556,3,70,146
48285,45771,1572,2,20,145
48286,45772,1548,1,180,
48287,45772,1546,3,260,
48288,45772,1550,2,0,
48289,45772,1571,3,30,
48290,45772,1567,2,360,
48291,45773,1569,1,0,144
48292,45773,1562,3,40,144
48293,45773,1571,2,30,144
48294,45774,1557,3,115,144
48295,45774,1549,3,55,144
48296,45774,1568,2,640,144
48297,45774,1566,3,30,144
48298,45774,1557,2,115,144
48299,45775,1559,1,89,150
48300,45776,1561,1,210,145
48301,45776,1546,1,260,145
48302,45776,1546,1,260,145
48303,45777,1572,2,20,144
48304,45777,1571,3,30,144
48305,45777,1569,3,0,144
48306,45778,1559,1,89,150
48307,45778,1554,3,145,150
48308,45778,1569,2,0,150
48309,45779,1569,3,0,143
48310,45779,1564,2,0,143
48311,45779,1545,1,95,143
48312,45779,1553,1,310,143
48313,45779,1555,3,220,143
48314,45780,1547,2,420,
48315,45780,1567,3,360,
48316,45780,1561,1,210,
48317,45780,1563,2,150,
48318,45781,1541,1,85,143
48319,45781,1544,3,120,143
48320,45781,1561,1,210,143
48321,45782,1570,1,25,143
48322,45783,1558,3,95,146
48323,45783,1564,1,0,146
48324,45783,1550,1,0,146
48325,45783,1550,3,0,146
48326,45784,1572,3,20,144
48327,45784,1544,2,120,144
48328,45784,1553,1,310,144
48329,45785,1544,3,120,143
48330,45785,1545,3,95,143
48331,45785,1553,1,310,143
48332,45786,1548,2,180,150
48333,45786,1557,3,115,150
48334,45786,1564,1,0,150
48335,45786,1562,2,40,150
48336,45787,1557,2,115,142
48337,45787,1568,3,640,142
48338,45787,1551,1,0,142
48339,45788,1561,1,210,
48340,45788,1558,3,95,
48341,45788,1560,3,15,
48342,45788,1544,1,120,
48343,45789,1549,3,55,141
48344,45789,1554,3,145,141
48345,45789,1566,1,30,141
48346,45789,1551,3,0,141
48347,45790,1546,1,260,146
48348,45791,1567,3,360,144
48349,45791,1555,2,220,144
48350,45791,1547,3,420,144
48351,45792,1554,3,145,141
48352,45793,1551,1,0,148
48353,45793,1565,2,45,148
48354,45793,1561,2,210,148
48355,45793,1563,1,150,148
48356,45793,1555,2,220,148
48357,45794,1549,3,55,144
48358,45794,1559,1,89,144
48359,45794,1553,2,310,144
48360,45795,1546,1,260,150
48361,45795,1561,2,210,150
48362,45796,1546,3,260,
48363,45796,1568,1,640,
48364,45796,1562,2,40,
48365,45796,1558,3,95,
48366,45797,1546,3,260,149
48367,45798,1568,1,640,143
48368,45798,1563,1,150,143
48369,45799,1555,1,220,148
48370,45799,1567,2,360,148
48371,45799,1541,1,85,148
48372,45799,1567,2,360,148
48373,45800,1551,1,0,141
48374,45800,1562,3,40,141
48375,45800,1563,1,150,141
48376,45800,1558,2,95,141
48377,45801,1546,2,260,152
48378,45802,1547,3,420,143
48379,45802,1572,1,20,143
48380,45803,1559,3,89,149
48381,45803,1547,3,420,149
48382,45804,1562,3,40,
48383,45805,1572,1,20,143
48384,45805,1556,2,70,143
48385,45805,1569,3,0,143
48386,45805,1568,2,640,143
48387,45806,1559,3,89,151
48388,45806,1568,3,640,151
48389,45806,1565,3,45,151
48390,45807,1552,1,45,141
48391,45807,1563,2,150,141
48392,45808,1564,1,0,143
48393,45808,1556,3,70,143
48394,45808,1543,1,25,143
48395,45808,1558,1,95,143
48396,45809,1546,1,260,151
48397,45810,1544,3,120,149
48398,45810,1551,2,0,149
48399,45810,1554,1,145,149
48400,45811,1559,1,89,145
48401,45812,1566,3,30,
48402,45812,1546,3,260,
48403,45812,1548,3,180,
48404,45813,1553,2,310,152
48405,45814,1567,2,360,146
48406,45815,1564,3,0,143
48407,45816,1568,1,640,152
48408,45816,1552,2,45,152
48409,45816,1558,3,95,152
48410,45816,1562,2,40,152
48411,45817,1557,2,115,151
48412,45817,1569,1,0,151
48413,45818,1548,3,180,146
48414,45818,1563,2,150,146
48415,45818,1560,1,15,146
48416,45818,1548,3,180,146
48417,45818,1552,1,45,146
48418,45819,1556,2,70,150
48419,45819,1569,3,0,150
48420,45820,1563,1,150,
48421,45820,1553,3,310,
48422,45820,1544,1,120,
48423,45820,1548,1,180,
48424,45821,1556,3,70,152
48425,45822,1563,1,150,141
48426,45823,1541,2,85,145
48427,45823,1544,3,120,145
48428,45823,1564,3,0,145
48429,45823,1557,2,115,145
48430,45823,1542,3,35,145
48431,45824,1554,1,145,144
48432,45824,1561,1,210,144
48433,45824,1559,1,89,144
48434,45824,1571,3,30,144
48435,45824,1543,1,25,144
48436,45825,1564,2,0,147
48437,45825,1559,3,89,147
48438,45825,1545,3,95,147
48439,45825,1544,1,120,147
48440,45826,1558,3,95,146
48441,45827,1555,2,220,148
48442,45827,1560,2,15,148
48443,45827,1559,2,89,148
48444,45828,1569,2,0,
48445,45828,1559,1,89,
48446,45828,1568,1,640,
48447,45828,1550,1,0,
48448,45828,1561,1,210,
48449,45829,1543,1,25,142
48450,45829,1553,1,310,142
48451,45829,1554,2,145,142
48452,45829,1564,2,0,142
48453,45830,1548,1,180,150
48454,45830,1557,3,115,150
48455,45830,1548,3,180,150
48456,45830,1546,2,260,150
48457,45830,1552,3,45,150
48458,45831,1558,1,95,150
48459,45832,1555,2,220,147
48460,45832,1565,1,45,147
48461,45832,1565,3,45,147
48462,45833,1553,1,310,141
48463,45833,1549,3,55,141
48464,45834,1564,1,0,151
48465,45834,1545,2,95,151
48466,45835,1551,1,0,148
48467,45835,1569,1,0,148
48468,45835,1543,1,25,148
48469,45835,1570,2,25,148
48470,45836,1553,2,310,
48471,45836,1571,2,30,
48472,45836,1549,1,55,
48473,45836,1555,1,220,
48474,45836,1547,3,420,
48475,45837,1565,2,45,147
48476,45837,1566,3,30,147
48477,45837,1561,1,210,147
48478,45838,1564,2,0,151
48479,45838,1542,2,35,151
48480,45838,1550,3,0,151
48481,45838,1572,2,20,151
48482,45839,1567,3,360,149
48483,45839,1558,1,95,149
48484,45839,1566,1,30,149
48485,45839,1560,2,15,149
48486,45839,1552,2,45,149
48487,45840,1551,2,0,141
48488,45840,1555,2,220,141
48489,45840,1565,3,45,141
48490,45840,1569,3,0,141
48491,45840,1570,3,25,141
48492,45841,1549,2,55,145
48493,45841,1551,3,0,145
48494,45842,1547,1,420,142
48495,45842,1547,2,420,142
48496,45843,1551,1,0,147
48497,45844,1550,1,0,
48498,45844,1563,3,150,
48499,45844,1542,2,35,
48500,45844,1548,2,180,
48501,45844,1542,2,35,
48502,45845,1557,3,115,152
48503,45846,1555,1,220,144
48504,45846,1549,3,55,144
48505,45847,1566,3,30,152
48506,45848,1555,3,220,147
48507,45848,1567,3,360,147
48508,45848,1566,1,30,147
48509,45848,1551,2,0,147
48510,45849,1569,1,0,145
48511,45850,1562,3,40,149
48512,45850,1561,2,210,149
48513,45850,1565,3,45,149
48514,45851,1545,3,95,141
48515,45851,1565,1,45,141
48516,45851,1551,2,0,141
48517,45851,1542,2,35,141
48518,45851,1563,1,150,141
48519,45852,1554,2,145,
48520,45852,1572,2,20,
48521,45852,1565,3,45,
48522,45852,1572,2,20,
48523,45853,1565,3,45,141
48524,45854,1562,2,40,144
48525,45854,1562,1,40,144
48526,45854,1564,2,0,144
48527,45854,1560,2,15,144
48528,45854,1553,3,310,144
48529,45855,1551,1,0,146
48530,45855,1541,3,85,146
48531,45855,1553,1,310,146
48532,45855,1571,1,30,146
48533,45856,1546,2,260,148
48534,45857,1559,3,89,151
48535,45857,1565,3,45,151
48536,45858,1564,1,0,151
48537,45858,1550,2,0,151
48538,45858,1558,2,95,151
48539,45858,1565,1,45,151
48540,45859,1558,2,95,146
48541,45860,1568,1,640,
48542,45860,1556,1,70,
48543,45860,1562,1,40,
48544,45860,1572,2,20,
48545,45861,1558,3,95,143
48546,45861,1572,2,20,143
48547,45862,1556,1,70,149
48548,45862,1546,1,260,149
48549,45862,1552,1,45,149
48550,45863,1556,1,70,142
48551,45863,1554,3,145,142
48552,45863,1548,3,180,142
48553,45864,1559,3,89,146
48554,45865,1541,3,85,141
48555,45865,1550,2,0,141
48556,45865,1565,3,45,141
48557,45865,1544,1,120,141
48558,45865,1567,1,360,141
48559,45866,1557,3,115,143
48560,45866,1570,2,25,143
48561,45867,1571,1,30,142
48562,45867,1559,1,89,142
48563,45867,1564,3,0,142
48564,45867,1558,1,95,142
48565,45867,1565,1,45,142
48566,45868,1561,1,210,
48567,45868,1567,1,360,
48568,45869,1552,3,45,151
48569,45869,1549,2,55,151
48570,45870,1570,1,25,149
48571,45871,1548,1,180,151
48572,45871,1553,2,310,151
48573,45872,1562,3,40,148
48574,45872,1557,3,115,148
48575,45872,1546,1,260,148
48576,45872,1550,2,0,148
48577,45872,1560,2,15,148
48578,45873,1558,2,95,148
48579,45874,1571,3,30,141
48580,45874,1557,3,115,141
48581,45875,1554,3,145,142
48582,45875,1568,1,640,142
48583,45875,1571,3,30,142
48584,45875,1552,2,45,142
48585,45876,1543,2,25,
48586,45877,1563,2,150,147
48587,45877,1559,2,89,147
48588,45878,1554,2,145,151
48589,45878,1557,2,115,151
48590,45878,1554,1,145,151
48591,45878,1552,1,45,151
48592,45878,1549,2,55,151
48593,45879,1541,1,85,141
48594,45880,1546,2,260,143
48595,45880,1561,3,210,143
48596,45880,1548,3,180,143
48597,45880,1542,3,35,143
48598,45880,1563,1,150,143
48599,45881,1571,3,30,148
48600,45881,1552,1,45,148
48601,45881,1546,1,260,148
48602,45881,1556,2,70,148
48603,45882,1557,2,115,152
48604,45882,1572,2,20,152
48605,45882,1547,1,420,152
48606,45883,1559,3,89,148
48607,45883,1564,3,0,148
48608,45883,1545,2,95,148
48609,45884,1572,2,20,
48610,45885,1562,1,40,148
48611,45885,1566,1,30,148
48612,45885,1567,2,360,148
48613,45886,1553,3,310,145
48614,45886,1571,3,30,145
48615,45886,1552,2,45,145
48616,45887,1559,1,89,145
48617,45887,1548,2,180,145
48618,45887,1561,2,210,145
48619,45887,1553,2,310,145
48620,45888,1545,1,95,146
48621,45888,1563,2,150,146
48622,45888,1557,1,115,146
48623,45888,1552,2,45,146
48624,45888,1559,3,89,146
48625,45889,1542,2,35,148
48626,45889,1549,3,55,148
48627,45889,1570,2,25,148
48628,45889,1566,2,30,148
48629,45890,1568,3,640,151
48630,45890,1560,3,15,151
48631,45890,1543,3,25,151
48632,45890,1558,2,95,151
48633,45890,1562,3,40,151
48634,45891,1554,3,145,142
48635,45891,1564,2,0,142
48636,45892,1559,2,89,
48637,45892,1561,3,210,
48638,45892,1555,3,220,
48639,45892,1556,3,70,
48640,45893,1567,2,360,148
48641,45894,1568,1,640,150
48642,45894,1569,1,0,150
48643,45894,1545,3,95,150
48644,45895,1551,1,0,151
48645,45895,1559,3,89,151
48646,45895,1569,1,0,151
48647,45896,1541,2,85,144
48648,45896,1567,1,360,144
48649,45896,1555,3,220,144
48650,45896,1547,3,420,144
48651,45897,1552,1,45,151
48652,45897,1553,2,310,151
48653,45897,1545,2,95,151
48654,45897,1545,1,95,151
48655,45898,1571,2,30,145
48656,45898,1568,3,640,145
48657,45898,1559,2,89,145
48658,45899,1543,2,25,141
48659,45899,1556,3,70,141
48660,45899,1542,2,35,141
48661,45900,1544,3,120,
48662,45900,1548,3,180,
48663,45900,1563,2,150,
48664,45901,1561,3,210,141
48665,45901,1546,1,260,141
48666,45901,1555,2,220,141
48667,45902,1550,1,0,142
48668,45902,1554,2,145,142
48669,45902,1556,2,70,142
48670,45902,1564,3,0,142
48671,45902,1550,3,0,142
48672,45903,1568,2,640,152
48673,45903,1550,3,0,152
48674,45903,1561,1,210,152
48675,45903,1555,3,220,152
48676,45904,1568,1,640,147
48677,45904,1551,2,0,147
48678,45904,1541,1,85,147
48679,45905,1547,1,420,144
48680,45905,1562,3,40,144
48681,45905,1541,2,85,144
48682,45905,1547,1,420,144
48683,45906,1550,3,0,146
48684,45906,1555,2,220,146
48685,45906,1568,2,640,146
48686,45906,1549,1,55,146
48687,45907,1554,1,145,144
48688,45907,1567,2,360,144
48689,45907,1543,1,25,144
48690,45907,1551,2,0,144
48691,45907,1543,1,25,144
48692,45908,1541,2,85,
48693,45908,1559,2,89,
48694,45909,1543,1,25,142
48695,45910,1567,3,360,151
48696,45910,1547,1,420,151
48697,45911,1563,2,150,146
48698,45912,1545,1,95,144
48699,45913,1559,1,89,150
48700,45913,1545,1,95,150
48701,45913,1552,2,45,150
48702,45914,1553,2,310,143
48703,45914,1558,1,95,143
48704,45914,1544,1,120,143
48705,45915,1552,1,45,146
48706,45915,1550,3,0,146
48707,45915,1559,2,89,146
48708,45915,1549,2,55,146
48709,45915,1549,3,55,146
48710,45916,1541,1,85,
48711,45916,1566,3,30,
48712,45916,1558,1,95,
48713,45916,1562,3,40,
48714,45917,1571,1,30,149
48715,45917,1564,3,0,149
48716,45917,1541,3,85,149
48717,45917,1562,2,40,149
48718,45917,1570,3,25,149
48719,45918,1563,1,150,145
48720,45918,1548,1,180,145
48721,45918,1543,3,25,145
48722,45919,1550,3,0,147
48723,45920,1564,3,0,147
48724,45921,1570,3,25,143
48725,45921,1571,2,30,143
48726,45921,1545,2,95,143
48727,45922,1541,2,85,145
48728,45922,1541,2,85,145
48729,45922,1559,1,89,145
48730,45923,1558,1,95,150
48731,45923,1549,1,55,150
48732,45923,1547,1,420,150
48733,45923,1541,2,85,150
48734,45924,1561,3,210,
48735,45924,1571,1,30,
48736,45924,1565,2,45,
48737,45924,1551,2,0,
48738,45925,1551,3,0,145
48739,45925,1561,3,210,145
48740,45925,1565,2,45,145
48741,45925,1569,3,0,145
48742,45925,1565,3,45,145
48743,45926,1563,1,150,150
48744,45926,1565,1,45,150
48745,45927,1568,3,640,150
48746,45928,1548,3,180,152
48747,45929,1556,3,70,152
48748,45930,1568,3,640,145
48749,45930,1543,1,25,145
48750,45931,1560,2,15,141
48751,45932,1550,3,0,
48752,45932,1549,1,55,
48753,45932,1551,1,0,
48754,45932,1541,3,85,
48755,45932,1568,2,640,
48756,45933,1552,2,45,146
48757,45933,1565,1,45,146
48758,45933,1541,1,85,146
48759,45933,1546,3,260,146
48760,45934,1544,1,120,142
48761,45934,1572,3,20,142
48762,45935,1544,2,120,147
48763,45935,1544,2,120,147
48764,45935,1547,1,420,147
48765,45936,1544,2,120,147
48766,45936,1563,1,150,147
48767,45936,1553,3,310,147
48768,45937,1572,2,20,143
48769,45937,1561,2,210,143
48770,45937,1551,3,0,143
48771,45938,1562,3,40,144
48772,45938,1563,3,150,144
48773,45938,1545,2,95,144
48774,45938,1552,2,45,144
48775,45939,1546,3,260,142
48776,45940,1556,3,70,
48777,45940,1562,1,40,
48778,45940,1556,2,70,
48779,45941,1544,2,120,142
48780,45942,1549,1,55,144
48781,45942,1549,3,55,144
48782,45942,1566,2,30,144
48783,45942,1550,3,0,144
48784,45943,1544,1,120,142
48785,45943,1549,3,55,142
48786,45943,1558,2,95,142
48787,45944,1562,1,40,148
48788,45944,1565,1,45,148
48789,45944,1545,3,95,148
48790,45945,1572,3,20,141
48791,45945,1571,3,30,141
48792,45945,1561,3,210,141
48793,45946,1569,2,0,141
48794,45946,1549,2,55,141
48795,45946,1542,1,35,141
48796,45946,1555,2,220,141
48797,45947,1544,2,120,150
48798,45947,1567,1,360,150
48799,45947,1554,1,145,150
48800,45947,1561,1,210,150
48801,45948,1568,2,640,
48802,45948,1567,3,360,
48803,45949,1564,1,0,145
48804,45949,1569,2,0,145
48805,45949,1548,3,180,145
48806,45949,1564,1,0,145
48807,45949,1565,2,45,145
48808,45950,1558,2,95,150
48809,45950,1572,2,20,150
48810,45951,1551,1,0,143
48811,45952,1546,1,260,148
48812,45952,1558,2,95,148
48813,45952,1555,1,220,148
48814,45953,1572,1,20,150
48815,45954,1545,3,95,151
48816,45955,1559,1,89,150
48817,45956,1544,3,120,
48818,45956,1552,2,45,
48819,45956,1560,1,15,
48820,45956,1546,2,260,
48821,45957,1564,1,0,146
48822,45957,1556,1,70,146
48823,45957,1546,2,260,146
48824,45957,1557,1,115,146
48825,45957,1567,1,360,146
48826,45958,1572,2,20,145
48827,45958,1549,2,55,145
48828,45958,1563,3,150,145
48829,45958,1546,3,260,145
48830,45959,1550,1,0,148
48831,45959,1566,3,30,148
48832,45959,1559,1,89,148
48833,45960,1561,2,210,147
48834,45960,1547,2,420,147
48835,45960,1559,1,89,147
48836,45960,1546,3,260,147
48837,45960,1549,1,55,147
48838,45961,1571,1,30,145
48839,45961,1559,2,89,145
48840,45961,1562,3,40,145
48841,45961,1543,2,25,145
48842,45962,1572,2,20,149
48843,45962,1570,1,25,149
48844,45962,1558,2,95,149
48845,45962,1564,2,0,149
48846,45962,1543,3,25,149
48847,45963,1564,1,0,151
48848,45963,1557,1,115,151
48849,45963,1558,2,95,151
48850,45963,1570,3,25,151
48851,45964,1557,2,115,
48852,45965,1553,1,310,147
48853,45965,1557,2,115,147
48854,45965,1550,3,0,147
48855,45965,1559,3,89,147
48856,45965,1571,3,30,147
48857,45966,1562,3,40,144
48858,45967,1565,3,45,144
48859,45967,1547,2,420,144
48860,45968,1567,1,360,150
48861,45968,1569,1,0,150
48862,45969,1561,2,210,151
48863,45969,1555,1,220,151
48864,45970,1567,3,360,145
48865,45970,1541,3,85,145
48866,45970,1562,2,40,145
48867,45970,1560,3,15,145
48868,45971,1564,1,0,149
48869,45971,1546,1,260,149
48870,45972,1571,2,30,
48871,45972,1560,3,15,
48872,45972,1544,2,120,
48873,45972,1546,1,260,
48874,45973,1542,3,35,146
48875,45973,1571,1,30,146
48876,45973,1556,3,70,146
48877,45973,1568,1,640,146
48878,45974,1547,1,420,145
48879,45974,1558,2,95,145
48880,45974,1555,2,220,145
48881,45974,1560,1,15,145
48882,45975,1561,2,210,141
48883,45976,1551,3,0,151
48884,45977,1557,3,115,147
48885,45977,1561,1,210,147
48886,45977,1553,1,310,147
48887,45977,1546,1,260,147
48888,45977,1557,3,115,147
48889,45978,1547,1,420,148
48890,45978,1556,3,70,148
48891,45979,1561,3,210,147
48892,45979,1553,2,310,147
48893,45979,1549,1,55,147
48894,45979,1543,1,25,147
48895,45979,1555,2,220,147
48896,45980,1557,1,115,
48897,45980,1543,3,25,
48898,45980,1568,1,640,
48899,45981,1547,2,420,151
48900,45981,1567,1,360,151
48901,45982,1554,2,145,142
48902,45982,1545,1,95,142
48903,45982,1571,3,30,142
48904,45982,1547,2,420,142
48905,45983,1561,3,210,142
48906,45983,1559,3,89,142
48907,45983,1550,3,0,142
48908,45983,1551,1,0,142
48909,45984,1569,1,0,145
48910,45984,1555,3,220,145
48911,45984,1569,2,0,145
48912,45984,1545,2,95,145
48913,45985,1555,2,220,145
48914,45986,1565,2,45,142
48915,45986,1565,1,45,142
48916,45987,1566,1,30,141
48917,45987,1564,2,0,141
48918,45988,1565,1,45,
48919,45988,1560,1,15,
48920,45988,1565,1,45,
48921,45988,1569,2,0,
48922,45989,1569,2,0,142
48923,45989,1569,3,0,142
48924,45989,1559,2,89,142
48925,45989,1553,2,310,142
48926,45990,1557,2,115,149
48927,45991,1553,3,310,145
48928,45991,1570,2,25,145
48929,45991,1552,2,45,145
48930,45992,1564,1,0,144
48931,45992,1549,3,55,144
48932,45993,1572,1,20,152
48933,45993,1557,3,115,152
48934,45993,1552,2,45,152
48935,45993,1566,2,30,152
48936,45993,1543,3,25,152
48937,45994,1567,3,360,143
48938,45994,1543,2,25,143
48939,45994,1543,3,25,143
48940,45994,1552,1,45,143
48941,45995,1552,2,45,143
48942,45995,1545,3,95,143
48943,45995,1544,3,120,143
48944,45995,1551,1,0,143
48945,45995,1551,3,0,143
48946,45996,1572,2,20,
48947,45996,1553,2,310,
48948,45996,1559,1,89,
48949,45997,1548,1,180,149
48950,45997,1544,3,120,149
48951,45997,1571,3,30,149
48952,45997,1558,1,95,149
48953,45998,1553,3,310,152
48954,45999,1561,3,210,141
48955,45999,1571,2,30,141
48956,45999,1550,1,0,141
48957,45999,1544,1,120,141
48958,45999,1552,3,45,141
48959,46000,1566,1,30,147
48960,46000,1553,2,310,147
48961,46000,1554,3,145,147
48962,46000,1544,1,120,147
48963,46001,1548,2,180,143
48964,46001,1563,3,150,143
48965,46002,1554,2,145,142
48966,46002,1561,3,210,142
48967,46002,1561,2,210,142
48968,46003,1557,3,115,147
48969,46003,1558,1,95,147
48970,46003,1554,1,145,147
48971,46004,1558,3,95,
48972,46004,1556,2,70,
48973,46004,1550,3,0,
48974,46004,1566,2,30,
48975,46004,1559,3,89,
48976,46005,1560,2,15,152
48977,46005,1564,3,0,152
48978,46005,1545,1,95,152
48979,46006,1570,1,25,141
48980,46006,1558,3,95,141
48981,46007,1556,1,70,141
48982,46007,1554,1,145,141
48983,46008,1554,3,145,146
48984,46008,1541,3,85,146
48985,46009,1569,1,0,142
48986,46009,1562,2,40,142
48987,46009,1551,3,0,142
48988,46009,1547,1,420,142
48989,46010,1546,3,260,148
48990,46011,1561,2,210,144
48991,46011,1547,1,420,144
48992,46011,1565,1,45,144
48993,46011,1542,2,35,144
48994,46011,1541,2,85,144
48995,46012,1566,3,30,
48996,46012,1551,1,0,
48997,46012,1544,3,120,
48998,46013,1556,3,70,151
48999,46013,1564,2,0,151
49000,46013,1564,3,0,151
49001,46013,1571,1,30,151
49002,46014,1552,2,45,141
49003,46014,1550,2,0,141
49004,46014,1555,3,220,141
49005,46014,1559,1,89,141
49006,46014,1564,2,0,141
49007,46015,1554,2,145,143
49008,46016,1556,3,70,149
49009,46016,1548,2,180,149
49010,46016,1557,3,115,149
49011,46017,1555,2,220,147
49012,46017,1572,3,20,147
49013,46017,1558,2,95,147
49014,46017,1564,1,0,147
49015,46017,1544,3,120,147
49016,46018,1546,3,260,152
49017,46018,1556,1,70,152
49018,46019,1542,1,35,151
49019,46020,1564,1,0,
49020,46020,1544,2,120,
49021,46021,1567,1,360,142
49022,46022,1562,3,40,151
49023,46022,1564,1,0,151
49024,46022,1543,1,25,151
49025,46022,1545,2,95,151
49026,46023,1542,1,35,149
49027,46023,1542,1,35,149
49028,46023,1541,2,85,149
49029,46023,1545,2,95,149
49030,46023,1565,3,45,149
49031,46024,1548,3,180,142
49032,46025,1566,1,30,146
49033,46025,1565,3,45,146
49034,46025,1570,2,25,146
49035,46026,1545,3,95,150
49036,46026,1561,2,210,150
49037,46026,1566,1,30,150
49038,46026,1549,3,55,150
49039,46027,1541,2,85,152
49040,46027,1564,1,0,152
49041,46027,1558,1,95,152
49042,46027,1543,3,25,152
49043,46028,1544,3,120,
49044,46028,1547,1,420,
49045,46028,1549,2,55,
49046,46028,1563,3,150,
49047,46028,1541,3,85,
49048,46029,1571,2,30,146
49049,46029,1568,3,640,146
49050,46029,1555,1,220,146
49051,46029,1565,2,45,146
49052,46029,1569,1,0,146
49053,46030,1550,2,0,149
49054,46030,1559,2,89,149
49055,46030,1551,3,0,149
49056,46030,1554,3,145,149
49057,46030,1549,2,55,149
49058,46031,1551,2,0,146
49059,46031,1542,1,35,146
49060,46031,1572,1,20,146
49061,46031,1554,3,145,146
49062,46031,1559,1,89,146
49063,46032,1557,3,115,144
49064,46032,1562,1,40,144
49065,46032,1544,2,120,144
49066,46033,1545,1,95,151
49067,46033,1550,3,0,151
49068,46033,1561,3,210,151
49069,46034,1541,2,85,146
49070,46034,1544,2,120,146
49071,46034,1552,3,45,146
49072,46034,1564,2,0,146
49073,46034,1548,3,180,146
49074,46035,1549,1,55,150
49075,46036,1554,3,145,
49076,46036,1546,2,260,
49077,46036,1551,3,0,
49078,46036,1555,1,220,
49079,46036,1544,3,120,
49080,46037,1559,1,89,143
49081,46037,1541,3,85,143
49082,46037,1572,1,20,143
49083,46037,1546,3,260,143
49084,46037,1541,3,85,143
49085,46038,1556,3,70,143
49086,46038,1558,3,95,143
49087,46038,1570,2,25,143
49088,46038,1551,1,0,143
49089,46039,1571,3,30,148
49090,46039,1542,1,35,148
49091,46039,1556,3,70,148
49092,46039,1571,1,30,148
49093,46039,1571,2,30,148
49094,46040,1560,1,15,143
49095,46040,1552,3,45,143
49096,46040,1566,2,30,143
49097,46041,1542,2,35,147
49098,46041,1558,1,95,147
49099,46041,1546,3,260,147
49100,46041,1556,1,70,147
49101,46041,1547,1,420,147
49102,46042,1545,2,95,145
49103,46043,1548,3,180,150
49104,46043,1541,3,85,150
49105,46044,1543,2,25,
49106,46044,1564,2,0,
49107,46044,1560,2,15,
49108,46044,1542,1,35,
49109,46044,1555,3,220,
49110,46045,1541,1,85,142
49111,46045,1551,3,0,142
49112,46045,1558,2,95,142
49113,46045,1545,2,95,142
49114,46045,1561,1,210,142
49115,46046,1546,3,260,145
49116,46046,1546,1,260,145
49117,46046,1564,1,0,145
49118,46047,1541,1,85,149
49119,46047,1557,1,115,149
49120,46048,1564,3,0,148
49121,46048,1562,3,40,148
49122,46048,1542,2,35,148
49123,46048,1560,2,15,148
49124,46049,1565,1,45,150
49125,46050,1570,2,25,146
49126,46050,1546,2,260,146
49127,46050,1548,2,180,146
49128,46050,1560,2,15,146
49129,46051,1572,1,20,142
49130,46052,1548,3,180,
49131,46052,1552,1,45,
49132,46052,1547,3,420,
49133,46053,1558,3,95,148
49134,46053,1553,1,310,148
49135,46053,1543,2,25,148
49136,46053,1556,2,70,148
49137,46054,1565,2,45,141
49138,46054,1562,3,40,141
49139,46055,1542,1,35,142
49140,46055,1548,3,180,142
49141,46056,1558,3,95,148
49142,46056,1552,2,45,148
49143,46057,1562,2,40,150
49144,46057,1541,3,85,150
49145,46057,1571,3,30,150
49146,46057,1556,3,70,150
49147,46058,1546,3,260,144
49148,46058,1549,1,55,144
49149,46058,1542,2,35,144
49150,46058,1564,2,0,144
49151,46059,1569,2,0,147
49152,46060,1552,2,45,
49153,46061,1558,3,95,149
49154,46061,1571,1,30,149
49155,46062,1545,1,95,150
49156,46063,1569,2,0,143
49157,46063,1572,3,20,143
49158,46063,1550,2,0,143
49159,46063,1544,3,120,143
49160,46063,1549,2,55,143
49161,46064,1553,3,310,146
49162,46064,1542,1,35,146
49163,46065,1564,1,0,148
49164,46065,1569,3,0,148
49165,46065,1571,3,30,148
49166,46065,1543,1,25,148
49167,46065,1547,3,420,148
49168,46066,1554,2,145,152
49169,46066,1570,1,25,152
49170,46067,1572,3,20,141
49171,46067,1567,1,360,141
49172,46067,1562,2,40,141
49173,46067,1561,3,210,141
49174,46067,1543,2,25,141
49175,46068,1554,2,145,
49176,46068,1571,3,30,
49177,46068,1550,3,0,
49178,46068,1565,2,45,
49179,46068,1541,3,85,
49180,46069,1557,2,115,145
49181,46069,1547,2,420,145
49182,46070,1547,2,420,144
49183,46070,1567,3,360,144
49184,46071,1549,3,55,152
49185,46071,1553,3,310,152
49186,46071,1549,1,55,152
49187,46072,1554,1,145,146
49188,46072,1565,3,45,146
49189,46072,1563,3,150,146
49190,46073,1541,2,85,151
49191,46073,1557,1,115,151
49192,46073,1569,3,0,151
49193,46073,1541,2,85,151
49194,46073,1567,3,360,151
49195,46074,1565,3,45,151
49196,46074,1564,1,0,151
49197,46074,1566,1,30,151
49198,46075,1572,3,20,149
49199,46075,1548,3,180,149
49200,46075,1564,1,0,149
49201,46075,1555,2,220,149
49202,46075,1541,2,85,149
49203,46076,1543,1,25,
49204,46076,1568,2,640,
49205,46076,1549,1,55,
49206,46076,1567,2,360,
49207,46076,1569,2,0,
49208,46077,1561,3,210,141
49209,46078,1556,3,70,152
49210,46079,1558,2,95,143
49211,46079,1566,3,30,143
49212,46079,1564,2,0,143
49213,46079,1546,3,260,143
49214,46080,1546,2,260,145
49215,46080,1559,1,89,145
49216,46080,1554,1,145,145
49217,46081,1559,3,89,141
49218,46082,1545,1,95,148
49219,46082,1547,2,420,148
49220,46082,1571,2,30,148
49221,46082,1561,1,210,148
49222,46082,1553,1,310,148
49223,46083,1567,2,360,146
49224,46083,1555,1,220,146
49225,46083,1570,1,25,146
49226,46083,1567,2,360,146
49227,46084,1565,3,45,
49228,46084,1543,2,25,
49229,46084,1553,2,310,
49230,46084,1546,3,260,
49231,46084,1553,1,310,
49232,46085,1558,2,95,149
49233,46085,1556,2,70,149
49234,46085,1552,2,45,149
49235,46085,1560,3,15,149
49236,46086,1562,2,40,144
49237,46087,1562,3,40,142
49238,46087,1565,2,45,142
49239,46088,1545,3,95,147
49240,46088,1563,1,150,147
49241,46089,1559,1,89,148
49242,46089,1562,3,40,148
49243,46089,1561,2,210,148
49244,46089,1568,1,640,148
49245,46090,1546,3,260,146
49246,46090,1565,3,45,146
49247,46090,1542,2,35,146
49248,46090,1558,3,95,146
49249,46090,1568,1,640,146
49250,46091,1567,1,360,152
49251,46092,1560,1,15,
49252,46092,1559,3,89,
49253,46092,1547,1,420,
49254,46092,1561,3,210,
49255,46093,1568,1,640,144
49256,46093,1541,1,85,144
49257,46093,1546,1,260,144
49258,46094,1572,2,20,147
49259,46094,1544,2,120,147
49260,46094,1559,3,89,147
49261,46095,1567,2,360,141
49262,46095,1569,2,0,141
49263,46095,1549,2,55,141
49264,46096,1567,1,360,143
49265,46096,1563,2,150,143
49266,46096,1546,1,260,143
49267,46096,1557,1,115,143
49268,46096,1568,2,640,143
49269,46097,1551,2,0,145
49270,46097,1545,3,95,145
49271,46097,1558,2,95,145
49272,46097,1569,3,0,145
49273,46098,1572,1,20,141
49274,46098,1561,2,210,141
49275,46098,1550,2,0,141
49276,46098,1570,2,25,141
49277,46099,1567,3,360,151
49278,46100,1568,2,640,
49279,46100,1562,2,40,
49280,46100,1554,2,145,
49281,46101,1565,3,45,145
49282,46102,1559,2,89,149
49283,46102,1549,2,55,149
49284,46102,1549,2,55,149
49285,46102,1544,3,120,149
49286,46102,1560,2,15,149
49287,46103,1558,1,95,147
49288,46103,1567,2,360,147
49289,46103,1543,1,25,147
49290,46103,1556,3,70,147
49291,46103,1570,3,25,147
49292,46104,1552,1,45,143
49293,46105,1541,3,85,150
49294,46105,1569,1,0,150
49295,46105,1565,3,45,150
49296,46105,1548,1,180,150
49297,46105,1557,2,115,150
49298,46106,1543,3,25,150
49299,46106,1555,2,220,150
49300,46106,1543,2,25,150
49301,46106,1563,3,150,150
49302,46107,1543,1,25,144
49303,46107,1544,2,120,144
49304,46107,1568,2,640,144
49305,46108,1541,2,85,
49306,46108,1550,1,0,
49307,46109,1564,2,0,146
49308,46109,1545,1,95,146
49309,46110,1545,1,95,147
49310,46110,1552,1,45,147
49311,46110,1549,3,55,147
49312,46110,1567,2,360,147
49313,46110,1549,1,55,147
49314,46111,1548,1,180,152
49315,46111,1553,2,310,152
49316,46111,1545,1,95,152
49317,46112,1570,1,25,152
49318,46112,1563,1,150,152
49319,46113,1560,3,15,150
49320,46113,1554,1,145,150
49321,46113,1550,3,0,150
49322,46114,1556,3,70,147
49323,46114,1544,3,120,147
49324,46114,1562,2,40,147
49325,46114,1545,3,95,147
49326,46115,1551,1,0,143
49327,46115,1549,2,55,143
49328,46116,1565,3,45,
49329,46116,1572,3,20,
49330,46116,1556,2,70,
49331,46117,1543,2,25,149
49332,46117,1541,3,85,149
49333,46117,1562,2,40,149
49334,46118,1555,3,220,152
49335,46118,1566,2,30,152
49336,46118,1570,2,25,152
49337,46118,1553,3,310,152
49338,46119,1552,1,45,152
49339,46119,1545,3,95,152
49340,46119,1559,3,89,152
49341,46119,1552,3,45,152
49342,46120,1556,2,70,148
49343,46120,1554,1,145,148
49344,46121,1553,1,310,141
49345,46121,1558,1,95,141
49346,46122,1541,1,85,146
49347,46123,1558,2,95,148
49348,46123,1548,2,180,148
49349,46123,1552,1,45,148
49350,46123,1559,1,89,148
49351,46124,1552,1,45,
49352,46124,1546,3,260,
49353,46124,1541,1,85,
49354,46124,1556,2,70,
49355,46125,1566,2,30,146
49356,46125,1541,2,85,146
49357,46126,1565,1,45,149
49358,46126,1571,3,30,149
49359,46126,1567,1,360,149
49360,46126,1557,3,115,149
49361,46127,1572,3,20,148
49362,46128,1556,1,70,152
49363,46128,1555,2,220,152
49364,46128,1546,2,260,152
49365,46129,1565,1,45,145
49366,46130,1571,2,30,145
49367,46131,1548,2,180,147
49368,46131,1567,2,360,147
49369,46132,1555,2,220,
49370,46132,1565,1,45,
49371,46132,1562,1,40,
49372,46132,1567,3,360,
49373,46133,1556,1,70,143
49374,46133,1564,3,0,143
49375,46133,1552,3,45,143
49376,46134,1556,1,70,144
49377,46134,1549,2,55,144
49378,46134,1560,1,15,144
49379,46135,1545,2,95,141
49380,46135,1559,1,89,141
49381,46136,1569,3,0,146
49382,46136,1562,1,40,146
49383,46137,1552,2,45,151
49384,46137,1541,1,85,151
49385,46137,1569,3,0,151
49386,46137,1554,2,145,151
49387,46137,1558,3,95,151
49388,46138,1550,2,0,142
49389,46138,1566,2,30,142
49390,46139,1558,1,95,147
49391,46139,1545,1,95,147
49392,46139,1546,3,260,147
49393,46140,1544,3,120,
49394,46140,1560,1,15,
49395,46141,1541,1,85,143
49396,46141,1551,3,0,143
49397,46141,1541,2,85,143
49398,46141,1569,3,0,143
49399,46142,1559,2,89,143
49400,46142,1552,1,45,143
49401,46143,1550,2,0,143
49402,46143,1541,3,85,143
49403,46143,1554,3,145,143
49404,46143,1548,3,180,143
49405,46144,1550,3,0,147
49406,46144,1557,2,115,147
49407,46144,1553,2,310,147
49408,46145,1555,1,220,142
49409,46145,1562,1,40,142
49410,46145,1568,3,640,142
49411,46145,1559,1,89,142
49412,46146,1551,2,0,151
49413,46146,1552,2,45,151
49414,46146,1546,2,260,151
49415,46146,1567,3,360,151
49416,46146,1570,3,25,151
49417,46147,1548,2,180,150
49418,46148,1572,3,20,
49419,46149,1553,1,310,150
49420,46149,1556,1,70,150
49421,46149,1542,3,35,150
49422,46149,1569,1,0,150
49423,46149,1551,3,0,150
49424,46150,1546,2,260,142
49425,46150,1568,3,640,142
49426,46150,1561,3,210,142
49427,46150,1566,2,30,142
49428,46151,1555,2,220,146
49429,46151,1565,3,45,146
49430,46151,1565,2,45,146
49431,46151,1549,3,55,146
49432,46151,1559,2,89,146
49433,46152,1568,3,640,143
49434,46153,1543,1,25,146
49435,46153,1561,2,210,146
49436,46153,1545,3,95,146
49437,46153,1553,1,310,146
49438,46153,1570,1,25,146
49439,46154,1542,1,35,141
49440,46154,1549,3,55,141
49441,46154,1549,1,55,141
49442,46154,1565,1,45,141
49443,46155,1565,3,45,146
49444,46156,1559,3,89,
49445,46156,1546,1,260,
49446,46156,1571,2,30,
49447,46156,1561,3,210,
49448,46157,1553,3,310,146
49449,46157,1551,1,0,146
49450,46158,1542,2,35,146
49451,46158,1557,3,115,146
49452,46158,1564,2,0,146
49453,46158,1558,3,95,146
49454,46159,1572,3,20,144
49455,46159,1550,1,0,144
49456,46159,1544,1,120,144
49457,46159,1542,2,35,144
49458,46160,1542,1,35,148
49459,46160,1563,1,150,148
49460,46161,1550,3,0,150
49461,46161,1541,2,85,150
49462,46161,1555,2,220,150
49463,46161,1569,2,0,150
49464,46161,1563,3,150,150
49465,46162,1555,3,220,142
49466,46162,1555,2,220,142
49467,46162,1549,1,55,142
49468,46163,1567,2,360,152
49469,46163,1554,1,145,152
49470,46163,1550,3,0,152
49471,46163,1554,3,145,152
49472,46164,1545,1,95,
49473,46165,1544,1,120,141
49474,46166,1569,2,0,148
49475,46166,1547,1,420,148
49476,46167,1549,3,55,144
49477,46167,1547,2,420,144
49478,46167,1556,1,70,144
49479,46168,1551,2,0,145
49480,46168,1552,3,45,145
49481,46169,1551,3,0,150
49482,46170,1561,1,210,152
49483,46170,1558,1,95,152
49484,46170,1565,1,45,152
49485,46170,1568,1,640,152
49486,46171,1569,1,0,142
49487,46172,1562,1,40,
49488,46172,1556,1,70,
49489,46172,1543,1,25,
49490,46172,1542,2,35,
49491,46173,1560,2,15,151
49492,46173,1541,3,85,151
49493,46174,1564,2,0,145
49494,46174,1563,2,150,145
49495,46175,1567,3,360,151
49496,46175,1554,3,145,151
49497,46175,1568,3,640,151
49498,46175,1567,2,360,151
49499,46176,1566,3,30,143
49500,46176,1562,1,40,143
49501,46176,1552,1,45,143
49502,46177,1550,3,0,143
49503,46177,1560,3,15,143
49504,46177,1560,3,15,143
49505,46178,1544,3,120,148
49506,46178,1551,2,0,148
49507,46178,1572,2,20,148
49508,46178,1555,3,220,148
49509,46179,1564,3,0,150
49510,46179,1568,1,640,150
49511,46179,1548,1,180,150
49512,46179,1570,1,25,150
49513,46180,1556,1,70,
49514,46180,1543,3,25,
49515,46180,1567,2,360,
49516,46181,1556,2,70,144
49517,46182,1566,1,30,149
49518,46182,1542,3,35,149
49519,46183,1547,3,420,144
49520,46183,1567,1,360,144
49521,46184,1543,3,25,151
49522,46184,1565,1,45,151
49523,46185,1549,1,55,151
49524,46185,1563,2,150,151
49525,46185,1554,1,145,151
49526,46185,1563,1,150,151
49527,46185,1550,3,0,151
49528,46186,1568,3,640,148
49529,46186,1552,3,45,148
49530,46186,1550,1,0,148
49531,46187,1570,2,25,150
49532,46187,1564,1,0,150
49533,46187,1568,1,640,150
49534,46187,1566,2,30,150
49535,46187,1566,2,30,150
49536,46188,1541,1,85,
49537,46188,1558,2,95,
49538,46189,1544,1,120,143
49539,46189,1559,3,89,143
49540,46189,1569,1,0,143
49541,46189,1567,3,360,143
49542,46189,1556,2,70,143
49543,46190,1544,3,120,146
49544,46190,1571,3,30,146
49545,46191,1543,1,25,143
49546,46191,1559,2,89,143
49547,46192,1544,3,120,150
49548,46193,1570,1,25,152
49549,46193,1566,2,30,152
49550,46193,1560,2,15,152
49551,46194,1572,3,20,144
49552,46194,1541,2,85,144
49553,46194,1560,1,15,144
49554,46194,1552,3,45,144
49555,46195,1562,1,40,148
49556,46196,1551,3,0,
49557,46196,1571,2,30,
49558,46196,1570,1,25,
49559,46197,1551,1,0,151
49560,46197,1571,1,30,151
49561,46197,1565,2,45,151
49562,46198,1566,3,30,144
49563,46198,1551,1,0,144
49564,46199,1555,2,220,149
49565,46199,1553,2,310,149
49566,46199,1548,1,180,149
49567,46199,1556,1,70,149
49568,46199,1549,2,55,149
49569,46200,1543,3,25,146
49570,46200,1568,1,640,146
49571,46200,1553,2,310,146
49572,46200,1550,1,0,146
49573,46201,1569,3,0,141
49574,46202,1542,3,35,147
49575,46202,1554,3,145,147
49576,46203,1570,1,25,144
49577,46203,1556,1,70,144
49578,46204,1569,3,0,
49579,46204,1547,1,420,
49580,46204,1554,1,145,
49581,46205,1562,1,40,146
49582,46205,1548,1,180,146
49583,46205,1554,1,145,146
49584,46205,1560,1,15,146
49585,46206,1558,3,95,144
49586,46206,1561,2,210,144
49587,46206,1543,2,25,144
49588,46207,1553,3,310,146
49589,46207,1560,2,15,146
49590,46207,1565,1,45,146
49591,46208,1551,3,0,142
49592,46208,1558,2,95,142
49593,46209,1567,1,360,148
49594,46210,1559,2,89,141
49595,46211,1565,3,45,145
49596,46211,1562,3,40,145
49597,46211,1565,3,45,145
49598,46211,1554,2,145,145
49599,46211,1547,1,420,145
49600,46212,1548,1,180,
49601,46213,1548,1,180,141
49602,46214,1569,2,0,150
49603,46214,1561,2,210,150
49604,46214,1569,2,0,150
49605,46214,1542,1,35,150
49606,46214,1550,1,0,150
49607,46215,1549,2,55,144
49608,46216,1554,3,145,148
49609,46216,1567,3,360,148
49610,46217,1554,1,145,141
49611,46217,1568,1,640,141
49612,46217,1568,2,640,141
49613,46217,1548,3,180,141
49614,46217,1552,2,45,141
49615,46218,1567,1,360,149
49616,46218,1547,1,420,149
49617,46218,1554,2,145,149
49618,46219,1565,2,45,147
49619,46219,1565,1,45,147
49620,46220,1555,3,220,
49621,46220,1554,3,145,
49622,46220,1553,3,310,
49623,46220,1563,2,150,
49624,46220,1568,2,640,
49625,46221,1559,1,89,141
49626,46221,1559,1,89,141
49627,46221,1543,3,25,141
49628,46222,1564,3,0,148
49629,46223,1542,2,35,149
49630,46223,1562,2,40,149
49631,46224,1548,1,180,147
49632,46224,1556,3,70,147
49633,46224,1547,2,420,147
49634,46224,1557,3,115,147
49635,46225,1570,2,25,141
49636,46225,1542,1,35,141
49637,46225,1553,2,310,141
49638,46226,1542,3,35,143
49639,46226,1551,3,0,143
49640,46226,1544,3,120,143
49641,46226,1565,3,45,143
49642,46226,1542,2,35,143
49643,46227,1549,3,55,142
49644,46227,1550,3,0,142
49645,46228,1560,1,15,
49646,46228,1543,2,25,
49647,46228,1551,1,0,
49648,46228,1561,2,210,
49649,46228,1549,1,55,
49650,46229,1570,2,25,151
49651,46229,1567,2,360,151
49652,46230,1541,2,85,145
49653,46230,1544,1,120,145
49654,46231,1564,3,0,147
49655,46232,1547,1,420,145
49656,46233,1547,2,420,143
49657,46233,1564,1,0,143
49658,46233,1553,3,310,143
49659,46233,1542,2,35,143
49660,46234,1559,1,89,146
49661,46234,1551,3,0,146
49662,46234,1567,1,360,146
49663,46235,1549,1,55,149
49664,46235,1543,3,25,149
49665,46236,1563,2,150,
49666,46236,1541,2,85,
49667,46236,1552,2,45,
49668,46237,1554,1,145,145
49669,46238,1560,1,15,152
49670,46239,1557,2,115,144
49671,46240,1543,3,25,144
49672,46241,1569,3,0,143
49673,46241,1549,1,55,143
49674,46242,1553,1,310,144
49675,46242,1569,1,0,144
49676,46242,1547,3,420,144
49677,46242,1557,1,115,144
49678,46242,1542,3,35,144
49679,46243,1566,3,30,148
49680,46243,1554,3,145,148
49681,46243,1544,1,120,148
49682,46243,1559,2,89,148
49683,46243,1542,3,35,148
49684,46244,1552,2,45,
49685,46245,1547,3,420,150
49686,46245,1551,3,0,150
49687,46245,1564,1,0,150
49688,46246,1568,1,640,146
49689,46247,1564,2,0,149
49690,46247,1570,1,25,149
49691,46248,1557,1,115,148
49692,46248,1557,1,115,148
49693,46248,1566,2,30,148
49694,46248,1547,3,420,148
49695,46248,1558,2,95,148
49696,46249,1555,1,220,142
49697,46249,1545,2,95,142
49698,46249,1552,2,45,142
49699,46249,1565,1,45,142
49700,46250,1567,1,360,146
49701,46251,1541,1,85,149
49702,46251,1550,2,0,149
49703,46252,1556,3,70,
49704,46252,1570,3,25,
49705,46252,1559,3,89,
49706,46252,1564,1,0,
49707,46253,1572,1,20,144
49708,46253,1565,3,45,144
49709,46253,1561,1,210,144
49710,46253,1552,2,45,144
49711,46253,1554,2,145,144
49712,46254,1566,1,30,149
49713,46254,1549,1,55,149
49714,46254,1565,2,45,149
49715,46255,1550,3,0,143
49716,46255,1564,3,0,143
49717,46255,1564,1,0,143
49718,46255,1555,1,220,143
49719,46256,1565,1,45,152
49720,46256,1542,3,35,152
49721,46257,1566,3,30,149
49722,46257,1542,3,35,149
49723,46257,1553,3,310,149
49724,46257,1557,3,115,149
49725,46258,1570,1,25,145
49726,46259,1554,2,145,152
49727,46259,1561,3,210,152
49728,46259,1571,3,30,152
49729,46260,1542,3,35,
49730,46260,1557,2,115,
49731,46260,1565,3,45,
49732,46260,1559,3,89,
49733,46261,1570,2,25,149
49734,46261,1545,3,95,149
49735,46262,1556,3,70,149
49736,46262,1552,1,45,149
49737,46262,1560,3,15,149
49738,46262,1572,1,20,149
49739,46262,1550,3,0,149
49740,46263,1556,2,70,147
49741,46263,1562,1,40,147
49742,46264,1553,3,310,145
49743,46264,1568,2,640,145
49744,46264,1549,3,55,145
49745,46264,1552,2,45,145
49746,46264,1550,1,0,145
49747,46265,1557,2,115,148
49748,46265,1562,2,40,148
49749,46265,1547,1,420,148
49750,46265,1551,3,0,148
49751,46265,1559,2,89,148
49752,46266,1543,1,25,141
49753,46266,1566,1,30,141
49754,46266,1547,3,420,141
49755,46266,1557,3,115,141
49756,46267,1570,1,25,149
49757,46267,1564,1,0,149
49758,46268,1561,2,210,
49759,46268,1556,2,70,
49760,46268,1559,1,89,
49761,46268,1544,3,120,
49762,46269,1562,2,40,141
49763,46269,1557,2,115,141
49764,46269,1561,2,210,141
49765,46270,1557,3,115,145
49766,46270,1550,2,0,145
49767,46270,1556,3,70,145
49768,46270,1545,3,95,145
49769,46271,1545,1,95,143
49770,46271,1561,1,210,143
49771,46271,1549,2,55,143
49772,46272,1571,2,30,151
49773,46272,1555,3,220,151
49774,46272,1548,1,180,151
49775,46272,1563,1,150,151
49776,46273,1565,3,45,149
49777,46273,1550,2,0,149
49778,46274,1542,1,35,144
49779,46275,1556,3,70,151
49780,46275,1571,3,30,151
49781,46275,1542,3,35,151
49782,46276,1547,3,420,
49783,46276,1567,1,360,
49784,46276,1543,1,25,
49785,46277,1566,2,30,145
49786,46277,1557,3,115,145
49787,46277,1555,2,220,145
49788,46277,1564,2,0,145
49789,46278,1549,3,55,144
49790,46278,1549,1,55,144
49791,46278,1563,1,150,144
49792,46278,1542,2,35,144
49793,46279,1569,3,0,145
49794,46279,1571,3,30,145
49795,46279,1571,3,30,145
49796,46279,1556,2,70,145
49797,46280,1565,1,45,148
49798,46280,1544,1,120,148
49799,46280,1555,2,220,148
49800,46280,1542,2,35,148
49801,46280,1571,3,30,148
49802,46281,1541,3,85,144
49803,46282,1569,3,0,149
49804,46283,1546,2,260,146
49805,46283,1571,2,30,146
49806,46283,1553,1,310,146
49807,46283,1570,3,25,146
49808,46283,1561,3,210,146
49809,46284,1543,3,25,
49810,46284,1572,2,20,
49811,46284,1554,1,145,
49812,46285,1541,1,85,148
49813,46285,1557,1,115,148
49814,46285,1551,3,0,148
49815,46285,1553,2,310,148
49816,46286,1551,1,0,148
49817,46286,1555,1,220,148
49818,46286,1553,2,310,148
49819,46287,1565,1,45,143
49820,46287,1567,3,360,143
49821,46287,1549,2,55,143
49822,46287,1545,3,95,143
49823,46287,1560,1,15,143
49824,46288,1562,3,40,142
49825,46288,1555,2,220,142
49826,46288,1550,3,0,142
49827,46289,1565,2,45,145
49828,46289,1557,3,115,145
49829,46289,1572,3,20,145
49830,46289,1550,1,0,145
49831,46289,1542,3,35,145
49832,46290,1548,2,180,151
49833,46290,1557,2,115,151
49834,46290,1560,3,15,151
49835,46290,1563,2,150,151
49836,46290,1563,3,150,151
49837,46291,1556,1,70,144
49838,46291,1552,1,45,144
49839,46291,1570,3,25,144
49840,46291,1557,1,115,144
49841,46292,1572,2,20,
49842,46293,1564,1,0,148
49843,46293,1568,2,640,148
49844,46293,1543,1,25,148
49845,46294,1557,1,115,151
49846,46294,1553,1,310,151
49847,46294,1541,3,85,151
49848,46295,1560,3,15,151
49849,46295,1544,3,120,151
49850,46295,1567,3,360,151
49851,46295,1554,1,145,151
49852,46295,1560,2,15,151
49853,46296,1561,2,210,151
49854,46296,1561,1,210,151
49855,46297,1552,2,45,151
49856,46298,1554,1,145,148
49857,46298,1546,2,260,148
49858,46298,1552,3,45,148
49859,46298,1552,2,45,148
49860,46299,1555,3,220,148
49861,46299,1554,3,145,148
49862,46299,1563,1,150,148
49863,46299,1548,3,180,148
49864,46299,1544,3,120,148
49865,46300,1560,3,15,
49866,46300,1560,1,15,
49867,46301,1559,2,89,142
49868,46301,1550,1,0,142
49869,46301,1557,2,115,142
49870,46301,1569,2,0,142
49871,46301,1553,1,310,142
49872,46302,1560,2,15,143
49873,46302,1569,1,0,143
49874,46302,1552,1,45,143
49875,46302,1550,3,0,143
49876,46302,1548,2,180,143
49877,46303,1559,2,89,149
49878,46303,1545,3,95,149
49879,46303,1554,2,145,149
49880,46303,1550,1,0,149
49881,46303,1570,1,25,149
49882,46304,1553,3,310,144
49883,46304,1571,1,30,144
49884,46305,1554,1,145,147
49885,46305,1558,1,95,147
49886,46306,1572,3,20,151
49887,46306,1561,3,210,151
49888,46306,1552,1,45,151
49889,46306,1541,3,85,151
49890,46307,1564,1,0,142
49891,46308,1551,1,0,
49892,46308,1541,3,85,
49893,46309,1549,1,55,142
49894,46310,1563,1,150,146
49895,46310,1557,2,115,146
49896,46310,1541,3,85,146
49897,46311,1552,3,45,149
49898,46311,1546,2,260,149
49899,46311,1566,2,30,149
49900,46312,1566,2,30,150
49901,46313,1571,1,30,144
49902,46313,1550,1,0,144
49903,46313,1567,3,360,144
49904,46314,1548,2,180,149
49905,46314,1564,3,0,149
49906,46314,1563,1,150,149
49907,46314,1548,3,180,149
49908,46314,1554,3,145,149
49909,46315,1562,2,40,147
49910,46315,1555,1,220,147
49911,46315,1559,2,89,147
49912,46315,1562,1,40,147
49913,46315,1564,3,0,147
49914,46316,1547,1,420,
49915,46317,1568,2,640,152
49916,46317,1567,1,360,152
49917,46318,1544,3,120,141
49918,46318,1569,2,0,141
49919,46318,1556,3,70,141
49920,46318,1552,3,45,141
49921,46319,1570,2,25,147
49922,46319,1566,3,30,147
49923,46319,1560,3,15,147
49924,46320,1551,3,0,147
49925,46320,1548,3,180,147
49926,46321,1547,3,420,149
49927,46321,1557,3,115,149
49928,46321,1546,3,260,149
49929,46321,1553,1,310,149
49930,46321,1562,2,40,149
49931,46322,1561,3,210,143
49932,46322,1555,3,220,143
49933,46322,1549,3,55,143
49934,46322,1548,1,180,143
49935,46322,1566,2,30,143
49936,46323,1560,1,15,149
49937,46323,1572,1,20,149
49938,46323,1563,1,150,149
49939,46324,1557,3,115,
49940,46324,1545,2,95,
49941,46324,1550,2,0,
49942,46324,1554,3,145,
49943,46324,1565,1,45,
49944,46325,1564,2,0,145
49945,46325,1570,1,25,145
49946,46326,1558,1,95,150
49947,46326,1559,3,89,150
49948,46326,1558,1,95,150
49949,46327,1553,1,310,143
49950,46327,1549,1,55,143
49951,46327,1554,3,145,143
49952,46328,1554,1,145,148
49953,46328,1560,1,15,148
49954,46328,1566,1,30,148
49955,46328,1565,2,45,148
49956,46329,1543,1,25,146
49957,46329,1544,1,120,146
49958,46329,1555,3,220,146
49959,46329,1562,1,40,146
49960,46329,1565,3,45,146
49961,46330,1550,1,0,142
49962,46331,1572,3,20,143
49963,46332,1542,2,35,
49964,46333,1571,2,30,149
49965,46333,1549,1,55,149
49966,46333,1556,1,70,149
49967,46334,1551,3,0,143
49968,46334,1567,2,360,143
49969,46334,1570,1,25,143
49970,46334,1543,3,25,143
49971,46334,1572,2,20,143
49972,46335,1563,2,150,145
49973,46336,1555,1,220,149
49974,46336,1569,2,0,149
49975,46337,1566,2,30,149
49976,46337,1562,3,40,149
49977,46337,1553,2,310,149
49978,46337,1554,3,145,149
49979,46337,1567,1,360,149
49980,46338,1562,1,40,148
49981,46338,1549,1,55,148
49982,46338,1549,1,55,148
49983,46339,1562,2,40,147
49984,46340,1551,2,0,
49985,46341,1563,2,150,144
49986,46341,1571,2,30,144
49987,46342,1541,1,85,143
49988,46342,1564,3,0,143
49989,46342,1553,3,310,143
49990,46343,1562,3,40,150
49991,46343,1559,3,89,150
49992,46344,1572,1,20,143
49993,46345,1543,1,25,144
49994,46345,1571,2,30,144
49995,46346,1544,3,120,150
49996,46346,1552,3,45,150
49997,46346,1566,1,30,150
49998,46347,1569,2,0,145
49999,46347,1542,2,35,145
50000,46347,1544,2,120,145
50001,46347,1568,2,640,145
50002,46348,1554,3,145,
50003,46348,1555,2,220,
50004,46348,1552,2,45,
50005,46349,1562,3,40,148
50006,46349,1543,1,25,148
50007,46349,1542,3,35,148
50008,46349,1561,3,210,148
50009,46350,1555,2,220,142
50010,46350,1566,1,30,142
50011,46351,1557,1,115,141
50012,46351,1553,1,310,141
50013,46351,1568,3,640,141
50014,46351,1547,3,420,141
50015,46352,1547,3,420,152
50016,46352,1572,3,20,152
50017,46352,1568,2,640,152
50018,46352,1553,1,310,152
50019,46353,1564,3,0,152
50020,46353,1561,2,210,152
50021,46354,1562,1,40,144
50022,46354,1569,1,0,144
50023,46354,1559,3,89,144
50024,46354,1563,2,150,144
50025,46355,1544,3,120,143
50026,46355,1566,1,30,143
50027,46355,1564,3,0,143
50028,46356,1544,2,120,
50029,46356,1567,1,360,
50030,46356,1570,1,25,
50031,46356,1572,2,20,
50032,46356,1552,2,45,
50033,46357,1545,2,95,148
50034,46357,1549,3,55,148
50035,46357,1567,2,360,148
50036,46358,1557,1,115,152
50037,46358,1546,1,260,152
50038,46358,1547,2,420,152
50039,46358,1550,2,0,152
50040,46359,1550,1,0,144
50041,46359,1550,3,0,144
50042,46360,1562,2,40,147
50043,46360,1545,3,95,147
50044,46360,1558,3,95,147
50045,46360,1555,1,220,147
50046,46361,1561,2,210,146
50047,46362,1570,2,25,149
50048,46362,1563,3,150,149
50049,46363,1555,1,220,150
50050,46363,1560,1,15,150
50051,46363,1567,3,360,150
50052,46363,1565,2,45,150
50053,46363,1565,1,45,150
50054,46364,1543,2,25,
50055,46364,1569,1,0,
50056,46364,1549,3,55,
50057,46364,1568,1,640,
50058,46365,1555,2,220,152
50059,46365,1560,2,15,152
50060,46365,1541,2,85,152
50061,46366,1571,3,30,151
50062,46366,1550,3,0,151
50063,46367,1546,2,260,149
50064,46368,1567,1,360,144
50065,46368,1562,1,40,144
50066,46369,1564,2,0,145
50067,46369,1568,3,640,145
50068,46370,1555,2,220,150
50069,46371,1556,1,70,143
50070,46371,1551,3,0,143
50071,46371,1560,3,15,143
50072,46372,1550,2,0,
50073,46372,1558,1,95,
50074,46372,1550,3,0,
50075,46373,1568,3,640,146
50076,46374,1564,1,0,152
50077,46375,1569,1,0,144
50078,46376,1561,3,210,141
50079,46376,1554,2,145,141
50080,46376,1572,2,20,141
50081,46376,1569,1,0,141
50082,46377,1552,2,45,141
50083,46377,1558,1,95,141
50084,46377,1541,3,85,141
50085,46377,1548,2,180,141
50086,46377,1560,2,15,141
50087,46378,1543,2,25,142
50088,46378,1562,1,40,142
50089,46378,1546,2,260,142
50090,46378,1548,3,180,142
50091,46379,1557,3,115,143
50092,46379,1548,2,180,143
50093,46380,1564,1,0,
50094,46380,1562,3,40,
50095,46380,1560,1,15,
50096,46380,1551,3,0,
50097,46381,1563,2,150,144
50098,46381,1570,1,25,144
50099,46381,1566,3,30,144
50100,46382,1558,2,95,145
50101,46383,1562,1,40,148
50102,46383,1541,3,85,148
50103,46383,1547,2,420,148
50104,46384,1560,2,15,147
50105,46384,1552,1,45,147
50106,46384,1569,1,0,147
50107,46384,1563,1,150,147
50108,46385,1554,3,145,148
50109,46385,1560,3,15,148
50110,46385,1546,1,260,148
50111,46386,1568,1,640,151
50112,46386,1552,1,45,151
50113,46386,1570,3,25,151
50114,46387,1566,2,30,147
50115,46387,1572,3,20,147
50116,46387,1570,2,25,147
50117,46387,1565,3,45,147
50118,46387,1549,3,55,147
50119,46388,1556,3,70,
50120,46388,1559,3,89,
50121,46388,1566,3,30,
50122,46388,1550,2,0,
50123,46388,1547,2,420,
50124,46389,1570,1,25,141
50125,46389,1555,2,220,141
50126,46390,1566,2,30,147
50127,46390,1555,2,220,147
50128,46390,1546,2,260,147
50129,46390,1571,2,30,147
50130,46391,1546,2,260,149
50131,46391,1550,1,0,149
50132,46392,1557,2,115,152
50133,46392,1554,2,145,152
50134,46393,1572,1,20,146
50135,46394,1570,1,25,143
50136,46395,1548,1,180,146
50137,46395,1564,2,0,146
50138,46395,1557,1,115,146
50139,46395,1554,1,145,146
50140,46396,1553,3,310,
50141,46396,1563,1,150,
50142,46397,1548,1,180,147
50143,46397,1541,3,85,147
50144,46398,1555,1,220,141
50145,46398,1558,1,95,141
50146,46398,1541,1,85,141
50147,46398,1557,1,115,141
50148,46399,1555,3,220,141
50149,46400,1555,1,220,142
50150,46400,1550,1,0,142
50151,46400,1571,2,30,142
50152,46400,1544,1,120,142
50153,46400,1551,2,0,142
50154,46401,1545,3,95,144
50155,46401,1550,1,0,144
50156,46402,1563,1,150,142
50157,46402,1548,1,180,142
50158,46402,1545,1,95,142
50159,46402,1547,2,420,142
50160,46402,1567,1,360,142
50161,46403,1563,2,150,150
50162,46403,1571,1,30,150
50163,46404,1567,1,360,
50164,46404,1544,2,120,
50165,46404,1571,2,30,
50166,46405,1562,1,40,142
50167,46405,1548,1,180,142
50168,46406,1560,3,15,148
50169,46407,1548,1,180,150
50170,46407,1541,2,85,150
50171,46407,1561,3,210,150
50172,46407,1555,1,220,150
50173,46408,1564,3,0,152
50174,46408,1548,1,180,152
50175,46408,1543,1,25,152
50176,46409,1545,3,95,144
50177,46409,1547,3,420,144
50178,46409,1555,2,220,144
50179,46410,1560,1,15,149
50180,46410,1564,1,0,149
50181,46410,1542,1,35,149
50182,46410,1552,3,45,149
50183,46410,1569,3,0,149
50184,46411,1570,3,25,145
50185,46412,1567,2,360,
50186,46412,1554,3,145,
50187,46413,1561,2,210,150
50188,46413,1551,3,0,150
50189,46414,1570,2,25,141
50190,46415,1569,2,0,148
50191,46416,1555,2,220,152
50192,46416,1553,1,310,152
50193,46417,1543,3,25,151
50194,46417,1547,1,420,151
50195,46417,1550,2,0,151
50196,46418,1554,3,145,147
50197,46418,1572,1,20,147
50198,46419,1563,1,150,146
50199,46420,1570,1,25,
50200,46420,1549,2,55,
50201,46420,1557,1,115,
50202,46421,1542,2,35,152
50203,46421,1544,1,120,152
50204,46422,1553,3,310,149
50205,46423,1553,2,310,152
50206,46423,1564,3,0,152
50207,46423,1572,3,20,152
50208,46424,1551,1,0,149
50209,46424,1548,1,180,149
50210,46424,1572,1,20,149
50211,46424,1555,3,220,149
50212,46425,1567,2,360,151
50213,46425,1555,2,220,151
50214,46425,1564,3,0,151
50215,46425,1565,1,45,151
50216,46426,1556,3,70,145
50217,46427,1548,2,180,143
50218,46427,1562,1,40,143
50219,46427,1542,1,35,143
50220,46428,1553,3,310,
50221,46428,1571,1,30,
50222,46429,1560,2,15,141
50223,46429,1555,2,220,141
50224,46429,1563,1,150,141
50225,46429,1553,3,310,141
50226,46429,1556,2,70,141
50227,46430,1561,3,210,141
50228,46430,1571,1,30,141
50229,46430,1552,1,45,141
50230,46430,1558,2,95,141
50231,46430,1551,2,0,141
50232,46431,1571,1,30,145
50233,46431,1558,2,95,145
50234,46431,1550,1,0,145
50235,46432,1564,1,0,147
50236,46432,1561,3,210,147
50237,46432,1557,1,115,147
50238,46432,1545,1,95,147
50239,46432,1543,3,25,147
50240,46433,1545,3,95,150
50241,46434,1558,2,95,147
50242,46434,1550,1,0,147
50243,46434,1542,3,35,147
50244,46434,1570,3,25,147
50245,46435,1563,3,150,141
50246,46435,1569,3,0,141
50247,46435,1567,3,360,141
50248,46435,1563,2,150,141
50249,46435,1570,3,25,141
50250,46436,1559,3,89,
50251,46436,1551,3,0,
50252,46437,1552,1,45,141
50253,46438,1552,3,45,151
50254,46439,1562,2,40,141
50255,46439,1561,2,210,141
50256,46439,1548,3,180,141
50257,46439,1556,2,70,141
50258,46439,1557,1,115,141
50259,46440,1552,3,45,152
50260,46441,1569,2,0,149
50261,46442,1555,1,220,145
50262,46442,1562,3,40,145
50263,46442,1556,2,70,145
50264,46442,1572,3,20,145
50265,46442,1549,2,55,145
50266,46443,1547,3,420,147
50267,46443,1557,2,115,147
50268,46444,1566,2,30,
50269,46444,1547,3,420,
50270,46445,1557,1,115,144
50271,46445,1562,2,40,144
50272,46446,1541,2,85,149
50273,46447,1553,2,310,151
50274,46448,1559,2,89,143
50275,46448,1570,2,25,143
50276,46448,1552,3,45,143
50277,46448,1556,3,70,143
50278,46449,1557,2,115,143
50279,46449,1556,2,70,143
50280,46449,1545,2,95,143
50281,46449,1572,1,20,143
50282,46449,1541,3,85,143
50283,46450,1548,3,180,151
50284,46451,1559,2,89,144
50285,46451,1546,2,260,144
50286,46452,1567,1,360,
50287,46452,1544,2,120,
50288,46452,1557,3,115,
50289,46452,1546,3,260,
50290,46452,1556,1,70,
50291,46453,1546,3,260,141
50292,46453,1541,1,85,141
50293,46453,1550,2,0,141
50294,46454,1567,2,360,147
50295,46455,1559,2,89,151
50296,46455,1553,3,310,151
50297,46456,1567,3,360,145
50298,46456,1542,1,35,145
50299,46456,1557,3,115,145
50300,46456,1546,3,260,145
50301,46457,1572,3,20,144
50302,46457,1542,1,35,144
50303,46457,1565,3,45,144
50304,46457,1569,2,0,144
50305,46457,1549,2,55,144
50306,46458,1561,1,210,146
50307,46458,1569,3,0,146
50308,46458,1569,3,0,146
50309,46458,1563,2,150,146
50310,46458,1541,2,85,146
50311,46459,1569,2,0,147
50312,46459,1560,3,15,147
50313,46460,1566,1,30,
50314,46461,1560,2,15,148
50315,46461,1553,1,310,148
50316,46462,1541,3,85,143
50317,46462,1558,1,95,143
50318,46463,1542,3,35,145
50319,46463,1548,3,180,145
50320,46463,1561,3,210,145
50321,46464,1546,2,260,150
50322,46464,1551,1,0,150
50323,46464,1545,2,95,150
50324,46465,1568,3,640,144
50325,46465,1554,1,145,144
50326,46465,1564,2,0,144
50327,46466,1542,1,35,148
50328,46466,1551,1,0,148
50329,46466,1554,3,145,148
50330,46466,1549,2,55,148
50331,46467,1564,2,0,144
50332,46467,1551,3,0,144
50333,46467,1572,1,20,144
50334,46468,1572,1,20,
50335,46468,1560,2,15,
50336,46468,1567,1,360,
50337,46468,1569,1,0,
50338,46469,1568,3,640,144
50339,46469,1564,2,0,144
50340,46470,1558,1,95,146
50341,46470,1563,3,150,146
50342,46470,1563,1,150,146
50343,46471,1548,2,180,152
50344,46471,1543,1,25,152
50345,46471,1556,1,70,152
50346,46472,1541,2,85,144
50347,46472,1552,3,45,144
50348,46473,1561,3,210,142
50349,46473,1551,3,0,142
50350,46473,1566,2,30,142
50351,46473,1567,3,360,142
50352,46473,1541,2,85,142
50353,46474,1548,2,180,152
50354,46474,1544,2,120,152
50355,46475,1562,3,40,141
50356,46475,1541,3,85,141
50357,46475,1542,3,35,141
50358,46475,1548,3,180,141
50359,46476,1552,3,45,
50360,46476,1546,2,260,
50361,46476,1557,1,115,
50362,46477,1571,1,30,142
50363,46477,1572,1,20,142
50364,46477,1567,3,360,142
50365,46478,1550,1,0,151
50366,46479,1563,3,150,150
50367,46479,1556,3,70,150
50368,46479,1564,2,0,150
50369,46480,1567,2,360,147
50370,46480,1541,1,85,147
50371,46480,1558,3,95,147
50372,46480,1560,2,15,147
50373,46481,1548,2,180,149
50374,46481,1555,2,220,149
50375,46481,1571,1,30,149
50376,46481,1550,1,0,149
50377,46482,1543,2,25,143
50378,46482,1552,3,45,143
50379,46482,1545,2,95,143
50380,46482,1542,3,35,143
50381,46482,1552,1,45,143
50382,46483,1557,3,115,147
50383,46483,1551,2,0,147
50384,46483,1550,1,0,147
50385,46483,1561,2,210,147
50386,46484,1571,3,30,
50387,46484,1552,1,45,
50388,46484,1554,2,145,
50389,46485,1543,2,25,148
50390,46485,1568,2,640,148
50391,46485,1565,1,45,148
50392,46486,1562,2,40,144
50393,46486,1543,2,25,144
50394,46486,1562,2,40,144
50395,46486,1556,1,70,144
50396,46486,1556,1,70,144
50397,46487,1561,1,210,142
50398,46487,1560,3,15,142
50399,46488,1556,3,70,150
50400,46488,1546,1,260,150
50401,46489,1544,2,120,143
50402,46489,1542,2,35,143
50403,46489,1545,2,95,143
50404,46489,1545,1,95,143
50405,46490,1556,2,70,147
50406,46490,1570,3,25,147
50407,46490,1556,3,70,147
50408,46491,1552,2,45,142
50409,46491,1551,3,0,142
50410,46491,1563,3,150,142
50411,46492,1549,3,55,
50412,46492,1541,3,85,
50413,46492,1553,1,310,
50414,46492,1554,1,145,
50415,46493,1562,2,40,151
50416,46493,1542,3,35,151
50417,46493,1553,2,310,151
50418,46493,1564,2,0,151
50419,46493,1567,1,360,151
50420,46494,1572,1,20,149
50421,46495,1567,1,360,147
50422,46495,1559,3,89,147
50423,46495,1569,1,0,147
50424,46496,1552,3,45,145
50425,46497,1552,1,45,143
50426,46497,1563,3,150,143
50427,46497,1556,3,70,143
50428,46497,1559,2,89,143
50429,46497,1561,3,210,143
50430,46498,1572,1,20,150
50431,46499,1566,3,30,151
50432,46500,1556,1,70,
50433,46500,1562,1,40,
50434,46500,1546,1,260,
50435,46501,1555,3,220,145
50436,46502,1545,1,95,152
50437,46502,1558,2,95,152
50438,46503,1560,2,15,145
50439,46503,1567,1,360,145
50440,46504,1566,1,30,145
50441,46504,1567,1,360,145
50442,46504,1568,2,640,145
50443,46505,1552,1,45,151
50444,46505,1571,2,30,151
50445,46506,1554,2,145,148
50446,46506,1542,2,35,148
50447,46506,1555,3,220,148
50448,46506,1547,3,420,148
50449,46506,1548,1,180,148
50450,46507,1566,2,30,151
50451,46507,1571,3,30,151
50452,46507,1542,2,35,151
50453,46507,1546,3,260,151
50454,46507,1543,3,25,151
50455,46508,1566,3,30,
50456,46508,1553,1,310,
50457,46509,1569,2,0,148
50458,46510,1545,2,95,142
50459,46510,1545,1,95,142
50460,46510,1546,2,260,142
50461,46510,1564,2,0,142
50462,46510,1552,2,45,142
50463,46511,1570,2,25,145
50464,46511,1545,3,95,145
50465,46511,1563,3,150,145
50466,46511,1568,2,640,145
50467,46511,1571,2,30,145
50468,46512,1560,3,15,144
50469,46513,1555,2,220,151
50470,46513,1565,2,45,151
50471,46513,1561,2,210,151
50472,46514,1566,2,30,141
50473,46514,1541,3,85,141
50474,46515,1549,1,55,150
50475,46515,1542,2,35,150
50476,46515,1570,2,25,150
50477,46515,1568,2,640,150
50478,46516,1546,2,260,
50479,46516,1546,1,260,
50480,46516,1541,1,85,
50481,46516,1551,2,0,
50482,46517,1559,3,89,148
50483,46518,1559,1,89,142
50484,46519,1568,1,640,149
50485,46519,1542,1,35,149
50486,46520,1563,2,150,146
50487,46520,1550,2,0,146
50488,46520,1554,3,145,146
50489,46521,1572,3,20,146
50490,46521,1541,2,85,146
50491,46521,1558,3,95,146
50492,46521,1545,2,95,146
50493,46521,1552,3,45,146
50494,46522,1569,3,0,150
50495,46522,1569,3,0,150
50496,46522,1565,2,45,150
50497,46522,1558,3,95,150
50498,46523,1565,1,45,151
50499,46523,1552,3,45,151
50500,46523,1541,3,85,151
50501,46524,1560,1,15,
50502,46524,1553,1,310,
50503,46524,1542,2,35,
50504,46525,1561,2,210,141
50505,46525,1545,3,95,141
50506,46525,1572,2,20,141
50507,46526,1541,3,85,150
50508,46526,1549,2,55,150
50509,46526,1569,1,0,150
50510,46526,1570,1,25,150
50511,46526,1551,3,0,150
50512,46527,1550,2,0,142
50513,46527,1546,1,260,142
50514,46528,1569,3,0,145
50515,46528,1542,1,35,145
50516,46529,1559,1,89,152
50517,46529,1556,3,70,152
50518,46529,1570,3,25,152
50519,46530,1570,2,25,151
50520,46530,1558,2,95,151
50521,46530,1555,1,220,151
50522,46530,1548,1,180,151
50523,46530,1559,3,89,151
50524,46531,1552,1,45,148
50525,46531,1549,2,55,148
50526,46532,1561,1,210,
50527,46533,1557,2,115,146
50528,46533,1572,1,20,146
50529,46534,1561,2,210,150
50530,46534,1561,3,210,150
50531,46534,1565,2,45,150
50532,46534,1564,1,0,150
50533,46534,1550,2,0,150
50534,46535,1553,1,310,145
50535,46535,1555,3,220,145
50536,46535,1572,1,20,145
50537,46535,1543,1,25,145
50538,46535,1549,3,55,145
50539,46536,1566,1,30,147
50540,46536,1554,3,145,147
50541,46536,1567,2,360,147
50542,46536,1566,3,30,147
50543,46537,1543,1,25,151
50544,46538,1556,1,70,145
50545,46538,1550,3,0,145
50546,46538,1549,3,55,145
50547,46538,1556,1,70,145
50548,46538,1548,2,180,145
50549,46539,1555,1,220,149
50550,46539,1551,2,0,149
50551,46539,1558,2,95,149
50552,46540,1549,2,55,
50553,46540,1551,2,0,
50554,46540,1546,3,260,
50555,46540,1566,1,30,
50556,46541,1568,1,640,148
50557,46542,1556,3,70,146
50558,46542,1545,3,95,146
50559,46542,1563,1,150,146
50560,46543,1557,3,115,143
50561,46543,1553,1,310,143
50562,46544,1569,3,0,141
50563,46544,1552,2,45,141
50564,46544,1546,2,260,141
50565,46545,1545,2,95,143
50566,46545,1545,2,95,143
50567,46545,1550,2,0,143
50568,46546,1557,2,115,150
50569,46546,1552,1,45,150
50570,46546,1560,1,15,150
50571,46547,1553,1,310,146
50572,46547,1559,3,89,146
50573,46547,1571,1,30,146
50574,46547,1557,2,115,146
50575,46548,1566,3,30,
50576,46549,1568,2,640,148
50577,46549,1557,3,115,148
50578,46549,1546,1,260,148
50579,46550,1549,1,55,146
50580,46550,1542,3,35,146
50581,46550,1555,3,220,146
50582,46550,1565,2,45,146
50583,46550,1551,3,0,146
50584,46551,1562,3,40,146
50585,46551,1558,2,95,146
50586,46551,1546,3,260,146
50587,46551,1558,1,95,146
50588,46551,1549,1,55,146
50589,46552,1550,2,0,146
50590,46552,1542,2,35,146
50591,46552,1567,2,360,146
50592,46553,1558,1,95,145
50593,46553,1560,3,15,145
50594,46553,1571,3,30,145
50595,46553,1557,1,115,145
50596,46553,1558,3,95,145
50597,46554,1567,1,360,143
50598,46554,1567,3,360,143
50599,46554,1562,2,40,143
50600,46554,1547,1,420,143
50601,46555,1564,2,0,151
50602,46555,1571,2,30,151
50603,46556,1566,3,30,
50604,46556,1557,2,115,
50605,46556,1570,3,25,
50606,46556,1550,3,0,
50607,46556,1557,2,115,
50608,46557,1547,3,420,149
50609,46558,1556,2,70,151
50610,46558,1541,3,85,151
50611,46558,1568,2,640,151
50612,46558,1546,2,260,151
50613,46559,1554,2,145,144
50614,46559,1572,3,20,144
50615,46559,1550,2,0,144
50616,46559,1555,1,220,144
50617,46559,1567,3,360,144
50618,46560,1542,3,35,141
50619,46560,1553,1,310,141
50620,46561,1545,2,95,148
50621,46561,1560,1,15,148
50622,46561,1555,2,220,148
50623,46562,1559,1,89,150
50624,46562,1549,1,55,150
50625,46562,1567,1,360,150
50626,46562,1544,3,120,150
50627,46562,1549,2,55,150
50628,46563,1543,2,25,152
50629,46564,1563,2,150,
50630,46564,1561,1,210,
50631,46564,1547,2,420,
50632,46564,1562,1,40,
50633,46564,1549,2,55,
50634,46565,1546,3,260,148
50635,46565,1555,3,220,148
50636,46565,1566,2,30,148
50637,46565,1547,3,420,148
50638,46565,1569,2,0,148
50639,46566,1556,1,70,142
50640,46567,1570,2,25,144
50641,46567,1541,1,85,144
50642,46567,1546,3,260,144
50643,46568,1546,3,260,143
50644,46568,1552,3,45,143
50645,46568,1552,2,45,143
50646,46569,1547,3,420,151
50647,46569,1543,1,25,151
50648,46569,1556,2,70,151
50649,46569,1545,3,95,151
50650,46569,1557,2,115,151
50651,46570,1550,2,0,152
50652,46570,1544,1,120,152
50653,46570,1562,2,40,152
50654,46571,1558,3,95,145
50655,46571,1542,3,35,145
50656,46571,1546,1,260,145
50657,46571,1558,2,95,145
50658,46571,1542,2,35,145
50659,46572,1559,1,89,
50660,46572,1571,2,30,
50661,46572,1557,3,115,
50662,46572,1554,2,145,
50663,46573,1557,1,115,142
50664,46573,1552,1,45,142
50665,46574,1556,2,70,147
50666,46575,1549,3,55,146
50667,46575,1568,1,640,146
50668,46575,1569,1,0,146
50669,46576,1543,3,25,148
50670,46576,1544,3,120,148
50671,46576,1556,3,70,148
50672,46577,1546,2,260,152
50673,46578,1557,2,115,144
50674,46578,1545,2,95,144
50675,46578,1559,3,89,144
50676,46578,1543,3,25,144
50677,46578,1570,2,25,144
50678,46579,1557,3,115,143
50679,46579,1544,2,120,143
50680,46580,1551,3,0,
50681,46580,1553,3,310,
50682,46580,1557,2,115,
50683,46580,1554,3,145,
50684,46581,1561,2,210,146
50685,46582,1549,3,55,141
50686,46582,1559,2,89,141
50687,46582,1545,3,95,141
50688,46583,1549,3,55,146
50689,46583,1557,3,115,146
50690,46583,1552,1,45,146
50691,46583,1571,2,30,146
50692,46584,1564,1,0,147
50693,46584,1556,2,70,147
50694,46584,1559,3,89,147
50695,46584,1548,2,180,147
50696,46585,1544,3,120,152
50697,46585,1562,2,40,152
50698,46585,1565,2,45,152
50699,46586,1548,1,180,152
50700,46586,1544,3,120,152
50701,46586,1561,3,210,152
50702,46587,1550,3,0,151
50703,46587,1564,1,0,151
50704,46587,1555,3,220,151
50705,46588,1546,2,260,
50706,46588,1570,3,25,
50707,46588,1555,3,220,
50708,46588,1564,3,0,
50709,46588,1551,1,0,
50710,46589,1554,1,145,152
50711,46589,1570,3,25,152
50712,46589,1563,3,150,152
50713,46590,1554,2,145,143
50714,46590,1550,2,0,143
50715,46590,1560,3,15,143
50716,46591,1560,1,15,143
50717,46592,1556,1,70,143
50718,46592,1568,1,640,143
50719,46592,1551,2,0,143
50720,46593,1570,3,25,142
50721,46594,1554,1,145,152
50722,46595,1545,2,95,142
50723,46596,1552,3,45,
50724,46596,1563,2,150,
50725,46596,1543,1,25,
50726,46596,1571,3,30,
50727,46596,1554,1,145,
50728,46597,1541,3,85,146
50729,46597,1557,1,115,146
50730,46597,1563,2,150,146
50731,46598,1543,3,25,148
50732,46598,1565,3,45,148
50733,46598,1548,2,180,148
50734,46598,1572,1,20,148
50735,46599,1564,1,0,149
50736,46599,1572,1,20,149
50737,46599,1548,1,180,149
50738,46599,1558,2,95,149
50739,46599,1548,1,180,149
50740,46600,1561,3,210,146
50741,46600,1566,3,30,146
50742,46600,1543,1,25,146
50743,46601,1561,1,210,152
50744,46602,1569,3,0,149
50745,46603,1571,2,30,151
50746,46603,1550,3,0,151
50747,46603,1551,3,0,151
50748,46603,1547,2,420,151
50749,46603,1567,1,360,151
50750,46604,1541,2,85,
50751,46604,1563,2,150,
50752,46604,1566,1,30,
50753,46605,1561,2,210,143
50754,46605,1558,3,95,143
50755,46605,1560,1,15,143
50756,46605,1566,3,30,143
50757,46605,1549,2,55,143
50758,46606,1563,3,150,151
50759,46607,1566,1,30,144
50760,46607,1556,2,70,144
50761,46607,1547,2,420,144
50762,46607,1554,2,145,144
50763,46608,1570,1,25,143
50764,46609,1562,3,40,143
50765,46609,1572,1,20,143
50766,46609,1550,1,0,143
50767,46609,1569,1,0,143
50768,46609,1563,3,150,143
50769,46610,1549,1,55,152
50770,46610,1561,1,210,152
50771,46611,1556,1,70,151
50772,46611,1555,3,220,151
50773,46611,1562,2,40,151
50774,46612,1557,1,115,
50775,46612,1559,1,89,
50776,46613,1559,2,89,141
50777,46613,1552,3,45,141
50778,46613,1554,1,145,141
50779,46613,1554,2,145,141
50780,46614,1541,3,85,142
50781,46614,1565,3,45,142
50782,46614,1570,3,25,142
50783,46614,1554,2,145,142
50784,46614,1568,1,640,142
50785,46615,1566,1,30,143
50786,46615,1552,1,45,143
50787,46615,1543,3,25,143
50788,46615,1571,3,30,143
50789,46615,1567,1,360,143
50790,46616,1553,1,310,150
50791,46616,1558,2,95,150
50792,46616,1546,2,260,150
50793,46616,1546,3,260,150
50794,46617,1560,2,15,141
50795,46617,1568,1,640,141
50796,46618,1549,3,55,147
50797,46618,1555,2,220,147
50798,46618,1567,1,360,147
50799,46618,1563,1,150,147
50800,46618,1542,1,35,147
50801,46619,1557,1,115,148
50802,46620,1571,1,30,
50803,46621,1563,3,150,142
50804,46621,1551,2,0,142
50805,46621,1559,3,89,142
50806,46622,1571,2,30,147
50807,46623,1559,1,89,144
50808,46624,1541,1,85,144
50809,46624,1561,3,210,144
50810,46624,1570,3,25,144
50811,46625,1545,3,95,145
50812,46625,1572,2,20,145
50813,46626,1548,2,180,152
50814,46626,1548,1,180,152
50815,46627,1556,3,70,151
50816,46627,1565,1,45,151
50817,46628,1549,2,55,
50818,46628,1570,1,25,
50819,46629,1552,2,45,149
50820,46629,1568,3,640,149
50821,46630,1569,1,0,152
50822,46630,1547,1,420,152
50823,46630,1551,2,0,152
50824,46631,1560,3,15,152
50825,46631,1568,3,640,152
50826,46631,1551,3,0,152
50827,46631,1570,2,25,152
50828,46631,1546,1,260,152
50829,46632,1567,2,360,148
50830,46632,1560,3,15,148
50831,46632,1549,3,55,148
50832,46633,1564,1,0,150
50833,46633,1553,3,310,150
50834,46634,1564,2,0,148
50835,46635,1544,2,120,143
50836,46635,1559,2,89,143
50837,46635,1548,1,180,143
50838,46635,1566,1,30,143
50839,46635,1544,2,120,143
50840,46636,1564,1,0,
50841,46636,1570,3,25,
50842,46636,1541,3,85,
50843,46637,1553,3,310,142
50844,46637,1557,3,115,142
50845,46638,1561,3,210,150
50846,46639,1546,2,260,148
50847,46639,1551,3,0,148
50848,46639,1560,1,15,148
50849,46639,1569,2,0,148
50850,46640,1549,3,55,149
50851,46640,1543,3,25,149
50852,46640,1564,2,0,149
50853,46640,1556,1,70,149
50854,46641,1560,1,15,147
50855,46641,1546,3,260,147
50856,46642,1570,2,25,141
50857,46642,1556,3,70,141
50858,46642,1563,3,150,141
50859,46643,1555,1,220,149
50860,46644,1553,3,310,
50861,46644,1552,1,45,
50862,46644,1570,1,25,
50863,46644,1546,1,260,
50864,46645,1550,3,0,144
50865,46645,1551,2,0,144
50866,46646,1552,1,45,151
50867,46646,1567,2,360,151
50868,46646,1558,1,95,151
50869,46646,1542,1,35,151
50870,46646,1557,1,115,151
50871,46647,1572,3,20,144
50872,46647,1551,2,0,144
50873,46647,1557,2,115,144
50874,46648,1559,1,89,144
50875,46649,1563,1,150,151
50876,46649,1567,3,360,151
50877,46649,1552,3,45,151
50878,46649,1556,1,70,151
50879,46649,1547,1,420,151
50880,46650,1555,2,220,142
50881,46650,1572,2,20,142
50882,46650,1552,2,45,142
50883,46650,1566,3,30,142
50884,46651,1570,2,25,150
50885,46651,1552,3,45,150
50886,46651,1566,3,30,150
50887,46651,1566,1,30,150
50888,46652,1554,3,145,
50889,46652,1571,3,30,
50890,46652,1552,1,45,
50891,46653,1563,1,150,143
50892,46653,1565,1,45,143
50893,46654,1549,1,55,150
50894,46654,1541,2,85,150
50895,46654,1564,2,0,150
50896,46654,1563,3,150,150
50897,46655,1572,1,20,147
50898,46655,1558,2,95,147
50899,46656,1549,1,55,148
50900,46656,1556,3,70,148
50901,46657,1570,1,25,141
50902,46657,1551,1,0,141
50903,46657,1557,2,115,141
50904,46657,1563,1,150,141
50905,46658,1565,3,45,144
50906,46658,1543,3,25,144
50907,46658,1548,1,180,144
50908,46658,1548,3,180,144
50909,46659,1551,3,0,150
50910,46659,1542,2,35,150
50911,46659,1563,1,150,150
50912,46659,1567,2,360,150
50913,46660,1561,2,210,
50914,46660,1551,3,0,
50915,46660,1550,1,0,
50916,46660,1566,2,30,
50917,46661,1552,2,45,145
50918,46662,1547,3,420,146
50919,46662,1556,3,70,146
50920,46662,1547,3,420,146
50921,46662,1557,2,115,146
50922,46662,1566,3,30,146
50923,46663,1561,2,210,150
50924,46663,1571,2,30,150
50925,46663,1554,3,145,150
50926,46664,1551,2,0,150
50927,46665,1566,2,30,149
50928,46665,1544,2,120,149
50929,46665,1559,1,89,149
50930,46666,1553,3,310,148
50931,46666,1543,2,25,148
50932,46666,1545,1,95,148
50933,46667,1566,2,30,152
50934,46667,1552,3,45,152
50935,46667,1559,3,89,152
50936,46667,1569,3,0,152
50937,46668,1556,3,70,
50938,46668,1566,2,30,
50939,46668,1547,1,420,
50940,46668,1558,2,95,
50941,46668,1541,3,85,
50942,46669,1546,3,260,146
50943,46669,1543,1,25,146
50944,46670,1555,3,220,152
50945,46670,1558,1,95,152
50946,46670,1559,3,89,152
50947,46670,1551,1,0,152
50948,46670,1568,3,640,152
50949,46671,1549,1,55,147
50950,46671,1554,3,145,147
50951,46671,1567,3,360,147
50952,46671,1568,1,640,147
50953,46671,1566,1,30,147
50954,46672,1562,3,40,142
50955,46672,1546,3,260,142
50956,46672,1568,1,640,142
50957,46672,1555,2,220,142
50958,46673,1563,2,150,143
50959,46673,1543,1,25,143
50960,46673,1564,2,0,143
50961,46674,1550,1,0,144
50962,46674,1564,1,0,144
50963,46674,1556,3,70,144
50964,46674,1572,1,20,144
50965,46675,1548,3,180,142
50966,46675,1553,1,310,142
50967,46676,1547,2,420,
50968,46676,1560,1,15,
50969,46676,1542,2,35,
50970,46676,1552,2,45,
50971,46676,1549,1,55,
50972,46677,1567,1,360,151
50973,46678,1562,2,40,151
50974,46678,1555,2,220,151
50975,46679,1543,1,25,144
50976,46679,1548,2,180,144
50977,46680,1567,2,360,144
50978,46680,1544,3,120,144
50979,46680,1541,3,85,144
50980,46681,1547,1,420,152
50981,46681,1541,3,85,152
50982,46681,1568,3,640,152
50983,46681,1541,2,85,152
50984,46681,1551,2,0,152
50985,46682,1545,1,95,142
50986,46682,1553,1,310,142
50987,46682,1560,3,15,142
50988,46682,1567,2,360,142
50989,46682,1567,3,360,142
50990,46683,1548,3,180,149
50991,46684,1570,2,25,
50992,46684,1552,3,45,
50993,46685,1554,1,145,143
50994,46685,1571,3,30,143
50995,46685,1572,2,20,143
50996,46686,1563,1,150,145
50997,46687,1567,1,360,150
50998,46687,1556,1,70,150
50999,46687,1568,3,640,150
51000,46687,1546,3,260,150
51001,46687,1567,1,360,150
51002,46688,1569,2,0,149
51003,46688,1553,2,310,149
51004,46688,1558,2,95,149
51005,46689,1556,3,70,144
51006,46689,1546,3,260,144
51007,46690,1544,1,120,151
51008,46690,1548,1,180,151
51009,46690,1563,2,150,151
51010,46690,1560,3,15,151
51011,46691,1554,1,145,145
51012,46691,1545,3,95,145
51013,46691,1559,2,89,145
51014,46691,1566,2,30,145
51015,46691,1557,2,115,145
51016,46692,1549,1,55,
51017,46692,1565,1,45,
51018,46692,1555,2,220,
51019,46692,1549,1,55,
51020,46693,1569,3,0,145
51021,46694,1560,3,15,150
51022,46695,1571,1,30,145
51023,46695,1546,3,260,145
51024,46696,1541,2,85,143
51025,46696,1544,2,120,143
51026,46696,1572,2,20,143
51027,46696,1552,1,45,143
51028,46697,1561,1,210,152
51029,46697,1561,2,210,152
51030,46697,1564,1,0,152
51031,46697,1560,2,15,152
51032,46698,1543,1,25,143
51033,46698,1547,2,420,143
51034,46698,1571,3,30,143
51035,46698,1549,3,55,143
51036,46699,1553,1,310,143
51037,46699,1569,3,0,143
51038,46700,1542,1,35,
51039,46700,1572,3,20,
51040,46700,1545,3,95,
51041,46700,1546,2,260,
51042,46700,1552,2,45,
51043,46701,1559,1,89,146
51044,46701,1563,3,150,146
51045,46701,1570,3,25,146
51046,46701,1544,2,120,146
51047,46702,1544,3,120,149
51048,46703,1562,1,40,147
51049,46703,1564,1,0,147
51050,46703,1555,1,220,147
51051,46704,1562,3,40,141
51052,46704,1569,1,0,141
51053,46705,1555,1,220,148
51054,46706,1548,1,180,141
51055,46706,1572,3,20,141
51056,46706,1551,3,0,141
51057,46707,1567,1,360,152
51058,46708,1550,1,0,
51059,46708,1555,2,220,
51060,46708,1552,1,45,
51061,46708,1552,2,45,
51062,46709,1566,1,30,142
51063,46710,1552,3,45,148
51064,46710,1547,3,420,148
51065,46710,1568,2,640,148
51066,46710,1561,2,210,148
51067,46711,1543,3,25,146
51068,46711,1570,3,25,146
51069,46711,1541,1,85,146
51070,46711,1551,1,0,146
51071,46712,1555,3,220,149
51072,46712,1572,3,20,149
51073,46712,1563,3,150,149
51074,46713,1569,3,0,145
51075,46713,1569,2,0,145
51076,46713,1565,3,45,145
51077,46713,1570,1,25,145
51078,46714,1562,2,40,143
51079,46714,1569,3,0,143
51080,46714,1567,2,360,143
51081,46715,1555,2,220,143
51082,46715,1563,1,150,143
51083,46715,1553,3,310,143
51084,46715,1560,1,15,143
51085,46716,1541,1,85,
51086,46716,1554,3,145,
51087,46717,1572,2,20,152
51088,46717,1545,3,95,152
51089,46717,1562,1,40,152
51090,46717,1553,1,310,152
51091,46718,1570,2,25,151
51092,46718,1552,1,45,151
51093,46719,1565,2,45,152
51094,46719,1566,2,30,152
51095,46719,1546,3,260,152
51096,46719,1551,2,0,152
51097,46719,1554,3,145,152
51098,46720,1543,3,25,142
51099,46720,1557,2,115,142
51100,46721,1560,3,15,151
51101,46721,1556,3,70,151
51102,46721,1570,1,25,151
51103,46722,1551,1,0,151
51104,46722,1541,3,85,151
51105,46722,1554,3,145,151
51106,46722,1542,2,35,151
51107,46722,1567,1,360,151
51108,46723,1556,1,70,151
51109,46723,1559,1,89,151
51110,46723,1566,3,30,151
51111,46723,1564,2,0,151
51112,46724,1569,3,0,
51113,46724,1555,1,220,
51114,46725,1551,2,0,148
51115,46725,1544,2,120,148
51116,46725,1559,3,89,148
51117,46725,1554,1,145,148
51118,46726,1566,2,30,148
51119,46726,1570,2,25,148
51120,46726,1570,3,25,148
51121,46727,1558,2,95,148
51122,46728,1563,1,150,148
51123,46728,1567,1,360,148
51124,46728,1543,1,25,148
51125,46728,1547,1,420,148
51126,46728,1542,2,35,148
51127,46729,1564,1,0,141
51128,46729,1568,3,640,141
51129,46730,1558,2,95,146
51130,46730,1556,3,70,146
51131,46731,1558,1,95,144
51132,46731,1564,2,0,144
51133,46732,1554,2,145,
51134,46732,1560,3,15,
51135,46732,1551,2,0,
51136,46732,1549,3,55,
51137,46732,1552,3,45,
51138,46733,1552,3,45,143
51139,46733,1571,2,30,143
51140,46733,1564,3,0,143
51141,46733,1562,1,40,143
51142,46733,1555,1,220,143
51143,46734,1564,3,0,143
51144,46734,1561,1,210,143
51145,46735,1542,1,35,146
51146,46735,1550,2,0,146
51147,46735,1542,2,35,146
51148,46736,1550,1,0,142
51149,46736,1549,3,55,142
51150,46736,1568,1,640,142
51151,46736,1544,1,120,142
51152,46737,1564,1,0,146
51153,46737,1543,1,25,146
51154,46737,1566,2,30,146
51155,46737,1565,2,45,146
51156,46737,1547,2,420,146
51157,46738,1546,3,260,144
51158,46739,1550,3,0,144
51159,46740,1564,3,0,
51160,46741,1544,2,120,147
51161,46742,1572,3,20,151
51162,46742,1567,3,360,151
51163,46743,1552,2,45,145
51164,46743,1554,3,145,145
51165,46743,1554,1,145,145
51166,46743,1542,3,35,145
51167,46744,1556,1,70,141
51168,46744,1544,2,120,141
51169,46744,1572,2,20,141
51170,46745,1562,1,40,148
51171,46745,1566,3,30,148
51172,46745,1557,3,115,148
51173,46746,1566,1,30,141
51174,46746,1546,1,260,141
51175,46746,1543,2,25,141
51176,46746,1541,1,85,141
51177,46746,1570,1,25,141
51178,46747,1559,3,89,152
51179,46748,1543,1,25,
51180,46749,1569,1,0,149
51181,46750,1555,2,220,152
51182,46751,1569,3,0,152
51183,46752,1552,3,45,142
51184,46752,1558,1,95,142
51185,46752,1558,3,95,142
51186,46752,1542,1,35,142
51187,46752,1541,2,85,142
51188,46753,1558,2,95,145
51189,46754,1565,3,45,146
51190,46754,1556,3,70,146
51191,46754,1563,3,150,146
51192,46754,1565,3,45,146
51193,46754,1551,3,0,146
51194,46755,1553,3,310,146
51195,46755,1557,2,115,146
51196,46756,1558,2,95,
51197,46756,1569,1,0,
51198,46756,1547,2,420,
51199,46757,1542,2,35,150
51200,46758,1556,2,70,146
51201,46758,1553,1,310,146
51202,46759,1570,3,25,148
51203,46759,1554,3,145,148
51204,46760,1546,3,260,141
51205,46760,1565,1,45,141
51206,46761,1564,1,0,146
51207,46762,1547,3,420,143
51208,46762,1571,2,30,143
51209,46762,1543,3,25,143
51210,46763,1552,1,45,145
51211,46763,1567,1,360,145
51212,46763,1565,2,45,145
51213,46763,1571,3,30,145
51214,46764,1566,2,30,
51215,46764,1567,1,360,
51216,46765,1559,3,89,146
51217,46765,1570,1,25,146
51218,46765,1569,2,0,146
51219,46765,1550,2,0,146
51220,46766,1548,2,180,148
51221,46766,1552,3,45,148
51222,46766,1571,1,30,148
51223,46766,1551,3,0,148
51224,46766,1563,3,150,148
51225,46767,1553,2,310,152
51226,46768,1571,3,30,142
51227,46768,1567,2,360,142
51228,46768,1542,1,35,142
51229,46768,1546,1,260,142
51230,46769,1549,1,55,149
51231,46769,1562,2,40,149
51232,46769,1541,3,85,149
51233,46770,1551,3,0,148
51234,46770,1561,2,210,148
51235,46770,1554,3,145,148
51236,46771,1562,3,40,142
51237,46771,1558,1,95,142
51238,46771,1552,1,45,142
51239,46772,1556,3,70,
51240,46772,1545,2,95,
51241,46772,1559,2,89,
51242,46772,1547,1,420,
51243,46773,1557,3,115,146
51244,46773,1551,1,0,146
51245,46773,1550,1,0,146
51246,46773,1559,3,89,146
51247,46774,1552,1,45,144
51248,46774,1568,2,640,144
51249,46775,1568,1,640,147
51250,46775,1565,2,45,147
51251,46776,1551,3,0,146
51252,46777,1547,3,420,152
51253,46778,1542,1,35,145
51254,46778,1549,1,55,145
51255,46778,1567,1,360,145
51256,46778,1561,1,210,145
51257,46778,1548,3,180,145
51258,46779,1560,2,15,143
51259,46779,1566,1,30,143
51260,46779,1549,2,55,143
51261,46779,1572,1,20,143
51262,46780,1553,2,310,
51263,46780,1565,3,45,
51264,46781,1549,3,55,142
51265,46781,1549,2,55,142
51266,46782,1556,1,70,148
51267,46782,1558,1,95,148
51268,46783,1564,2,0,143
51269,46784,1566,1,30,146
51270,46785,1553,2,310,145
51271,46785,1551,1,0,145
51272,46786,1550,1,0,145
51273,46786,1565,3,45,145
51274,46786,1556,3,70,145
51275,46786,1565,3,45,145
51276,46787,1564,1,0,147
51277,46787,1543,1,25,147
51278,46788,1541,3,85,
51279,46788,1567,1,360,
51280,46788,1547,2,420,
51281,46789,1543,1,25,145
51282,46789,1569,1,0,145
51283,46789,1562,1,40,145
51284,46789,1565,2,45,145
51285,46790,1558,2,95,150
51286,46790,1564,3,0,150
51287,46790,1563,2,150,150
51288,46791,1563,3,150,149
51289,46791,1559,2,89,149
51290,46791,1571,3,30,149
51291,46791,1561,2,210,149
51292,46792,1568,2,640,141
51293,46792,1567,1,360,141
51294,46792,1559,2,89,141
51295,46792,1558,2,95,141
51296,46793,1563,1,150,151
51297,46793,1545,3,95,151
51298,46794,1557,2,115,141
51299,46794,1547,1,420,141
51300,46794,1571,1,30,141
51301,46795,1571,3,30,145
51302,46795,1565,3,45,145
51303,46796,1558,3,95,
51304,46796,1553,2,310,
51305,46797,1568,3,640,141
51306,46798,1560,3,15,152
51307,46798,1570,2,25,152
51308,46798,1556,1,70,152
51309,46799,1566,2,30,145
51310,46799,1546,3,260,145
51311,46799,1557,1,115,145
51312,46799,1563,2,150,145
51313,46799,1562,3,40,145
51314,46800,1545,1,95,145
51315,46800,1563,1,150,145
51316,46800,1559,3,89,145
51317,46800,1546,2,260,145
51318,46800,1566,3,30,145
51319,46801,1554,3,145,150
51320,46801,1571,2,30,150
51321,46801,1549,1,55,150
51322,46802,1552,3,45,146
51323,46802,1549,3,55,146
51324,46802,1562,1,40,146
51325,46803,1559,3,89,150
51326,46803,1562,3,40,150
51327,46803,1552,1,45,150
51328,46804,1567,1,360,
51329,46804,1568,1,640,
51330,46804,1557,1,115,
51331,46805,1562,2,40,142
51332,46805,1552,1,45,142
51333,46805,1555,3,220,142
51334,46805,1558,1,95,142
51335,46806,1562,2,40,144
51336,46806,1549,2,55,144
51337,46806,1556,2,70,144
51338,46806,1550,2,0,144
51339,46806,1551,1,0,144
51340,46807,1554,3,145,143
51341,46807,1559,3,89,143
51342,46807,1566,3,30,143
51343,46808,1564,2,0,142
51344,46808,1565,3,45,142
51345,46808,1541,1,85,142
51346,46809,1541,2,85,143
51347,46809,1572,3,20,143
51348,46809,1551,2,0,143
51349,46810,1570,3,25,143
51350,46810,1546,3,260,143
51351,46810,1563,1,150,143
51352,46811,1569,2,0,143
51353,46811,1543,2,25,143
51354,46811,1548,2,180,143
51355,46811,1541,1,85,143
51356,46811,1550,3,0,143
51357,46812,1550,1,0,
51358,46812,1549,2,55,
51359,46812,1557,3,115,
51360,46812,1559,1,89,
51361,46813,1564,3,0,145
51362,46813,1549,1,55,145
51363,46813,1543,1,25,145
51364,46813,1563,3,150,145
51365,46813,1541,2,85,145
51366,46814,1565,3,45,148
51367,46814,1555,1,220,148
51368,46814,1562,2,40,148
51369,46815,1555,2,220,151
51370,46816,1562,2,40,149
51371,46816,1553,3,310,149
51372,46816,1555,3,220,149
51373,46816,1569,3,0,149
51374,46817,1547,3,420,141
51375,46818,1550,3,0,144
51376,46818,1550,1,0,144
51377,46818,1569,1,0,144
51378,46819,1549,3,55,141
51379,46820,1565,3,45,
51380,46821,1541,3,85,152
51381,46822,1572,3,20,143
51382,46822,1545,2,95,143
51383,46823,1559,1,89,147
51384,46823,1555,1,220,147
51385,46823,1552,3,45,147
51386,46823,1551,1,0,147
51387,46824,1545,1,95,144
51388,46824,1558,1,95,144
51389,46825,1566,3,30,150
51390,46825,1557,3,115,150
51391,46825,1564,2,0,150
51392,46825,1567,1,360,150
51393,46826,1562,1,40,144
51394,46826,1555,2,220,144
51395,46826,1559,2,89,144
51396,46826,1548,2,180,144
51397,46826,1549,1,55,144
51398,46827,1555,1,220,146
51399,46827,1571,2,30,146
51400,46827,1568,3,640,146
51401,46827,1541,3,85,146
51402,46827,1562,1,40,146
51403,46828,1561,1,210,
51404,46828,1564,2,0,
51405,46828,1558,1,95,
51406,46828,1550,1,0,
51407,46829,1548,1,180,141
51408,46829,1544,2,120,141
51409,46829,1557,1,115,141
51410,46830,1560,2,15,145
51411,46830,1567,3,360,145
51412,46830,1550,1,0,145
51413,46830,1567,2,360,145
51414,46830,1567,1,360,145
51415,46831,1550,2,0,147
51416,46831,1563,1,150,147
51417,46831,1556,3,70,147
51418,46831,1550,1,0,147
51419,46832,1555,3,220,149
51420,46832,1564,1,0,149
51421,46833,1555,2,220,148
51422,46833,1557,1,115,148
51423,46833,1567,1,360,148
51424,46834,1556,3,70,148
51425,46835,1550,2,0,143
51426,46835,1560,1,15,143
51427,46836,1571,2,30,
51428,46836,1553,3,310,
51429,46836,1554,2,145,
51430,46836,1543,1,25,
51431,46836,1568,3,640,
51432,46837,1566,2,30,150
51433,46837,1562,1,40,150
51434,46838,1557,1,115,145
51435,46838,1544,1,120,145
51436,46838,1561,1,210,145
51437,46838,1561,1,210,145
51438,46838,1553,2,310,145
51439,46839,1563,3,150,152
51440,46839,1566,3,30,152
51441,46839,1544,2,120,152
51442,46839,1543,3,25,152
51443,46840,1548,2,180,142
51444,46840,1550,1,0,142
51445,46840,1552,2,45,142
51446,46841,1541,3,85,142
51447,46841,1567,1,360,142
51448,46841,1563,2,150,142
51449,46841,1566,2,30,142
51450,46842,1549,3,55,150
51451,46842,1570,2,25,150
51452,46842,1559,2,89,150
51453,46843,1559,3,89,142
51454,46844,1559,2,89,
51455,46844,1569,3,0,
51456,46844,1547,3,420,
51457,46845,1569,1,0,146
51458,46845,1542,3,35,146
51459,46845,1551,3,0,146
51460,46845,1569,3,0,146
51461,46846,1563,1,150,144
51462,46846,1558,3,95,144
51463,46846,1567,1,360,144
51464,46846,1541,2,85,144
51465,46847,1545,3,95,147
51466,46847,1561,1,210,147
51467,46847,1553,1,310,147
51468,46848,1542,1,35,141
51469,46849,1560,3,15,143
51470,46849,1550,3,0,143
51471,46850,1543,3,25,142
51472,46850,1558,3,95,142
51473,46851,1571,2,30,145
51474,46851,1548,2,180,145
51475,46851,1548,2,180,145
51476,46852,1568,3,640,
51477,46852,1567,3,360,
51478,46852,1542,3,35,
51479,46853,1542,1,35,152
51480,46853,1541,3,85,152
51481,46853,1542,2,35,152
51482,46853,1572,3,20,152
51483,46854,1559,2,89,146
51484,46855,1545,1,95,142
51485,46856,1548,2,180,141
51486,46856,1552,3,45,141
51487,46856,1548,3,180,141
51488,46856,1552,2,45,141
51489,46857,1547,1,420,144
51490,46857,1560,3,15,144
51491,46857,1556,2,70,144
51492,46857,1570,3,25,144
51493,46858,1547,2,420,150
51494,46859,1548,3,180,152
51495,46860,1545,2,95,
51496,46860,1548,2,180,
51497,46860,1552,3,45,
51498,46860,1544,1,120,
51499,46860,1551,2,0,
51500,46861,1550,1,0,147
51501,46862,1564,3,0,145
51502,46862,1570,3,25,145
51503,46862,1566,1,30,145
51504,46862,1545,3,95,145
51505,46862,1552,3,45,145
51506,46863,1572,3,20,143
51507,46863,1551,2,0,143
51508,46863,1569,3,0,143
51509,46863,1548,3,180,143
51510,46864,1569,3,0,145
51511,46864,1546,3,260,145
51512,46864,1553,2,310,145
51513,46864,1545,2,95,145
51514,46864,1553,2,310,145
51515,46865,1563,3,150,151
51516,46866,1564,1,0,151
51517,46867,1566,2,30,145
51518,46867,1551,2,0,145
51519,46867,1563,3,150,145
51520,46868,1551,3,0,
51521,46869,1568,2,640,146
51522,46869,1562,1,40,146
51523,46869,1556,2,70,146
51524,46869,1551,1,0,146
51525,46869,1566,2,30,146
51526,46870,1552,1,45,150
51527,46870,1559,3,89,150
51528,46870,1554,2,145,150
51529,46870,1547,3,420,150
51530,46871,1570,1,25,144
51531,46871,1555,2,220,144
51532,46872,1568,1,640,151
51533,46872,1547,2,420,151
51534,46872,1570,2,25,151
51535,46873,1559,2,89,148
51536,46873,1571,3,30,148
51537,46873,1556,1,70,148
51538,46873,1569,1,0,148
51539,46873,1543,2,25,148
51540,46874,1553,1,310,149
51541,46875,1557,2,115,148
51542,46876,1554,3,145,
51543,46877,1553,3,310,151
51544,46877,1559,2,89,151
51545,46877,1569,2,0,151
51546,46877,1561,3,210,151
51547,46878,1560,2,15,143
51548,46878,1542,2,35,143
51549,46878,1559,2,89,143
51550,46878,1567,2,360,143
51551,46879,1568,1,640,144
51552,46879,1564,3,0,144
51553,46879,1567,3,360,144
51554,46880,1543,2,25,147
51555,46880,1570,1,25,147
51556,46880,1567,2,360,147
51557,46880,1562,1,40,147
51558,46881,1541,3,85,151
51559,46881,1545,2,95,151
51560,46881,1551,3,0,151
51561,46881,1554,2,145,151
51562,46882,1567,1,360,152
51563,46882,1553,2,310,152
51564,46883,1569,3,0,141
51565,46883,1571,2,30,141
51566,46883,1566,3,30,141
51567,46883,1546,3,260,141
51568,46883,1553,1,310,141
51569,46884,1546,1,260,
51570,46885,1561,1,210,145
51571,46885,1552,1,45,145
51572,46885,1550,2,0,145
51573,46885,1545,1,95,145
51574,46885,1547,1,420,145
51575,46886,1566,1,30,146
51576,46886,1566,3,30,146
51577,46886,1562,3,40,146
51578,46886,1569,1,0,146
51579,46887,1545,1,95,143
51580,46887,1555,3,220,143
51581,46888,1554,3,145,142
51582,46889,1542,1,35,150
51583,46890,1549,3,55,147
51584,46890,1570,2,25,147
51585,46891,1541,3,85,143
51586,46891,1572,2,20,143
51587,46891,1572,2,20,143
51588,46891,1558,2,95,143
51589,46891,1554,3,145,143
51590,46892,1545,2,95,
51591,46893,1549,3,55,143
51592,46893,1569,3,0,143
51593,46893,1556,3,70,143
51594,46894,1568,3,640,150
51595,46894,1570,3,25,150
51596,46894,1559,1,89,150
51597,46895,1546,1,260,143
51598,46895,1552,1,45,143
51599,46895,1545,2,95,143
51600,46895,1558,2,95,143
51601,46896,1554,2,145,147
51602,46897,1561,1,210,149
51603,46898,1545,3,95,151
51604,46898,1549,1,55,151
51605,46899,1542,2,35,144
51606,46899,1560,3,15,144
51607,46899,1566,2,30,144
51608,46900,1548,2,180,
51609,46900,1565,3,45,
51610,46900,1541,1,85,
51611,46901,1564,1,0,146
51612,46902,1571,2,30,145
51613,46903,1546,3,260,145
51614,46903,1555,3,220,145
51615,46904,1545,2,95,149
51616,46904,1571,3,30,149
51617,46904,1541,1,85,149
51618,46905,1561,1,210,143
51619,46905,1548,2,180,143
51620,46905,1542,3,35,143
51621,46906,1572,2,20,142
51622,46907,1544,1,120,152
51623,46908,1558,2,95,
51624,46909,1545,2,95,141
51625,46909,1568,2,640,141
51626,46909,1552,3,45,141
51627,46909,1552,3,45,141
51628,46909,1559,1,89,141
51629,46910,1541,1,85,150
51630,46910,1544,2,120,150
51631,46910,1550,1,0,150
51632,46910,1551,2,0,150
51633,46910,1543,2,25,150
51634,46911,1553,3,310,146
51635,46911,1551,3,0,146
51636,46911,1547,1,420,146
51637,46911,1570,2,25,146
51638,46912,1544,3,120,149
51639,46912,1550,3,0,149
51640,46912,1548,3,180,149
51641,46912,1561,3,210,149
51642,46913,1567,2,360,145
51643,46914,1552,2,45,142
51644,46914,1568,2,640,142
51645,46915,1551,3,0,146
51646,46916,1555,1,220,
51647,46916,1572,1,20,
51648,46916,1562,1,40,
51649,46917,1542,3,35,142
51650,46917,1550,1,0,142
51651,46918,1567,3,360,145
51652,46918,1560,1,15,145
51653,46918,1541,1,85,145
51654,46919,1569,3,0,141
51655,46919,1566,2,30,141
51656,46919,1562,2,40,141
51657,46919,1552,2,45,141
51658,46919,1555,2,220,141
51659,46920,1564,1,0,148
51660,46920,1555,2,220,148
51661,46920,1560,2,15,148
51662,46920,1566,1,30,148
51663,46920,1545,3,95,148
51664,46921,1560,2,15,147
51665,46922,1572,3,20,148
51666,46923,1541,2,85,146
51667,46924,1547,1,420,
51668,46924,1542,3,35,
51669,46924,1564,3,0,
51670,46925,1553,1,310,147
51671,46925,1570,1,25,147
51672,46925,1548,1,180,147
51673,46925,1572,1,20,147
51674,46926,1565,1,45,142
51675,46926,1558,1,95,142
51676,46927,1572,1,20,141
51677,46927,1556,1,70,141
51678,46927,1570,3,25,141
51679,46928,1541,1,85,147
51680,46929,1567,1,360,144
51681,46930,1567,1,360,148
51682,46930,1567,3,360,148
51683,46930,1567,3,360,148
51684,46931,1541,1,85,144
51685,46931,1546,2,260,144
51686,46931,1542,1,35,144
51687,46931,1548,3,180,144
51688,46932,1547,3,420,
51689,46932,1553,1,310,
51690,46932,1559,3,89,
51691,46932,1566,2,30,
51692,46932,1547,1,420,
51693,46933,1547,3,420,141
51694,46933,1542,1,35,141
51695,46934,1564,3,0,149
51696,46934,1571,2,30,149
51697,46934,1565,1,45,149
51698,46934,1550,3,0,149
51699,46935,1555,2,220,148
51700,46936,1562,2,40,142
51701,46936,1564,3,0,142
51702,46936,1563,2,150,142
51703,46937,1559,2,89,146
51704,46938,1568,3,640,145
51705,46938,1561,3,210,145
51706,46938,1544,3,120,145
51707,46938,1571,3,30,145
51708,46938,1545,3,95,145
51709,46939,1556,1,70,150
51710,46939,1564,3,0,150
51711,46939,1542,3,35,150
51712,46940,1568,2,640,
51713,46940,1550,3,0,
51714,46940,1566,3,30,
51715,46940,1566,2,30,
51716,46941,1547,2,420,146
51717,46942,1570,3,25,144
51718,46942,1560,3,15,144
51719,46942,1541,3,85,144
51720,46943,1554,2,145,143
51721,46943,1552,1,45,143
51722,46943,1542,2,35,143
51723,46943,1555,3,220,143
51724,46944,1556,3,70,144
51725,46944,1565,1,45,144
51726,46945,1547,2,420,142
51727,46946,1543,1,25,152
51728,46946,1543,1,25,152
51729,46946,1571,2,30,152
51730,46946,1570,1,25,152
51731,46946,1549,2,55,152
51732,46947,1568,3,640,152
51733,46947,1560,3,15,152
51734,46947,1542,1,35,152
51735,46948,1562,3,40,
51736,46948,1551,1,0,
51737,46948,1568,2,640,
51738,46948,1557,3,115,
51739,46949,1571,2,30,145
51740,46949,1568,3,640,145
51741,46949,1557,2,115,145
51742,46949,1547,2,420,145
51743,46949,1550,2,0,145
51744,46950,1546,3,260,151
51745,46951,1562,2,40,147
51746,46951,1567,3,360,147
51747,46951,1554,3,145,147
51748,46951,1551,3,0,147
51749,46952,1558,1,95,145
51750,46953,1562,2,40,142
51751,46954,1572,3,20,141
51752,46954,1548,2,180,141
51753,46954,1572,2,20,141
51754,46954,1552,1,45,141
51755,46955,1570,2,25,144
51756,46955,1567,1,360,144
51757,46955,1547,2,420,144
51758,46955,1544,3,120,144
51759,46956,1555,1,220,
51760,46957,1560,3,15,146
51761,46957,1541,3,85,146
51762,46958,1547,1,420,142
51763,46959,1555,1,220,152
51764,46959,1570,3,25,152
51765,46959,1554,3,145,152
51766,46959,1542,1,35,152
51767,46959,1546,3,260,152
51768,46960,1559,3,89,150
51769,46961,1564,2,0,143
51770,46961,1544,2,120,143
51771,46962,1563,1,150,141
51772,46962,1552,3,45,141
51773,46963,1553,1,310,146
51774,46963,1560,2,15,146
51775,46963,1562,2,40,146
51776,46963,1551,1,0,146
51777,46964,1544,2,120,
51778,46964,1569,3,0,
51779,46964,1542,1,35,
51780,46964,1551,2,0,
51781,46964,1551,3,0,
51782,46965,1569,2,0,152
51783,46965,1561,3,210,152
51784,46965,1544,1,120,152
51785,46966,1568,3,640,150
51786,46966,1545,2,95,150
51787,46966,1571,1,30,150
51788,46967,1549,2,55,149
51789,46968,1552,3,45,149
51790,46968,1551,3,0,149
51791,46969,1548,1,180,145
51792,46969,1561,3,210,145
51793,46970,1553,1,310,144
51794,46970,1549,3,55,144
51795,46971,1570,1,25,150
51796,46971,1552,1,45,150
51797,46971,1570,1,25,150
51798,46971,1564,3,0,150
51799,46972,1555,2,220,
51800,46972,1559,3,89,
51801,46972,1556,2,70,
51802,46972,1549,1,55,
51803,46973,1550,3,0,143
51804,46974,1570,1,25,148
51805,46974,1551,2,0,148
51806,46975,1545,1,95,147
51807,46975,1561,3,210,147
51808,46975,1558,1,95,147
51809,46975,1544,2,120,147
51810,46975,1556,1,70,147
51811,46976,1561,2,210,148
51812,46976,1560,2,15,148
51813,46977,1548,2,180,146
51814,46977,1559,2,89,146
51815,46978,1568,1,640,141
51816,46978,1563,1,150,141
51817,46979,1570,1,25,145
51818,46979,1545,1,95,145
51819,46979,1550,3,0,145
51820,46979,1560,1,15,145
51821,46979,1568,3,640,145
51822,46980,1553,1,310,
51823,46980,1541,2,85,
51824,46980,1550,1,0,
51825,46980,1566,3,30,
51826,46981,1549,3,55,141
51827,46981,1560,3,15,141
51828,46981,1559,1,89,141
51829,46981,1564,2,0,141
51830,46981,1557,1,115,141
51831,46982,1542,1,35,149
51832,46982,1563,2,150,149
51833,46982,1541,1,85,149
51834,46983,1547,2,420,150
51835,46983,1544,2,120,150
51836,46983,1543,3,25,150
51837,46983,1554,1,145,150
51838,46984,1572,1,20,147
51839,46984,1571,1,30,147
51840,46984,1559,3,89,147
51841,46984,1559,3,89,147
51842,46985,1555,2,220,149
51843,46985,1567,3,360,149
51844,46985,1572,3,20,149
51845,46985,1562,2,40,149
51846,46986,1552,3,45,141
51847,46987,1565,2,45,149
51848,46987,1543,2,25,149
51849,46987,1544,3,120,149
51850,46988,1562,2,40,
51851,46989,1569,2,0,148
51852,46989,1567,1,360,148
51853,46989,1563,3,150,148
51854,46990,1542,2,35,149
51855,46990,1546,3,260,149
51856,46991,1543,1,25,149
51857,46991,1553,3,310,149
51858,46991,1552,2,45,149
51859,46992,1558,2,95,144
51860,46992,1554,3,145,144
51861,46992,1559,2,89,144
51862,46992,1564,3,0,144
51863,46993,1554,2,145,142
51864,46993,1546,2,260,142
51865,46993,1541,2,85,142
51866,46993,1542,1,35,142
51867,46993,1566,2,30,142
51868,46994,1545,2,95,146
51869,46994,1554,3,145,146
51870,46994,1566,2,30,146
51871,46995,1562,1,40,151
51872,46996,1544,1,120,
51873,46996,1545,3,95,
51874,46996,1559,3,89,
51875,46996,1566,3,30,
51876,46997,1572,2,20,146
51877,46997,1544,2,120,146
51878,46997,1545,2,95,146
51879,46997,1555,2,220,146
51880,46998,1561,1,210,151
51881,46999,1551,3,0,149
51882,46999,1548,3,180,149
51883,47000,1566,1,30,144
51884,47001,1549,2,55,148
51885,47001,1563,2,150,148
51886,47001,1554,1,145,148
51887,47002,1543,2,25,141
51888,47002,1554,1,145,141
51889,47002,1541,3,85,141
51890,47003,1553,3,310,151
51891,47004,1560,3,15,
51892,47004,1542,2,35,
51893,47004,1548,3,180,
51894,47004,1542,3,35,
51895,47005,1552,1,45,143
51896,47005,1541,2,85,143
51897,47005,1566,2,30,143
51898,47005,1552,2,45,143
51899,47006,1564,2,0,144
51900,47007,1541,3,85,148
51901,47008,1541,3,85,142
51902,47008,1563,1,150,142
51903,47009,1572,3,20,150
51904,47009,1552,3,45,150
51905,47009,1545,1,95,150
51906,47009,1569,1,0,150
51907,47009,1548,2,180,150
51908,47010,1564,2,0,142
51909,47010,1572,2,20,142
51910,47010,1556,2,70,142
51911,47010,1546,2,260,142
51912,47010,1543,1,25,142
51913,47011,1563,2,150,145
51914,47012,1565,3,45,
51915,47012,1550,3,0,
51916,47012,1560,2,15,
51917,47012,1566,2,30,
51918,47012,1561,1,210,
51919,47013,1564,1,0,151
51920,47014,1564,1,0,147
51921,47014,1567,1,360,147
51922,47014,1542,2,35,147
51923,47015,1556,1,70,142
51924,47015,1549,3,55,142
51925,47015,1554,3,145,142
51926,47015,1562,2,40,142
51927,47015,1550,3,0,142
51928,47016,1550,3,0,146
51929,47016,1568,1,640,146
51930,47016,1557,3,115,146
51931,47017,1557,2,115,143
51932,47017,1564,3,0,143
51933,47018,1554,2,145,149
51934,47019,1560,3,15,143
51935,47020,1564,3,0,
51936,47020,1566,2,30,
51937,47021,1555,2,220,143
51938,47022,1566,1,30,152
51939,47022,1545,1,95,152
51940,47023,1552,1,45,142
51941,47023,1563,3,150,142
51942,47024,1565,1,45,142
51943,47024,1545,2,95,142
51944,47024,1569,3,0,142
51945,47024,1559,2,89,142
51946,47025,1556,3,70,150
51947,47025,1543,3,25,150
51948,47026,1561,3,210,149
51949,47026,1556,1,70,149
51950,47026,1543,3,25,149
51951,47027,1555,3,220,141
51952,47027,1564,3,0,141
51953,47027,1550,1,0,141
51954,47028,1569,1,0,
51955,47028,1555,1,220,
51956,47028,1555,2,220,
51957,47028,1548,1,180,
51958,47028,1556,3,70,
51959,47029,1563,2,150,146
51960,47029,1543,2,25,146
51961,47029,1545,1,95,146
51962,47030,1562,2,40,146
51963,47030,1561,1,210,146
51964,47030,1556,1,70,146
51965,47030,1551,2,0,146
51966,47031,1549,2,55,150
51967,47031,1562,2,40,150
51968,47032,1559,3,89,152
51969,47032,1557,1,115,152
51970,47033,1571,3,30,148
51971,47033,1559,2,89,148
51972,47033,1549,2,55,148
51973,47033,1571,1,30,148
51974,47033,1564,1,0,148
51975,47034,1542,2,35,146
51976,47034,1562,1,40,146
51977,47034,1543,3,25,146
51978,47035,1560,1,15,141
51979,47035,1554,1,145,141
51980,47036,1572,1,20,
51981,47036,1560,2,15,
51982,47036,1568,2,640,
51983,47036,1547,1,420,
51984,47036,1547,2,420,
51985,47037,1569,3,0,145
51986,47037,1553,3,310,145
51987,47037,1542,3,35,145
51988,47038,1542,1,35,141
51989,47038,1544,1,120,141
51990,47038,1564,3,0,141
51991,47039,1552,3,45,151
51992,47039,1561,2,210,151
51993,47039,1567,1,360,151
51994,47040,1566,3,30,146
51995,47041,1545,3,95,144
51996,47041,1557,1,115,144
51997,47041,1568,3,640,144
51998,47041,1563,3,150,144
51999,47041,1551,3,0,144
52000,47042,1545,2,95,143
52001,47042,1553,3,310,143
52002,47042,1555,3,220,143
52003,47043,1553,3,310,149
52004,47044,1542,2,35,
52005,47044,1568,1,640,
52006,47044,1552,1,45,
52007,47045,1569,1,0,150
52008,47045,1560,2,15,150
52009,47045,1558,2,95,150
52010,47045,1542,1,35,150
52011,47045,1565,1,45,150
52012,47046,1546,2,260,145
52013,47046,1567,2,360,145
52014,47047,1544,3,120,149
52015,47047,1543,2,25,149
52016,47048,1558,1,95,141
52017,47048,1543,1,25,141
52018,47048,1549,3,55,141
52019,47049,1546,1,260,152
52020,47049,1547,1,420,152
52021,47050,1566,1,30,146
52022,47051,1545,3,95,147
52023,47051,1551,1,0,147
52024,47051,1551,1,0,147
52025,47051,1568,1,640,147
52026,47052,1548,3,180,
52027,47052,1556,1,70,
52028,47052,1561,1,210,
52029,47052,1562,3,40,
52030,47052,1550,3,0,
52031,47053,1557,2,115,145
52032,47054,1561,1,210,149
52033,47054,1541,3,85,149
52034,47054,1557,1,115,149
52035,47054,1560,2,15,149
52036,47054,1556,1,70,149
52037,47055,1549,1,55,148
52038,47055,1565,2,45,148
52039,47056,1543,3,25,145
52040,47056,1564,3,0,145
52041,47056,1571,1,30,145
52042,47056,1561,2,210,145
52043,47057,1564,2,0,148
52044,47058,1555,2,220,145
52045,47058,1541,3,85,145
52046,47058,1549,1,55,145
52047,47058,1564,2,0,145
52048,47058,1556,2,70,145
52049,47059,1552,2,45,143
52050,47059,1557,2,115,143
52051,47059,1554,1,145,143
52052,47059,1559,3,89,143
52053,47059,1568,2,640,143
52054,47060,1555,2,220,
52055,47060,1548,1,180,
52056,47060,1559,3,89,
52057,47060,1563,1,150,
52058,47061,1556,2,70,149
52059,47061,1554,2,145,149
52060,47061,1551,2,0,149
52061,47061,1572,2,20,149
52062,47061,1543,3,25,149
52063,47062,1557,3,115,152
52064,47062,1561,2,210,152
52065,47062,1572,2,20,152
52066,47063,1547,3,420,147
52067,47063,1549,2,55,147
52068,47063,1546,3,260,147
52069,47063,1542,1,35,147
52070,47064,1546,3,260,151
52071,47064,1559,3,89,151
52072,47064,1546,3,260,151
52073,47064,1551,1,0,151
52074,47064,1555,2,220,151
52075,47065,1565,1,45,150
52076,47065,1557,1,115,150
52077,47065,1571,3,30,150
52078,47065,1570,1,25,150
52079,47066,1569,2,0,152
52080,47066,1554,3,145,152
52081,47066,1543,2,25,152
52082,47066,1557,1,115,152
52083,47067,1562,3,40,150
52084,47068,1557,2,115,
52085,47068,1565,3,45,
52086,47068,1542,3,35,
52087,47068,1552,2,45,
52088,47068,1558,1,95,
52089,47069,1560,2,15,147
52090,47069,1545,2,95,147
52091,47070,1552,1,45,150
52092,47070,1560,1,15,150
52093,47070,1555,1,220,150
52094,47070,1563,1,150,150
52095,47071,1551,1,0,146
52096,47072,1572,2,20,149
52097,47072,1552,3,45,149
52098,47072,1563,3,150,149
52099,47073,1548,2,180,152
52100,47073,1571,1,30,152
52101,47073,1567,2,360,152
52102,47073,1547,1,420,152
52103,47074,1545,2,95,145
52104,47074,1570,1,25,145
52105,47074,1566,3,30,145
52106,47074,1556,1,70,145
52107,47074,1566,2,30,145
52108,47075,1565,2,45,147
52109,47076,1550,3,0,
52110,47076,1555,2,220,
52111,47076,1547,3,420,
52112,47076,1564,3,0,
52113,47077,1571,2,30,149
52114,47077,1547,3,420,149
52115,47078,1556,2,70,149
52116,47079,1544,2,120,147
52117,47079,1541,3,85,147
52118,47079,1550,3,0,147
52119,47079,1568,3,640,147
52120,47079,1544,3,120,147
52121,47080,1565,2,45,145
52122,47080,1565,2,45,145
52123,47081,1562,3,40,142
52124,47081,1560,1,15,142
52125,47081,1555,2,220,142
52126,47082,1542,2,35,147
52127,47082,1570,2,25,147
52128,47083,1562,1,40,149
52129,47083,1543,1,25,149
52130,47083,1572,3,20,149
52131,47084,1556,2,70,
52132,47084,1568,1,640,
52133,47084,1551,3,0,
52134,47085,1544,1,120,151
52135,47085,1561,1,210,151
52136,47085,1560,2,15,151
52137,47086,1565,3,45,150
52138,47086,1564,1,0,150
52139,47087,1560,1,15,147
52140,47087,1542,2,35,147
52141,47087,1557,2,115,147
52142,47088,1558,1,95,150
52143,47088,1552,3,45,150
52144,47089,1543,1,25,152
52145,47089,1550,3,0,152
52146,47089,1572,1,20,152
52147,47089,1565,2,45,152
52148,47089,1568,1,640,152
52149,47090,1556,3,70,146
52150,47090,1564,1,0,146
52151,47091,1557,2,115,152
52152,47091,1561,1,210,152
52153,47091,1560,1,15,152
52154,47091,1555,2,220,152
52155,47091,1564,3,0,152
52156,47092,1567,1,360,
52157,47093,1569,2,0,142
52158,47093,1547,2,420,142
52159,47093,1545,3,95,142
52160,47094,1547,2,420,145
52161,47094,1571,2,30,145
52162,47094,1552,3,45,145
52163,47094,1564,1,0,145
52164,47094,1562,3,40,145
52165,47095,1547,2,420,149
52166,47095,1565,3,45,149
52167,47095,1560,1,15,149
52168,47095,1570,2,25,149
52169,47096,1556,1,70,152
52170,47096,1545,1,95,152
52171,47096,1570,2,25,152
52172,47096,1554,1,145,152
52173,47096,1565,3,45,152
52174,47097,1557,1,115,151
52175,47097,1549,3,55,151
52176,47097,1550,2,0,151
52177,47097,1547,3,420,151
52178,47098,1568,2,640,150
52179,47098,1546,3,260,150
52180,47098,1541,1,85,150
52181,47098,1550,1,0,150
52182,47098,1563,2,150,150
52183,47099,1546,1,260,152
52184,47100,1569,3,0,
52185,47100,1549,1,55,
52186,47100,1545,1,95,
52187,47100,1544,1,120,
52188,47101,1553,3,310,147
52189,47101,1541,2,85,147
52190,47101,1554,2,145,147
52191,47101,1572,1,20,147
52192,47102,1545,2,95,145
52193,47102,1556,1,70,145
52194,47102,1572,3,20,145
52195,47102,1557,3,115,145
52196,47102,1559,3,89,145
52197,47103,1566,1,30,152
52198,47103,1560,2,15,152
52199,47103,1542,3,35,152
52200,47104,1547,2,420,144
52201,47104,1553,2,310,144
52202,47104,1558,3,95,144
52203,47104,1561,1,210,144
52204,47104,1556,2,70,144
52205,47105,1550,1,0,147
52206,47105,1543,1,25,147
52207,47105,1568,1,640,147
52208,47105,1542,2,35,147
52209,47106,1568,2,640,142
52210,47106,1564,1,0,142
52211,47107,1543,1,25,152
52212,47108,1558,2,95,
52213,47109,1548,3,180,149
52214,47110,1570,3,25,144
52215,47111,1561,3,210,142
52216,47111,1545,2,95,142
52217,47111,1554,1,145,142
52218,47111,1546,2,260,142
52219,47112,1556,3,70,152
52220,47112,1550,1,0,152
52221,47112,1542,2,35,152
52222,47112,1569,3,0,152
52223,47113,1557,2,115,148
52224,47113,1556,1,70,148
52225,47113,1546,2,260,148
52226,47113,1557,3,115,148
52227,47113,1551,2,0,148
52228,47114,1542,3,35,147
52229,47114,1572,2,20,147
52230,47114,1568,3,640,147
52231,47114,1541,2,85,147
52232,47114,1551,1,0,147
52233,47115,1555,3,220,142
52234,47115,1543,1,25,142
52235,47115,1570,1,25,142
52236,47115,1555,3,220,142
52237,47115,1544,3,120,142
52238,47116,1572,1,20,
52239,47117,1548,3,180,145
52240,47117,1549,2,55,145
52241,47117,1545,3,95,145
52242,47117,1554,1,145,145
52243,47117,1564,3,0,145
52244,47118,1559,3,89,150
52245,47118,1553,1,310,150
52246,47118,1550,1,0,150
52247,47118,1549,3,55,150
52248,47118,1564,3,0,150
52249,47119,1549,1,55,143
52250,47119,1544,3,120,143
52251,47119,1565,3,45,143
52252,47120,1569,3,0,145
52253,47120,1553,3,310,145
52254,47121,1565,3,45,148
52255,47121,1545,3,95,148
52256,47121,1543,2,25,148
52257,47122,1541,3,85,142
52258,47122,1561,2,210,142
52259,47122,1558,3,95,142
52260,47123,1569,2,0,152
52261,47124,1551,2,0,
52262,47124,1565,3,45,
52263,47125,1555,1,220,141
52264,47126,1549,3,55,143
52265,47126,1553,3,310,143
52266,47126,1549,2,55,143
52267,47126,1542,3,35,143
52268,47126,1548,2,180,143
52269,47127,1541,1,85,143
52270,47127,1555,1,220,143
52271,47127,1541,1,85,143
52272,47128,1560,2,15,145
52273,47128,1555,2,220,145
52274,47128,1559,3,89,145
52275,47128,1567,1,360,145
52276,47128,1552,2,45,145
52277,47129,1559,1,89,143
52278,47129,1554,1,145,143
52279,47130,1541,3,85,144
52280,47130,1565,2,45,144
52281,47130,1554,3,145,144
52282,47130,1562,3,40,144
52283,47131,1543,1,25,143
52284,47131,1560,1,15,143
52285,47132,1552,1,45,
52286,47132,1543,3,25,
52287,47133,1555,2,220,145
52288,47133,1558,2,95,145
52289,47134,1551,2,0,143
52290,47134,1546,3,260,143
52291,47134,1542,2,35,143
52292,47134,1560,2,15,143
52293,47135,1543,3,25,143
52294,47135,1551,3,0,143
52295,47136,1566,1,30,148
52296,47136,1547,1,420,148
52297,47136,1564,1,0,148
52298,47136,1542,3,35,148
52299,47137,1546,2,260,150
52300,47137,1542,2,35,150
52301,47137,1541,3,85,150
52302,47137,1544,1,120,150
52303,47138,1548,3,180,142
52304,47138,1564,3,0,142
52305,47138,1560,2,15,142
52306,47138,1556,1,70,142
52307,47139,1545,2,95,144
52308,47140,1567,2,360,
52309,47140,1552,1,45,
52310,47141,1559,3,89,149
52311,47141,1552,1,45,149
52312,47142,1569,2,0,148
52313,47142,1547,2,420,148
52314,47142,1566,3,30,148
52315,47143,1551,2,0,151
52316,47143,1559,3,89,151
52317,47144,1542,2,35,147
52318,47144,1570,3,25,147
52319,47144,1557,3,115,147
52320,47145,1558,1,95,152
52321,47145,1569,3,0,152
52322,47146,1545,1,95,142
52323,47146,1563,3,150,142
52324,47147,1550,3,0,145
52325,47147,1545,3,95,145
52326,47147,1572,1,20,145
52327,47147,1545,3,95,145
52328,47147,1563,3,150,145
52329,47148,1552,1,45,
52330,47148,1553,2,310,
52331,47148,1560,2,15,
52332,47149,1547,1,420,152
52333,47149,1558,3,95,152
52334,47150,1562,2,40,146
52335,47150,1560,1,15,146
52336,47151,1562,3,40,145
52337,47151,1543,1,25,145
52338,47151,1572,3,20,145
52339,47151,1565,1,45,145
52340,47152,1569,2,0,142
52341,47152,1565,3,45,142
52342,47153,1556,2,70,146
52343,47154,1571,2,30,143
52344,47154,1543,3,25,143
52345,47154,1557,2,115,143
52346,47155,1567,2,360,145
52347,47156,1563,2,150,
52348,47157,1564,2,0,143
52349,47157,1560,3,15,143
52350,47158,1565,1,45,151
52351,47159,1562,1,40,151
52352,47159,1572,2,20,151
52353,47159,1544,2,120,151
52354,47159,1561,3,210,151
52355,47160,1557,1,115,141
52356,47161,1559,3,89,148
52357,47162,1566,3,30,143
52358,47162,1544,3,120,143
52359,47162,1563,3,150,143
52360,47162,1543,2,25,143
52361,47162,1568,2,640,143
52362,47163,1564,1,0,151
52363,47163,1549,3,55,151
52364,47164,1548,3,180,
52365,47164,1542,2,35,
52366,47164,1555,2,220,
52367,47165,1543,1,25,141
52368,47165,1548,2,180,141
52369,47165,1544,2,120,141
52370,47166,1547,1,420,151
52371,47166,1552,1,45,151
52372,47166,1548,3,180,151
52373,47166,1543,2,25,151
52374,47166,1542,2,35,151
52375,47167,1556,3,70,145
52376,47167,1543,2,25,145
52377,47168,1547,2,420,148
52378,47168,1565,1,45,148
52379,47169,1543,1,25,150
52380,47169,1566,2,30,150
52381,47169,1559,2,89,150
52382,47169,1559,3,89,150
52383,47169,1566,3,30,150
52384,47170,1550,3,0,145
52385,47171,1546,3,260,142
52386,47171,1564,1,0,142
52387,47172,1548,2,180,
52388,47172,1548,3,180,
52389,47172,1569,1,0,
52390,47172,1561,2,210,
52391,47173,1560,1,15,145
52392,47173,1549,1,55,145
52393,47173,1549,1,55,145
52394,47173,1561,1,210,145
52395,47174,1541,1,85,148
52396,47174,1548,1,180,148
52397,47175,1559,2,89,144
52398,47175,1542,2,35,144
52399,47175,1563,2,150,144
52400,47175,1569,1,0,144
52401,47175,1555,2,220,144
52402,47176,1568,1,640,151
52403,47176,1557,3,115,151
52404,47176,1564,1,0,151
52405,47176,1568,1,640,151
52406,47176,1556,2,70,151
52407,47177,1561,2,210,147
52408,47177,1558,1,95,147
52409,47177,1547,3,420,147
52410,47177,1541,2,85,147
52411,47178,1557,3,115,150
52412,47178,1544,1,120,150
52413,47178,1554,1,145,150
52414,47178,1541,2,85,150
52415,47179,1556,1,70,150
52416,47179,1570,2,25,150
52417,47179,1557,1,115,150
52418,47179,1572,2,20,150
52419,47179,1570,2,25,150
52420,47180,1546,3,260,
52421,47180,1566,2,30,
52422,47180,1553,2,310,
52423,47180,1554,1,145,
52424,47180,1545,3,95,
52425,47181,1566,2,30,145
52426,47181,1554,1,145,145
52427,47182,1547,1,420,142
52428,47182,1570,1,25,142
52429,47183,1542,3,35,148
52430,47184,1562,1,40,143
52431,47184,1546,3,260,143
52432,47184,1563,2,150,143
52433,47184,1563,3,150,143
52434,47184,1555,3,220,143
52435,47185,1542,1,35,152
52436,47185,1547,3,420,152
52437,47186,1544,2,120,145
52438,47186,1558,3,95,145
52439,47186,1552,2,45,145
52440,47186,1560,1,15,145
52441,47186,1561,1,210,145
52442,47187,1556,2,70,147
52443,47187,1557,3,115,147
52444,47188,1555,3,220,
52445,47188,1552,2,45,
52446,47188,1563,2,150,
52447,47188,1568,3,640,
52448,47189,1560,1,15,148
52449,47189,1561,2,210,148
52450,47189,1551,3,0,148
52451,47190,1565,3,45,150
52452,47191,1570,1,25,141
52453,47191,1566,3,30,141
52454,47191,1544,1,120,141
52455,47192,1551,3,0,152
52456,47192,1567,3,360,152
52457,47192,1557,2,115,152
52458,47192,1564,3,0,152
52459,47192,1543,1,25,152
52460,47193,1562,2,40,148
52461,47193,1552,1,45,148
52462,47194,1562,2,40,142
52463,47194,1545,2,95,142
52464,47194,1571,1,30,142
52465,47194,1546,2,260,142
52466,47194,1566,3,30,142
52467,47195,1560,1,15,148
52468,47195,1550,1,0,148
52469,47196,1552,2,45,
52470,47196,1551,3,0,
52471,47197,1545,3,95,148
52472,47197,1568,2,640,148
52473,47197,1572,1,20,148
52474,47198,1570,3,25,141
52475,47198,1558,3,95,141
52476,47198,1568,3,640,141
52477,47198,1553,2,310,141
52478,47198,1564,1,0,141
52479,47199,1556,2,70,151
52480,47199,1550,2,0,151
52481,47199,1555,3,220,151
52482,47199,1544,2,120,151
52483,47199,1570,1,25,151
52484,47200,1564,1,0,146
52485,47200,1545,3,95,146
52486,47201,1570,3,25,152
52487,47201,1547,3,420,152
52488,47201,1568,1,640,152
52489,47201,1563,1,150,152
52490,47202,1557,3,115,151
52491,47202,1544,1,120,151
52492,47203,1544,3,120,152
52493,47203,1555,1,220,152
52494,47203,1568,1,640,152
52495,47204,1552,2,45,
52496,47204,1549,1,55,
52497,47204,1554,3,145,
52498,47205,1553,2,310,145
52499,47205,1547,2,420,145
52500,47205,1547,1,420,145
52501,47206,1549,2,55,144
52502,47206,1548,2,180,144
52503,47206,1566,1,30,144
52504,47207,1565,1,45,151
52505,47207,1563,3,150,151
52506,47208,1542,1,35,149
52507,47209,1570,3,25,150
52508,47210,1555,1,220,152
52509,47210,1554,1,145,152
52510,47210,1558,2,95,152
52511,47210,1544,3,120,152
52512,47210,1553,2,310,152
52513,47211,1541,1,85,147
52514,47211,1542,1,35,147
52515,47211,1544,3,120,147
52516,47211,1555,3,220,147
52517,47211,1566,1,30,147
52518,47212,1554,3,145,
52519,47213,1566,3,30,148
52520,47213,1546,2,260,148
52521,47214,1556,2,70,151
52522,47215,1569,1,0,152
52523,47215,1543,1,25,152
52524,47215,1566,1,30,152
52525,47215,1545,1,95,152
52526,47216,1553,3,310,146
52527,47216,1541,1,85,146
52528,47216,1548,3,180,146
52529,47216,1547,1,420,146
52530,47216,1563,3,150,146
52531,47217,1549,1,55,151
52532,47217,1562,2,40,151
52533,47218,1564,2,0,145
52534,47218,1565,2,45,145
52535,47218,1543,1,25,145
52536,47218,1558,2,95,145
52537,47218,1545,3,95,145
52538,47219,1559,2,89,147
52539,47219,1556,2,70,147
52540,47219,1542,3,35,147
52541,47219,1563,3,150,147
52542,47219,1564,3,0,147
52543,47220,1561,2,210,
52544,47220,1562,3,40,
52545,47220,1551,1,0,
52546,47220,1544,3,120,
52547,47221,1553,3,310,144
52548,47221,1554,1,145,144
52549,47221,1565,2,45,144
52550,47222,1557,3,115,151
52551,47223,1565,2,45,150
52552,47223,1557,1,115,150
52553,47223,1563,1,150,150
52554,47223,1564,2,0,150
52555,47223,1558,2,95,150
52556,47224,1546,3,260,152
52557,47224,1572,3,20,152
52558,47224,1550,2,0,152
52559,47225,1570,3,25,145
52560,47225,1561,1,210,145
52561,47225,1558,2,95,145
52562,47225,1546,3,260,145
52563,47225,1566,3,30,145
52564,47226,1541,2,85,143
52565,47226,1548,2,180,143
52566,47226,1551,1,0,143
52567,47227,1555,3,220,148
52568,47227,1561,3,210,148
52569,47228,1559,3,89,
52570,47229,1568,3,640,145
52571,47229,1566,1,30,145
52572,47229,1562,3,40,145
52573,47230,1541,3,85,145
52574,47230,1543,2,25,145
52575,47230,1559,1,89,145
52576,47231,1559,3,89,144
52577,47231,1552,2,45,144
52578,47231,1555,2,220,144
52579,47232,1563,2,150,149
52580,47232,1571,3,30,149
52581,47232,1562,3,40,149
52582,47233,1551,1,0,146
52583,47233,1571,1,30,146
52584,47233,1543,3,25,146
52585,47234,1557,2,115,149
52586,47234,1548,3,180,149
52587,47234,1546,2,260,149
52588,47234,1568,1,640,149
52589,47234,1566,3,30,149
52590,47235,1554,1,145,141
52591,47235,1550,3,0,141
52592,47235,1572,3,20,141
52593,47235,1568,3,640,141
52594,47236,1559,1,89,
52595,47237,1565,3,45,146
52596,47237,1563,3,150,146
52597,47237,1559,1,89,146
52598,47238,1556,3,70,142
52599,47239,1559,1,89,152
52600,47240,1570,1,25,148
52601,47241,1566,1,30,147
52602,47241,1570,1,25,147
52603,47241,1557,3,115,147
52604,47241,1560,3,15,147
52605,47242,1545,3,95,151
52606,47242,1548,1,180,151
52607,47242,1552,1,45,151
52608,47243,1564,3,0,145
52609,47243,1554,2,145,145
52610,47243,1546,1,260,145
52611,47243,1572,3,20,145
52612,47244,1555,2,220,
52613,47244,1556,1,70,
52614,47245,1543,2,25,142
52615,47245,1560,2,15,142
52616,47245,1552,3,45,142
52617,47245,1558,1,95,142
52618,47246,1561,2,210,145
52619,47246,1556,1,70,145
52620,47246,1546,1,260,145
52621,47247,1559,2,89,148
52622,47247,1551,3,0,148
52623,47248,1544,2,120,152
52624,47249,1557,1,115,149
52625,47249,1542,2,35,149
52626,47249,1543,2,25,149
52627,47249,1543,1,25,149
52628,47249,1553,2,310,149
52629,47250,1550,2,0,145
52630,47250,1554,3,145,145
52631,47251,1572,1,20,146
52632,47251,1564,2,0,146
52633,47251,1554,3,145,146
52634,47251,1572,3,20,146
52635,47251,1563,1,150,146
52636,47252,1543,3,25,
52637,47253,1548,1,180,151
52638,47253,1544,3,120,151
52639,47253,1542,1,35,151
52640,47254,1549,1,55,145
52641,47254,1557,1,115,145
52642,47255,1570,1,25,149
52643,47255,1562,1,40,149
52644,47255,1547,1,420,149
52645,47255,1556,3,70,149
52646,47255,1557,2,115,149
52647,47256,1565,2,45,152
52648,47256,1572,2,20,152
52649,47256,1562,2,40,152
52650,47257,1547,3,420,150
52651,47257,1571,1,30,150
52652,47257,1544,1,120,150
52653,47257,1547,2,420,150
52654,47258,1561,1,210,143
52655,47259,1566,1,30,150
52656,47259,1567,2,360,150
52657,47259,1571,3,30,150
52658,47259,1559,2,89,150
52659,47259,1553,2,310,150
52660,47260,1554,3,145,
52661,47260,1560,1,15,
52662,47260,1550,1,0,
52663,47260,1559,3,89,
52664,47261,1564,1,0,141
52665,47261,1541,2,85,141
52666,47261,1544,3,120,141
52667,47261,1551,3,0,141
52668,47262,1557,2,115,142
52669,47263,1564,3,0,141
52670,47264,1567,1,360,152
52671,47265,1543,3,25,147
52672,47266,1566,2,30,148
52673,47266,1564,3,0,148
52674,47266,1553,1,310,148
52675,47266,1559,1,89,148
52676,47266,1550,3,0,148
52677,47267,1556,3,70,143
52678,47267,1555,3,220,143
52679,47267,1547,3,420,143
52680,47268,1570,3,25,
52681,47268,1553,3,310,
52682,47269,1555,1,220,141
52683,47269,1545,3,95,141
52684,47269,1565,3,45,141
52685,47270,1546,3,260,148
52686,47270,1544,3,120,148
52687,47270,1548,1,180,148
52688,47271,1569,3,0,146
52689,47271,1568,1,640,146
52690,47272,1543,1,25,149
52691,47273,1545,1,95,152
52692,47273,1547,3,420,152
52693,47273,1549,3,55,152
52694,47274,1544,1,120,149
52695,47274,1571,3,30,149
52696,47274,1558,3,95,149
52697,47274,1543,2,25,149
52698,47274,1552,3,45,149
52699,47275,1566,2,30,148
52700,47275,1557,3,115,148
52701,47276,1562,3,40,
52702,47276,1572,3,20,
52703,47277,1551,2,0,144
52704,47278,1564,1,0,149
52705,47279,1551,1,0,145
52706,47279,1557,1,115,145
52707,47279,1557,1,115,145
52708,47279,1563,3,150,145
52709,47279,1550,1,0,145
52710,47280,1572,3,20,145
52711,47280,1541,2,85,145
52712,47280,1564,2,0,145
52713,47280,1553,1,310,145
52714,47280,1557,2,115,145
52715,47281,1553,3,310,148
52716,47281,1552,2,45,148
52717,47281,1568,1,640,148
52718,47281,1569,3,0,148
52719,47281,1544,2,120,148
52720,47282,1560,3,15,143
52721,47282,1570,3,25,143
52722,47283,1551,3,0,152
52723,47283,1569,2,0,152
52724,47283,1572,3,20,152
52725,47284,1561,3,210,
52726,47284,1554,3,145,
52727,47284,1541,1,85,
52728,47284,1555,1,220,
52729,47284,1571,3,30,
52730,47285,1557,3,115,152
52731,47285,1553,2,310,152
52732,47285,1542,1,35,152
52733,47286,1552,1,45,141
52734,47286,1559,2,89,141
52735,47286,1570,2,25,141
52736,47286,1554,2,145,141
52737,47287,1565,1,45,141
52738,47288,1570,1,25,141
52739,47288,1542,1,35,141
52740,47288,1559,2,89,141
52741,47288,1541,3,85,141
52742,47288,1557,1,115,141
52743,47289,1571,1,30,151
52744,47289,1566,1,30,151
52745,47289,1554,3,145,151
52746,47289,1569,2,0,151
52747,47290,1561,1,210,144
52748,47290,1554,1,145,144
52749,47290,1566,3,30,144
52750,47290,1564,1,0,144
52751,47291,1546,3,260,149
52752,47292,1554,2,145,
52753,47292,1565,2,45,
52754,47292,1558,3,95,
52755,47292,1564,2,0,
52756,47293,1571,2,30,150
52757,47293,1547,3,420,150
52758,47293,1563,1,150,150
52759,47294,1560,1,15,146
52760,47294,1572,3,20,146
52761,47295,1546,2,260,148
52762,47296,1541,2,85,141
52763,47296,1542,2,35,141
52764,47296,1569,3,0,141
52765,47296,1551,3,0,141
52766,47297,1556,3,70,149
52767,47297,1562,1,40,149
52768,47297,1569,1,0,149
52769,47297,1566,2,30,149
52770,47297,1542,2,35,149
52771,47298,1553,2,310,150
52772,47298,1562,1,40,150
52773,47298,1555,2,220,150
52774,47299,1566,3,30,142
52775,47299,1555,2,220,142
52776,47299,1542,2,35,142
52777,47300,1548,3,180,
52778,47300,1557,3,115,
52779,47300,1564,3,0,
52780,47300,1571,2,30,
52781,47300,1547,1,420,
52782,47301,1561,3,210,149
52783,47301,1558,3,95,149
52784,47301,1553,2,310,149
52785,47301,1554,3,145,149
52786,47301,1557,3,115,149
52787,47302,1570,3,25,145
52788,47302,1562,3,40,145
52789,47302,1553,3,310,145
52790,47302,1570,1,25,145
52791,47302,1557,1,115,145
52792,47303,1558,1,95,146
52793,47303,1570,3,25,146
52794,47303,1563,1,150,146
52795,47303,1567,2,360,146
52796,47303,1557,3,115,146
52797,47304,1572,1,20,152
52798,47304,1542,2,35,152
52799,47304,1547,2,420,152
52800,47304,1560,2,15,152
52801,47305,1556,1,70,143
52802,47306,1547,3,420,152
52803,47307,1548,1,180,146
52804,47308,1565,2,45,
52805,47308,1545,2,95,
52806,47309,1563,1,150,144
52807,47309,1554,1,145,144
52808,47310,1569,3,0,141
52809,47310,1553,3,310,141
52810,47310,1569,1,0,141
52811,47311,1554,1,145,145
52812,47311,1556,3,70,145
52813,47312,1555,2,220,145
52814,47312,1545,2,95,145
52815,47313,1557,1,115,145
52816,47314,1548,1,180,149
52817,47315,1549,1,55,144
52818,47315,1569,1,0,144
52819,47316,1572,1,20,
52820,47317,1571,3,30,142
52821,47317,1543,2,25,142
52822,47317,1566,2,30,142
52823,47317,1554,1,145,142
52824,47317,1551,1,0,142
52825,47318,1562,1,40,143
52826,47318,1556,2,70,143
52827,47318,1565,2,45,143
52828,47319,1570,1,25,149
52829,47319,1558,2,95,149
52830,47319,1556,2,70,149
52831,47320,1568,2,640,143
52832,47320,1570,2,25,143
52833,47320,1563,3,150,143
52834,47320,1559,2,89,143
52835,47320,1566,3,30,143
52836,47321,1545,3,95,141
52837,47321,1561,2,210,141
52838,47322,1565,2,45,143
52839,47322,1554,3,145,143
52840,47322,1562,3,40,143
52841,47322,1549,1,55,143
52842,47322,1569,2,0,143
52843,47323,1544,1,120,148
52844,47324,1545,1,95,
52845,47325,1560,1,15,145
52846,47325,1553,2,310,145
52847,47325,1544,3,120,145
52848,47326,1543,2,25,152
52849,47327,1568,2,640,148
52850,47327,1543,1,25,148
52851,47328,1548,1,180,150
52852,47329,1541,2,85,151
52853,47329,1555,3,220,151
52854,47329,1563,2,150,151
52855,47330,1545,1,95,150
52856,47330,1564,2,0,150
52857,47330,1554,2,145,150
52858,47330,1541,1,85,150
52859,47331,1570,1,25,143
52860,47331,1544,3,120,143
52861,47331,1567,2,360,143
52862,47331,1561,2,210,143
52863,47331,1553,2,310,143
52864,47332,1567,1,360,
52865,47332,1544,1,120,
52866,47332,1567,3,360,
52867,47332,1561,3,210,
52868,47333,1542,1,35,142
52869,47333,1568,1,640,142
52870,47333,1556,1,70,142
52871,47334,1550,1,0,142
52872,47334,1559,2,89,142
52873,47334,1546,3,260,142
52874,47334,1562,3,40,142
52875,47334,1568,3,640,142
52876,47335,1570,1,25,149
52877,47336,1541,3,85,141
52878,47336,1569,1,0,141
52879,47336,1555,2,220,141
52880,47336,1571,2,30,141
52881,47336,1551,2,0,141
52882,47337,1560,2,15,142
52883,47337,1565,1,45,142
52884,47338,1558,3,95,142
52885,47338,1547,2,420,142
52886,47339,1564,2,0,141
52887,47339,1565,3,45,141
52888,47339,1551,1,0,141
52889,47339,1561,1,210,141
52890,47339,1546,1,260,141
52891,47340,1544,1,120,
52892,47340,1543,3,25,
52893,47341,1546,2,260,141
52894,47341,1572,2,20,141
52895,47341,1570,2,25,141
52896,47341,1563,1,150,141
52897,47341,1543,2,25,141
52898,47342,1569,2,0,144
52899,47343,1542,2,35,148
52900,47343,1551,3,0,148
52901,47343,1542,1,35,148
52902,47344,1571,1,30,142
52903,47344,1552,3,45,142
52904,47344,1564,1,0,142
52905,47345,1541,1,85,146
52906,47345,1563,2,150,146
52907,47346,1571,3,30,150
52908,47346,1557,2,115,150
52909,47346,1560,1,15,150
52910,47346,1543,3,25,150
52911,47347,1548,1,180,141
52912,47347,1551,2,0,141
52913,47347,1560,2,15,141
52914,47347,1548,1,180,141
52915,47348,1548,1,180,
52916,47348,1564,2,0,
52917,47348,1550,1,0,
52918,47349,1560,3,15,148
52919,47349,1544,3,120,148
52920,47349,1551,2,0,148
52921,47349,1552,1,45,148
52922,47350,1560,2,15,148
52923,47350,1572,2,20,148
52924,47350,1568,2,640,148
52925,47350,1541,3,85,148
52926,47350,1543,3,25,148
52927,47351,1563,1,150,147
52928,47351,1559,3,89,147
52929,47351,1565,3,45,147
52930,47351,1551,1,0,147
52931,47351,1561,1,210,147
52932,47352,1544,1,120,145
52933,47352,1571,3,30,145
52934,47353,1560,2,15,144
52935,47353,1572,1,20,144
52936,47353,1565,3,45,144
52937,47354,1549,1,55,147
52938,47354,1547,1,420,147
52939,47354,1550,3,0,147
52940,47354,1553,2,310,147
52941,47355,1545,1,95,145
52942,47355,1551,1,0,145
52943,47356,1557,2,115,
52944,47356,1549,3,55,
52945,47356,1548,1,180,
52946,47356,1541,3,85,
52947,47356,1554,3,145,
52948,47357,1568,3,640,149
52949,47357,1567,3,360,149
52950,47357,1560,2,15,149
52951,47357,1560,1,15,149
52952,47357,1545,1,95,149
52953,47358,1556,3,70,150
52954,47358,1553,1,310,150
52955,47358,1551,1,0,150
52956,47358,1559,1,89,150
52957,47359,1546,1,260,147
52958,47359,1569,1,0,147
52959,47360,1560,3,15,147
52960,47360,1567,3,360,147
52961,47360,1571,2,30,147
52962,47360,1563,2,150,147
52963,47361,1562,3,40,143
52964,47361,1543,2,25,143
52965,47362,1542,1,35,149
52966,47362,1560,3,15,149
52967,47362,1562,2,40,149
52968,47362,1552,2,45,149
52969,47362,1553,2,310,149
52970,47363,1569,1,0,144
52971,47363,1568,3,640,144
52972,47363,1567,1,360,144
52973,47363,1543,3,25,144
52974,47363,1568,3,640,144
52975,47364,1543,2,25,
52976,47364,1568,1,640,
52977,47364,1565,3,45,
52978,47364,1547,3,420,
52979,47365,1554,1,145,149
52980,47366,1548,1,180,142
52981,47366,1557,1,115,142
52982,47367,1545,3,95,145
52983,47367,1550,3,0,145
52984,47367,1547,3,420,145
52985,47368,1566,1,30,144
52986,47368,1551,3,0,144
52987,47369,1556,1,70,146
52988,47369,1543,1,25,146
52989,47370,1568,2,640,144
52990,47371,1561,1,210,145
52991,47372,1564,3,0,
52992,47373,1551,2,0,145
52993,47373,1545,1,95,145
52994,47373,1569,2,0,145
52995,47373,1544,2,120,145
52996,47374,1566,3,30,150
52997,47374,1550,1,0,150
52998,47375,1562,3,40,151
52999,47376,1552,2,45,141
53000,47377,1566,3,30,149
53001,47377,1564,3,0,149
53002,47377,1541,3,85,149
53003,47377,1549,3,55,149
53004,47377,1571,3,30,149
53005,47378,1562,2,40,145
53006,47378,1568,1,640,145
53007,47378,1570,2,25,145
53008,47378,1542,2,35,145
53009,47378,1561,2,210,145
53010,47379,1571,2,30,145
53011,47379,1565,3,45,145
53012,47379,1562,2,40,145
53013,47380,1564,1,0,
53014,47380,1565,1,45,
53015,47380,1566,3,30,
53016,47380,1551,1,0,
53017,47380,1567,1,360,
53018,47381,1570,3,25,149
53019,47381,1543,3,25,149
53020,47381,1547,1,420,149
53021,47381,1569,2,0,149
53022,47382,1561,2,210,147
53023,47382,1570,3,25,147
53024,47383,1546,2,260,149
53025,47383,1542,3,35,149
53026,47383,1558,1,95,149
53027,47383,1548,3,180,149
53028,47384,1560,3,15,145
53029,47384,1554,3,145,145
53030,47384,1570,3,25,145
53031,47384,1559,2,89,145
53032,47384,1555,2,220,145
53033,47385,1570,1,25,147
53034,47385,1551,3,0,147
53035,47385,1568,1,640,147
53036,47385,1566,2,30,147
53037,47385,1570,2,25,147
53038,47386,1572,1,20,146
53039,47386,1541,1,85,146
53040,47386,1543,3,25,146
53041,47387,1564,2,0,143
53042,47388,1554,1,145,
53043,47388,1562,1,40,
53044,47388,1541,2,85,
53045,47388,1547,2,420,
53046,47388,1564,3,0,
53047,47389,1568,3,640,141
53048,47389,1564,1,0,141
53049,47390,1555,2,220,142
53050,47390,1571,3,30,142
53051,47391,1541,3,85,151
53052,47391,1569,2,0,151
53053,47391,1565,1,45,151
53054,47392,1552,1,45,147
53055,47392,1557,2,115,147
53056,47392,1565,2,45,147
53057,47392,1568,2,640,147
53058,47392,1551,2,0,147
53059,47393,1560,3,15,144
53060,47393,1555,2,220,144
53061,47394,1547,2,420,142
53062,47394,1564,3,0,142
53063,47394,1557,1,115,142
53064,47394,1541,3,85,142
53065,47395,1549,3,55,148
53066,47395,1542,1,35,148
53067,47395,1554,1,145,148
53068,47395,1552,2,45,148
53069,47396,1548,3,180,
53070,47397,1567,2,360,142
53071,47398,1567,2,360,150
53072,47398,1572,2,20,150
53073,47398,1563,3,150,150
53074,47398,1544,1,120,150
53075,47398,1563,3,150,150
53076,47399,1543,1,25,150
53077,47399,1555,3,220,150
53078,47399,1561,2,210,150
53079,47399,1561,2,210,150
53080,47400,1554,1,145,147
53081,47400,1542,3,35,147
53082,47400,1572,1,20,147
53083,47400,1553,2,310,147
53084,47401,1563,3,150,150
53085,47401,1542,2,35,150
53086,47401,1557,3,115,150
53087,47401,1544,2,120,150
53088,47401,1565,2,45,150
53089,47402,1544,2,120,143
53090,47403,1547,2,420,151
53091,47403,1553,3,310,151
53092,47403,1544,2,120,151
53093,47403,1542,2,35,151
53094,47404,1569,2,0,
53095,47404,1564,2,0,
53096,47404,1568,2,640,
53097,47404,1542,2,35,
53098,47405,1567,3,360,146
53099,47405,1554,1,145,146
53100,47406,1557,1,115,152
53101,47406,1549,1,55,152
53102,47406,1543,1,25,152
53103,47406,1546,2,260,152
53104,47406,1567,2,360,152
53105,47407,1544,2,120,142
53106,47407,1544,2,120,142
53107,47407,1568,3,640,142
53108,47407,1572,2,20,142
53109,47407,1544,1,120,142
53110,47408,1560,3,15,144
53111,47409,1558,3,95,150
53112,47409,1544,2,120,150
53113,47409,1549,3,55,150
53114,47409,1570,3,25,150
53115,47410,1567,2,360,147
53116,47411,1566,1,30,148
53117,47411,1553,3,310,148
53118,47411,1542,3,35,148
53119,47411,1547,2,420,148
53120,47411,1564,3,0,148
53121,47412,1564,2,0,
53122,47412,1552,2,45,
53123,47412,1561,1,210,
53124,47413,1558,3,95,150
53125,47413,1562,1,40,150
53126,47413,1568,1,640,150
53127,47414,1558,3,95,142
53128,47414,1546,2,260,142
53129,47414,1561,1,210,142
53130,47415,1570,3,25,146
53131,47415,1561,1,210,146
53132,47415,1544,3,120,146
53133,47415,1568,1,640,146
53134,47416,1549,3,55,148
53135,47416,1552,2,45,148
53136,47416,1544,2,120,148
53137,47416,1543,3,25,148
53138,47416,1545,2,95,148
53139,47417,1559,1,89,143
53140,47417,1571,1,30,143
53141,47417,1553,3,310,143
53142,47417,1568,1,640,143
53143,47418,1544,2,120,141
53144,47418,1558,1,95,141
53145,47419,1545,3,95,146
53146,47419,1555,3,220,146
53147,47420,1541,3,85,
53148,47420,1541,1,85,
53149,47420,1559,2,89,
53150,47421,1542,2,35,143
53151,47421,1544,2,120,143
53152,47421,1549,1,55,143
53153,47422,1566,3,30,143
53154,47422,1571,3,30,143
53155,47423,1568,3,640,144
53156,47423,1567,3,360,144
53157,47423,1543,3,25,144
53158,47423,1565,2,45,144
53159,47424,1563,1,150,141
53160,47424,1550,3,0,141
53161,47424,1551,1,0,141
53162,47424,1541,2,85,141
53163,47424,1560,2,15,141
53164,47425,1563,1,150,143
53165,47425,1544,3,120,143
53166,47426,1553,2,310,146
53167,47427,1557,2,115,146
53168,47427,1559,2,89,146
53169,47427,1546,3,260,146
53170,47428,1554,1,145,
53171,47428,1550,1,0,
53172,47428,1566,2,30,
53173,47428,1543,1,25,
53174,47428,1548,3,180,
53175,47429,1559,3,89,151
53176,47429,1557,2,115,151
53177,47429,1571,1,30,151
53178,47429,1563,1,150,151
53179,47429,1564,2,0,151
53180,47430,1571,2,30,144
53181,47430,1554,3,145,144
53182,47430,1568,3,640,144
53183,47431,1557,3,115,151
53184,47431,1562,1,40,151
53185,47431,1543,2,25,151
53186,47432,1566,3,30,151
53187,47432,1550,1,0,151
53188,47432,1569,2,0,151
53189,47432,1563,2,150,151
53190,47433,1548,2,180,152
53191,47433,1560,1,15,152
53192,47433,1572,2,20,152
53193,47434,1562,2,40,142
53194,47434,1559,2,89,142
53195,47434,1568,3,640,142
53196,47434,1558,1,95,142
53197,47435,1550,3,0,148
53198,47435,1559,2,89,148
53199,47436,1560,3,15,
53200,47436,1546,1,260,
53201,47437,1544,2,120,146
53202,47437,1547,1,420,146
53203,47437,1563,3,150,146
53204,47437,1548,3,180,146
53205,47438,1555,1,220,144
53206,47438,1571,3,30,144
53207,47438,1549,1,55,144
53208,47438,1541,1,85,144
53209,47439,1553,3,310,146
53210,47439,1544,1,120,146
53211,47439,1556,1,70,146
53212,47439,1550,1,0,146
53213,47439,1541,2,85,146
53214,47440,1569,2,0,147
53215,47440,1557,3,115,147
53216,47440,1551,2,0,147
53217,47441,1558,3,95,144
53218,47441,1546,1,260,144
53219,47441,1566,3,30,144
53220,47441,1558,2,95,144
53221,47441,1542,1,35,144
53222,47442,1554,2,145,146
53223,47442,1564,3,0,146
53224,47442,1569,2,0,146
53225,47442,1544,2,120,146
53226,47443,1570,1,25,146
53227,47443,1563,3,150,146
53228,47443,1572,1,20,146
53229,47443,1559,1,89,146
53230,47443,1565,2,45,146
53231,47444,1553,3,310,
53232,47444,1572,1,20,
53233,47444,1569,2,0,
53234,47445,1552,3,45,143
53235,47446,1561,3,210,149
53236,47447,1545,2,95,151
53237,47447,1558,1,95,151
53238,47448,1550,1,0,141
53239,47448,1544,2,120,141
53240,47448,1543,1,25,141
53241,47448,1556,1,70,141
53242,47449,1558,1,95,148
53243,47449,1549,3,55,148
53244,47450,1542,3,35,143
53245,47450,1560,3,15,143
53246,47450,1544,3,120,143
53247,47451,1554,3,145,143
53248,47451,1546,3,260,143
53249,47451,1552,2,45,143
53250,47451,1546,2,260,143
53251,47451,1557,2,115,143
53252,47452,1565,3,45,
53253,47453,1569,3,0,143
53254,47453,1547,3,420,143
53255,47454,1572,3,20,148
53256,47454,1547,1,420,148
53257,47454,1564,1,0,148
53258,47454,1555,1,220,148
53259,47455,1553,1,310,150
53260,47455,1546,3,260,150
53261,47455,1564,2,0,150
53262,47456,1553,2,310,147
53263,47456,1561,3,210,147
53264,47457,1565,2,45,145
53265,47457,1550,2,0,145
53266,47457,1553,1,310,145
53267,47458,1553,2,310,147
53268,47458,1548,3,180,147
53269,47459,1554,3,145,145
53270,47459,1546,1,260,145
53271,47459,1562,1,40,145
53272,47459,1571,2,30,145
53273,47459,1546,2,260,145
53274,47460,1563,3,150,
53275,47460,1566,1,30,
53276,47460,1549,3,55,
53277,47460,1544,3,120,
53278,47461,1555,3,220,148
53279,47461,1544,3,120,148
53280,47462,1542,1,35,141
53281,47462,1567,2,360,141
53282,47462,1563,3,150,141
53283,47463,1568,2,640,146
53284,47463,1559,2,89,146
53285,47463,1559,2,89,146
53286,47463,1566,3,30,146
53287,47463,1547,1,420,146
53288,47464,1551,3,0,147
53289,47464,1554,1,145,147
53290,47464,1566,3,30,147
53291,47464,1544,3,120,147
53292,47465,1564,1,0,144
53293,47466,1545,3,95,148
53294,47467,1567,3,360,144
53295,47467,1541,2,85,144
53296,47467,1548,3,180,144
53297,47467,1557,1,115,144
53298,47468,1554,3,145,
53299,47468,1567,3,360,
53300,47468,1554,1,145,
53301,47469,1569,1,0,145
53302,47469,1568,2,640,145
53303,47469,1562,2,40,145
53304,47469,1544,3,120,145
53305,47470,1541,3,85,149
53306,47470,1554,1,145,149
53307,47470,1550,1,0,149
53308,47470,1569,2,0,149
53309,47471,1556,1,70,144
53310,47471,1545,1,95,144
53311,47471,1563,1,150,144
53312,47472,1558,2,95,146
53313,47472,1542,1,35,146
53314,47472,1552,2,45,146
53315,47472,1547,1,420,146
53316,47473,1563,2,150,143
53317,47474,1556,1,70,150
53318,47474,1572,3,20,150
53319,47474,1548,2,180,150
53320,47474,1552,2,45,150
53321,47475,1563,1,150,150
53322,47475,1541,3,85,150
53323,47475,1544,2,120,150
53324,47475,1561,2,210,150
53325,47476,1566,2,30,
53326,47477,1563,1,150,152
53327,47477,1559,1,89,152
53328,47478,1555,1,220,145
53329,47478,1551,3,0,145
53330,47479,1566,2,30,144
53331,47479,1552,3,45,144
53332,47479,1544,1,120,144
53333,47479,1553,2,310,144
53334,47479,1567,1,360,144
53335,47480,1572,3,20,142
53336,47480,1563,3,150,142
53337,47480,1551,1,0,142
53338,47481,1542,2,35,146
53339,47481,1567,1,360,146
53340,47482,1556,1,70,146
53341,47482,1570,2,25,146
53342,47482,1555,1,220,146
53343,47483,1550,2,0,147
53344,47483,1545,3,95,147
53345,47484,1569,3,0,
53346,47484,1559,2,89,
53347,47485,1566,1,30,143
53348,47485,1548,1,180,143
53349,47485,1544,3,120,143
53350,47486,1544,3,120,152
53351,47486,1547,2,420,152
53352,47487,1553,1,310,152
53353,47488,1549,1,55,150
53354,47489,1555,1,220,145
53355,47489,1542,2,35,145
53356,47489,1562,1,40,145
53357,47490,1557,2,115,142
53358,47491,1548,2,180,148
53359,47491,1547,3,420,148
53360,47491,1569,3,0,148
53361,47492,1550,3,0,
53362,47493,1564,2,0,142
53363,47493,1541,2,85,142
53364,47494,1554,3,145,142
53365,47494,1572,3,20,142
53366,47494,1567,2,360,142
53367,47495,1565,2,45,142
53368,47495,1543,2,25,142
53369,47496,1568,3,640,145
53370,47496,1564,2,0,145
53371,47496,1550,1,0,145
53372,47496,1549,2,55,145
53373,47497,1543,1,25,150
53374,47498,1570,2,25,146
53375,47499,1565,2,45,142
53376,47499,1569,2,0,142
53377,47499,1567,1,360,142
53378,47500,1557,2,115,
53379,47501,1550,3,0,142
53380,47501,1561,2,210,142
53381,47501,1543,1,25,142
53382,47501,1564,1,0,142
53383,47501,1558,2,95,142
53384,47502,1564,2,0,148
53385,47503,1549,1,55,146
53386,47503,1568,2,640,146
53387,47503,1547,3,420,146
53388,47503,1564,1,0,146
53389,47503,1551,2,0,146
53390,47504,1546,2,260,150
53391,47504,1552,2,45,150
53392,47504,1557,3,115,150
53393,47505,1556,3,70,150
53394,47505,1560,3,15,150
53395,47505,1554,2,145,150
53396,47505,1571,2,30,150
53397,47505,1553,2,310,150
53398,47506,1570,1,25,147
53399,47506,1560,1,15,147
53400,47506,1547,2,420,147
53401,47507,1541,1,85,149
53402,47507,1551,3,0,149
53403,47507,1555,3,220,149
53404,47507,1562,3,40,149
53405,47507,1567,1,360,149
53406,47508,1559,3,89,
53407,47509,1560,1,15,147
53408,47509,1547,3,420,147
53409,47510,1554,3,145,141
53410,47510,1554,2,145,141
53411,47511,1548,3,180,145
53412,47511,1548,3,180,145
53413,47512,1555,2,220,146
53414,47512,1555,2,220,146
53415,47513,1563,1,150,146
53416,47513,1565,2,45,146
53417,47514,1541,3,85,152
53418,47514,1544,2,120,152
53419,47514,1561,2,210,152
53420,47514,1553,3,310,152
53421,47514,1545,3,95,152
53422,47515,1558,2,95,146
53423,47515,1565,3,45,146
53424,47515,1569,1,0,146
53425,47515,1567,2,360,146
53426,47515,1548,1,180,146
53427,47516,1572,3,20,
53428,47516,1556,2,70,
53429,47516,1550,2,0,
53430,47517,1567,2,360,150
53431,47517,1550,1,0,150
53432,47517,1563,1,150,150
53433,47517,1559,1,89,150
53434,47518,1551,1,0,141
53435,47518,1549,2,55,141
53436,47519,1548,3,180,148
53437,47519,1569,3,0,148
53438,47519,1569,2,0,148
53439,47519,1551,2,0,148
53440,47520,1572,2,20,147
53441,47520,1568,2,640,147
53442,47521,1551,1,0,143
53443,47521,1566,3,30,143
53444,47521,1553,2,310,143
53445,47522,1550,1,0,143
53446,47523,1544,1,120,144
53447,47523,1572,1,20,144
53448,47523,1566,1,30,144
53449,47523,1550,3,0,144
53450,47524,1552,3,45,
53451,47524,1571,3,30,
53452,47524,1558,2,95,
53453,47524,1571,1,30,
53454,47524,1544,1,120,
53455,47525,1542,3,35,142
53456,47525,1549,2,55,142
53457,47525,1564,1,0,142
53458,47525,1551,1,0,142
53459,47526,1572,1,20,141
53460,47526,1564,1,0,141
53461,47527,1570,2,25,148
53462,47527,1554,1,145,148
53463,47527,1546,1,260,148
53464,47527,1551,2,0,148
53465,47528,1568,3,640,148
53466,47529,1571,3,30,152
53467,47529,1555,1,220,152
53468,47529,1571,3,30,152
53469,47529,1571,1,30,152
53470,47529,1568,2,640,152
53471,47530,1548,2,180,142
53472,47531,1562,3,40,151
53473,47532,1543,1,25,
53474,47532,1566,2,30,
53475,47532,1564,2,0,
53476,47533,1568,1,640,145
53477,47533,1566,1,30,145
53478,47533,1550,1,0,145
53479,47534,1570,1,25,150
53480,47534,1551,2,0,150
53481,47534,1544,2,120,150
53482,47534,1552,2,45,150
53483,47534,1566,3,30,150
53484,47535,1569,3,0,141
53485,47535,1541,2,85,141
53486,47535,1570,1,25,141
53487,47535,1563,1,150,141
53488,47535,1548,2,180,141
53489,47536,1569,3,0,142
53490,47536,1543,2,25,142
53491,47536,1545,2,95,142
53492,47536,1554,2,145,142
53493,47536,1544,1,120,142
53494,47537,1556,2,70,142
53495,47537,1554,1,145,142
53496,47537,1545,2,95,142
53497,47538,1565,3,45,144
53498,47538,1548,3,180,144
53499,47538,1550,1,0,144
53500,47538,1559,1,89,144
53501,47539,1547,1,420,141
53502,47539,1559,1,89,141
53503,47539,1559,3,89,141
53504,47539,1556,1,70,141
53505,47539,1560,2,15,141
53506,47540,1572,2,20,
