order_id,customer_id,order_status,order_total,shipping_cost,fulfillment_center_id,shipping_lat,shipping_lon,estimated_delivery,actual_delivery,social_source_id,demand_score,created_at,updated_at
44541,4762,confirmed,1170,7.99,152,,,,,,73.79,2026-04-24T05:16:12Z,2026-05-27T11:26:12Z
44542,6207,processing,500,7.99,150,,,,,,94.56,2026-04-02T13:48:56Z,2026-05-27T11:26:12Z
44543,4846,shipped,375,7.99,142,,,,,,87.43,2026-04-20T20:21:40Z,2026-05-27T11:26:12Z
44544,4974,delivered,645,14.99,144,,,,,,69.47,2026-04-21T12:47:05Z,2026-05-27T11:26:12Z
44545,5203,delivered,835,0,150,,,,,,90.97,2026-04-06T03:09:51Z,2026-05-27T11:26:12Z
44546,4784,delivered,470,0,144,,,,,,36.73,2026-04-03T08:22:29Z,2026-05-27T11:26:12Z
44547,6307,cancelled,70,7.99,148,,,,,,58.1,2026-04-22T01:57:32Z,2026-05-27T11:26:12Z
44548,5098,pending,663,0,,,,,,,62.65,2026-04-24T22:59:35Z,2026-05-27T11:26:12Z
44549,6509,confirmed,120,14.99,148,,,,,,20.23,2026-04-29T00:14:19Z,2026-05-27T11:26:12Z
44550,6484,processing,420,14.99,141,,,,,,25.23,2026-04-30T10:33:51Z,2026-05-27T11:26:12Z
44551,5999,shipped,2220,0,141,,,,,,64.7,2026-05-05T02:35:57Z,2026-05-27T11:26:12Z
44552,5644,delivered,2220,14.99,145,,,,,,94.65,2026-04-07T21:29:39Z,2026-05-27T11:26:12Z
44553,4700,delivered,210,7.99,152,,,,,,19.8,2026-05-17T21:36:38Z,2026-05-27T11:26:12Z
44554,4977,delivered,1112,7.99,147,,,,,,44.52,2026-05-04T23:46:26Z,2026-05-27T11:26:12Z
44555,4911,cancelled,730,0,145,,,,,,41.36,2026-04-26T01:20:08Z,2026-05-27T11:26:12Z
44556,6079,pending,440,7.99,,,,,,,70.77,2026-04-12T02:37:47Z,2026-05-27T11:26:12Z
44557,6430,confirmed,300,0,150,,,,,,59.37,2026-05-03T09:07:56Z,2026-05-27T11:26:12Z
44558,4811,processing,785,0,147,,,,,,30.25,2026-04-26T05:37:16Z,2026-05-27T11:26:12Z
44559,4809,shipped,25,0,151,,,,,,64.26,2026-04-04T00:36:18Z,2026-05-27T11:26:12Z
44560,5991,delivered,178,0,148,,,,,,75.26,2026-04-15T03:46:00Z,2026-05-27T11:26:12Z
44561,5192,delivered,430,7.99,152,,,,,,68.34,2026-03-28T23:32:02Z,2026-05-27T11:26:12Z
44562,5188,delivered,855,14.99,148,,,,,48998,62.67,2026-05-24T20:32:41Z,2026-05-27T11:26:12Z
44563,5877,cancelled,135,14.99,145,,,,,,46.41,2026-05-12T20:41:12Z,2026-05-27T11:26:12Z
44564,5902,pending,2235,7.99,,,,,,,10.2,2026-04-11T17:40:22Z,2026-05-27T11:26:12Z
44565,6436,confirmed,1970,7.99,142,,,,,,14.1,2026-05-23T19:57:03Z,2026-05-27T11:26:12Z
44566,6481,processing,305,7.99,144,,,,,,19.75,2026-04-14T05:42:01Z,2026-05-27T11:26:12Z
44567,4685,shipped,345,0,141,,,,,45838,79.94,2026-05-24T11:32:51Z,2026-05-27T11:26:12Z
44568,6091,delivered,240,7.99,143,,,,,,93.99,2026-04-26T12:20:07Z,2026-05-27T11:26:12Z
44569,5586,delivered,457,0,147,,,,,,22.34,2026-04-04T09:39:31Z,2026-05-27T11:26:12Z
44570,4728,delivered,25,0,142,,,,,,16.65,2026-04-29T15:14:36Z,2026-05-27T11:26:12Z
44571,4599,cancelled,1080,14.99,151,,,,,,87.45,2026-04-17T18:42:53Z,2026-05-27T11:26:12Z
44572,6375,pending,680,14.99,,,,,,,22.38,2026-05-15T16:12:41Z,2026-05-27T11:26:12Z
44573,5086,confirmed,40,14.99,143,,,,,,83.78,2026-04-08T21:04:00Z,2026-05-27T11:26:12Z
44574,4682,processing,665,0,149,,,,,47630,25.8,2026-05-18T03:46:42Z,2026-05-27T11:26:12Z
44575,5448,shipped,90,0,145,,,,,,81.87,2026-04-28T02:24:24Z,2026-05-27T11:26:12Z
44576,5496,delivered,450,0,142,,,,,,44.72,2026-04-24T00:50:19Z,2026-05-27T11:26:12Z
44577,5519,delivered,105,14.99,143,,,,,,49.57,2026-04-06T19:23:01Z,2026-05-27T11:26:12Z
44578,6192,delivered,465,7.99,142,,,,,,50.68,2026-04-19T18:48:48Z,2026-05-27T11:26:12Z
44579,6300,cancelled,720,14.99,147,,,,,,77.49,2026-05-11T03:38:03Z,2026-05-27T11:26:12Z
44580,5612,pending,400,7.99,,,,,,48296,14.55,2026-04-15T00:49:18Z,2026-05-27T11:26:12Z
44581,4674,confirmed,15,0,143,,,,,,58.16,2026-05-13T00:59:38Z,2026-05-27T11:26:12Z
44582,6440,processing,870,7.99,142,,,,,49135,62.39,2026-05-06T23:38:02Z,2026-05-27T11:26:12Z
44583,6033,shipped,145,14.99,152,,,,,,48.53,2026-03-28T13:46:44Z,2026-05-27T11:26:12Z
44584,6194,delivered,245,7.99,142,,,,,46953,90.34,2026-05-06T20:19:10Z,2026-05-27T11:26:12Z
44585,6078,delivered,860,7.99,152,,,,,,46.34,2026-04-29T14:43:49Z,2026-05-27T11:26:12Z
44586,5319,delivered,459,14.99,148,,,,,,44.08,2026-04-14T05:59:58Z,2026-05-27T11:26:12Z
44587,6460,cancelled,205,7.99,149,,,,,,36.96,2026-04-13T02:51:18Z,2026-05-27T11:26:12Z
44588,5899,pending,660,7.99,,,,,,46573,32.89,2026-05-09T08:01:27Z,2026-05-27T11:26:12Z
44589,4718,confirmed,95,7.99,141,,,,,,26.8,2026-04-28T08:54:53Z,2026-05-27T11:26:12Z
44590,5565,processing,190,7.99,147,,,,,,23.54,2026-05-03T05:42:30Z,2026-05-27T11:26:12Z
44591,6226,shipped,310,7.99,148,,,,,,15.16,2026-05-06T08:06:38Z,2026-05-27T11:26:12Z
44592,6507,delivered,670,14.99,152,,,,,,69.44,2026-05-03T00:09:15Z,2026-05-27T11:26:12Z
44593,5160,delivered,760,14.99,151,,,,,,50.69,2026-05-12T17:36:57Z,2026-05-27T11:26:12Z
44594,4890,delivered,610,7.99,144,,,,,,59.75,2026-04-19T08:52:44Z,2026-05-27T11:26:12Z
44595,5034,cancelled,105,0,151,,,,,,11.3,2026-05-14T19:51:48Z,2026-05-27T11:26:12Z
44596,6076,pending,435,0,,,,,,46196,23.32,2026-05-04T18:09:05Z,2026-05-27T11:26:12Z
44597,5288,confirmed,1375,14.99,145,,,,,44581,49.55,2026-04-09T05:35:33Z,2026-05-27T11:26:12Z
44598,6102,processing,1015,7.99,144,,,,,,42.04,2026-04-15T08:25:32Z,2026-05-27T11:26:12Z
44599,6382,shipped,40,0,147,,,,,,93.78,2026-04-01T15:17:41Z,2026-05-27T11:26:12Z
44600,6420,delivered,245,7.99,152,,,,,,93.38,2026-04-17T07:00:40Z,2026-05-27T11:26:12Z
44601,6277,delivered,230,7.99,141,,,,,,57.52,2026-04-20T19:30:05Z,2026-05-27T11:26:12Z
44602,6031,delivered,1040,0,150,,,,,,55.74,2026-04-28T02:52:53Z,2026-05-27T11:26:12Z
44603,6415,cancelled,718,7.99,141,,,,,,81.23,2026-05-19T06:13:42Z,2026-05-27T11:26:12Z
44604,5695,pending,190,0,,,,,,,42.07,2026-05-18T15:55:20Z,2026-05-27T11:26:12Z
44605,4739,confirmed,0,0,149,,,,,45637,35.55,2026-05-25T15:23:22Z,2026-05-27T11:26:12Z
44606,5595,processing,1140,7.99,146,,,,,,10.49,2026-04-16T16:11:22Z,2026-05-27T11:26:12Z
44607,5941,shipped,835,0,144,,,,,,89.74,2026-03-29T03:16:40Z,2026-05-27T11:26:12Z
44608,5972,delivered,690,7.99,150,,,,,,17.17,2026-04-13T11:12:55Z,2026-05-27T11:26:12Z
44609,4634,delivered,360,14.99,151,,,,,49469,19.02,2026-04-11T09:51:22Z,2026-05-27T11:26:12Z
44610,6174,delivered,2250,14.99,143,,,,,,30.04,2026-04-21T00:40:07Z,2026-05-27T11:26:12Z
44611,6278,cancelled,1085,14.99,142,,,,,,66.23,2026-04-16T00:07:13Z,2026-05-27T11:26:12Z
44612,4664,pending,403,14.99,,,,,,,92.89,2026-04-11T08:16:14Z,2026-05-27T11:26:12Z
44613,6219,confirmed,267,7.99,143,,,,,47629,83.65,2026-04-27T02:45:55Z,2026-05-27T11:26:12Z
44614,5513,processing,115,7.99,143,,,,,,55.6,2026-04-07T19:23:11Z,2026-05-27T11:26:12Z
44615,5917,shipped,915,7.99,146,,,,,,14.62,2026-04-12T13:31:29Z,2026-05-27T11:26:12Z
44616,6511,delivered,860,7.99,151,,,,,,77.15,2026-05-08T18:00:56Z,2026-05-27T11:26:12Z
44617,4581,delivered,492,7.99,144,,,,,,31.65,2026-03-29T18:34:41Z,2026-05-27T11:26:12Z
44618,6484,delivered,1400,7.99,142,,,,,,30.4,2026-04-19T10:39:05Z,2026-05-27T11:26:12Z
44619,5074,cancelled,780,14.99,142,,,,,,38.82,2026-05-14T15:09:38Z,2026-05-27T11:26:12Z
44620,5252,pending,2180,7.99,,,,,,,13.71,2026-04-11T22:44:11Z,2026-05-27T11:26:12Z
44621,4616,confirmed,850,14.99,149,,,,,,87.9,2026-04-16T23:58:44Z,2026-05-27T11:26:12Z
44622,4744,processing,685,14.99,148,,,,,,62.02,2026-05-05T08:23:37Z,2026-05-27T11:26:12Z
44623,4697,shipped,4365,7.99,149,,,,,,29.44,2026-05-17T14:27:51Z,2026-05-27T11:26:12Z
44624,5480,delivered,740,7.99,144,,,,,,91.82,2026-05-20T11:01:42Z,2026-05-27T11:26:12Z
44625,5181,delivered,2125,0,150,,,,,,42.78,2026-05-02T15:42:41Z,2026-05-27T11:26:12Z
44626,5231,delivered,70,0,150,,,,,,23.47,2026-04-21T08:53:15Z,2026-05-27T11:26:12Z
44627,4955,cancelled,890,0,142,,,,,,78.83,2026-04-09T09:27:03Z,2026-05-27T11:26:12Z
44628,4819,pending,520,7.99,,,,,,48239,48.46,2026-05-06T05:56:54Z,2026-05-27T11:26:12Z
44629,4975,confirmed,780,0,145,,,,,,51.42,2026-05-18T11:46:59Z,2026-05-27T11:26:12Z
44630,5290,processing,40,7.99,145,,,,,48213,49.58,2026-04-01T04:51:56Z,2026-05-27T11:26:12Z
44631,4594,shipped,435,7.99,146,,,,,49213,41.42,2026-04-24T22:04:11Z,2026-05-27T11:26:12Z
44632,4765,delivered,2470,0,145,,,,,,32.76,2026-05-19T09:18:44Z,2026-05-27T11:26:12Z
44633,5247,delivered,300,0,145,,,,,46058,32.7,2026-05-09T17:47:35Z,2026-05-27T11:26:12Z
44634,5440,delivered,90,0,143,,,,,,56.15,2026-05-22T03:24:10Z,2026-05-27T11:26:12Z
44635,4955,cancelled,840,0,145,,,,,48788,69.4,2026-04-29T18:09:25Z,2026-05-27T11:26:12Z
44636,4695,pending,855,14.99,,,,,,,23.23,2026-05-25T02:20:00Z,2026-05-27T11:26:12Z
44637,4962,confirmed,690,7.99,142,,,,,45035,94.74,2026-04-09T11:04:51Z,2026-05-27T11:26:12Z
44638,4797,processing,1500,0,147,,,,,,63.56,2026-04-15T01:17:14Z,2026-05-27T11:26:12Z
44639,5179,shipped,905,0,151,,,,,48176,79.38,2026-04-15T14:31:05Z,2026-05-27T11:26:12Z
44640,5255,delivered,350,7.99,147,,,,,47904,14.77,2026-05-11T10:39:36Z,2026-05-27T11:26:12Z
44641,4623,delivered,2450,7.99,152,,,,,44614,33.68,2026-05-08T01:17:46Z,2026-05-27T11:26:12Z
44642,6222,delivered,482,0,148,,,,,,74.41,2026-04-02T16:40:15Z,2026-05-27T11:26:12Z
44643,5099,cancelled,100,0,143,,,,,,56.94,2026-05-16T15:45:15Z,2026-05-27T11:26:12Z
44644,5578,pending,140,7.99,,,,,,,91.28,2026-04-07T04:08:31Z,2026-05-27T11:26:12Z
44645,4797,confirmed,180,7.99,144,,,,,,25.85,2026-04-12T14:49:55Z,2026-05-27T11:26:12Z
44646,5301,processing,190,14.99,147,,,,,49124,54.27,2026-05-14T12:16:07Z,2026-05-27T11:26:12Z
44647,5040,shipped,785,0,148,,,,,,74.02,2026-04-04T20:20:34Z,2026-05-27T11:26:12Z
44648,5196,delivered,890,7.99,147,,,,,44615,28.4,2026-04-22T07:27:21Z,2026-05-27T11:26:12Z
44649,4875,delivered,875,0,145,,,,,,84.25,2026-05-23T09:27:08Z,2026-05-27T11:26:12Z
44650,5401,delivered,1940,7.99,148,,,,,,11.66,2026-04-11T11:05:10Z,2026-05-27T11:26:12Z
44651,5880,cancelled,715,14.99,149,,,,,49491,64.99,2026-03-29T17:08:50Z,2026-05-27T11:26:12Z
44652,5857,pending,2485,14.99,,,,,,,61.95,2026-05-04T21:03:34Z,2026-05-27T11:26:12Z
44653,4719,confirmed,985,7.99,144,,,,,,61.2,2026-04-12T17:32:40Z,2026-05-27T11:26:12Z
44654,5874,processing,840,7.99,147,,,,,,17.82,2026-04-02T02:24:58Z,2026-05-27T11:26:12Z
44655,5313,shipped,290,7.99,152,,,,,,89.2,2026-05-16T14:01:38Z,2026-05-27T11:26:12Z
44656,4869,delivered,1375,7.99,150,,,,,44924,56.59,2026-05-01T17:46:59Z,2026-05-27T11:26:12Z
44657,5996,delivered,1315,14.99,145,,,,,,19.36,2026-05-08T18:54:49Z,2026-05-27T11:26:12Z
44658,4559,delivered,140,14.99,141,,,,,,86.32,2026-04-25T12:16:43Z,2026-05-27T11:26:12Z
44659,5271,cancelled,455,7.99,149,,,,,,30.6,2026-04-11T23:43:29Z,2026-05-27T11:26:12Z
44660,5065,pending,90,14.99,,,,,,,57.93,2026-05-06T10:14:06Z,2026-05-27T11:26:12Z
44661,6332,confirmed,485,7.99,149,,,,,,77.04,2026-04-12T13:10:36Z,2026-05-27T11:26:12Z
44662,5326,processing,1740,7.99,148,,,,,,67.78,2026-03-28T21:04:09Z,2026-05-27T11:26:12Z
44663,5004,shipped,120,14.99,148,,,,,,17.76,2026-04-03T17:30:26Z,2026-05-27T11:26:12Z
44664,5789,delivered,0,14.99,141,,,,,,56.34,2026-05-01T11:06:06Z,2026-05-27T11:26:12Z
44665,6268,delivered,1910,7.99,144,,,,,,35.65,2026-04-24T21:22:02Z,2026-05-27T11:26:12Z
44666,6123,delivered,90,7.99,141,,,,,48405,87.28,2026-04-26T00:16:30Z,2026-05-27T11:26:12Z
44667,5447,cancelled,250,7.99,148,,,,,,67.13,2026-04-02T21:33:14Z,2026-05-27T11:26:12Z
44668,6228,pending,345,7.99,,,,,,45679,81.94,2026-05-20T21:38:52Z,2026-05-27T11:26:12Z
44669,6347,confirmed,720,7.99,141,,,,,,57.96,2026-04-29T06:49:15Z,2026-05-27T11:26:12Z
44670,6092,processing,1725,14.99,144,,,,,,61.78,2026-04-03T10:07:19Z,2026-05-27T11:26:12Z
44671,6202,shipped,735,14.99,152,,,,,46389,28.63,2026-04-15T13:43:25Z,2026-05-27T11:26:12Z
44672,5823,delivered,0,7.99,150,,,,,,43.95,2026-04-14T22:56:42Z,2026-05-27T11:26:12Z
44673,6505,delivered,290,7.99,152,,,,,,56.4,2026-04-20T23:15:20Z,2026-05-27T11:26:12Z
44674,5782,delivered,840,7.99,151,,,,,,33.27,2026-05-05T18:50:57Z,2026-05-27T11:26:12Z
44675,4778,cancelled,645,14.99,152,,,,,46385,76.85,2026-05-20T01:30:58Z,2026-05-27T11:26:12Z
44676,5832,pending,165,7.99,,,,,,,45.74,2026-04-28T11:00:23Z,2026-05-27T11:26:12Z
44677,5227,confirmed,435,14.99,148,,,,,,36.84,2026-05-01T22:44:28Z,2026-05-27T11:26:12Z
44678,4841,processing,40,0,146,,,,,46384,65.03,2026-04-12T07:15:55Z,2026-05-27T11:26:12Z
44679,6103,shipped,890,7.99,146,,,,,,93.07,2026-04-03T08:36:33Z,2026-05-27T11:26:12Z
44680,5897,delivered,480,0,144,,,,,,50.33,2026-04-26T09:55:01Z,2026-05-27T11:26:12Z
44681,5899,delivered,65,7.99,143,,,,,,64.76,2026-05-14T12:13:48Z,2026-05-27T11:26:12Z
44682,4803,delivered,315,7.99,141,,,,,,91.7,2026-04-10T05:38:21Z,2026-05-27T11:26:12Z
44683,5340,cancelled,1025,7.99,149,,,,,,49.91,2026-05-16T12:20:00Z,2026-05-27T11:26:12Z
44684,4974,pending,660,0,,,,,,,14.61,2026-05-14T21:00:49Z,2026-05-27T11:26:12Z
44685,5456,confirmed,665,14.99,142,,,,,,28.42,2026-04-09T15:51:07Z,2026-05-27T11:26:12Z
44686,4825,processing,110,7.99,149,,,,,,13.05,2026-04-29T23:18:59Z,2026-05-27T11:26:12Z
44687,5272,shipped,420,14.99,143,,,,,,89.38,2026-05-19T07:23:05Z,2026-05-27T11:26:12Z
44688,5589,delivered,175,0,141,,,,,,94.33,2026-05-15T13:08:18Z,2026-05-27T11:26:12Z
44689,4917,delivered,40,14.99,144,,,,,45584,28.21,2026-05-24T13:28:43Z,2026-05-27T11:26:12Z
44690,5731,delivered,595,7.99,149,,,,,,89.23,2026-04-21T05:59:48Z,2026-05-27T11:26:12Z
44691,6013,cancelled,620,0,146,,,,,,59.48,2026-05-04T07:00:31Z,2026-05-27T11:26:12Z
44692,5670,pending,165,7.99,,,,,,,88.65,2026-04-07T02:20:00Z,2026-05-27T11:26:12Z
44693,6453,confirmed,815,7.99,150,,,,,,67.51,2026-04-17T18:31:01Z,2026-05-27T11:26:12Z
44694,6139,processing,1185,7.99,148,,,,,,18.5,2026-04-04T08:39:30Z,2026-05-27T11:26:12Z
44695,6038,shipped,705,0,147,,,,,,28.26,2026-04-21T19:34:57Z,2026-05-27T11:26:12Z
44696,5264,delivered,500,7.99,150,,,,,,71.22,2026-05-22T06:56:30Z,2026-05-27T11:26:12Z
44697,5117,delivered,1565,7.99,142,,,,,,26.52,2026-04-20T16:55:20Z,2026-05-27T11:26:12Z
44698,5645,delivered,790,14.99,146,,,,,,27.26,2026-05-21T00:08:40Z,2026-05-27T11:26:12Z
44699,6106,cancelled,322,14.99,143,,,,,46698,84.28,2026-05-17T09:48:17Z,2026-05-27T11:26:12Z
44700,6333,pending,1110,0,,,,,,,29.25,2026-04-12T19:42:04Z,2026-05-27T11:26:12Z
44701,4911,confirmed,939,0,142,,,,,,87.27,2026-05-03T02:04:07Z,2026-05-27T11:26:12Z
44702,6303,processing,145,14.99,150,,,,,,10.54,2026-05-01T21:39:17Z,2026-05-27T11:26:12Z
44703,5640,shipped,30,7.99,149,,,,,,37.29,2026-04-07T13:09:23Z,2026-05-27T11:26:12Z
44704,5230,delivered,900,0,149,,,,,,70.39,2026-04-26T12:30:27Z,2026-05-27T11:26:12Z
44705,6205,delivered,1545,7.99,145,,,,,,93.15,2026-04-15T16:36:40Z,2026-05-27T11:26:12Z
44706,5723,delivered,175,7.99,148,,,,,45989,53.29,2026-05-27T02:29:22Z,2026-05-27T11:26:13Z
44707,5444,cancelled,620,7.99,144,,,,,,37.97,2026-05-14T05:19:59Z,2026-05-27T11:26:13Z
44708,6385,pending,300,0,,,,,,,66.73,2026-05-03T21:55:35Z,2026-05-27T11:26:13Z
44709,5689,confirmed,300,14.99,149,,,,,,31.07,2026-03-31T01:26:02Z,2026-05-27T11:26:13Z
44710,5949,processing,0,14.99,150,,,,,47840,74.17,2026-05-12T18:43:00Z,2026-05-27T11:26:13Z
44711,4897,shipped,810,0,141,,,,,,58.74,2026-04-12T15:27:01Z,2026-05-27T11:26:13Z
44712,5719,delivered,304,7.99,149,,,,,,72.37,2026-05-10T12:21:45Z,2026-05-27T11:26:13Z
44713,6494,delivered,432,7.99,151,,,,,,51.9,2026-05-15T04:53:37Z,2026-05-27T11:26:13Z
44714,6515,delivered,1280,7.99,141,,,,,45963,77.95,2026-05-01T04:58:35Z,2026-05-27T11:26:13Z
44715,6334,cancelled,440,7.99,150,,,,,45935,72.59,2026-04-25T14:20:50Z,2026-05-27T11:26:13Z
44716,6162,pending,270,7.99,,,,,,49305,59.1,2026-05-06T12:55:27Z,2026-05-27T11:26:13Z
44717,4552,confirmed,1065,14.99,147,,,,,44655,18.62,2026-04-07T21:12:55Z,2026-05-27T11:26:13Z
44718,6349,processing,350,14.99,147,,,,,,22.94,2026-04-13T21:56:44Z,2026-05-27T11:26:13Z
44719,5333,shipped,865,7.99,145,,,,,48887,80.65,2026-05-17T15:53:55Z,2026-05-27T11:26:13Z
44720,5979,delivered,45,14.99,142,,,,,,78.21,2026-04-27T05:25:58Z,2026-05-27T11:26:13Z
44721,5359,delivered,100,7.99,149,,,,,46499,40.12,2026-05-02T15:00:39Z,2026-05-27T11:26:13Z
44722,6255,delivered,75,0,149,,,,,,88.79,2026-05-21T01:29:14Z,2026-05-27T11:26:13Z
44723,5992,cancelled,305,0,148,,,,,,13.16,2026-04-22T04:26:58Z,2026-05-27T11:26:13Z
44724,6336,pending,570,7.99,,,,,,47283,61.09,2026-04-24T15:03:20Z,2026-05-27T11:26:13Z
44725,6033,confirmed,535,7.99,149,,,,,,78.32,2026-05-04T10:22:30Z,2026-05-27T11:26:13Z
44726,4948,processing,795,7.99,145,,,,,47015,70.46,2026-04-29T20:31:05Z,2026-05-27T11:26:13Z
44727,4862,shipped,455,7.99,147,,,,,,62.43,2026-05-02T15:42:06Z,2026-05-27T11:26:13Z
44728,6480,delivered,1225,7.99,152,,,,,49005,30.79,2026-04-04T08:38:37Z,2026-05-27T11:26:13Z
44729,5346,delivered,2407,7.99,151,,,,,47303,18.35,2026-04-22T23:49:11Z,2026-05-27T11:26:13Z
44730,5676,delivered,850,7.99,144,,,,,,26.23,2026-05-20T20:35:55Z,2026-05-27T11:26:13Z
44731,5941,cancelled,2635,0,151,,,,,,45.54,2026-05-03T21:22:51Z,2026-05-27T11:26:13Z
44732,5303,pending,435,0,,,,,,,21.23,2026-05-11T05:35:48Z,2026-05-27T11:26:13Z
44733,4651,confirmed,1095,7.99,141,,,,,,31.47,2026-05-09T15:16:41Z,2026-05-27T11:26:13Z
44734,5695,processing,254,0,151,,,,,,89.63,2026-04-17T11:11:22Z,2026-05-27T11:26:13Z
44735,5301,shipped,2070,7.99,142,,,,,,36.95,2026-04-18T09:03:15Z,2026-05-27T11:26:13Z
44736,5820,delivered,365,0,142,,,,,,40.72,2026-04-09T21:44:40Z,2026-05-27T11:26:13Z
44737,5613,delivered,630,14.99,150,,,,,,14.38,2026-05-09T18:34:36Z,2026-05-27T11:26:13Z
44738,5843,delivered,1920,7.99,142,,,,,,22.5,2026-03-30T05:06:01Z,2026-05-27T11:26:13Z
44739,5411,cancelled,285,0,150,,,,,,80.95,2026-04-19T14:16:37Z,2026-05-27T11:26:13Z
44740,5990,pending,1275,7.99,,,,,,,42.27,2026-04-29T17:29:08Z,2026-05-27T11:26:13Z
44741,6162,confirmed,435,14.99,148,,,,,,93.35,2026-04-17T05:54:04Z,2026-05-27T11:26:13Z
44742,5409,processing,815,7.99,144,,,,,,61.21,2026-05-02T16:33:03Z,2026-05-27T11:26:13Z
44743,5177,shipped,880,7.99,152,,,,,48777,68.25,2026-05-15T18:06:48Z,2026-05-27T11:26:13Z
44744,6463,delivered,810,7.99,149,,,,,49049,10.04,2026-05-23T07:17:57Z,2026-05-27T11:26:13Z
44745,4678,delivered,590,0,150,,,,,46447,84.09,2026-04-23T13:08:05Z,2026-05-27T11:26:13Z
44746,4755,delivered,1040,0,147,,,,,48857,11.6,2026-04-24T16:33:17Z,2026-05-27T11:26:13Z
44747,6221,cancelled,540,14.99,141,,,,,,66.58,2026-03-31T21:22:09Z,2026-05-27T11:26:13Z
44748,6257,pending,810,14.99,,,,,,,50.42,2026-05-21T20:38:48Z,2026-05-27T11:26:13Z
44749,6189,confirmed,1285,7.99,147,,,,,,77.31,2026-04-05T12:03:51Z,2026-05-27T11:26:13Z
44750,5559,processing,1950,0,143,,,,,47043,51.07,2026-05-07T07:16:33Z,2026-05-27T11:26:13Z
44751,4882,shipped,238,7.99,145,,,,,,55.1,2026-04-23T17:05:23Z,2026-05-27T11:26:13Z
44752,6157,delivered,400,14.99,145,,,,,48085,72.86,2026-04-07T18:38:07Z,2026-05-27T11:26:13Z
44753,4850,delivered,590,14.99,151,,,,,49445,77.97,2026-04-24T17:06:03Z,2026-05-27T11:26:13Z
44754,5537,delivered,905,7.99,147,,,,,46014,87.86,2026-05-04T13:21:52Z,2026-05-27T11:26:13Z
44755,4879,cancelled,2395,0,151,,,,,,79.9,2026-04-21T11:01:27Z,2026-05-27T11:26:13Z
44756,6290,pending,825,0,,,,,,49461,84.89,2026-04-26T22:46:10Z,2026-05-27T11:26:13Z
44757,4739,confirmed,1178,0,148,,,,,46463,32.82,2026-04-23T17:05:03Z,2026-05-27T11:26:13Z
44758,4723,processing,540,14.99,142,,,,,48409,82.23,2026-04-29T01:53:40Z,2026-05-27T11:26:13Z
44759,6247,shipped,620,7.99,148,,,,,48821,30.66,2026-05-27T11:08:52Z,2026-05-27T11:26:13Z
44760,4767,delivered,520,7.99,149,,,,,,31.49,2026-04-14T19:56:27Z,2026-05-27T11:26:13Z
44761,4762,delivered,260,7.99,144,,,,,,45.97,2026-04-29T11:34:14Z,2026-05-27T11:26:13Z
44762,5958,delivered,920,0,150,,,,,,63.78,2026-04-08T20:52:47Z,2026-05-27T11:26:13Z
44763,4838,cancelled,448,0,146,,,,,44621,13.12,2026-05-09T21:21:00Z,2026-05-27T11:26:13Z
44764,6277,pending,965,0,,,,,,,62.9,2026-04-11T18:58:52Z,2026-05-27T11:26:13Z
44765,6534,confirmed,520,7.99,145,,,,,,78.73,2026-04-25T06:12:13Z,2026-05-27T11:26:13Z
44766,6183,processing,300,14.99,144,,,,,,91.39,2026-04-21T21:02:49Z,2026-05-27T11:26:13Z
44767,6023,shipped,60,0,148,,,,,,55.33,2026-05-07T02:52:15Z,2026-05-27T11:26:13Z
44768,6267,delivered,315,0,142,,,,,,94.63,2026-04-10T04:05:52Z,2026-05-27T11:26:13Z
44769,5238,delivered,440,7.99,142,,,,,,77.66,2026-04-30T16:07:13Z,2026-05-27T11:26:13Z
44770,5359,delivered,40,7.99,148,,,,,,42.59,2026-05-03T04:50:30Z,2026-05-27T11:26:13Z
44771,5051,cancelled,1465,0,141,,,,,,15.51,2026-03-29T14:26:10Z,2026-05-27T11:26:13Z
44772,5389,pending,0,7.99,,,,,,,36.03,2026-04-05T04:10:43Z,2026-05-27T11:26:13Z
44773,6301,confirmed,360,14.99,148,,,,,,80.24,2026-05-26T00:48:56Z,2026-05-27T11:26:13Z
44774,5471,processing,315,0,149,,,,,,33.07,2026-05-26T13:04:05Z,2026-05-27T11:26:13Z
44775,5485,shipped,1920,7.99,142,,,,,,39.61,2026-04-01T09:55:52Z,2026-05-27T11:26:13Z
44776,5323,delivered,0,0,150,,,,,,92.05,2026-04-09T06:38:24Z,2026-05-27T11:26:13Z
44777,4553,delivered,115,0,144,,,,,49218,72.5,2026-04-17T07:38:09Z,2026-05-27T11:26:13Z
44778,6459,delivered,440,14.99,148,,,,,,18.8,2026-03-29T06:45:10Z,2026-05-27T11:26:13Z
44779,6497,cancelled,1925,14.99,143,,,,,,30.27,2026-05-16T04:12:30Z,2026-05-27T11:26:13Z
44780,4648,pending,2320,7.99,,,,,,,29.25,2026-04-23T09:40:47Z,2026-05-27T11:26:13Z
44781,5353,confirmed,987,14.99,152,,,,,,42.87,2026-04-22T16:18:22Z,2026-05-27T11:26:13Z
44782,5385,processing,740,0,148,,,,,,46.94,2026-04-22T00:08:03Z,2026-05-27T11:26:13Z
44783,5334,shipped,670,14.99,145,,,,,,20.69,2026-03-29T04:06:09Z,2026-05-27T11:26:13Z
44784,6315,delivered,420,7.99,142,,,,,,33.03,2026-04-23T15:56:53Z,2026-05-27T11:26:13Z
44785,5722,delivered,840,0,144,,,,,,75.6,2026-04-16T00:35:28Z,2026-05-27T11:26:13Z
44786,5900,delivered,515,0,143,,,,,,87.51,2026-04-23T06:18:29Z,2026-05-27T11:26:13Z
44787,5176,cancelled,267,7.99,151,,,,,45008,77.41,2026-05-02T21:14:31Z,2026-05-27T11:26:13Z
44788,6418,pending,130,14.99,,,,,,,84.32,2026-05-17T03:41:29Z,2026-05-27T11:26:13Z
44789,4872,confirmed,730,14.99,142,,,,,,65.49,2026-04-05T00:01:38Z,2026-05-27T11:26:13Z
44790,4916,processing,595,7.99,141,,,,,,28.31,2026-05-04T10:16:59Z,2026-05-27T11:26:13Z
44791,4922,shipped,730,7.99,150,,,,,48678,47.23,2026-05-23T07:19:57Z,2026-05-27T11:26:13Z
44792,5331,delivered,590,14.99,146,,,,,,13.2,2026-04-03T19:33:19Z,2026-05-27T11:26:13Z
44793,4595,delivered,0,14.99,152,,,,,,50.92,2026-04-05T11:01:28Z,2026-05-27T11:26:13Z
44794,4901,delivered,404,7.99,143,,,,,,42.82,2026-05-11T03:55:56Z,2026-05-27T11:26:13Z
44795,5559,cancelled,885,0,145,,,,,,60.56,2026-05-20T08:16:15Z,2026-05-27T11:26:13Z
44796,6149,pending,295,0,,,,,,,54.3,2026-04-19T19:20:46Z,2026-05-27T11:26:13Z
44797,5606,confirmed,590,7.99,146,,,,,,79.48,2026-04-26T14:09:14Z,2026-05-27T11:26:13Z
44798,5349,processing,1800,0,143,,,,,,85.74,2026-04-26T19:14:51Z,2026-05-27T11:26:13Z
44799,4789,shipped,1395,14.99,152,,,,,,10.74,2026-04-21T11:55:24Z,2026-05-27T11:26:13Z
44800,6111,delivered,920,14.99,148,,,,,46272,23.8,2026-04-04T21:14:30Z,2026-05-27T11:26:13Z
44801,6404,delivered,1760,14.99,148,,,,,49269,90.29,2026-05-15T15:36:38Z,2026-05-27T11:26:13Z
44802,4837,delivered,180,14.99,141,,,,,,20.75,2026-04-24T16:03:20Z,2026-05-27T11:26:13Z
44803,6419,cancelled,1290,7.99,148,,,,,49324,83.77,2026-05-12T01:43:59Z,2026-05-27T11:26:13Z
44804,4550,pending,750,0,,,,,,48378,68.13,2026-04-14T08:40:43Z,2026-05-27T11:26:13Z
44805,5234,confirmed,310,14.99,146,,,,,45546,65.46,2026-04-25T01:13:10Z,2026-05-27T11:26:13Z
44806,4610,processing,450,7.99,150,,,,,,19.71,2026-05-03T03:02:30Z,2026-05-27T11:26:13Z
44807,6377,shipped,520,7.99,145,,,,,45861,34.43,2026-04-12T15:44:31Z,2026-05-27T11:26:13Z
44808,5825,delivered,765,7.99,141,,,,,45348,80.61,2026-05-22T00:51:14Z,2026-05-27T11:26:13Z
44809,5957,delivered,300,14.99,150,,,,,46975,28.45,2026-05-04T23:23:01Z,2026-05-27T11:26:13Z
44810,5884,delivered,360,0,147,,,,,,70.88,2026-05-23T20:52:12Z,2026-05-27T11:26:13Z
44811,5559,cancelled,90,0,141,,,,,45059,57.53,2026-05-19T09:20:10Z,2026-05-27T11:26:13Z
44812,4642,pending,185,7.99,,,,,,47424,51.31,2026-05-13T02:44:13Z,2026-05-27T11:26:13Z
44813,4912,confirmed,1465,7.99,149,,,,,,43.45,2026-04-14T16:08:03Z,2026-05-27T11:26:13Z
44814,5248,processing,139,0,143,,,,,,47.33,2026-03-31T05:59:40Z,2026-05-27T11:26:13Z
44815,6026,shipped,284,7.99,151,,,,,,12.65,2026-04-03T21:42:16Z,2026-05-27T11:26:13Z
44816,4966,delivered,295,14.99,149,,,,,47765,53.4,2026-04-08T11:55:21Z,2026-05-27T11:26:13Z
44817,4895,delivered,1325,0,147,,,,,,48.58,2026-04-27T19:47:46Z,2026-05-27T11:26:13Z
44818,4648,delivered,110,7.99,151,,,,,49443,16.73,2026-05-13T13:28:53Z,2026-05-27T11:26:13Z
44819,6316,cancelled,925,7.99,151,,,,,,27.6,2026-05-18T21:49:13Z,2026-05-27T11:26:13Z
44820,6421,pending,698,7.99,,,,,,,50.36,2026-05-13T18:45:11Z,2026-05-27T11:26:13Z
44821,4591,confirmed,1505,7.99,146,,,,,,83.33,2026-05-16T01:15:12Z,2026-05-27T11:26:13Z
44822,6381,processing,450,14.99,144,,,,,,57.38,2026-05-08T20:09:36Z,2026-05-27T11:26:13Z
44823,4651,shipped,995,7.99,145,,,,,44599,23,2026-04-17T03:26:25Z,2026-05-27T11:26:13Z
44824,6494,delivered,1500,7.99,141,,,,,,19,2026-04-03T06:32:08Z,2026-05-27T11:26:13Z
44825,4586,delivered,470,0,148,,,,,,60.45,2026-04-19T01:23:53Z,2026-05-27T11:26:13Z
44826,5526,delivered,70,7.99,148,,,,,,79.02,2026-05-13T18:17:04Z,2026-05-27T11:26:13Z
44827,5451,cancelled,1090,14.99,141,,,,,,41.18,2026-04-18T13:39:08Z,2026-05-27T11:26:13Z
44828,6278,pending,960,0,,,,,,46482,44.3,2026-05-05T04:51:40Z,2026-05-27T11:26:13Z
44829,5300,confirmed,555,7.99,150,,,,,,48.47,2026-05-05T13:31:12Z,2026-05-27T11:26:13Z
44830,5421,processing,325,0,144,,,,,47963,65.56,2026-04-19T12:55:20Z,2026-05-27T11:26:13Z
44831,5710,shipped,230,14.99,148,,,,,,72.43,2026-05-23T02:46:18Z,2026-05-27T11:26:13Z
44832,5974,delivered,840,0,146,,,,,,42.14,2026-05-07T08:33:15Z,2026-05-27T11:26:13Z
44833,6020,delivered,2510,14.99,144,,,,,44910,47,2026-05-26T05:14:27Z,2026-05-27T11:26:13Z
44834,6493,delivered,1005,7.99,151,,,,,47024,82.1,2026-04-04T15:55:09Z,2026-05-27T11:26:13Z
44835,4833,cancelled,1450,7.99,147,,,,,,46.44,2026-04-09T16:53:49Z,2026-05-27T11:26:13Z
44836,4711,pending,920,7.99,,,,,,48095,57.6,2026-04-01T17:28:05Z,2026-05-27T11:26:13Z
44837,5249,confirmed,995,7.99,152,,,,,,73.71,2026-04-16T15:46:19Z,2026-05-27T11:26:13Z
44838,5040,processing,310,14.99,143,,,,,48567,25.22,2026-04-18T04:36:26Z,2026-05-27T11:26:13Z
44839,5317,shipped,1665,0,146,,,,,48797,78.05,2026-05-22T02:36:17Z,2026-05-27T11:26:13Z
44840,5981,delivered,203,0,152,,,,,,53.17,2026-04-06T23:22:56Z,2026-05-27T11:26:13Z
44841,5053,delivered,1280,7.99,150,,,,,,30.92,2026-05-11T22:59:44Z,2026-05-27T11:26:13Z
44842,6346,delivered,2345,0,144,,,,,,52.93,2026-05-05T02:02:22Z,2026-05-27T11:26:13Z
44843,5980,cancelled,2090,7.99,145,,,,,,61.75,2026-04-02T02:00:05Z,2026-05-27T11:26:13Z
44844,4948,pending,225,14.99,,,,,,,62.14,2026-04-26T06:59:37Z,2026-05-27T11:26:13Z
44845,5025,confirmed,260,7.99,143,,,,,44578,67.52,2026-04-08T08:31:16Z,2026-05-27T11:26:13Z
44846,6452,processing,535,0,143,,,,,,45.86,2026-04-13T10:51:59Z,2026-05-27T11:26:13Z
44847,5263,shipped,255,0,147,,,,,,69.06,2026-05-21T02:49:51Z,2026-05-27T11:26:13Z
44848,5866,delivered,65,7.99,142,,,,,,25.03,2026-04-09T11:38:03Z,2026-05-27T11:26:13Z
44849,6383,delivered,590,14.99,143,,,,,,36.61,2026-05-10T14:36:31Z,2026-05-27T11:26:13Z
44850,4823,delivered,1345,7.99,152,,,,,,19.6,2026-04-05T21:28:29Z,2026-05-27T11:26:13Z
44851,5274,cancelled,1235,14.99,142,,,,,,57.94,2026-05-16T02:55:59Z,2026-05-27T11:26:13Z
44852,6315,pending,845,7.99,,,,,,,65.64,2026-05-12T18:21:44Z,2026-05-27T11:26:13Z
44853,5665,confirmed,1120,0,150,,,,,,21.02,2026-04-18T20:58:51Z,2026-05-27T11:26:13Z
44854,5950,processing,715,14.99,141,,,,,,17.75,2026-05-15T01:03:06Z,2026-05-27T11:26:13Z
44855,5685,shipped,3370,7.99,149,,,,,,91.74,2026-05-17T18:07:15Z,2026-05-27T11:26:13Z
44856,5440,delivered,300,0,142,,,,,,26.84,2026-05-07T12:22:53Z,2026-05-27T11:26:13Z
44857,6433,delivered,420,14.99,149,,,,,,33.31,2026-05-20T14:33:31Z,2026-05-27T11:26:13Z
44858,5673,delivered,315,7.99,142,,,,,,30.95,2026-04-03T17:27:13Z,2026-05-27T11:26:13Z
44859,4596,cancelled,630,0,149,,,,,48104,62.71,2026-05-11T07:49:57Z,2026-05-27T11:26:13Z
44860,5174,pending,790,7.99,,,,,,,58.51,2026-04-08T06:10:42Z,2026-05-27T11:26:13Z
44861,6510,confirmed,115,0,144,,,,,,65.65,2026-05-09T02:42:44Z,2026-05-27T11:26:13Z
44862,5173,processing,190,7.99,150,,,,,,70.89,2026-04-08T01:52:27Z,2026-05-27T11:26:13Z
44863,4737,shipped,190,7.99,147,,,,,,65.53,2026-05-04T13:15:55Z,2026-05-27T11:26:13Z
44864,4966,delivered,105,7.99,148,,,,,,69.44,2026-04-20T23:18:36Z,2026-05-27T11:26:13Z
44865,4703,delivered,1260,7.99,144,,,,,,89.08,2026-04-08T00:06:17Z,2026-05-27T11:26:13Z
44866,6422,delivered,305,0,151,,,,,,60.36,2026-04-08T12:59:27Z,2026-05-27T11:26:13Z
44867,5115,cancelled,210,14.99,146,,,,,,74.16,2026-03-28T12:45:33Z,2026-05-27T11:26:13Z
44868,5801,pending,125,7.99,,,,,,45457,31.16,2026-03-29T19:50:13Z,2026-05-27T11:26:13Z
44869,5385,confirmed,20,7.99,148,,,,,,58.8,2026-04-26T22:30:35Z,2026-05-27T11:26:13Z
44870,4845,processing,930,7.99,150,,,,,48861,33.98,2026-04-19T02:51:57Z,2026-05-27T11:26:13Z
44871,5490,shipped,25,14.99,151,,,,,,61.32,2026-04-10T16:28:10Z,2026-05-27T11:26:13Z
44872,4685,delivered,1320,0,148,,,,,49526,54.71,2026-04-25T12:05:36Z,2026-05-27T11:26:13Z
44873,5977,delivered,963,7.99,144,,,,,45524,75.88,2026-05-06T13:48:03Z,2026-05-27T11:26:13Z
44874,4572,delivered,260,7.99,150,,,,,45231,54.51,2026-04-20T15:51:31Z,2026-05-27T11:26:13Z
44875,5716,cancelled,60,14.99,147,,,,,,11.2,2026-05-03T16:37:15Z,2026-05-27T11:26:13Z
44876,4880,pending,1280,0,,,,,,,89.74,2026-04-22T17:56:17Z,2026-05-27T11:26:13Z
44877,6308,confirmed,785,0,141,,,,,46551,63.81,2026-04-22T19:29:58Z,2026-05-27T11:26:13Z
44878,5255,processing,410,0,149,,,,,,31.9,2026-04-26T06:01:40Z,2026-05-27T11:26:13Z
44879,6178,shipped,435,0,145,,,,,,21.83,2026-04-20T13:28:35Z,2026-05-27T11:26:13Z
44880,6269,delivered,210,14.99,144,,,,,,83.89,2026-05-10T20:37:13Z,2026-05-27T11:26:13Z
44881,6191,delivered,2310,7.99,146,,,,,,11.13,2026-05-17T13:57:22Z,2026-05-27T11:26:13Z
44882,4697,delivered,630,7.99,148,,,,,,14.38,2026-05-01T10:40:05Z,2026-05-27T11:26:13Z
44883,5258,cancelled,490,7.99,146,,,,,,71.87,2026-04-20T03:44:25Z,2026-05-27T11:26:13Z
44884,5065,pending,805,0,,,,,,,13.59,2026-03-30T23:38:57Z,2026-05-27T11:26:13Z
44885,6066,confirmed,598,0,144,,,,,,82.79,2026-04-03T17:41:32Z,2026-05-27T11:26:13Z
44886,6333,processing,0,7.99,149,,,,,,40.47,2026-04-19T21:45:24Z,2026-05-27T11:26:13Z
44887,5204,shipped,565,7.99,142,,,,,,39.38,2026-05-03T19:37:04Z,2026-05-27T11:26:13Z
44888,5210,delivered,3010,7.99,146,,,,,48350,59.37,2026-05-02T19:41:40Z,2026-05-27T11:26:13Z
44889,6153,delivered,1635,7.99,150,,,,,,84.48,2026-04-14T15:45:53Z,2026-05-27T11:26:13Z
44890,5988,delivered,75,14.99,148,,,,,,35.76,2026-04-30T04:07:24Z,2026-05-27T11:26:13Z
44891,6202,cancelled,680,7.99,145,,,,,,71.99,2026-05-16T06:05:45Z,2026-05-27T11:26:13Z
44892,5091,pending,280,0,,,,,,,17.81,2026-04-14T21:06:42Z,2026-05-27T11:26:13Z
44893,5035,confirmed,975,7.99,143,,,,,47361,84.6,2026-05-19T05:51:07Z,2026-05-27T11:26:13Z
44894,6320,processing,1755,0,144,,,,,,33.35,2026-04-22T21:05:08Z,2026-05-27T11:26:13Z
44895,4981,shipped,1665,14.99,142,,,,,,26.39,2026-04-25T01:45:12Z,2026-05-27T11:26:13Z
44896,5269,delivered,345,7.99,152,,,,,45335,30.18,2026-05-17T14:00:36Z,2026-05-27T11:26:13Z
44897,6363,delivered,540,0,143,,,,,,17.63,2026-05-07T16:33:11Z,2026-05-27T11:26:13Z
44898,4663,delivered,360,0,143,,,,,,19.69,2026-04-18T20:19:33Z,2026-05-27T11:26:13Z
44899,4970,cancelled,485,0,141,,,,,,54.91,2026-05-13T11:43:36Z,2026-05-27T11:26:13Z
44900,5583,pending,2530,7.99,,,,,,,20.86,2026-03-29T08:30:24Z,2026-05-27T11:26:13Z
44901,6351,confirmed,1055,14.99,142,,,,,,42.14,2026-05-08T15:29:12Z,2026-05-27T11:26:13Z
44902,6266,processing,590,7.99,150,,,,,,44.38,2026-04-23T20:24:05Z,2026-05-27T11:26:13Z
44903,5502,shipped,1230,14.99,151,,,,,48021,39.74,2026-04-01T18:37:56Z,2026-05-27T11:26:13Z
44904,5504,delivered,25,14.99,142,,,,,,46.85,2026-04-08T15:12:42Z,2026-05-27T11:26:13Z
44905,4850,delivered,930,7.99,144,,,,,,60.64,2026-05-20T23:50:26Z,2026-05-27T11:26:13Z
44906,5870,delivered,460,14.99,146,,,,,46145,16.94,2026-05-08T12:55:46Z,2026-05-27T11:26:13Z
44907,5384,cancelled,665,14.99,152,,,,,,14.41,2026-05-09T15:15:40Z,2026-05-27T11:26:13Z
44908,4544,pending,255,7.99,,,,,,,33.18,2026-05-05T22:38:58Z,2026-05-27T11:26:13Z
44909,4859,confirmed,620,7.99,146,,,,,,68.88,2026-04-10T21:17:17Z,2026-05-27T11:26:13Z
44910,5379,processing,1260,0,148,,,,,,17.23,2026-04-19T22:59:54Z,2026-05-27T11:26:13Z
44911,6332,shipped,2820,7.99,151,,,,,,13.21,2026-05-09T01:22:18Z,2026-05-27T11:26:13Z
44912,5846,delivered,905,14.99,146,,,,,,22.45,2026-04-22T03:30:39Z,2026-05-27T11:26:13Z
44913,5840,delivered,180,0,151,,,,,45452,15.36,2026-04-02T11:51:25Z,2026-05-27T11:26:13Z
44914,4848,delivered,930,0,144,,,,,,59.71,2026-03-30T19:41:45Z,2026-05-27T11:26:13Z
44915,4778,cancelled,1675,0,151,,,,,,92.74,2026-05-11T04:31:04Z,2026-05-27T11:26:13Z
44916,6362,pending,955,14.99,,,,,,49454,36.27,2026-04-05T23:23:21Z,2026-05-27T11:26:13Z
44917,5003,confirmed,395,7.99,149,,,,,,67.66,2026-05-03T11:11:51Z,2026-05-27T11:26:13Z
44918,5575,processing,310,0,152,,,,,,75.58,2026-03-30T14:41:14Z,2026-05-27T11:26:13Z
44919,5982,shipped,55,14.99,141,,,,,,91.51,2026-05-10T13:59:44Z,2026-05-27T11:26:13Z
44920,5746,delivered,1090,0,151,,,,,,33.43,2026-04-11T10:05:33Z,2026-05-27T11:26:13Z
44921,5649,delivered,692,7.99,147,,,,,48910,88.37,2026-04-06T01:38:05Z,2026-05-27T11:26:13Z
44922,5934,delivered,1370,7.99,147,,,,,,53.87,2026-04-25T09:13:13Z,2026-05-27T11:26:13Z
44923,5465,cancelled,165,7.99,143,,,,,45132,50.95,2026-04-27T05:15:48Z,2026-05-27T11:26:13Z
44924,6331,pending,475,7.99,,,,,,,25.31,2026-05-21T12:32:14Z,2026-05-27T11:26:13Z
44925,6168,confirmed,1455,7.99,147,,,,,47286,53.16,2026-05-06T02:07:58Z,2026-05-27T11:26:13Z
44926,6059,processing,800,0,142,,,,,,46.45,2026-03-30T10:55:00Z,2026-05-27T11:26:13Z
44927,6276,shipped,1044,7.99,144,,,,,,35.16,2026-05-05T12:22:40Z,2026-05-27T11:26:13Z
44928,4887,delivered,60,7.99,151,,,,,,65.21,2026-04-07T02:24:24Z,2026-05-27T11:26:13Z
44929,5096,delivered,2035,7.99,152,,,,,48580,94.9,2026-05-16T11:59:38Z,2026-05-27T11:26:13Z
44930,6387,delivered,450,14.99,145,,,,,,59.25,2026-05-23T17:43:18Z,2026-05-27T11:26:13Z
44931,6390,cancelled,928,7.99,141,,,,,,28.88,2026-04-26T23:50:20Z,2026-05-27T11:26:13Z
44932,6380,pending,295,0,,,,,,,83.52,2026-04-16T06:24:48Z,2026-05-27T11:26:13Z
44933,5977,confirmed,0,14.99,149,,,,,,22.2,2026-05-05T04:04:31Z,2026-05-27T11:26:13Z
44934,6212,processing,325,14.99,141,,,,,,48.76,2026-04-13T20:08:07Z,2026-05-27T11:26:13Z
44935,5756,shipped,620,0,145,,,,,,92.83,2026-04-01T16:32:59Z,2026-05-27T11:26:13Z
44936,4672,delivered,870,0,145,,,,,,70.8,2026-04-02T23:21:19Z,2026-05-27T11:26:13Z
44937,6376,delivered,615,7.99,149,,,,,,66.61,2026-04-28T01:27:45Z,2026-05-27T11:26:13Z
44938,6261,delivered,175,7.99,149,,,,,,21.09,2026-04-17T11:36:09Z,2026-05-27T11:26:13Z
44939,5544,cancelled,45,0,150,,,,,46146,46.45,2026-04-01T09:03:21Z,2026-05-27T11:26:13Z
44940,6440,pending,2975,7.99,,,,,,44673,11.17,2026-05-06T15:00:54Z,2026-05-27T11:26:13Z
44941,6102,confirmed,500,0,150,,,,,,50.12,2026-05-25T18:11:07Z,2026-05-27T11:26:13Z
44942,5402,processing,420,7.99,151,,,,,,66.5,2026-03-29T12:57:48Z,2026-05-27T11:26:13Z
44943,5238,shipped,105,0,142,,,,,48888,71.31,2026-04-13T12:11:46Z,2026-05-27T11:26:13Z
44944,5067,delivered,1500,7.99,149,,,,,45325,61.77,2026-05-10T23:42:04Z,2026-05-27T11:26:13Z
44945,5122,delivered,135,7.99,152,,,,,44617,92.66,2026-04-22T16:36:35Z,2026-05-27T11:26:13Z
44946,6276,delivered,95,7.99,149,,,,,,16.63,2026-03-31T21:01:25Z,2026-05-27T11:26:13Z
44947,5183,cancelled,175,0,151,,,,,,87.82,2026-04-27T07:36:06Z,2026-05-27T11:26:13Z
44948,5509,pending,1169,7.99,,,,,,47999,59.69,2026-04-05T20:20:45Z,2026-05-27T11:26:13Z
44949,5600,confirmed,365,14.99,141,,,,,,42.67,2026-05-03T11:31:56Z,2026-05-27T11:26:13Z
44950,6315,processing,360,0,141,,,,,,29.38,2026-05-01T19:55:03Z,2026-05-27T11:26:13Z
44951,5276,shipped,1260,7.99,148,,,,,48985,69.49,2026-05-06T17:46:24Z,2026-05-27T11:26:13Z
44952,5341,delivered,230,7.99,148,,,,,47583,72.9,2026-04-25T17:37:10Z,2026-05-27T11:26:13Z
44953,6466,delivered,468,14.99,148,,,,,,77.26,2026-04-16T10:27:25Z,2026-05-27T11:26:13Z
44954,5123,delivered,370,14.99,152,,,,,48772,58.91,2026-04-28T18:46:45Z,2026-05-27T11:26:13Z
44955,6066,cancelled,0,14.99,148,,,,,47883,30.35,2026-05-05T18:47:19Z,2026-05-27T11:26:13Z
44956,6438,pending,0,0,,,,,,,66.01,2026-05-08T15:06:20Z,2026-05-27T11:26:13Z
44957,6207,confirmed,960,14.99,146,,,,,48873,57.04,2026-04-17T16:31:03Z,2026-05-27T11:26:13Z
44958,5083,processing,75,14.99,146,,,,,,93.43,2026-04-26T18:08:55Z,2026-05-27T11:26:13Z
44959,6221,shipped,689,0,152,,,,,,73.98,2026-05-24T22:57:36Z,2026-05-27T11:26:13Z
44960,5608,delivered,450,0,146,,,,,,61.01,2026-05-04T07:52:27Z,2026-05-27T11:26:13Z
44961,5248,delivered,270,7.99,145,,,,,45632,89.3,2026-05-25T23:22:03Z,2026-05-27T11:26:13Z
44962,5640,delivered,1165,7.99,144,,,,,45258,38.76,2026-04-26T02:11:59Z,2026-05-27T11:26:13Z
44963,5156,cancelled,1420,14.99,146,,,,,,73.9,2026-05-20T15:08:18Z,2026-05-27T11:26:13Z
44964,5642,pending,510,14.99,,,,,,47483,73.6,2026-04-19T18:01:10Z,2026-05-27T11:26:13Z
44965,5223,confirmed,1260,0,146,,,,,,85.67,2026-04-08T20:34:40Z,2026-05-27T11:26:13Z
44966,4996,processing,465,7.99,145,,,,,,47.63,2026-04-21T08:09:59Z,2026-05-27T11:26:13Z
44967,5446,shipped,570,0,146,,,,,,71.7,2026-05-19T06:58:46Z,2026-05-27T11:26:13Z
44968,4778,delivered,550,7.99,149,,,,,,57.98,2026-04-05T05:24:55Z,2026-05-27T11:26:13Z
44969,4628,delivered,60,0,143,,,,,45475,56.49,2026-04-20T13:54:15Z,2026-05-27T11:26:13Z
44970,6292,delivered,324,0,147,,,,,,64.51,2026-04-17T13:20:14Z,2026-05-27T11:26:13Z
44971,5587,cancelled,395,14.99,148,,,,,,14.75,2026-04-16T00:44:43Z,2026-05-27T11:26:13Z
44972,5722,pending,0,0,,,,,,,88.95,2026-05-04T04:03:15Z,2026-05-27T11:26:13Z
44973,5991,confirmed,1105,7.99,142,,,,,,91.69,2026-04-13T13:58:12Z,2026-05-27T11:26:13Z
44974,6414,processing,2015,7.99,144,,,,,,35.93,2026-05-09T01:17:33Z,2026-05-27T11:26:13Z
44975,5579,shipped,90,7.99,149,,,,,48013,93.97,2026-04-23T20:17:28Z,2026-05-27T11:26:13Z
44976,4938,delivered,345,14.99,149,,,,,,75.13,2026-05-25T15:04:58Z,2026-05-27T11:26:13Z
44977,5663,delivered,640,0,152,,,,,,18.36,2026-05-07T01:31:53Z,2026-05-27T11:26:13Z
44978,4558,delivered,930,0,145,,,,,,54.48,2026-04-20T09:39:42Z,2026-05-27T11:26:13Z
44979,5342,cancelled,648,14.99,152,,,,,,89.81,2026-05-09T05:03:09Z,2026-05-27T11:26:13Z
44980,5490,pending,1010,7.99,,,,,,,45.26,2026-04-17T10:01:16Z,2026-05-27T11:26:13Z
44981,5929,confirmed,1920,0,144,,,,,,44.3,2026-03-30T20:29:28Z,2026-05-27T11:26:14Z
44982,5426,processing,2010,14.99,142,,,,,,88.68,2026-04-22T06:05:20Z,2026-05-27T11:26:14Z
44983,4553,shipped,305,14.99,141,,,,,44667,39.16,2026-05-21T09:44:31Z,2026-05-27T11:26:14Z
44984,4623,delivered,255,7.99,147,,,,,48263,64.21,2026-04-25T12:29:48Z,2026-05-27T11:26:14Z
44985,5444,delivered,585,7.99,147,,,,,49197,94.78,2026-05-07T10:17:39Z,2026-05-27T11:26:14Z
44986,5056,delivered,1260,14.99,148,,,,,,69.89,2026-05-11T23:16:41Z,2026-05-27T11:26:14Z
44987,5354,cancelled,440,7.99,150,,,,,47074,75.03,2026-05-19T19:23:00Z,2026-05-27T11:26:14Z
44988,5933,pending,970,7.99,,,,,,,50.24,2026-04-29T09:29:09Z,2026-05-27T11:26:14Z
44989,6462,confirmed,873,0,141,,,,,,80.04,2026-05-09T12:41:49Z,2026-05-27T11:26:14Z
44990,5000,processing,390,14.99,144,,,,,,82.57,2026-05-05T16:33:04Z,2026-05-27T11:26:14Z
44991,5077,shipped,30,0,150,,,,,,65.2,2026-05-24T02:59:52Z,2026-05-27T11:26:14Z
44992,5026,delivered,1330,14.99,150,,,,,,13.86,2026-04-24T07:59:35Z,2026-05-27T11:26:14Z
44993,6447,delivered,179,14.99,150,,,,,,80.93,2026-03-30T07:45:56Z,2026-05-27T11:26:14Z
44994,5004,delivered,70,0,141,,,,,45643,85.82,2026-04-14T12:26:57Z,2026-05-27T11:26:14Z
44995,6314,cancelled,55,0,147,,,,,,94.74,2026-04-18T03:41:56Z,2026-05-27T11:26:14Z
44996,4753,pending,60,7.99,,,,,,,61.93,2026-05-07T21:16:44Z,2026-05-27T11:26:14Z
44997,5662,confirmed,115,7.99,152,,,,,,85.6,2026-03-30T07:25:14Z,2026-05-27T11:26:14Z
44998,5391,processing,1260,14.99,145,,,,,,79.42,2026-05-25T07:39:43Z,2026-05-27T11:26:14Z
44999,5463,shipped,380,7.99,144,,,,,49237,53.37,2026-05-22T16:46:17Z,2026-05-27T11:26:14Z
45000,5222,delivered,935,7.99,147,,,,,,79.41,2026-04-08T06:29:02Z,2026-05-27T11:26:14Z
45001,6392,delivered,765,7.99,141,,,,,48596,30.37,2026-05-16T07:20:09Z,2026-05-27T11:26:14Z
45002,5164,delivered,0,0,152,,,,,,87.51,2026-05-20T04:18:47Z,2026-05-27T11:26:14Z
45003,5577,cancelled,1280,14.99,148,,,,,48055,55.66,2026-05-15T12:50:28Z,2026-05-27T11:26:14Z
45004,6209,pending,330,14.99,,,,,,,49.32,2026-04-10T11:17:58Z,2026-05-27T11:26:14Z
45005,5428,confirmed,220,7.99,143,,,,,,85.17,2026-05-20T23:18:59Z,2026-05-27T11:26:14Z
45006,5558,processing,990,14.99,145,,,,,,84.67,2026-04-18T06:13:58Z,2026-05-27T11:26:14Z
45007,5773,shipped,1525,7.99,147,,,,,,30.47,2026-05-17T11:40:29Z,2026-05-27T11:26:14Z
45008,6502,delivered,455,7.99,146,,,,,46602,94.08,2026-05-11T17:53:23Z,2026-05-27T11:26:14Z
45009,6066,delivered,710,7.99,146,,,,,,12.32,2026-05-16T05:05:59Z,2026-05-27T11:26:14Z
45010,5814,delivered,260,0,152,,,,,45336,77.64,2026-04-02T16:35:08Z,2026-05-27T11:26:14Z
45011,5714,cancelled,680,0,146,,,,,48341,72.96,2026-05-20T06:08:11Z,2026-05-27T11:26:14Z
45012,4720,pending,60,14.99,,,,,,,61.78,2026-05-22T09:56:40Z,2026-05-27T11:26:14Z
45013,4992,confirmed,545,7.99,141,,,,,48635,18.81,2026-04-25T06:23:30Z,2026-05-27T11:26:14Z
45014,4934,processing,95,7.99,149,,,,,48976,33.74,2026-03-29T17:56:13Z,2026-05-27T11:26:14Z
45015,5191,shipped,1225,0,141,,,,,,40.68,2026-05-26T06:41:12Z,2026-05-27T11:26:14Z
45016,5718,delivered,225,0,150,,,,,,90.01,2026-04-07T10:56:50Z,2026-05-27T11:26:14Z
45017,5591,delivered,230,0,150,,,,,46170,86.08,2026-05-16T21:07:16Z,2026-05-27T11:26:14Z
45018,6268,delivered,770,0,149,,,,,,92.97,2026-04-10T16:53:11Z,2026-05-27T11:26:14Z
45019,4740,cancelled,200,7.99,143,,,,,,51.59,2026-04-27T02:17:46Z,2026-05-27T11:26:14Z
45020,6047,pending,640,0,,,,,,46048,31.31,2026-05-24T04:02:38Z,2026-05-27T11:26:14Z
45021,6266,confirmed,150,14.99,146,,,,,,68.75,2026-04-30T10:11:16Z,2026-05-27T11:26:14Z
45022,4933,processing,2235,14.99,147,,,,,,70.39,2026-04-15T02:37:53Z,2026-05-27T11:26:14Z
45023,4930,shipped,30,14.99,151,,,,,,58.83,2026-05-25T07:24:15Z,2026-05-27T11:26:14Z
45024,6211,delivered,1483,14.99,147,,,,,,29.66,2026-05-01T20:47:08Z,2026-05-27T11:26:14Z
45025,6343,delivered,2220,7.99,143,,,,,45593,24.27,2026-05-17T08:12:40Z,2026-05-27T11:26:14Z
45026,5005,delivered,270,14.99,150,,,,,,64.7,2026-04-18T14:26:16Z,2026-05-27T11:26:14Z
45027,5150,cancelled,325,0,143,,,,,,65.99,2026-05-17T17:18:53Z,2026-05-27T11:26:14Z
45028,5196,pending,760,14.99,,,,,,49096,32.99,2026-04-02T14:56:41Z,2026-05-27T11:26:14Z
45029,4826,confirmed,374,7.99,146,,,,,,87.63,2026-04-07T14:23:02Z,2026-05-27T11:26:14Z
45030,5212,processing,115,0,150,,,,,,47.01,2026-05-09T10:56:58Z,2026-05-27T11:26:14Z
45031,4785,shipped,70,0,145,,,,,47837,90.26,2026-04-16T13:47:43Z,2026-05-27T11:26:14Z
45032,5133,delivered,1365,7.99,147,,,,,,25.83,2026-04-28T11:17:13Z,2026-05-27T11:26:14Z
45033,5805,delivered,89,14.99,152,,,,,,44.13,2026-04-15T20:13:43Z,2026-05-27T11:26:14Z
45034,5361,delivered,540,0,148,,,,,47861,12.81,2026-05-22T04:41:13Z,2026-05-27T11:26:14Z
45035,4748,cancelled,375,0,146,,,,,46391,21.85,2026-04-08T20:07:55Z,2026-05-27T11:26:14Z
45036,5378,pending,1050,0,,,,,,,92.15,2026-05-15T06:35:06Z,2026-05-27T11:26:14Z
45037,5814,confirmed,905,14.99,143,,,,,,31.36,2026-05-21T11:13:46Z,2026-05-27T11:26:14Z
45038,5857,processing,1075,7.99,149,,,,,,11.83,2026-04-08T21:33:55Z,2026-05-27T11:26:14Z
45039,5132,shipped,1465,7.99,145,,,,,46669,16.9,2026-05-25T03:03:02Z,2026-05-27T11:26:14Z
45040,5231,delivered,70,7.99,152,,,,,,38.48,2026-04-12T14:14:05Z,2026-05-27T11:26:14Z
45041,6303,delivered,300,7.99,150,,,,,,32.42,2026-03-31T00:36:05Z,2026-05-27T11:26:14Z
45042,5239,delivered,345,0,147,,,,,,69.87,2026-04-04T22:26:43Z,2026-05-27T11:26:14Z
45043,6535,cancelled,965,0,147,,,,,,91.32,2026-05-14T23:21:41Z,2026-05-27T11:26:14Z
45044,4569,pending,360,14.99,,,,,,,75.72,2026-05-13T23:33:44Z,2026-05-27T11:26:14Z
45045,5960,confirmed,1920,7.99,147,,,,,45252,78.14,2026-05-14T13:20:31Z,2026-05-27T11:26:14Z
45046,5582,processing,2060,7.99,148,,,,,,87.2,2026-04-04T10:02:20Z,2026-05-27T11:26:14Z
45047,4833,shipped,730,14.99,143,,,,,,30.88,2026-05-15T17:25:27Z,2026-05-27T11:26:14Z
45048,6423,delivered,1625,14.99,142,,,,,44746,17.5,2026-05-01T07:06:12Z,2026-05-27T11:26:14Z
45049,6236,delivered,90,7.99,151,,,,,44800,94.86,2026-05-23T03:02:55Z,2026-05-27T11:26:14Z
45050,6409,delivered,1080,14.99,148,,,,,,26.57,2026-04-29T19:57:20Z,2026-05-27T11:26:14Z
45051,5978,cancelled,1375,0,150,,,,,,38.39,2026-04-08T01:50:40Z,2026-05-27T11:26:14Z
45052,4662,pending,1035,7.99,,,,,,,12.14,2026-05-01T20:31:06Z,2026-05-27T11:26:14Z
45053,6527,confirmed,1300,7.99,152,,,,,46522,77.97,2026-04-17T17:12:17Z,2026-05-27T11:26:14Z
45054,5166,processing,493,14.99,148,,,,,,64.28,2026-04-02T19:19:44Z,2026-05-27T11:26:14Z
45055,5182,shipped,40,7.99,146,,,,,,21.17,2026-04-18T03:22:14Z,2026-05-27T11:26:14Z
45056,4658,delivered,490,0,143,,,,,,66.49,2026-04-28T12:21:18Z,2026-05-27T11:26:14Z
45057,4997,delivered,915,0,142,,,,,,26.7,2026-05-27T05:47:52Z,2026-05-27T11:26:14Z
45058,6215,delivered,1340,7.99,145,,,,,,43.39,2026-05-24T07:01:21Z,2026-05-27T11:26:14Z
45059,6428,cancelled,1545,7.99,151,,,,,,43.29,2026-05-22T20:25:45Z,2026-05-27T11:26:14Z
45060,4638,pending,1465,0,,,,,,46470,72.59,2026-05-05T02:00:50Z,2026-05-27T11:26:14Z
45061,4694,confirmed,840,7.99,151,,,,,46889,53.69,2026-05-04T01:35:28Z,2026-05-27T11:26:14Z
45062,6533,processing,1035,0,148,,,,,,43.52,2026-05-11T08:48:03Z,2026-05-27T11:26:14Z
45063,6526,shipped,565,0,145,,,,,,48.46,2026-04-01T02:38:06Z,2026-05-27T11:26:14Z
45064,4951,delivered,420,7.99,147,,,,,,80.2,2026-03-30T06:21:38Z,2026-05-27T11:26:14Z
45065,5059,delivered,2380,0,143,,,,,,44.42,2026-05-18T16:08:53Z,2026-05-27T11:26:14Z
45066,4741,delivered,1225,0,147,,,,,,93.91,2026-04-09T22:18:18Z,2026-05-27T11:26:14Z
45067,4943,cancelled,1460,7.99,149,,,,,,86.54,2026-03-28T20:49:23Z,2026-05-27T11:26:14Z
45068,4781,pending,220,0,,,,,,,27.88,2026-04-20T12:49:17Z,2026-05-27T11:26:14Z
45069,6140,confirmed,480,7.99,145,,,,,,81.02,2026-04-06T04:25:44Z,2026-05-27T11:26:14Z
45070,6047,processing,840,7.99,148,,,,,46476,52.76,2026-04-18T03:38:57Z,2026-05-27T11:26:14Z
45071,6041,shipped,255,7.99,149,,,,,46568,62.18,2026-05-01T02:18:12Z,2026-05-27T11:26:14Z
45072,5030,delivered,2360,0,152,,,,,44556,80.9,2026-05-16T10:17:24Z,2026-05-27T11:26:14Z
45073,4543,delivered,320,7.99,141,,,,,49184,51.6,2026-04-14T00:30:14Z,2026-05-27T11:26:14Z
45074,5202,delivered,405,7.99,150,,,,,,73.19,2026-05-14T19:05:44Z,2026-05-27T11:26:14Z
45075,6033,cancelled,650,7.99,150,,,,,48241,17.7,2026-04-14T17:57:59Z,2026-05-27T11:26:14Z
45076,5595,pending,1590,7.99,,,,,,45077,49.85,2026-03-30T01:34:19Z,2026-05-27T11:26:14Z
45077,4716,confirmed,2690,0,145,,,,,,83.05,2026-04-15T13:17:42Z,2026-05-27T11:26:14Z
45078,4892,processing,115,7.99,147,,,,,47238,64.67,2026-04-12T21:39:44Z,2026-05-27T11:26:14Z
45079,4938,shipped,435,0,151,,,,,,46.04,2026-05-16T17:33:12Z,2026-05-27T11:26:14Z
45080,5341,delivered,300,0,141,,,,,47111,48.01,2026-04-27T04:07:56Z,2026-05-27T11:26:14Z
45081,5842,delivered,460,7.99,142,,,,,,90.3,2026-05-02T21:18:39Z,2026-05-27T11:26:14Z
45082,5733,delivered,210,14.99,145,,,,,,40.74,2026-05-12T13:15:22Z,2026-05-27T11:26:14Z
45083,6249,cancelled,630,7.99,150,,,,,47365,61.69,2026-04-07T16:19:45Z,2026-05-27T11:26:14Z
45084,6177,pending,0,14.99,,,,,,,26.81,2026-04-22T00:42:30Z,2026-05-27T11:26:14Z
45085,6149,confirmed,2100,7.99,149,,,,,,76.99,2026-04-18T14:42:14Z,2026-05-27T11:26:14Z
45086,4698,processing,470,0,149,,,,,,30.91,2026-05-17T02:06:30Z,2026-05-27T11:26:14Z
45087,6039,shipped,160,7.99,143,,,,,44819,57.11,2026-05-03T02:44:35Z,2026-05-27T11:26:14Z
45088,6240,delivered,135,7.99,146,,,,,,27.57,2026-05-16T10:56:03Z,2026-05-27T11:26:14Z
45089,4694,delivered,2040,14.99,151,,,,,,66.2,2026-05-09T20:32:00Z,2026-05-27T11:26:14Z
45090,6137,delivered,1215,14.99,142,,,,,,19.18,2026-05-24T05:11:19Z,2026-05-27T11:26:14Z
45091,5815,cancelled,1445,0,144,,,,,,74.26,2026-04-02T06:55:46Z,2026-05-27T11:26:14Z
45092,6278,pending,89,14.99,,,,,,,90.72,2026-04-22T16:58:34Z,2026-05-27T11:26:14Z
45093,6181,confirmed,0,7.99,148,,,,,48486,16.21,2026-04-15T09:26:03Z,2026-05-27T11:26:14Z
45094,4698,processing,750,7.99,149,,,,,,40.38,2026-05-20T01:07:39Z,2026-05-27T11:26:14Z
45095,5705,shipped,328,0,149,,,,,48623,57.96,2026-04-04T23:20:56Z,2026-05-27T11:26:14Z
45096,5998,delivered,630,14.99,146,,,,,,33.1,2026-05-13T17:37:04Z,2026-05-27T11:26:14Z
45097,5720,delivered,45,7.99,148,,,,,,90.22,2026-05-13T19:58:26Z,2026-05-27T11:26:14Z
45098,6210,delivered,310,14.99,152,,,,,,42.29,2026-04-01T04:16:48Z,2026-05-27T11:26:14Z
45099,5718,cancelled,390,7.99,146,,,,,,39.71,2026-05-01T02:14:50Z,2026-05-27T11:26:14Z
45100,5418,pending,945,7.99,,,,,,,16.35,2026-04-21T11:58:47Z,2026-05-27T11:26:14Z
45101,5473,confirmed,640,0,149,,,,,,30.18,2026-04-16T11:45:46Z,2026-05-27T11:26:14Z
45102,4986,processing,1260,7.99,145,,,,,,63.05,2026-05-17T10:42:33Z,2026-05-27T11:26:14Z
45103,4915,shipped,210,7.99,148,,,,,45999,79.15,2026-05-26T09:28:08Z,2026-05-27T11:26:14Z
45104,5748,delivered,445,7.99,152,,,,,48672,52.26,2026-05-10T18:27:57Z,2026-05-27T11:26:14Z
45105,4952,delivered,417,7.99,142,,,,,,78.97,2026-04-06T09:25:23Z,2026-05-27T11:26:14Z
45106,5105,delivered,1555,7.99,146,,,,,,68.21,2026-04-19T17:13:36Z,2026-05-27T11:26:14Z
45107,6482,cancelled,1010,7.99,150,,,,,47967,79.11,2026-05-17T16:03:58Z,2026-05-27T11:26:14Z
45108,4692,pending,75,0,,,,,,47108,11.37,2026-04-29T14:13:35Z,2026-05-27T11:26:14Z
45109,5334,confirmed,230,7.99,152,,,,,48359,20.49,2026-05-07T18:08:10Z,2026-05-27T11:26:14Z
45110,6538,processing,905,7.99,145,,,,,48903,12.55,2026-05-02T19:11:39Z,2026-05-27T11:26:14Z
45111,5419,shipped,330,0,147,,,,,48631,76,2026-03-31T13:18:01Z,2026-05-27T11:26:14Z
45112,5802,delivered,1145,14.99,147,,,,,49231,56.87,2026-04-21T22:53:11Z,2026-05-27T11:26:14Z
45113,5608,delivered,1020,14.99,145,,,,,,80.62,2026-04-03T00:17:17Z,2026-05-27T11:26:14Z
45114,4885,delivered,240,0,150,,,,,,30.6,2026-04-30T02:44:53Z,2026-05-27T11:26:14Z
45115,5194,cancelled,475,0,150,,,,,,80.89,2026-04-06T13:14:06Z,2026-05-27T11:26:14Z
45116,4735,pending,85,7.99,,,,,,44598,66.17,2026-04-21T13:14:01Z,2026-05-27T11:26:14Z
45117,4876,confirmed,670,7.99,141,,,,,,56.02,2026-04-05T03:48:35Z,2026-05-27T11:26:14Z
45118,4679,processing,205,7.99,142,,,,,,23.67,2026-05-22T06:37:30Z,2026-05-27T11:26:14Z
45119,5350,shipped,190,0,150,,,,,44698,79.2,2026-05-08T08:32:30Z,2026-05-27T11:26:14Z
45120,6210,delivered,60,0,149,,,,,,48.84,2026-05-13T05:43:13Z,2026-05-27T11:26:14Z
45121,5808,delivered,210,7.99,150,,,,,,11.84,2026-05-18T05:36:33Z,2026-05-27T11:26:14Z
45122,5847,delivered,2700,0,148,,,,,,10.21,2026-05-26T02:41:35Z,2026-05-27T11:26:14Z
45123,4882,cancelled,691,0,141,,,,,,21.55,2026-04-26T11:40:32Z,2026-05-27T11:26:14Z
45124,5674,pending,1800,7.99,,,,,,,15.22,2026-03-29T13:48:36Z,2026-05-27T11:26:14Z
45125,5916,confirmed,2845,7.99,144,,,,,,79.01,2026-05-10T09:16:02Z,2026-05-27T11:26:14Z
45126,5155,processing,120,0,141,,,,,,93.95,2026-05-20T01:58:21Z,2026-05-27T11:26:14Z
45127,5660,shipped,540,0,148,,,,,,57.21,2026-04-04T22:43:35Z,2026-05-27T11:26:14Z
45128,5845,delivered,675,0,147,,,,,,82.8,2026-04-14T23:14:27Z,2026-05-27T11:26:14Z
45129,5802,delivered,630,0,148,,,,,,27.84,2026-04-24T17:40:26Z,2026-05-27T11:26:14Z
45130,6072,delivered,988,0,146,,,,,,90.4,2026-03-30T07:50:46Z,2026-05-27T11:26:14Z
45131,4566,cancelled,165,0,143,,,,,,87.94,2026-05-23T08:48:43Z,2026-05-27T11:26:14Z
45132,6061,pending,1020,14.99,,,,,,,75.04,2026-04-15T22:25:22Z,2026-05-27T11:26:14Z
45133,5753,confirmed,1735,7.99,148,,,,,46896,15.62,2026-04-06T10:43:10Z,2026-05-27T11:26:14Z
45134,4993,processing,1810,7.99,152,,,,,,11.49,2026-04-30T01:17:14Z,2026-05-27T11:26:14Z
45135,5582,shipped,45,14.99,141,,,,,48948,94.65,2026-04-22T09:35:27Z,2026-05-27T11:26:14Z
45136,6413,delivered,135,0,147,,,,,,65.87,2026-05-12T04:39:03Z,2026-05-27T11:26:14Z
45137,5775,delivered,755,7.99,150,,,,,,25.99,2026-04-19T20:40:20Z,2026-05-27T11:26:14Z
45138,4737,delivered,85,7.99,145,,,,,,66.14,2026-05-15T04:10:30Z,2026-05-27T11:26:14Z
45139,5224,cancelled,1255,14.99,151,,,,,46418,89.59,2026-03-30T05:28:47Z,2026-05-27T11:26:14Z
45140,5810,pending,300,7.99,,,,,,47946,60.48,2026-05-17T10:28:59Z,2026-05-27T11:26:14Z
45141,5345,confirmed,1280,7.99,152,,,,,,20.08,2026-05-11T15:21:47Z,2026-05-27T11:26:14Z
45142,5336,processing,1890,0,145,,,,,45113,86.59,2026-04-14T21:04:30Z,2026-05-27T11:26:14Z
45143,6133,shipped,1195,14.99,145,,,,,,30.91,2026-05-08T19:10:26Z,2026-05-27T11:26:14Z
45144,5759,delivered,0,14.99,147,,,,,45178,22.54,2026-04-27T09:01:38Z,2026-05-27T11:26:14Z
45145,5994,delivered,750,7.99,148,,,,,,19.98,2026-05-04T01:01:30Z,2026-05-27T11:26:14Z
45146,4590,delivered,0,7.99,151,,,,,49384,78.71,2026-03-28T14:18:33Z,2026-05-27T11:26:14Z
45147,5667,cancelled,75,14.99,150,,,,,48556,94.51,2026-04-14T02:26:31Z,2026-05-27T11:26:14Z
45148,6156,pending,475,14.99,,,,,,,32.73,2026-04-05T21:51:14Z,2026-05-27T11:26:14Z
45149,6343,confirmed,150,7.99,142,,,,,,25.72,2026-05-02T22:46:02Z,2026-05-27T11:26:14Z
45150,4585,processing,360,0,152,,,,,,36.44,2026-04-12T02:08:09Z,2026-05-27T11:26:14Z
45151,5454,shipped,120,7.99,147,,,,,,13.95,2026-04-02T23:37:14Z,2026-05-27T11:26:14Z
45152,4755,delivered,1210,7.99,144,,,,,,81.07,2026-05-20T07:23:00Z,2026-05-27T11:26:14Z
45153,5034,delivered,253,14.99,145,,,,,,90.11,2026-05-15T09:18:56Z,2026-05-27T11:26:14Z
45154,5500,delivered,250,7.99,143,,,,,,32.71,2026-04-15T11:55:23Z,2026-05-27T11:26:14Z
45155,5068,cancelled,0,0,152,,,,,47073,93.68,2026-05-07T03:26:12Z,2026-05-27T11:26:14Z
45156,4628,pending,0,7.99,,,,,,47333,29.55,2026-05-16T15:15:32Z,2026-05-27T11:26:14Z
45157,4977,confirmed,1500,7.99,151,,,,,47965,37.65,2026-04-19T11:08:28Z,2026-05-27T11:26:14Z
45158,6423,processing,1768,14.99,148,,,,,47735,54.29,2026-04-20T13:19:10Z,2026-05-27T11:26:14Z
45159,5815,shipped,415,14.99,148,,,,,,26.9,2026-05-22T03:08:38Z,2026-05-27T11:26:14Z
45160,4637,delivered,440,0,151,,,,,,78.93,2026-05-23T18:43:54Z,2026-05-27T11:26:14Z
45161,5962,delivered,195,14.99,150,,,,,,33.96,2026-05-17T21:38:45Z,2026-05-27T11:26:14Z
45162,6389,delivered,60,0,141,,,,,45999,12.29,2026-05-09T18:30:50Z,2026-05-27T11:26:14Z
45163,5215,cancelled,1485,7.99,142,,,,,,74.15,2026-05-17T19:42:24Z,2026-05-27T11:26:14Z
45164,6266,pending,280,14.99,,,,,,,61.36,2026-04-11T10:09:07Z,2026-05-27T11:26:14Z
45165,4631,confirmed,1080,0,145,,,,,,79.15,2026-04-23T05:44:15Z,2026-05-27T11:26:14Z
45166,4795,processing,580,7.99,148,,,,,,13.02,2026-04-19T18:47:34Z,2026-05-27T11:26:14Z
45167,6461,shipped,30,14.99,152,,,,,,31.27,2026-05-17T11:15:58Z,2026-05-27T11:26:14Z
45168,5908,delivered,723,7.99,146,,,,,45812,69.91,2026-04-28T08:32:15Z,2026-05-27T11:26:14Z
45169,4903,delivered,150,14.99,142,,,,,,26.12,2026-04-09T08:39:10Z,2026-05-27T11:26:14Z
45170,5546,delivered,588,7.99,143,,,,,,33.41,2026-04-16T22:17:22Z,2026-05-27T11:26:14Z
45171,6217,cancelled,825,7.99,141,,,,,,66.25,2026-05-13T20:08:31Z,2026-05-27T11:26:14Z
45172,4919,pending,2025,7.99,,,,,,,43.04,2026-04-09T21:35:08Z,2026-05-27T11:26:14Z
45173,5491,confirmed,420,0,143,,,,,46827,10.28,2026-05-22T07:22:15Z,2026-05-27T11:26:14Z
45174,6530,processing,877,0,148,,,,,45656,85.91,2026-04-30T23:55:53Z,2026-05-27T11:26:14Z
45175,5784,shipped,510,7.99,141,,,,,47171,35.32,2026-04-10T02:03:03Z,2026-05-27T11:26:14Z
45176,6351,delivered,0,0,150,,,,,,87.88,2026-05-26T05:27:15Z,2026-05-27T11:26:14Z
45177,5005,delivered,973,7.99,151,,,,,,63.52,2026-05-11T09:04:48Z,2026-05-27T11:26:14Z
45178,5065,delivered,925,0,142,,,,,,46.94,2026-05-10T08:43:35Z,2026-05-27T11:26:14Z
45179,4781,cancelled,25,7.99,146,,,,,,79.99,2026-05-18T06:59:18Z,2026-05-27T11:26:14Z
45180,4964,pending,455,7.99,,,,,,48791,89.71,2026-04-17T11:34:52Z,2026-05-27T11:26:14Z
45181,5939,confirmed,590,0,150,,,,,,25.87,2026-05-23T05:40:32Z,2026-05-27T11:26:14Z
45182,4976,processing,254,7.99,146,,,,,,22.8,2026-05-12T20:28:38Z,2026-05-27T11:26:14Z
45183,4733,shipped,2895,0,147,,,,,46144,79.94,2026-04-03T19:03:07Z,2026-05-27T11:26:14Z
45184,4677,delivered,235,0,150,,,,,,89.92,2026-04-17T05:37:26Z,2026-05-27T11:26:14Z
45185,5377,delivered,260,7.99,151,,,,,,64.64,2026-04-05T06:05:15Z,2026-05-27T11:26:14Z
45186,4651,delivered,1450,14.99,141,,,,,,51.44,2026-05-04T16:52:42Z,2026-05-27T11:26:14Z
45187,4630,cancelled,695,7.99,152,,,,,,81.39,2026-05-10T19:19:53Z,2026-05-27T11:26:14Z
45188,5851,pending,845,7.99,,,,,,,69.3,2026-05-02T18:32:16Z,2026-05-27T11:26:14Z
45189,5280,confirmed,635,0,148,,,,,,12.74,2026-04-05T00:46:29Z,2026-05-27T11:26:14Z
45190,5411,processing,510,14.99,147,,,,,48834,92.42,2026-04-21T21:28:23Z,2026-05-27T11:26:14Z
45191,5536,shipped,1350,7.99,141,,,,,,51.23,2026-04-17T01:59:09Z,2026-05-27T11:26:14Z
45192,4795,delivered,1080,7.99,146,,,,,46388,74.09,2026-05-10T18:13:12Z,2026-05-27T11:26:14Z
45193,5038,delivered,1950,7.99,151,,,,,,71.89,2026-04-30T10:31:07Z,2026-05-27T11:26:14Z
45194,5811,delivered,1407,0,152,,,,,,67.85,2026-04-06T02:37:56Z,2026-05-27T11:26:14Z
45195,4977,cancelled,165,7.99,145,,,,,44560,13.89,2026-05-09T09:28:35Z,2026-05-27T11:26:14Z
45196,4797,pending,509,7.99,,,,,,48167,37.15,2026-05-04T10:38:43Z,2026-05-27T11:26:14Z
45197,5397,confirmed,45,7.99,142,,,,,,31.44,2026-04-18T00:38:52Z,2026-05-27T11:26:14Z
45198,6325,processing,945,14.99,150,,,,,,49.97,2026-05-24T02:56:58Z,2026-05-27T11:26:14Z
45199,4846,shipped,938,0,146,,,,,,60.8,2026-04-26T07:43:09Z,2026-05-27T11:26:14Z
45200,5689,delivered,1602,7.99,141,,,,,,60.26,2026-05-12T14:56:20Z,2026-05-27T11:26:14Z
45201,5362,delivered,180,7.99,151,,,,,,24.82,2026-04-13T11:22:52Z,2026-05-27T11:26:14Z
45202,5442,delivered,1025,7.99,151,,,,,,71.92,2026-03-29T21:07:09Z,2026-05-27T11:26:14Z
45203,4599,cancelled,720,0,150,,,,,,66.12,2026-05-06T16:42:57Z,2026-05-27T11:26:14Z
45204,6390,pending,0,14.99,,,,,,,12.97,2026-04-23T18:32:49Z,2026-05-27T11:26:14Z
45205,5094,confirmed,325,14.99,148,,,,,,44.16,2026-05-16T10:08:25Z,2026-05-27T11:26:14Z
45206,5388,processing,720,0,152,,,,,,22.68,2026-05-20T14:45:36Z,2026-05-27T11:26:14Z
45207,6331,shipped,485,7.99,144,,,,,47042,47.21,2026-05-13T18:10:30Z,2026-05-27T11:26:14Z
45208,6338,delivered,1535,14.99,152,,,,,,54.71,2026-04-01T02:31:05Z,2026-05-27T11:26:14Z
45209,5605,delivered,1575,0,151,,,,,,31.97,2026-04-17T07:50:02Z,2026-05-27T11:26:14Z
45210,4740,delivered,480,14.99,142,,,,,,12.03,2026-05-18T09:42:59Z,2026-05-27T11:26:14Z
45211,4612,cancelled,334,7.99,148,,,,,,66.45,2026-05-04T10:22:47Z,2026-05-27T11:26:14Z
45212,6364,pending,230,0,,,,,,,83.21,2026-04-11T17:36:38Z,2026-05-27T11:26:14Z
45213,6062,confirmed,3640,0,151,,,,,,40.09,2026-04-20T02:33:17Z,2026-05-27T11:26:14Z
45214,6042,processing,505,7.99,152,,,,,,20.71,2026-04-07T02:07:36Z,2026-05-27T11:26:14Z
45215,6185,shipped,1120,7.99,145,,,,,,39.7,2026-04-19T16:35:14Z,2026-05-27T11:26:14Z
45216,6302,delivered,305,0,149,,,,,,67.9,2026-05-12T01:46:27Z,2026-05-27T11:26:14Z
45217,4851,delivered,1985,7.99,145,,,,,48442,42.89,2026-04-24T07:44:48Z,2026-05-27T11:26:14Z
45218,5932,delivered,684,0,147,,,,,,23.58,2026-05-26T06:17:19Z,2026-05-27T11:26:14Z
45219,5295,cancelled,85,0,149,,,,,,74.86,2026-04-05T12:58:25Z,2026-05-27T11:26:14Z
45220,6056,pending,230,7.99,,,,,,,36.22,2026-04-17T06:37:12Z,2026-05-27T11:26:14Z
45221,6325,confirmed,832,7.99,152,,,,,,53.67,2026-04-03T11:29:35Z,2026-05-27T11:26:14Z
45222,6217,processing,615,7.99,147,,,,,45077,48.35,2026-05-04T03:59:55Z,2026-05-27T11:26:14Z
45223,6363,shipped,1258,0,146,,,,,49097,17.97,2026-04-14T06:03:38Z,2026-05-27T11:26:14Z
45224,5195,delivered,835,7.99,151,,,,,45740,66.79,2026-04-22T20:26:23Z,2026-05-27T11:26:14Z
45225,4611,delivered,627,0,143,,,,,,15.71,2026-05-03T02:51:54Z,2026-05-27T11:26:14Z
45226,5723,delivered,785,14.99,149,,,,,,18.12,2026-05-10T14:01:47Z,2026-05-27T11:26:14Z
45227,5173,cancelled,1085,7.99,150,,,,,49145,62.27,2026-04-01T17:34:01Z,2026-05-27T11:26:14Z
45228,4580,pending,1620,0,,,,,,,19.12,2026-04-11T08:08:03Z,2026-05-27T11:26:14Z
45229,4862,confirmed,90,7.99,143,,,,,45897,72.38,2026-04-03T00:26:51Z,2026-05-27T11:26:14Z
45230,4572,processing,0,0,152,,,,,,18.7,2026-04-18T17:08:06Z,2026-05-27T11:26:14Z
45231,5336,shipped,1080,14.99,141,,,,,,22.78,2026-04-05T09:54:01Z,2026-05-27T11:26:14Z
45232,6451,delivered,575,7.99,143,,,,,,46.12,2026-04-29T20:22:52Z,2026-05-27T11:26:14Z
45233,6253,delivered,145,7.99,150,,,,,,41.9,2026-05-21T08:43:02Z,2026-05-27T11:26:14Z
45234,5666,delivered,210,14.99,141,,,,,,32.24,2026-05-05T14:14:56Z,2026-05-27T11:26:14Z
45235,5478,cancelled,90,0,148,,,,,49238,72.27,2026-04-17T09:41:59Z,2026-05-27T11:26:14Z
45236,5483,pending,480,7.99,,,,,,45221,83.35,2026-04-16T19:24:28Z,2026-05-27T11:26:14Z
45237,5291,confirmed,1365,7.99,148,,,,,,46.97,2026-04-22T04:01:42Z,2026-05-27T11:26:14Z
45238,6166,processing,640,7.99,148,,,,,47636,61.29,2026-04-10T11:28:06Z,2026-05-27T11:26:14Z
45239,5019,shipped,1030,7.99,152,,,,,,39.8,2026-04-01T06:45:48Z,2026-05-27T11:26:14Z
45240,6020,delivered,40,0,148,,,,,,79.96,2026-04-03T00:11:31Z,2026-05-27T11:26:14Z
45241,4655,delivered,740,14.99,143,,,,,,80.9,2026-04-08T08:35:21Z,2026-05-27T11:26:14Z
45242,5692,delivered,930,0,144,,,,,47274,85.31,2026-04-22T14:25:09Z,2026-05-27T11:26:14Z
45243,5998,cancelled,30,7.99,144,,,,,,12.14,2026-05-15T03:51:03Z,2026-05-27T11:26:14Z
45244,6476,pending,410,0,,,,,,,67.02,2026-05-24T08:21:23Z,2026-05-27T11:26:14Z
45245,5805,confirmed,0,14.99,141,,,,,,28.18,2026-04-26T06:06:42Z,2026-05-27T11:26:14Z
45246,5884,processing,1005,0,144,,,,,48134,16.02,2026-05-13T08:30:46Z,2026-05-27T11:26:14Z
45247,5570,shipped,1010,0,152,,,,,,91.58,2026-04-03T17:19:48Z,2026-05-27T11:26:14Z
45248,6049,delivered,85,14.99,146,,,,,,76.11,2026-05-01T12:40:34Z,2026-05-27T11:26:14Z
45249,5097,delivered,1250,7.99,145,,,,,,54.57,2026-05-04T17:06:22Z,2026-05-27T11:26:14Z
45250,5520,delivered,265,0,146,,,,,45925,75.42,2026-05-18T11:12:58Z,2026-05-27T11:26:14Z
45251,5559,cancelled,1130,14.99,151,,,,,,55.07,2026-05-01T12:01:07Z,2026-05-27T11:26:14Z
45252,5566,pending,90,7.99,,,,,,,12.67,2026-05-19T06:16:20Z,2026-05-27T11:26:15Z
45253,5469,confirmed,90,7.99,144,,,,,,31.06,2026-05-19T18:28:07Z,2026-05-27T11:26:15Z
45254,5676,processing,1150,0,142,,,,,,48.11,2026-05-18T18:03:46Z,2026-05-27T11:26:15Z
45255,5335,shipped,178,0,141,,,,,,69.21,2026-05-07T05:37:04Z,2026-05-27T11:26:15Z
45256,5858,delivered,2405,7.99,148,,,,,,70.28,2026-04-13T11:37:31Z,2026-05-27T11:26:15Z
45257,5579,delivered,50,7.99,148,,,,,,38.37,2026-04-09T10:26:52Z,2026-05-27T11:26:15Z
45258,5900,delivered,580,7.99,152,,,,,46418,27.41,2026-05-02T14:08:32Z,2026-05-27T11:26:15Z
45259,6057,cancelled,920,7.99,143,,,,,,78.08,2026-04-17T14:04:53Z,2026-05-27T11:26:15Z
45260,5064,pending,2185,0,,,,,,,74.45,2026-05-27T07:15:19Z,2026-05-27T11:26:15Z
45261,5768,confirmed,1750,14.99,145,,,,,,85.12,2026-05-21T07:36:45Z,2026-05-27T11:26:15Z
45262,5964,processing,280,7.99,141,,,,,,21.27,2026-04-14T14:03:26Z,2026-05-27T11:26:15Z
45263,4976,shipped,90,14.99,150,,,,,,55.84,2026-04-22T18:42:30Z,2026-05-27T11:26:15Z
45264,5162,delivered,155,0,142,,,,,,41.93,2026-05-21T22:31:29Z,2026-05-27T11:26:15Z
45265,4799,delivered,660,0,144,,,,,,69.42,2026-05-15T17:20:42Z,2026-05-27T11:26:15Z
45266,5363,delivered,40,0,148,,,,,,83.77,2026-05-04T12:48:37Z,2026-05-27T11:26:15Z
45267,4913,cancelled,885,7.99,150,,,,,47368,21.22,2026-04-14T18:00:36Z,2026-05-27T11:26:15Z
45268,5529,pending,1225,0,,,,,,,20.17,2026-04-23T20:27:37Z,2026-05-27T11:26:15Z
45269,4760,confirmed,310,14.99,149,,,,,45127,21.39,2026-03-31T19:58:29Z,2026-05-27T11:26:15Z
45270,5235,processing,580,14.99,147,,,,,,27.75,2026-05-10T22:33:30Z,2026-05-27T11:26:15Z
45271,4661,shipped,267,7.99,151,,,,,46024,35.85,2026-05-07T04:01:25Z,2026-05-27T11:26:15Z
45272,5719,delivered,450,7.99,147,,,,,,26.25,2026-04-06T00:48:17Z,2026-05-27T11:26:15Z
45273,6306,delivered,405,7.99,146,,,,,,31.04,2026-05-08T13:50:52Z,2026-05-27T11:26:15Z
45274,6020,delivered,800,7.99,151,,,,,,31.54,2026-04-04T18:41:14Z,2026-05-27T11:26:15Z
45275,5227,cancelled,430,0,150,,,,,,94.49,2026-04-07T20:00:17Z,2026-05-27T11:26:15Z
45276,4990,pending,1114,7.99,,,,,,,25.6,2026-04-08T08:53:10Z,2026-05-27T11:26:15Z
45277,5159,confirmed,1242,7.99,152,,,,,,81.98,2026-04-11T05:44:19Z,2026-05-27T11:26:15Z
45278,5072,processing,720,7.99,147,,,,,,88.01,2026-04-25T22:03:34Z,2026-05-27T11:26:15Z
45279,5715,shipped,1235,7.99,149,,,,,,22.9,2026-04-28T06:50:48Z,2026-05-27T11:26:15Z
45280,6429,delivered,2839,7.99,143,,,,,49138,56.91,2026-05-16T15:52:23Z,2026-05-27T11:26:15Z
45281,6512,delivered,1885,0,144,,,,,,45.05,2026-05-17T04:38:00Z,2026-05-27T11:26:15Z
45282,6213,delivered,880,0,144,,,,,,87.72,2026-05-12T13:13:51Z,2026-05-27T11:26:15Z
45283,6484,cancelled,365,0,148,,,,,,51.43,2026-04-29T03:11:50Z,2026-05-27T11:26:15Z
45284,5397,pending,1820,0,,,,,,,69.35,2026-05-04T15:03:51Z,2026-05-27T11:26:15Z
45285,5022,confirmed,880,0,144,,,,,,26.78,2026-04-02T04:46:47Z,2026-05-27T11:26:15Z
45286,6081,processing,525,14.99,142,,,,,,73.55,2026-04-08T13:23:46Z,2026-05-27T11:26:15Z
45287,5770,shipped,80,7.99,145,,,,,,70.96,2026-05-05T07:19:01Z,2026-05-27T11:26:15Z
45288,5219,delivered,800,7.99,146,,,,,,34.37,2026-04-25T16:49:04Z,2026-05-27T11:26:15Z
45289,6494,delivered,360,14.99,150,,,,,,36.08,2026-05-11T10:42:34Z,2026-05-27T11:26:15Z
45290,5307,delivered,920,7.99,141,,,,,,81.67,2026-04-26T02:12:55Z,2026-05-27T11:26:15Z
45291,5678,cancelled,439,14.99,148,,,,,,69.25,2026-04-16T05:03:16Z,2026-05-27T11:26:15Z
45292,6066,pending,1355,7.99,,,,,,,62.65,2026-04-25T20:01:10Z,2026-05-27T11:26:15Z
45293,6510,confirmed,680,7.99,150,,,,,,33.15,2026-05-27T07:16:46Z,2026-05-27T11:26:15Z
45294,4861,processing,1830,0,146,,,,,,68.69,2026-03-30T10:59:49Z,2026-05-27T11:26:15Z
45295,6479,shipped,837,0,150,,,,,,63.18,2026-05-06T03:58:39Z,2026-05-27T11:26:15Z
45296,5388,delivered,715,0,146,,,,,,18.88,2026-05-19T22:49:56Z,2026-05-27T11:26:15Z
45297,4999,delivered,693,7.99,144,,,,,49314,81.52,2026-05-13T04:33:14Z,2026-05-27T11:26:15Z
45298,5028,delivered,855,7.99,144,,,,,,34.77,2026-05-06T23:56:10Z,2026-05-27T11:26:15Z
45299,4909,cancelled,630,14.99,145,,,,,,71.17,2026-05-25T07:13:09Z,2026-05-27T11:26:15Z
45300,6005,pending,520,0,,,,,,,44.98,2026-04-10T21:49:29Z,2026-05-27T11:26:15Z
45301,4717,confirmed,1580,7.99,152,,,,,46252,81.8,2026-05-22T16:51:55Z,2026-05-27T11:26:15Z
45302,4637,processing,1080,14.99,142,,,,,,80.14,2026-05-19T07:21:11Z,2026-05-27T11:26:15Z
45303,6123,shipped,1085,14.99,151,,,,,,67.58,2026-05-01T16:32:27Z,2026-05-27T11:26:15Z
45304,5387,delivered,310,7.99,146,,,,,,62.2,2026-05-11T12:12:07Z,2026-05-27T11:26:15Z
45305,5646,delivered,540,7.99,148,,,,,,37.94,2026-04-17T22:45:17Z,2026-05-27T11:26:15Z
45306,5803,delivered,2995,7.99,149,,,,,,65.67,2026-04-04T07:49:28Z,2026-05-27T11:26:15Z
45307,6298,cancelled,360,14.99,148,,,,,,31.02,2026-05-11T23:39:14Z,2026-05-27T11:26:15Z
45308,4792,pending,60,7.99,,,,,,48432,13.67,2026-05-15T22:45:05Z,2026-05-27T11:26:15Z
45309,5949,confirmed,50,7.99,148,,,,,,34.73,2026-05-08T20:56:07Z,2026-05-27T11:26:15Z
45310,4911,processing,525,0,152,,,,,,80.42,2026-04-21T01:47:43Z,2026-05-27T11:26:15Z
45311,5734,shipped,150,7.99,151,,,,,,88.63,2026-04-05T10:14:43Z,2026-05-27T11:26:15Z
45312,5755,delivered,1280,7.99,146,,,,,,59.92,2026-04-04T21:05:42Z,2026-05-27T11:26:15Z
45313,5175,delivered,930,7.99,149,,,,,,68.06,2026-05-01T16:30:08Z,2026-05-27T11:26:15Z
45314,5146,delivered,1355,7.99,143,,,,,,11.09,2026-04-12T16:12:54Z,2026-05-27T11:26:15Z
45315,4990,cancelled,360,0,152,,,,,47925,13.82,2026-04-17T05:03:03Z,2026-05-27T11:26:15Z
45316,5470,pending,0,0,,,,,,,63.88,2026-05-06T23:43:12Z,2026-05-27T11:26:15Z
45317,6307,confirmed,70,0,149,,,,,,63.45,2026-05-15T14:34:43Z,2026-05-27T11:26:15Z
45318,5827,processing,360,14.99,145,,,,,,50.89,2026-04-08T05:05:52Z,2026-05-27T11:26:15Z
45319,4978,shipped,875,7.99,149,,,,,,17.78,2026-03-31T21:39:19Z,2026-05-27T11:26:15Z
45320,6444,delivered,1115,7.99,150,,,,,,35.78,2026-04-22T09:11:37Z,2026-05-27T11:26:15Z
45321,4939,delivered,70,0,147,,,,,44692,65.28,2026-05-18T03:41:37Z,2026-05-27T11:26:15Z
45322,6406,delivered,260,0,150,,,,,,88.73,2026-05-17T08:30:37Z,2026-05-27T11:26:15Z
45323,5833,cancelled,710,0,145,,,,,,40.63,2026-05-01T12:39:20Z,2026-05-27T11:26:15Z
45324,4853,pending,630,7.99,,,,,,,78.92,2026-05-11T02:20:51Z,2026-05-27T11:26:15Z
45325,5554,confirmed,1370,0,149,,,,,48531,83.3,2026-04-20T09:28:56Z,2026-05-27T11:26:15Z
45326,4794,processing,150,7.99,150,,,,,,41.86,2026-05-03T04:35:32Z,2026-05-27T11:26:15Z
45327,5331,shipped,80,7.99,141,,,,,,73.03,2026-05-12T21:14:40Z,2026-05-27T11:26:15Z
45328,5766,delivered,2475,7.99,148,,,,,,91.53,2026-05-26T13:33:27Z,2026-05-27T11:26:15Z
45329,6026,delivered,1280,14.99,152,,,,,45240,74.11,2026-05-15T22:50:04Z,2026-05-27T11:26:15Z
45330,6217,delivered,2365,7.99,149,,,,,48373,41.6,2026-05-19T21:51:49Z,2026-05-27T11:26:15Z
45331,4916,cancelled,1320,7.99,148,,,,,,34.45,2026-05-08T09:31:34Z,2026-05-27T11:26:15Z
45332,4657,pending,360,7.99,,,,,,45671,46.93,2026-04-06T13:24:29Z,2026-05-27T11:26:15Z
45333,6436,confirmed,0,7.99,148,,,,,,46.21,2026-04-22T23:54:23Z,2026-05-27T11:26:15Z
45334,6155,processing,990,0,149,,,,,47088,81.62,2026-04-12T18:14:58Z,2026-05-27T11:26:15Z
45335,5017,shipped,835,14.99,148,,,,,,53.06,2026-05-16T11:54:11Z,2026-05-27T11:26:15Z
45336,5645,delivered,980,7.99,146,,,,,,55.52,2026-05-23T13:24:57Z,2026-05-27T11:26:15Z
45337,4697,delivered,930,14.99,152,,,,,,28.44,2026-05-09T08:11:02Z,2026-05-27T11:26:15Z
45338,5875,delivered,225,0,144,,,,,,72.24,2026-05-07T12:42:53Z,2026-05-27T11:26:15Z
45339,5952,cancelled,1040,7.99,147,,,,,,66.75,2026-04-10T16:36:10Z,2026-05-27T11:26:15Z
45340,5625,pending,1139,14.99,,,,,,,16.73,2026-04-10T00:17:10Z,2026-05-27T11:26:15Z
45341,5115,confirmed,1795,7.99,147,,,,,46050,61.86,2026-04-20T14:31:57Z,2026-05-27T11:26:15Z
45342,5514,processing,1230,0,148,,,,,,82.78,2026-05-07T09:33:31Z,2026-05-27T11:26:15Z
45343,5905,shipped,930,7.99,149,,,,,45956,57.14,2026-05-22T14:01:11Z,2026-05-27T11:26:15Z
45344,5378,delivered,1655,14.99,149,,,,,,94.16,2026-04-22T20:18:41Z,2026-05-27T11:26:15Z
45345,6177,delivered,772,7.99,141,,,,,,55.47,2026-04-22T06:12:50Z,2026-05-27T11:26:15Z
45346,6219,delivered,360,0,144,,,,,46752,10.39,2026-04-24T01:08:12Z,2026-05-27T11:26:15Z
45347,5152,cancelled,600,0,144,,,,,,44.12,2026-03-31T22:37:52Z,2026-05-27T11:26:15Z
45348,6522,pending,1650,7.99,,,,,,,56.15,2026-05-09T13:27:17Z,2026-05-27T11:26:15Z
45349,5983,confirmed,540,7.99,152,,,,,,40.75,2026-04-19T08:15:34Z,2026-05-27T11:26:15Z
45350,6307,processing,750,7.99,142,,,,,45419,62.65,2026-03-31T01:52:38Z,2026-05-27T11:26:15Z
45351,4710,shipped,375,7.99,141,,,,,,15.2,2026-05-20T23:32:03Z,2026-05-27T11:26:15Z
45352,5721,delivered,945,0,141,,,,,47347,38.89,2026-04-29T21:40:26Z,2026-05-27T11:26:15Z
45353,5899,delivered,1225,7.99,143,,,,,,39.02,2026-04-11T14:16:10Z,2026-05-27T11:26:15Z
45354,4809,delivered,1060,0,144,,,,,49239,33.34,2026-05-16T18:36:16Z,2026-05-27T11:26:15Z
45355,6144,cancelled,480,14.99,151,,,,,47973,28.38,2026-03-31T04:05:01Z,2026-05-27T11:26:15Z
45356,5304,pending,390,7.99,,,,,,,89.11,2026-05-01T10:17:17Z,2026-05-27T11:26:15Z
45357,6523,confirmed,1410,7.99,151,,,,,47494,34.04,2026-05-11T03:25:06Z,2026-05-27T11:26:15Z
45358,5583,processing,1445,7.99,142,,,,,47355,61.24,2026-05-08T18:34:16Z,2026-05-27T11:26:15Z
45359,6456,shipped,70,14.99,146,,,,,49406,81.31,2026-04-09T04:37:03Z,2026-05-27T11:26:15Z
45360,5852,delivered,585,0,149,,,,,,68.34,2026-04-17T06:02:39Z,2026-05-27T11:26:15Z
45361,6044,delivered,1532,7.99,152,,,,,,38.47,2026-03-30T12:50:06Z,2026-05-27T11:26:15Z
45362,4831,delivered,1000,7.99,148,,,,,,29.67,2026-05-08T17:18:58Z,2026-05-27T11:26:15Z
45363,4883,cancelled,1045,7.99,152,,,,,,81.81,2026-04-02T22:26:47Z,2026-05-27T11:26:15Z
45364,4966,pending,660,7.99,,,,,,,40.59,2026-05-09T17:22:32Z,2026-05-27T11:26:15Z
45365,4675,confirmed,1160,7.99,147,,,,,45751,22.98,2026-05-21T21:45:39Z,2026-05-27T11:26:15Z
45366,5039,processing,288,14.99,149,,,,,,44.62,2026-04-08T02:05:09Z,2026-05-27T11:26:15Z
45367,5486,shipped,90,7.99,144,,,,,,33.22,2026-04-08T12:57:11Z,2026-05-27T11:26:15Z
45368,6062,delivered,0,7.99,142,,,,,,74.73,2026-05-06T07:58:13Z,2026-05-27T11:26:15Z
45369,4634,delivered,2010,7.99,144,,,,,,28.79,2026-04-17T09:48:29Z,2026-05-27T11:26:15Z
45370,6505,delivered,90,7.99,145,,,,,,52.51,2026-05-20T18:06:13Z,2026-05-27T11:26:15Z
45371,6217,cancelled,515,14.99,148,,,,,45386,94.7,2026-04-25T18:35:56Z,2026-05-27T11:26:15Z
45372,6305,pending,105,7.99,,,,,,,21.5,2026-04-21T20:51:46Z,2026-05-27T11:26:15Z
45373,5695,confirmed,910,14.99,147,,,,,45251,62.67,2026-04-22T19:33:41Z,2026-05-27T11:26:15Z
45374,6354,processing,1095,0,142,,,,,48248,70.76,2026-04-15T02:27:59Z,2026-05-27T11:26:15Z
45375,5898,shipped,450,0,147,,,,,,87.32,2026-05-25T13:52:00Z,2026-05-27T11:26:15Z
45376,4999,delivered,1080,0,145,,,,,,13.85,2026-04-08T04:50:42Z,2026-05-27T11:26:15Z
45377,5329,delivered,95,14.99,151,,,,,,89.97,2026-05-02T06:17:05Z,2026-05-27T11:26:15Z
45378,5395,delivered,1135,7.99,142,,,,,,81.34,2026-04-10T00:01:10Z,2026-05-27T11:26:15Z
45379,5967,cancelled,120,0,146,,,,,,35.42,2026-05-22T08:00:03Z,2026-05-27T11:26:15Z
45380,5518,pending,1335,14.99,,,,,,,72.25,2026-05-25T21:42:42Z,2026-05-27T11:26:15Z
45381,4543,confirmed,2249,7.99,145,,,,,,66.5,2026-04-22T16:32:08Z,2026-05-27T11:26:15Z
45382,6246,processing,380,14.99,148,,,,,,54.35,2026-05-03T11:12:26Z,2026-05-27T11:26:15Z
45383,4810,shipped,345,0,143,,,,,,80.94,2026-05-03T16:42:07Z,2026-05-27T11:26:15Z
45384,5564,delivered,368,0,143,,,,,,82.44,2026-04-28T01:51:03Z,2026-05-27T11:26:15Z
45385,5964,delivered,995,7.99,151,,,,,,93.75,2026-05-15T00:56:39Z,2026-05-27T11:26:15Z
45386,4804,delivered,80,0,141,,,,,,44.09,2026-04-07T12:07:44Z,2026-05-27T11:26:15Z
45387,5771,cancelled,255,7.99,149,,,,,,24.14,2026-05-25T21:48:43Z,2026-05-27T11:26:15Z
45388,4748,pending,1675,7.99,,,,,,,10.31,2026-04-13T15:07:22Z,2026-05-27T11:26:15Z
45389,5817,confirmed,440,0,149,,,,,,40.13,2026-05-13T18:10:09Z,2026-05-27T11:26:15Z
45390,6028,processing,45,0,146,,,,,,12.3,2026-04-27T09:46:13Z,2026-05-27T11:26:15Z
45391,6109,shipped,410,7.99,150,,,,,47636,39.38,2026-03-31T19:50:44Z,2026-05-27T11:26:15Z
45392,4813,delivered,745,0,143,,,,,48456,37.68,2026-04-17T04:43:43Z,2026-05-27T11:26:15Z
45393,5032,delivered,310,7.99,148,,,,,45646,23.47,2026-04-22T21:23:29Z,2026-05-27T11:26:15Z
45394,5848,delivered,395,0,151,,,,,,43.3,2026-05-11T17:52:14Z,2026-05-27T11:26:15Z
45395,4619,cancelled,690,7.99,145,,,,,,20.29,2026-04-03T11:13:52Z,2026-05-27T11:26:15Z
45396,5510,pending,505,7.99,,,,,,49027,79.4,2026-04-22T19:54:07Z,2026-05-27T11:26:15Z
45397,5370,confirmed,340,14.99,150,,,,,,86.12,2026-04-09T06:36:01Z,2026-05-27T11:26:15Z
45398,6113,processing,75,7.99,149,,,,,,45.45,2026-04-30T21:53:16Z,2026-05-27T11:26:15Z
45399,6310,shipped,0,7.99,150,,,,,,69.1,2026-04-01T01:55:10Z,2026-05-27T11:26:15Z
45400,5812,delivered,530,0,142,,,,,48704,22,2026-05-18T21:27:30Z,2026-05-27T11:26:15Z
45401,6354,delivered,1175,0,152,,,,,,35.84,2026-04-02T09:15:46Z,2026-05-27T11:26:15Z
45402,5535,delivered,515,0,152,,,,,,49.46,2026-05-15T01:36:16Z,2026-05-27T11:26:15Z
45403,6297,cancelled,610,14.99,144,,,,,,22.32,2026-05-05T23:00:38Z,2026-05-27T11:26:15Z
45404,5144,pending,120,14.99,,,,,,,72.49,2026-05-27T10:48:27Z,2026-05-27T11:26:15Z
45405,6467,confirmed,1425,7.99,146,,,,,45187,88.86,2026-03-28T15:43:41Z,2026-05-27T11:26:15Z
45406,4906,processing,1125,7.99,141,,,,,,88.78,2026-04-22T08:40:36Z,2026-05-27T11:26:15Z
45407,4961,shipped,770,7.99,145,,,,,,37.91,2026-05-06T01:01:51Z,2026-05-27T11:26:15Z
45408,5536,delivered,265,7.99,145,,,,,,45.67,2026-04-27T13:29:46Z,2026-05-27T11:26:15Z
45409,5960,delivered,1805,0,142,,,,,46055,61.63,2026-04-11T23:15:20Z,2026-05-27T11:26:15Z
45410,6404,delivered,0,7.99,146,,,,,45579,93.19,2026-05-25T21:58:00Z,2026-05-27T11:26:15Z
45411,5169,cancelled,25,14.99,146,,,,,,44.53,2026-05-20T11:39:05Z,2026-05-27T11:26:15Z
45412,5150,pending,655,7.99,,,,,,,87.08,2026-05-24T20:17:14Z,2026-05-27T11:26:15Z
45413,6473,confirmed,720,0,145,,,,,,36.48,2026-04-12T05:22:44Z,2026-05-27T11:26:15Z
45414,4604,processing,165,0,142,,,,,,78.24,2026-03-29T12:23:33Z,2026-05-27T11:26:15Z
45415,5805,shipped,195,14.99,142,,,,,,34.48,2026-05-02T14:34:29Z,2026-05-27T11:26:15Z
45416,6494,delivered,0,7.99,151,,,,,,31.2,2026-05-25T01:27:56Z,2026-05-27T11:26:15Z
45417,5329,delivered,140,7.99,147,,,,,44906,33.71,2026-05-22T14:00:04Z,2026-05-27T11:26:15Z
45418,5370,delivered,490,7.99,150,,,,,,46.1,2026-04-15T06:18:39Z,2026-05-27T11:26:15Z
45419,4912,cancelled,360,7.99,152,,,,,49520,77.17,2026-04-26T18:48:24Z,2026-05-27T11:26:15Z
45420,4909,pending,255,14.99,,,,,,48977,29.89,2026-05-20T22:35:11Z,2026-05-27T11:26:15Z
45421,5491,confirmed,165,0,145,,,,,,22.09,2026-04-07T09:23:25Z,2026-05-27T11:26:15Z
45422,6174,processing,370,0,146,,,,,45879,59.74,2026-05-10T08:21:03Z,2026-05-27T11:26:15Z
45423,4938,shipped,0,14.99,142,,,,,,26.53,2026-04-11T00:17:56Z,2026-05-27T11:26:15Z
45424,4752,delivered,110,7.99,146,,,,,47279,23.1,2026-05-14T23:33:02Z,2026-05-27T11:26:15Z
45425,5951,delivered,110,0,148,,,,,,16.59,2026-05-03T23:17:31Z,2026-05-27T11:26:15Z
45426,6281,delivered,395,0,148,,,,,,32.73,2026-04-19T07:39:04Z,2026-05-27T11:26:15Z
45427,6029,cancelled,910,14.99,144,,,,,47954,63.38,2026-05-20T14:05:31Z,2026-05-27T11:26:15Z
45428,5466,pending,580,0,,,,,,44735,81.55,2026-05-26T18:58:12Z,2026-05-27T11:26:15Z
45429,5733,confirmed,1615,7.99,152,,,,,49524,16.03,2026-05-19T17:57:28Z,2026-05-27T11:26:15Z
45430,5454,processing,235,14.99,150,,,,,,83.91,2026-05-24T17:08:43Z,2026-05-27T11:26:15Z
45431,4956,shipped,255,7.99,144,,,,,,70.43,2026-04-14T13:42:38Z,2026-05-27T11:26:15Z
45432,6255,delivered,480,7.99,146,,,,,,76.25,2026-05-10T09:33:10Z,2026-05-27T11:26:15Z
45433,5415,delivered,360,14.99,149,,,,,,33.37,2026-05-16T13:53:12Z,2026-05-27T11:26:15Z
45434,5789,delivered,2760,0,144,,,,,,54.69,2026-04-03T13:34:54Z,2026-05-27T11:26:15Z
45435,5270,cancelled,1710,7.99,152,,,,,,18.06,2026-05-03T03:25:28Z,2026-05-27T11:26:15Z
45436,5115,pending,1434,14.99,,,,,,,32.28,2026-04-11T07:26:10Z,2026-05-27T11:26:15Z
45437,6179,confirmed,860,7.99,141,,,,,,89.23,2026-04-22T01:28:41Z,2026-05-27T11:26:15Z
45438,6168,processing,360,7.99,150,,,,,,17.94,2026-05-23T08:39:37Z,2026-05-27T11:26:15Z
45439,6300,shipped,440,0,143,,,,,44953,41.27,2026-05-14T06:05:30Z,2026-05-27T11:26:15Z
45440,5589,delivered,700,14.99,141,,,,,,92.86,2026-04-01T23:30:57Z,2026-05-27T11:26:15Z
45441,6310,delivered,1150,7.99,145,,,,,,47.12,2026-04-16T07:46:08Z,2026-05-27T11:26:15Z
45442,6308,delivered,200,14.99,149,,,,,,22.13,2026-04-01T08:27:47Z,2026-05-27T11:26:15Z
45443,6129,cancelled,170,14.99,146,,,,,,71.04,2026-05-16T12:32:36Z,2026-05-27T11:26:15Z
45444,6498,pending,595,7.99,,,,,,47441,43.5,2026-04-02T22:11:14Z,2026-05-27T11:26:15Z
45445,4681,confirmed,785,7.99,142,,,,,,81,2026-04-18T07:54:58Z,2026-05-27T11:26:15Z
45446,4783,processing,135,7.99,148,,,,,46323,69.25,2026-04-03T00:48:24Z,2026-05-27T11:26:15Z
45447,5762,shipped,987,0,152,,,,,,33.32,2026-05-21T01:57:19Z,2026-05-27T11:26:15Z
45448,6378,delivered,1215,7.99,151,,,,,48368,36.81,2026-04-19T15:23:23Z,2026-05-27T11:26:15Z
45449,5640,delivered,20,7.99,143,,,,,48792,89.35,2026-05-22T03:11:27Z,2026-05-27T11:26:15Z
45450,4716,delivered,1010,0,146,,,,,45871,64.71,2026-05-09T14:23:54Z,2026-05-27T11:26:15Z
45451,4625,cancelled,89,7.99,145,,,,,,51.75,2026-05-26T21:50:12Z,2026-05-27T11:26:15Z
45452,5214,pending,1208,7.99,,,,,,,44.7,2026-04-30T22:41:58Z,2026-05-27T11:26:15Z
45453,5397,confirmed,2360,14.99,143,,,,,,56.82,2026-04-02T21:00:33Z,2026-05-27T11:26:15Z
45454,6388,processing,1600,14.99,148,,,,,,67.45,2026-04-08T21:58:36Z,2026-05-27T11:26:15Z
45455,4932,shipped,1060,0,142,,,,,47084,31.6,2026-05-18T15:38:38Z,2026-05-27T11:26:15Z
45456,5059,delivered,2730,14.99,144,,,,,,65.74,2026-04-06T08:29:22Z,2026-05-27T11:26:15Z
45457,4936,delivered,0,0,152,,,,,,73.07,2026-04-02T19:25:21Z,2026-05-27T11:26:15Z
45458,6343,delivered,170,0,142,,,,,,94.48,2026-04-08T05:22:35Z,2026-05-27T11:26:15Z
45459,5545,cancelled,1155,7.99,145,,,,,,70.46,2026-03-31T08:34:36Z,2026-05-27T11:26:15Z
45460,5809,pending,90,7.99,,,,,,,51.52,2026-05-24T19:47:06Z,2026-05-27T11:26:15Z
45461,5657,confirmed,970,14.99,144,,,,,,59.03,2026-04-23T22:49:29Z,2026-05-27T11:26:15Z
45462,5787,processing,390,7.99,144,,,,,47719,17.98,2026-05-22T17:03:35Z,2026-05-27T11:26:15Z
45463,5229,shipped,435,7.99,147,,,,,46704,34.47,2026-04-08T00:55:48Z,2026-05-27T11:26:15Z
45464,4950,delivered,35,0,142,,,,,,82.93,2026-04-29T09:56:49Z,2026-05-27T11:26:15Z
45465,5451,delivered,510,0,151,,,,,,82.59,2026-05-16T06:32:06Z,2026-05-27T11:26:15Z
45466,4719,delivered,1348,14.99,143,,,,,,66.73,2026-04-03T00:21:00Z,2026-05-27T11:26:15Z
45467,4828,cancelled,770,14.99,149,,,,,,69.83,2026-04-16T02:57:02Z,2026-05-27T11:26:15Z
45468,5819,pending,617,0,,,,,,,57.11,2026-04-11T10:09:59Z,2026-05-27T11:26:15Z
45469,5800,confirmed,590,7.99,149,,,,,,29.09,2026-04-07T09:04:59Z,2026-05-27T11:26:15Z
45470,5349,processing,605,7.99,152,,,,,,44.65,2026-04-02T02:21:23Z,2026-05-27T11:26:15Z
45471,5344,shipped,260,0,141,,,,,,17.74,2026-05-14T23:10:02Z,2026-05-27T11:26:15Z
45472,6029,delivered,1415,7.99,152,,,,,,83.34,2026-03-29T04:56:27Z,2026-05-27T11:26:15Z
45473,5479,delivered,670,14.99,146,,,,,47907,42.75,2026-04-07T09:01:47Z,2026-05-27T11:26:15Z
45474,5610,delivered,708,14.99,145,,,,,,12.4,2026-04-04T05:10:28Z,2026-05-27T11:26:15Z
45475,5977,cancelled,325,0,146,,,,,,14.76,2026-05-21T10:20:23Z,2026-05-27T11:26:15Z
45476,5245,pending,1325,7.99,,,,,,48800,67.09,2026-05-26T19:54:45Z,2026-05-27T11:26:15Z
45477,4730,confirmed,1135,7.99,146,,,,,,38.03,2026-04-15T18:02:44Z,2026-05-27T11:26:15Z
45478,5372,processing,50,7.99,150,,,,,46115,60.76,2026-04-25T03:26:25Z,2026-05-27T11:26:15Z
45479,5327,shipped,2530,7.99,142,,,,,,25.66,2026-05-08T02:22:08Z,2026-05-27T11:26:15Z
45480,4555,delivered,260,0,141,,,,,,13.94,2026-05-07T05:46:36Z,2026-05-27T11:26:15Z
45481,6183,delivered,490,0,149,,,,,,49.64,2026-04-03T14:39:35Z,2026-05-27T11:26:15Z
45482,5436,delivered,1459,0,146,,,,,48153,73.83,2026-05-13T22:48:04Z,2026-05-27T11:26:15Z
45483,4641,cancelled,525,14.99,152,,,,,48430,69.6,2026-04-22T01:14:30Z,2026-05-27T11:26:15Z
45484,5324,pending,1005,7.99,,,,,,45205,85.77,2026-05-03T19:45:05Z,2026-05-27T11:26:15Z
45485,6168,confirmed,335,0,144,,,,,48343,44.93,2026-05-05T12:32:13Z,2026-05-27T11:26:15Z
45486,5539,processing,930,0,147,,,,,46173,93.3,2026-05-13T18:46:23Z,2026-05-27T11:26:15Z
45487,4638,shipped,1169,7.99,143,,,,,45090,13.08,2026-04-16T08:47:57Z,2026-05-27T11:26:15Z
45488,5937,delivered,245,0,144,,,,,49362,29.66,2026-05-05T20:44:16Z,2026-05-27T11:26:15Z
45489,5807,delivered,2130,7.99,141,,,,,,81.58,2026-04-06T21:18:37Z,2026-05-27T11:26:15Z
45490,6151,delivered,1800,14.99,147,,,,,,30.25,2026-04-01T08:37:59Z,2026-05-27T11:26:15Z
45491,6338,cancelled,1970,0,151,,,,,,92.71,2026-04-03T20:03:02Z,2026-05-27T11:26:15Z
45492,5511,pending,680,7.99,,,,,,,14.13,2026-04-24T19:06:11Z,2026-05-27T11:26:15Z
45493,5817,confirmed,55,14.99,145,,,,,,44.19,2026-04-11T13:14:30Z,2026-05-27T11:26:15Z
45494,6068,processing,420,0,149,,,,,45819,87.48,2026-04-17T22:43:01Z,2026-05-27T11:26:15Z
45495,5414,shipped,130,0,152,,,,,,31.46,2026-04-25T13:36:37Z,2026-05-27T11:26:15Z
45496,6365,delivered,1625,7.99,141,,,,,,34.95,2026-03-30T23:41:39Z,2026-05-27T11:26:15Z
45497,6270,delivered,415,7.99,149,,,,,,43.89,2026-05-07T16:08:05Z,2026-05-27T11:26:15Z
45498,4679,delivered,40,7.99,150,,,,,,35.08,2026-04-07T10:54:40Z,2026-05-27T11:26:15Z
45499,4625,cancelled,840,7.99,144,,,,,,25.35,2026-05-17T07:50:12Z,2026-05-27T11:26:15Z
45500,5543,pending,1147,7.99,,,,,,,50.38,2026-04-18T13:29:58Z,2026-05-27T11:26:15Z
45501,5765,confirmed,260,14.99,145,,,,,,41.77,2026-05-07T03:46:53Z,2026-05-27T11:26:15Z
45502,5333,processing,2020,0,145,,,,,,62.26,2026-04-05T20:12:45Z,2026-05-27T11:26:15Z
45503,5588,shipped,3985,7.99,148,,,,,,36.48,2026-04-25T05:00:44Z,2026-05-27T11:26:15Z
45504,6113,delivered,265,7.99,145,,,,,,81.29,2026-04-06T00:14:14Z,2026-05-27T11:26:15Z
45505,4956,delivered,1355,14.99,145,,,,,45288,79.24,2026-04-09T00:46:40Z,2026-05-27T11:26:15Z
45506,5916,delivered,115,7.99,149,,,,,,84.23,2026-05-09T11:28:54Z,2026-05-27T11:26:15Z
45507,5740,cancelled,645,7.99,151,,,,,,92.57,2026-05-04T15:03:54Z,2026-05-27T11:26:15Z
45508,5205,pending,335,14.99,,,,,,,75.15,2026-04-26T09:32:31Z,2026-05-27T11:26:15Z
45509,5011,confirmed,1510,14.99,149,,,,,,22.06,2026-05-02T00:17:33Z,2026-05-27T11:26:15Z
45510,5389,processing,1280,0,144,,,,,,16.52,2026-04-06T09:45:31Z,2026-05-27T11:26:15Z
45511,5986,shipped,465,7.99,148,,,,,,63.26,2026-04-30T19:37:26Z,2026-05-27T11:26:15Z
45512,4698,delivered,140,14.99,149,,,,,,11.84,2026-04-17T09:13:52Z,2026-05-27T11:26:15Z
45513,6081,delivered,730,0,143,,,,,,67.22,2026-05-02T23:06:27Z,2026-05-27T11:26:15Z
45514,5189,delivered,115,0,150,,,,,,16.11,2026-03-29T14:18:36Z,2026-05-27T11:26:15Z
45515,5729,cancelled,89,7.99,152,,,,,,68.59,2026-04-14T16:17:41Z,2026-05-27T11:26:15Z
45516,5815,pending,2190,0,,,,,,,85.19,2026-04-08T03:52:31Z,2026-05-27T11:26:15Z
45517,6494,confirmed,485,7.99,143,,,,,,43.33,2026-05-26T16:15:31Z,2026-05-27T11:26:15Z
45518,6284,processing,890,0,151,,,,,,64.71,2026-04-20T19:26:36Z,2026-05-27T11:26:15Z
45519,5618,shipped,1850,7.99,148,,,,,,21.48,2026-04-18T20:12:10Z,2026-05-27T11:26:15Z
45520,4942,delivered,120,14.99,152,,,,,45057,64.87,2026-05-25T22:52:38Z,2026-05-27T11:26:15Z
45521,6323,delivered,1810,7.99,141,,,,,,53.29,2026-04-15T15:55:03Z,2026-05-27T11:26:15Z
45522,4644,delivered,1440,0,145,,,,,,83.35,2026-05-02T19:08:07Z,2026-05-27T11:26:15Z
45523,5632,cancelled,200,14.99,146,,,,,,56.89,2026-04-06T08:59:38Z,2026-05-27T11:26:15Z
45524,4783,pending,525,0,,,,,,,38.29,2026-05-23T14:05:51Z,2026-05-27T11:26:15Z
45525,5457,confirmed,950,7.99,142,,,,,48590,42.73,2026-04-12T18:24:27Z,2026-05-27T11:26:15Z
45526,6040,processing,50,0,148,,,,,,18.6,2026-05-24T18:27:22Z,2026-05-27T11:26:15Z
45527,4965,shipped,2115,7.99,149,,,,,,81.98,2026-05-13T05:37:08Z,2026-05-27T11:26:15Z
45528,5247,delivered,240,14.99,143,,,,,,77.03,2026-04-21T17:13:36Z,2026-05-27T11:26:15Z
45529,4901,delivered,1070,0,149,,,,,,54.25,2026-05-02T14:43:05Z,2026-05-27T11:26:15Z
45530,4788,delivered,810,0,149,,,,,,68.35,2026-04-16T15:22:13Z,2026-05-27T11:26:15Z
45531,6290,cancelled,910,7.99,144,,,,,46157,66.26,2026-05-01T19:56:11Z,2026-05-27T11:26:15Z
45532,5242,pending,1265,14.99,,,,,,47075,67.83,2026-04-26T08:01:50Z,2026-05-27T11:26:15Z
45533,4591,confirmed,388,7.99,150,,,,,,58.01,2026-05-23T11:54:26Z,2026-05-27T11:26:15Z
45534,5086,processing,755,0,147,,,,,47176,54.02,2026-04-10T13:00:10Z,2026-05-27T11:26:15Z
45535,5087,shipped,900,14.99,142,,,,,,16.41,2026-04-05T08:17:14Z,2026-05-27T11:26:15Z
45536,4905,delivered,1177,7.99,142,,,,,,46.07,2026-05-18T05:44:05Z,2026-05-27T11:26:15Z
45537,4854,delivered,230,0,143,,,,,,42.29,2026-03-28T19:40:40Z,2026-05-27T11:26:15Z
45538,5120,delivered,0,7.99,147,,,,,,33.68,2026-05-24T21:03:34Z,2026-05-27T11:26:15Z
45539,6218,cancelled,0,14.99,148,,,,,,78.39,2026-05-01T05:24:34Z,2026-05-27T11:26:15Z
45540,5905,pending,440,7.99,,,,,,47068,36.83,2026-04-26T12:52:50Z,2026-05-27T11:26:15Z
45541,6472,confirmed,423,0,148,,,,,,38.75,2026-05-22T10:49:15Z,2026-05-27T11:26:15Z
45542,5026,processing,1785,7.99,148,,,,,,82.09,2026-04-09T01:10:16Z,2026-05-27T11:26:15Z
45543,5576,shipped,700,0,141,,,,,,66.6,2026-03-30T06:36:59Z,2026-05-27T11:26:15Z
45544,6513,delivered,260,14.99,141,,,,,,60.92,2026-03-31T00:34:59Z,2026-05-27T11:26:15Z
45545,6198,delivered,450,14.99,151,,,,,48575,11.41,2026-04-04T22:38:48Z,2026-05-27T11:26:15Z
45546,6081,delivered,830,7.99,144,,,,,,20.67,2026-04-06T05:08:25Z,2026-05-27T11:26:16Z
45547,5042,cancelled,150,7.99,141,,,,,,91.56,2026-04-18T22:50:18Z,2026-05-27T11:26:16Z
45548,6363,pending,267,14.99,,,,,,,91.67,2026-04-17T22:56:32Z,2026-05-27T11:26:16Z
45549,5772,confirmed,180,7.99,150,,,,,,65.66,2026-04-09T17:35:52Z,2026-05-27T11:26:16Z
45550,5033,processing,880,14.99,148,,,,,,92.25,2026-04-22T15:49:29Z,2026-05-27T11:26:16Z
45551,5665,shipped,190,7.99,141,,,,,47385,78.39,2026-04-20T05:20:55Z,2026-05-27T11:26:16Z
45552,6121,delivered,405,7.99,151,,,,,,93.67,2026-04-20T15:40:50Z,2026-05-27T11:26:16Z
45553,6296,delivered,1835,0,143,,,,,,13.77,2026-05-06T14:51:22Z,2026-05-27T11:26:16Z
45554,4936,delivered,267,0,149,,,,,47056,74.1,2026-05-13T13:26:58Z,2026-05-27T11:26:16Z
45555,4936,cancelled,1410,7.99,148,,,,,,64.51,2026-04-27T12:55:49Z,2026-05-27T11:26:16Z
45556,5968,pending,360,7.99,,,,,,,69.25,2026-04-01T04:13:21Z,2026-05-27T11:26:16Z
45557,5697,confirmed,670,0,148,,,,,,59.35,2026-05-04T11:12:35Z,2026-05-27T11:26:16Z
45558,5933,processing,40,0,148,,,,,45787,13.78,2026-05-02T13:38:10Z,2026-05-27T11:26:16Z
45559,5467,shipped,1360,0,143,,,,,,92.21,2026-05-10T20:51:21Z,2026-05-27T11:26:16Z
45560,5072,delivered,110,7.99,142,,,,,,54.48,2026-05-26T21:34:52Z,2026-05-27T11:26:16Z
45561,5989,delivered,1200,0,141,,,,,,61.4,2026-04-10T04:04:01Z,2026-05-27T11:26:16Z
45562,5407,delivered,990,7.99,147,,,,,,48.78,2026-04-07T09:39:02Z,2026-05-27T11:26:16Z
45563,6018,cancelled,1175,7.99,150,,,,,,19.65,2026-05-04T00:37:27Z,2026-05-27T11:26:16Z
45564,4824,pending,205,14.99,,,,,,,35.61,2026-04-30T05:56:02Z,2026-05-27T11:26:16Z
45565,6476,confirmed,220,7.99,144,,,,,,54.01,2026-04-05T08:49:55Z,2026-05-27T11:26:16Z
45566,6130,processing,75,7.99,142,,,,,,56.58,2026-05-09T16:54:21Z,2026-05-27T11:26:16Z
45567,5582,shipped,1410,7.99,143,,,,,,22.78,2026-04-11T11:13:12Z,2026-05-27T11:26:16Z
45568,4699,delivered,445,7.99,142,,,,,47728,65.97,2026-05-13T19:35:54Z,2026-05-27T11:26:16Z
45569,6431,delivered,2510,0,151,,,,,,29.53,2026-04-04T08:20:59Z,2026-05-27T11:26:16Z
45570,6273,delivered,1335,0,141,,,,,,44.75,2026-05-24T17:33:52Z,2026-05-27T11:26:16Z
45571,5106,cancelled,945,14.99,146,,,,,47846,59.62,2026-04-07T18:42:23Z,2026-05-27T11:26:16Z
45572,4768,pending,90,7.99,,,,,,,31.07,2026-04-18T23:26:14Z,2026-05-27T11:26:16Z
45573,4603,confirmed,80,7.99,141,,,,,48385,28.66,2026-03-30T08:49:00Z,2026-05-27T11:26:16Z
45574,5201,processing,440,0,145,,,,,49138,73.11,2026-04-25T07:21:26Z,2026-05-27T11:26:16Z
45575,4598,shipped,365,7.99,146,,,,,45697,40.27,2026-04-26T04:22:10Z,2026-05-27T11:26:16Z
45576,5576,delivered,1325,0,152,,,,,46117,50.93,2026-05-01T12:52:32Z,2026-05-27T11:26:16Z
45577,5597,delivered,1725,14.99,148,,,,,,60.22,2026-04-13T18:45:19Z,2026-05-27T11:26:16Z
45578,5860,delivered,2405,7.99,151,,,,,,28.06,2026-04-11T07:36:33Z,2026-05-27T11:26:16Z
45579,4959,cancelled,375,7.99,147,,,,,,10.53,2026-04-24T21:10:26Z,2026-05-27T11:26:16Z
45580,4975,pending,264,7.99,,,,,,,94.75,2026-04-20T12:21:53Z,2026-05-27T11:26:16Z
45581,4701,confirmed,1635,0,142,,,,,,58.04,2026-04-27T00:37:26Z,2026-05-27T11:26:16Z
45582,4866,processing,315,7.99,148,,,,,,50.63,2026-05-23T15:05:04Z,2026-05-27T11:26:16Z
45583,5091,shipped,70,14.99,148,,,,,,66.45,2026-04-13T16:55:15Z,2026-05-27T11:26:16Z
45584,5492,delivered,1030,7.99,145,,,,,49224,39.77,2026-04-19T16:55:49Z,2026-05-27T11:26:16Z
45585,5951,delivered,435,0,142,,,,,47556,23.27,2026-05-05T13:06:15Z,2026-05-27T11:26:16Z
45586,5615,delivered,2000,14.99,150,,,,,,78.91,2026-04-04T02:39:10Z,2026-05-27T11:26:16Z
45587,4624,cancelled,740,7.99,146,,,,,46545,58.51,2026-04-23T23:22:15Z,2026-05-27T11:26:16Z
45588,4608,pending,665,7.99,,,,,,,58.82,2026-05-02T03:31:32Z,2026-05-27T11:26:16Z
45589,6000,confirmed,465,0,147,,,,,48813,90.76,2026-05-19T10:49:53Z,2026-05-27T11:26:16Z
45590,6535,processing,140,7.99,151,,,,,45214,47.94,2026-05-21T04:01:01Z,2026-05-27T11:26:16Z
45591,5318,shipped,105,0,142,,,,,44932,41.4,2026-04-05T23:23:37Z,2026-05-27T11:26:16Z
45592,5391,delivered,510,7.99,151,,,,,,42.59,2026-04-14T00:48:01Z,2026-05-27T11:26:16Z
45593,5402,delivered,1440,7.99,141,,,,,,33.97,2026-04-07T07:05:55Z,2026-05-27T11:26:16Z
45594,5990,delivered,170,7.99,141,,,,,,27.58,2026-05-10T13:24:12Z,2026-05-27T11:26:16Z
45595,5984,cancelled,312,0,148,,,,,,29,2026-04-04T12:22:25Z,2026-05-27T11:26:16Z
45596,6424,pending,405,0,,,,,,,90.93,2026-05-16T01:00:22Z,2026-05-27T11:26:16Z
45597,6051,confirmed,1925,7.99,149,,,,,,57.08,2026-04-17T20:44:04Z,2026-05-27T11:26:16Z
45598,4812,processing,1200,7.99,142,,,,,,14.34,2026-05-06T14:28:13Z,2026-05-27T11:26:16Z
45599,5208,shipped,275,7.99,150,,,,,,84.7,2026-05-02T04:13:09Z,2026-05-27T11:26:16Z
45600,5444,delivered,2085,0,144,,,,,47748,82.27,2026-04-16T01:30:34Z,2026-05-27T11:26:16Z
45601,5702,delivered,1280,7.99,152,,,,,49308,38.36,2026-05-11T19:20:48Z,2026-05-27T11:26:16Z
45602,4712,delivered,0,7.99,150,,,,,,12.23,2026-04-10T11:56:09Z,2026-05-27T11:26:16Z
45603,6156,cancelled,2355,7.99,144,,,,,,83.01,2026-04-19T13:47:31Z,2026-05-27T11:26:16Z
45604,5686,pending,60,14.99,,,,,,,32.51,2026-05-26T23:39:16Z,2026-05-27T11:26:16Z
45605,4632,confirmed,25,14.99,141,,,,,47045,44.42,2026-05-22T19:35:34Z,2026-05-27T11:26:16Z
45606,5028,processing,1110,0,143,,,,,,90.48,2026-03-31T12:23:27Z,2026-05-27T11:26:16Z
45607,5778,shipped,790,7.99,143,,,,,47875,32.75,2026-05-24T00:51:23Z,2026-05-27T11:26:16Z
45608,6296,delivered,935,7.99,151,,,,,48178,27.56,2026-04-30T01:14:24Z,2026-05-27T11:26:16Z
45609,6453,delivered,380,0,141,,,,,46541,65.99,2026-04-11T22:01:03Z,2026-05-27T11:26:16Z
45610,5961,delivered,2020,14.99,150,,,,,,27.92,2026-04-07T20:28:08Z,2026-05-27T11:26:16Z
45611,5022,cancelled,825,7.99,150,,,,,,63.03,2026-04-23T12:51:39Z,2026-05-27T11:26:16Z
45612,5092,pending,275,0,,,,,,,90.57,2026-05-16T22:52:28Z,2026-05-27T11:26:16Z
45613,5328,confirmed,60,0,141,,,,,46649,44.92,2026-04-23T11:40:02Z,2026-05-27T11:26:16Z
45614,4693,processing,90,7.99,141,,,,,45790,71.62,2026-05-22T10:48:47Z,2026-05-27T11:26:16Z
45615,5938,shipped,1585,7.99,146,,,,,,46.64,2026-05-24T15:14:41Z,2026-05-27T11:26:16Z
45616,4667,delivered,305,7.99,144,,,,,,33.57,2026-04-07T08:25:57Z,2026-05-27T11:26:16Z
45617,6351,delivered,875,7.99,152,,,,,,37.94,2026-05-02T06:57:27Z,2026-05-27T11:26:16Z
45618,5626,delivered,430,7.99,147,,,,,,75.65,2026-04-24T18:02:06Z,2026-05-27T11:26:16Z
45619,5690,cancelled,0,14.99,144,,,,,,53.71,2026-04-16T22:52:44Z,2026-05-27T11:26:16Z
45620,5534,pending,1068,7.99,,,,,,,30.77,2026-05-02T17:50:19Z,2026-05-27T11:26:16Z
45621,5123,confirmed,1175,0,151,,,,,48405,91.86,2026-04-09T23:35:14Z,2026-05-27T11:26:16Z
45622,6227,processing,0,14.99,149,,,,,,54.68,2026-04-08T10:14:13Z,2026-05-27T11:26:16Z
45623,5356,shipped,915,7.99,147,,,,,48070,13.44,2026-05-24T18:33:17Z,2026-05-27T11:26:16Z
45624,4577,delivered,415,7.99,145,,,,,,41.98,2026-04-08T22:44:23Z,2026-05-27T11:26:16Z
45625,5458,delivered,260,7.99,147,,,,,,28,2026-04-22T07:45:31Z,2026-05-27T11:26:16Z
45626,5169,delivered,1125,7.99,146,,,,,,20.57,2026-05-18T21:24:21Z,2026-05-27T11:26:16Z
45627,5683,cancelled,100,0,151,,,,,46877,12.66,2026-03-31T18:17:19Z,2026-05-27T11:26:16Z
45628,6152,pending,750,7.99,,,,,,,74.94,2026-04-29T13:57:19Z,2026-05-27T11:26:16Z
45629,5238,confirmed,280,14.99,145,,,,,47912,71.82,2026-04-03T13:32:22Z,2026-05-27T11:26:16Z
45630,5246,processing,1010,7.99,144,,,,,46885,36.25,2026-04-09T09:18:27Z,2026-05-27T11:26:16Z
45631,6232,shipped,360,0,142,,,,,,33,2026-04-29T14:37:41Z,2026-05-27T11:26:16Z
45632,4816,delivered,1075,14.99,146,,,,,,51.78,2026-05-08T02:44:21Z,2026-05-27T11:26:16Z
45633,5018,delivered,1403,0,147,,,,,,33.48,2026-05-17T17:53:23Z,2026-05-27T11:26:16Z
45634,5203,delivered,305,7.99,144,,,,,,39.19,2026-04-10T09:16:36Z,2026-05-27T11:26:16Z
45635,5426,cancelled,390,14.99,143,,,,,47233,92.34,2026-04-19T07:54:24Z,2026-05-27T11:26:16Z
45636,4639,pending,955,7.99,,,,,,47412,21.74,2026-04-22T10:18:12Z,2026-05-27T11:26:16Z
45637,6339,confirmed,1385,7.99,150,,,,,,39.82,2026-04-02T11:53:06Z,2026-05-27T11:26:16Z
45638,5671,processing,420,7.99,142,,,,,,33.77,2026-05-06T17:12:05Z,2026-05-27T11:26:16Z
45639,6256,shipped,1390,7.99,144,,,,,,36.53,2026-05-08T07:05:30Z,2026-05-27T11:26:16Z
45640,6003,delivered,465,7.99,147,,,,,45822,70.41,2026-05-04T01:51:34Z,2026-05-27T11:26:16Z
45641,4605,delivered,3090,0,145,,,,,,76.83,2026-05-22T15:52:32Z,2026-05-27T11:26:16Z
45642,5541,delivered,140,0,141,,,,,47814,14.97,2026-05-04T06:49:12Z,2026-05-27T11:26:16Z
45643,5955,cancelled,290,14.99,141,,,,,,51.5,2026-04-28T06:25:06Z,2026-05-27T11:26:16Z
45644,6371,pending,705,7.99,,,,,,,36.98,2026-04-10T17:47:19Z,2026-05-27T11:26:16Z
45645,4665,confirmed,420,14.99,148,,,,,45519,79.91,2026-04-03T07:31:26Z,2026-05-27T11:26:16Z
45646,5468,processing,565,7.99,147,,,,,,30.22,2026-04-30T16:42:47Z,2026-05-27T11:26:16Z
45647,6037,shipped,1580,0,148,,,,,,40.31,2026-05-19T15:35:21Z,2026-05-27T11:26:16Z
45648,5457,delivered,230,7.99,148,,,,,45563,74.36,2026-04-05T11:04:18Z,2026-05-27T11:26:16Z
45649,4836,delivered,765,14.99,151,,,,,,52.96,2026-04-16T06:46:07Z,2026-05-27T11:26:16Z
45650,6307,delivered,645,7.99,149,,,,,,54.93,2026-05-22T12:37:44Z,2026-05-27T11:26:16Z
45651,5627,cancelled,0,7.99,143,,,,,45531,66.98,2026-04-07T04:34:58Z,2026-05-27T11:26:16Z
45652,5979,pending,1485,0,,,,,,,20.69,2026-04-03T18:13:02Z,2026-05-27T11:26:16Z
45653,5076,confirmed,2230,14.99,147,,,,,47331,47.39,2026-04-27T07:23:20Z,2026-05-27T11:26:16Z
45654,6102,processing,290,7.99,142,,,,,,32.69,2026-05-09T14:26:55Z,2026-05-27T11:26:16Z
45655,4830,shipped,2120,14.99,147,,,,,,62.16,2026-05-05T22:48:05Z,2026-05-27T11:26:16Z
45656,4756,delivered,750,7.99,151,,,,,,29.94,2026-04-08T23:43:44Z,2026-05-27T11:26:16Z
45657,5750,delivered,1335,7.99,142,,,,,,17.33,2026-04-22T02:45:22Z,2026-05-27T11:26:16Z
45658,6282,delivered,150,0,143,,,,,47782,53.34,2026-04-17T15:52:37Z,2026-05-27T11:26:16Z
45659,5617,cancelled,680,7.99,149,,,,,,70.63,2026-04-16T15:53:23Z,2026-05-27T11:26:16Z
45660,4580,pending,1140,7.99,,,,,,,50.41,2026-04-20T09:42:57Z,2026-05-27T11:26:16Z
45661,5148,confirmed,995,7.99,148,,,,,,37.55,2026-04-07T02:05:04Z,2026-05-27T11:26:16Z
45662,4813,processing,520,14.99,152,,,,,48082,52.78,2026-05-24T22:10:10Z,2026-05-27T11:26:16Z
45663,6219,shipped,40,7.99,143,,,,,,87.89,2026-05-03T12:11:44Z,2026-05-27T11:26:16Z
45664,4766,delivered,1260,7.99,152,,,,,45147,79.86,2026-05-27T01:06:51Z,2026-05-27T11:26:16Z
45665,4736,delivered,1255,0,143,,,,,,11.43,2026-05-06T11:36:57Z,2026-05-27T11:26:16Z
45666,6003,delivered,460,7.99,148,,,,,44653,47.52,2026-04-07T13:51:41Z,2026-05-27T11:26:16Z
45667,5350,cancelled,145,0,143,,,,,45312,26.66,2026-05-25T01:56:25Z,2026-05-27T11:26:16Z
45668,5245,pending,590,7.99,,,,,,,23.02,2026-04-08T21:04:57Z,2026-05-27T11:26:16Z
45669,5357,confirmed,1020,7.99,146,,,,,49208,58.65,2026-04-22T12:01:52Z,2026-05-27T11:26:16Z
45670,5479,processing,640,7.99,149,,,,,,88.09,2026-05-26T01:46:33Z,2026-05-27T11:26:16Z
45671,4917,shipped,465,7.99,152,,,,,44965,24.4,2026-03-30T05:26:59Z,2026-05-27T11:26:16Z
45672,5484,delivered,0,14.99,147,,,,,48810,71.5,2026-05-14T08:04:29Z,2026-05-27T11:26:16Z
45673,5481,delivered,575,0,152,,,,,,16.52,2026-05-24T15:06:57Z,2026-05-27T11:26:16Z
45674,5712,delivered,965,7.99,142,,,,,44991,78.3,2026-04-01T05:06:13Z,2026-05-27T11:26:16Z
45675,5260,cancelled,388,0,152,,,,,,29.42,2026-03-29T20:20:32Z,2026-05-27T11:26:16Z
45676,5257,pending,180,7.99,,,,,,,67.24,2026-05-11T01:02:28Z,2026-05-27T11:26:16Z
45677,5818,confirmed,555,0,145,,,,,45618,39.34,2026-04-21T08:50:17Z,2026-05-27T11:26:16Z
45678,5694,processing,865,7.99,142,,,,,45777,14.95,2026-05-25T22:55:31Z,2026-05-27T11:26:16Z
45679,5883,shipped,640,0,151,,,,,,14.65,2026-04-11T22:58:47Z,2026-05-27T11:26:16Z
45680,5805,delivered,380,14.99,143,,,,,,37.23,2026-04-23T12:06:25Z,2026-05-27T11:26:16Z
45681,5141,delivered,230,0,141,,,,,49087,80.86,2026-05-12T00:35:43Z,2026-05-27T11:26:16Z
45682,5748,delivered,215,7.99,146,,,,,46798,90.15,2026-05-03T11:46:51Z,2026-05-27T11:26:16Z
45683,5779,cancelled,1105,0,142,,,,,48770,76.9,2026-05-13T10:16:49Z,2026-05-27T11:26:16Z
45684,4670,pending,1055,14.99,,,,,,,26.48,2026-05-02T21:52:00Z,2026-05-27T11:26:16Z
45685,4631,confirmed,298,0,145,,,,,,13.53,2026-04-03T19:30:22Z,2026-05-27T11:26:16Z
45686,5886,processing,1114,7.99,145,,,,,44937,13.36,2026-03-29T14:11:17Z,2026-05-27T11:26:16Z
45687,6061,shipped,1365,7.99,151,,,,,45019,15.41,2026-05-13T02:56:25Z,2026-05-27T11:26:16Z
45688,6200,delivered,370,14.99,144,,,,,,81.91,2026-05-22T23:06:17Z,2026-05-27T11:26:16Z
45689,5303,delivered,630,0,143,,,,,,52.85,2026-05-14T20:15:11Z,2026-05-27T11:26:16Z
45690,6099,delivered,445,0,143,,,,,,79.08,2026-05-09T06:15:57Z,2026-05-27T11:26:16Z
45691,5095,cancelled,815,7.99,148,,,,,,18.39,2026-04-06T15:20:12Z,2026-05-27T11:26:16Z
45692,5907,pending,750,0,,,,,,,27.57,2026-03-30T13:40:43Z,2026-05-27T11:26:16Z
45693,6142,confirmed,3390,14.99,147,,,,,,28.9,2026-04-08T06:13:26Z,2026-05-27T11:26:16Z
45694,6056,processing,435,0,146,,,,,,57.23,2026-05-14T12:59:25Z,2026-05-27T11:26:16Z
45695,6053,shipped,3345,7.99,152,,,,,45817,17.95,2026-03-30T04:49:05Z,2026-05-27T11:26:16Z
45696,5321,delivered,75,7.99,150,,,,,,62.3,2026-04-01T12:50:36Z,2026-05-27T11:26:16Z
45697,5360,delivered,1090,0,150,,,,,44925,84.92,2026-04-30T20:32:24Z,2026-05-27T11:26:16Z
45698,4856,delivered,1109,0,152,,,,,48173,55.22,2026-05-08T21:01:30Z,2026-05-27T11:26:16Z
45699,6348,cancelled,710,14.99,147,,,,,,89.3,2026-05-03T17:03:52Z,2026-05-27T11:26:16Z
45700,5754,pending,1430,14.99,,,,,,45877,13.86,2026-05-18T10:35:03Z,2026-05-27T11:26:16Z
45701,4861,confirmed,495,7.99,142,,,,,45482,50.65,2026-05-17T11:05:25Z,2026-05-27T11:26:16Z
45702,4722,processing,590,0,141,,,,,,92.13,2026-05-23T18:57:14Z,2026-05-27T11:26:16Z
45703,5717,shipped,770,0,143,,,,,,58.13,2026-05-18T12:05:31Z,2026-05-27T11:26:16Z
45704,4977,delivered,100,0,146,,,,,,36.36,2026-04-17T22:48:39Z,2026-05-27T11:26:16Z
45705,6300,delivered,310,7.99,143,,,,,46787,61.47,2026-04-19T16:30:36Z,2026-05-27T11:26:16Z
45706,6484,delivered,70,7.99,150,,,,,47594,94.44,2026-05-10T13:09:12Z,2026-05-27T11:26:16Z
45707,4603,cancelled,840,7.99,142,,,,,,81.61,2026-04-02T12:44:29Z,2026-05-27T11:26:16Z
45708,5435,pending,990,7.99,,,,,,47761,42.73,2026-05-06T19:57:45Z,2026-05-27T11:26:16Z
45709,4689,confirmed,283,14.99,149,,,,,,11.09,2026-04-09T03:46:49Z,2026-05-27T11:26:16Z
45710,4654,processing,575,0,150,,,,,48054,91.87,2026-04-30T18:30:02Z,2026-05-27T11:26:16Z
45711,5321,shipped,1020,0,152,,,,,,86.79,2026-05-25T07:00:56Z,2026-05-27T11:26:16Z
45712,5083,delivered,2250,7.99,152,,,,,,32.44,2026-05-04T06:32:31Z,2026-05-27T11:26:16Z
45713,5934,delivered,445,7.99,145,,,,,,58.96,2026-04-23T05:39:42Z,2026-05-27T11:26:16Z
45714,5925,delivered,340,0,146,,,,,,82.31,2026-04-06T07:16:37Z,2026-05-27T11:26:16Z
45715,5020,cancelled,865,7.99,145,,,,,,27.29,2026-04-27T09:55:02Z,2026-05-27T11:26:16Z
45716,5843,pending,350,0,,,,,,45337,80.24,2026-04-24T22:29:33Z,2026-05-27T11:26:16Z
45717,6536,confirmed,1080,7.99,148,,,,,,78.46,2026-05-01T23:20:55Z,2026-05-27T11:26:16Z
45718,5040,processing,120,7.99,144,,,,,,30.2,2026-05-02T11:31:27Z,2026-05-27T11:26:16Z
45719,6008,shipped,565,7.99,146,,,,,,39.83,2026-04-30T17:02:09Z,2026-05-27T11:26:16Z
45720,6455,delivered,555,0,149,,,,,,46.64,2026-04-09T02:09:50Z,2026-05-27T11:26:16Z
45721,6236,delivered,95,7.99,151,,,,,,18.62,2026-04-15T07:12:27Z,2026-05-27T11:26:16Z
45722,6114,delivered,240,14.99,142,,,,,45435,59.17,2026-04-16T13:19:03Z,2026-05-27T11:26:16Z
45723,6260,cancelled,1585,0,152,,,,,,18.07,2026-04-12T02:25:01Z,2026-05-27T11:26:16Z
45724,4756,pending,2320,7.99,,,,,,44919,45.68,2026-04-28T09:52:18Z,2026-05-27T11:26:16Z
45725,5541,confirmed,195,14.99,150,,,,,,32.42,2026-04-13T03:02:20Z,2026-05-27T11:26:16Z
45726,5258,processing,680,0,146,,,,,,77.21,2026-04-12T13:28:33Z,2026-05-27T11:26:16Z
45727,5893,shipped,630,7.99,142,,,,,,31.91,2026-05-04T06:54:15Z,2026-05-27T11:26:16Z
45728,5684,delivered,500,14.99,141,,,,,45477,35.83,2026-05-10T18:50:16Z,2026-05-27T11:26:16Z
45729,6458,delivered,205,7.99,143,,,,,,62.12,2026-05-17T21:21:23Z,2026-05-27T11:26:16Z
45730,5904,delivered,895,0,141,,,,,,78.47,2026-05-08T04:49:18Z,2026-05-27T11:26:16Z
45731,6469,cancelled,25,7.99,151,,,,,,45.06,2026-04-13T20:45:45Z,2026-05-27T11:26:16Z
45732,4817,pending,598,7.99,,,,,,,22.01,2026-05-19T11:50:57Z,2026-05-27T11:26:16Z
45733,5541,confirmed,810,0,143,,,,,,18.4,2026-05-14T06:26:34Z,2026-05-27T11:26:16Z
45734,6208,processing,465,0,147,,,,,,93.05,2026-04-16T04:27:45Z,2026-05-27T11:26:16Z
45735,4793,shipped,0,7.99,143,,,,,,83.72,2026-04-29T15:21:58Z,2026-05-27T11:26:16Z
45736,5863,delivered,235,7.99,141,,,,,,37.47,2026-05-03T13:48:02Z,2026-05-27T11:26:16Z
45737,4755,delivered,885,7.99,150,,,,,,59.81,2026-03-29T22:49:33Z,2026-05-27T11:26:16Z
45738,5752,delivered,660,0,146,,,,,,45.94,2026-05-22T12:57:13Z,2026-05-27T11:26:16Z
45739,5477,cancelled,1420,7.99,143,,,,,46513,37.67,2026-04-01T01:35:01Z,2026-05-27T11:26:16Z
45740,4923,pending,960,0,,,,,,,71.84,2026-05-22T10:10:20Z,2026-05-27T11:26:16Z
45741,6077,confirmed,1515,7.99,151,,,,,,17.08,2026-04-10T16:09:03Z,2026-05-27T11:26:16Z
45742,4673,processing,825,0,143,,,,,,26.78,2026-05-21T02:56:55Z,2026-05-27T11:26:16Z
45743,5452,shipped,480,0,142,,,,,48001,61.71,2026-05-14T00:24:18Z,2026-05-27T11:26:16Z
45744,4909,delivered,520,7.99,146,,,,,48884,47.91,2026-04-20T04:01:34Z,2026-05-27T11:26:16Z
45745,5645,delivered,785,7.99,150,,,,,,23.8,2026-04-10T01:08:40Z,2026-05-27T11:26:16Z
45746,6290,delivered,2615,14.99,143,,,,,,35.11,2026-04-28T22:43:00Z,2026-05-27T11:26:16Z
45747,5385,cancelled,155,7.99,143,,,,,,23.85,2026-04-11T10:45:42Z,2026-05-27T11:26:16Z
45748,6394,pending,785,0,,,,,,,52.07,2026-05-13T01:03:29Z,2026-05-27T11:26:16Z
45749,4557,confirmed,450,0,150,,,,,46110,12.21,2026-05-06T02:26:52Z,2026-05-27T11:26:16Z
45750,5055,processing,105,7.99,150,,,,,,11.52,2026-05-03T02:43:48Z,2026-05-27T11:26:16Z
45751,6001,shipped,2380,7.99,143,,,,,48499,31.83,2026-04-15T15:10:19Z,2026-05-27T11:26:16Z
45752,5461,delivered,89,14.99,144,,,,,,24.47,2026-04-11T09:13:44Z,2026-05-27T11:26:16Z
45753,5215,delivered,178,7.99,149,,,,,46709,69.94,2026-05-12T06:48:40Z,2026-05-27T11:26:16Z
45754,4549,delivered,360,0,147,,,,,46921,44.89,2026-05-13T20:40:20Z,2026-05-27T11:26:16Z
45755,5218,cancelled,390,0,141,,,,,,14.38,2026-05-26T02:07:50Z,2026-05-27T11:26:16Z
45756,4589,pending,680,7.99,,,,,,,77.79,2026-04-25T20:33:22Z,2026-05-27T11:26:16Z
45757,5976,confirmed,1290,0,149,,,,,46271,41.33,2026-03-30T16:33:29Z,2026-05-27T11:26:16Z
45758,5556,processing,340,0,142,,,,,48900,90.07,2026-05-02T20:26:38Z,2026-05-27T11:26:16Z
45759,5275,shipped,1150,7.99,145,,,,,46805,53.14,2026-05-12T00:39:25Z,2026-05-27T11:26:16Z
45760,5932,delivered,650,7.99,152,,,,,,56.05,2026-04-30T23:16:38Z,2026-05-27T11:26:16Z
45761,5090,delivered,0,7.99,148,,,,,,66.01,2026-05-24T20:54:11Z,2026-05-27T11:26:16Z
45762,6245,delivered,780,7.99,150,,,,,,29.26,2026-04-08T17:05:45Z,2026-05-27T11:26:16Z
45763,5558,cancelled,417,7.99,146,,,,,,15.43,2026-05-13T08:18:33Z,2026-05-27T11:26:16Z
45764,5917,pending,720,0,,,,,,,92.6,2026-04-04T21:13:27Z,2026-05-27T11:26:16Z
45765,6310,confirmed,320,14.99,149,,,,,46786,74.56,2026-05-03T10:50:51Z,2026-05-27T11:26:16Z
45766,6365,processing,0,0,146,,,,,46259,82,2026-05-02T19:50:40Z,2026-05-27T11:26:16Z
45767,5888,shipped,375,0,151,,,,,,25.38,2026-05-08T19:50:28Z,2026-05-27T11:26:16Z
45768,6045,delivered,1270,0,143,,,,,,75.33,2026-04-16T04:24:33Z,2026-05-27T11:26:16Z
45769,5506,delivered,1019,0,143,,,,,,40.21,2026-04-05T03:29:10Z,2026-05-27T11:26:16Z
45770,4841,delivered,210,0,146,,,,,47826,80.15,2026-05-04T13:10:10Z,2026-05-27T11:26:16Z
45771,5115,cancelled,40,0,145,,,,,45497,93.97,2026-05-24T04:36:38Z,2026-05-27T11:26:16Z
45772,6517,pending,1770,7.99,,,,,,,81.47,2026-05-17T18:07:21Z,2026-05-27T11:26:16Z
45773,4704,confirmed,180,7.99,144,,,,,,18.61,2026-05-08T16:39:31Z,2026-05-27T11:26:16Z
45774,5476,processing,2110,14.99,144,,,,,45123,28.77,2026-05-16T20:04:17Z,2026-05-27T11:26:16Z
45775,6305,shipped,89,7.99,150,,,,,,46.49,2026-04-04T06:14:48Z,2026-05-27T11:26:16Z
45776,5252,delivered,730,7.99,145,,,,,,63.41,2026-04-15T06:48:50Z,2026-05-27T11:26:16Z
45777,5613,delivered,130,7.99,144,,,,,,22.88,2026-04-11T20:55:10Z,2026-05-27T11:26:16Z
45778,4612,delivered,524,0,150,,,,,49467,19.71,2026-05-24T10:57:00Z,2026-05-27T11:26:16Z
45779,6075,cancelled,1065,14.99,143,,,,,46797,60.93,2026-04-27T17:35:12Z,2026-05-27T11:26:16Z
45780,5481,pending,2430,14.99,,,,,,,93.47,2026-05-22T21:34:53Z,2026-05-27T11:26:16Z
45781,6042,confirmed,655,0,143,,,,,,52.2,2026-04-08T11:55:54Z,2026-05-27T11:26:16Z
45782,6000,processing,25,7.99,143,,,,,,14.17,2026-04-02T00:47:42Z,2026-05-27T11:26:16Z
45783,4840,shipped,285,14.99,146,,,,,,52.53,2026-04-28T13:49:13Z,2026-05-27T11:26:16Z
45784,6142,delivered,610,14.99,144,,,,,,15.94,2026-04-02T06:35:32Z,2026-05-27T11:26:16Z
45785,6540,delivered,955,14.99,143,,,,,,94.97,2026-05-10T00:36:17Z,2026-05-27T11:26:16Z
45786,4572,delivered,785,7.99,150,,,,,,46.21,2026-04-10T14:35:51Z,2026-05-27T11:26:16Z
45787,5746,cancelled,2150,7.99,142,,,,,,88.54,2026-05-09T18:31:02Z,2026-05-27T11:26:16Z
45788,6015,pending,660,7.99,,,,,,,15.23,2026-05-17T08:39:16Z,2026-05-27T11:26:16Z
45789,5352,confirmed,630,7.99,141,,,,,,64.66,2026-04-24T10:10:55Z,2026-05-27T11:26:16Z
45790,6323,processing,260,0,146,,,,,45662,38.77,2026-05-19T19:33:14Z,2026-05-27T11:26:16Z
45791,5720,shipped,2780,7.99,144,,,,,,93.56,2026-04-15T11:17:21Z,2026-05-27T11:26:16Z
45792,6159,delivered,435,14.99,141,,,,,,50.5,2026-05-12T11:50:24Z,2026-05-27T11:26:16Z
45793,5521,delivered,1100,0,148,,,,,,77.71,2026-03-29T00:43:17Z,2026-05-27T11:26:16Z
45794,6128,delivered,874,7.99,144,,,,,48954,16,2026-04-18T07:36:45Z,2026-05-27T11:26:16Z
45795,5501,cancelled,680,7.99,150,,,,,,22.53,2026-04-03T23:52:02Z,2026-05-27T11:26:16Z
45796,5956,pending,1785,7.99,,,,,,47425,68.16,2026-04-07T13:12:39Z,2026-05-27T11:26:16Z
45797,5105,confirmed,780,7.99,149,,,,,,23.71,2026-05-20T21:23:03Z,2026-05-27T11:26:16Z
45798,5861,processing,790,7.99,143,,,,,,17.64,2026-04-15T13:55:06Z,2026-05-27T11:26:16Z
45799,4780,shipped,1745,7.99,148,,,,,,25.14,2026-05-18T17:19:13Z,2026-05-27T11:26:16Z
45800,5981,delivered,460,0,141,,,,,,22.65,2026-04-17T02:41:12Z,2026-05-27T11:26:16Z
45801,4937,delivered,520,7.99,152,,,,,,27.9,2026-04-10T06:43:11Z,2026-05-27T11:26:16Z
45802,4853,delivered,1280,14.99,143,,,,,,61.48,2026-04-29T17:20:01Z,2026-05-27T11:26:16Z
45803,5576,cancelled,1527,0,149,,,,,,51.72,2026-05-16T04:49:20Z,2026-05-27T11:26:16Z
45804,5603,pending,120,0,,,,,,,74.04,2026-05-05T21:25:22Z,2026-05-27T11:26:16Z
45805,5331,confirmed,1440,0,143,,,,,44581,52.74,2026-04-17T12:52:32Z,2026-05-27T11:26:16Z
45806,5904,processing,2322,7.99,151,,,,,,92.49,2026-04-15T06:53:04Z,2026-05-27T11:26:16Z
45807,5898,shipped,345,0,141,,,,,,53.48,2026-04-05T11:41:56Z,2026-05-27T11:26:16Z
45808,6202,delivered,330,0,143,,,,,48680,84.04,2026-04-15T09:29:37Z,2026-05-27T11:26:16Z
45809,5097,delivered,260,7.99,151,,,,,,49.71,2026-04-08T17:02:25Z,2026-05-27T11:26:17Z
45810,6267,delivered,505,7.99,149,,,,,,44.81,2026-05-27T09:27:25Z,2026-05-27T11:26:17Z
45811,5902,cancelled,89,7.99,145,,,,,,78.34,2026-04-09T15:15:15Z,2026-05-27T11:26:17Z
45812,5079,pending,1410,7.99,,,,,,,22.59,2026-04-30T05:22:39Z,2026-05-27T11:26:17Z
45813,5892,confirmed,620,14.99,152,,,,,45126,93.86,2026-04-06T03:28:17Z,2026-05-27T11:26:17Z
45814,5411,processing,720,7.99,146,,,,,,82.87,2026-04-22T12:02:42Z,2026-05-27T11:26:17Z
45815,5967,shipped,0,0,143,,,,,,49.02,2026-05-25T23:37:34Z,2026-05-27T11:26:17Z
45816,4939,delivered,1095,14.99,152,,,,,44909,27.02,2026-03-30T17:35:42Z,2026-05-27T11:26:17Z
45817,4891,delivered,230,7.99,151,,,,,46442,29.13,2026-05-19T16:32:22Z,2026-05-27T11:26:17Z
45818,4839,delivered,1440,14.99,146,,,,,,86.12,2026-05-17T08:20:14Z,2026-05-27T11:26:17Z
45819,6023,cancelled,140,7.99,150,,,,,46776,19.03,2026-05-26T04:02:32Z,2026-05-27T11:26:17Z
45820,4800,pending,1380,14.99,,,,,,48730,89.06,2026-04-08T03:41:51Z,2026-05-27T11:26:17Z
45821,5306,confirmed,210,7.99,152,,,,,45274,49.98,2026-05-08T21:13:42Z,2026-05-27T11:26:17Z
45822,4737,processing,150,7.99,141,,,,,,68.93,2026-04-22T22:59:18Z,2026-05-27T11:26:17Z
45823,5521,shipped,865,7.99,145,,,,,,92.45,2026-03-28T21:19:39Z,2026-05-27T11:26:17Z
45824,4804,delivered,559,14.99,144,,,,,46483,41.88,2026-05-12T06:32:31Z,2026-05-27T11:26:17Z
45825,6539,delivered,672,0,147,,,,,,82.54,2026-04-30T14:30:01Z,2026-05-27T11:26:17Z
45826,6085,delivered,285,7.99,146,,,,,,79.18,2026-05-16T12:58:33Z,2026-05-27T11:26:17Z
45827,5782,cancelled,648,7.99,148,,,,,,82.72,2026-03-30T05:26:34Z,2026-05-27T11:26:17Z
45828,4558,pending,939,7.99,,,,,,46673,45.97,2026-04-24T07:00:20Z,2026-05-27T11:26:17Z
45829,6387,confirmed,625,7.99,142,,,,,,70.84,2026-05-03T15:20:51Z,2026-05-27T11:26:17Z
45830,5133,processing,1720,7.99,150,,,,,,13.85,2026-05-19T18:02:49Z,2026-05-27T11:26:17Z
45831,5021,shipped,95,0,150,,,,,,68.45,2026-04-05T12:00:39Z,2026-05-27T11:26:17Z
45832,4692,delivered,620,7.99,147,,,,,,59.95,2026-05-04T01:49:06Z,2026-05-27T11:26:17Z
45833,5485,delivered,475,0,141,,,,,,68.82,2026-05-02T21:55:21Z,2026-05-27T11:26:17Z
45834,6383,delivered,190,14.99,151,,,,,,88.01,2026-05-03T02:04:13Z,2026-05-27T11:26:17Z
45835,6173,cancelled,75,0,148,,,,,45072,66.74,2026-04-10T12:44:05Z,2026-05-27T11:26:17Z
45836,4787,pending,2215,14.99,,,,,,47067,76.1,2026-05-10T19:34:55Z,2026-05-27T11:26:17Z
45837,4665,confirmed,390,7.99,147,,,,,46121,71.04,2026-04-03T14:10:27Z,2026-05-27T11:26:17Z
45838,4586,processing,110,7.99,151,,,,,49224,68.2,2026-04-04T23:32:32Z,2026-05-27T11:26:17Z
45839,4637,shipped,1325,14.99,149,,,,,,86.83,2026-05-07T18:50:00Z,2026-05-27T11:26:17Z
45840,6502,delivered,650,0,141,,,,,47094,93.79,2026-04-08T11:10:37Z,2026-05-27T11:26:17Z
45841,6079,delivered,110,7.99,145,,,,,48204,54.06,2026-05-04T02:38:00Z,2026-05-27T11:26:17Z
45842,5428,delivered,1260,7.99,142,,,,,,75.12,2026-05-19T09:04:22Z,2026-05-27T11:26:17Z
45843,6380,cancelled,0,7.99,147,,,,,45598,20.3,2026-04-08T03:48:03Z,2026-05-27T11:26:17Z
45844,4669,pending,950,0,,,,,,,54.83,2026-04-22T18:25:12Z,2026-05-27T11:26:17Z
45845,6078,confirmed,345,7.99,152,,,,,,51.02,2026-04-04T13:05:54Z,2026-05-27T11:26:17Z
45846,4911,processing,385,7.99,144,,,,,,92.39,2026-05-12T23:34:22Z,2026-05-27T11:26:17Z
45847,6323,shipped,90,0,152,,,,,47473,45.81,2026-04-20T11:16:24Z,2026-05-27T11:26:17Z
45848,4655,delivered,1770,7.99,147,,,,,,73.99,2026-05-14T01:56:23Z,2026-05-27T11:26:17Z
45849,6238,delivered,0,14.99,145,,,,,,28.45,2026-05-11T13:56:23Z,2026-05-27T11:26:17Z
45850,5683,delivered,675,7.99,149,,,,,,21.03,2026-04-26T22:00:25Z,2026-05-27T11:26:17Z
45851,5096,cancelled,550,14.99,141,,,,,49153,67.38,2026-05-03T21:31:56Z,2026-05-27T11:26:17Z
45852,5695,pending,505,0,,,,,,,75.59,2026-04-24T18:45:12Z,2026-05-27T11:26:17Z
45853,6429,confirmed,135,0,141,,,,,48128,71.71,2026-04-22T13:08:01Z,2026-05-27T11:26:17Z
45854,4568,processing,1080,7.99,144,,,,,,22.19,2026-04-28T05:16:29Z,2026-05-27T11:26:17Z
45855,4739,shipped,595,7.99,146,,,,,,56.53,2026-05-21T12:18:45Z,2026-05-27T11:26:17Z
45856,4700,delivered,520,7.99,148,,,,,,63.09,2026-04-27T13:01:44Z,2026-05-27T11:26:17Z
45857,4927,delivered,402,14.99,151,,,,,,62.86,2026-05-24T02:45:44Z,2026-05-27T11:26:17Z
45858,5841,delivered,235,7.99,151,,,,,,17.42,2026-05-22T21:38:24Z,2026-05-27T11:26:17Z
45859,5050,cancelled,190,7.99,146,,,,,,88.66,2026-05-10T18:45:31Z,2026-05-27T11:26:17Z
45860,6355,pending,790,0,,,,,,,58.23,2026-05-03T05:39:42Z,2026-05-27T11:26:17Z
45861,5527,confirmed,325,14.99,143,,,,,46424,54.15,2026-03-31T06:01:55Z,2026-05-27T11:26:17Z
45862,6371,processing,375,14.99,149,,,,,,78.44,2026-04-12T23:50:46Z,2026-05-27T11:26:17Z
45863,5754,shipped,1045,0,142,,,,,46555,52.42,2026-05-19T02:07:51Z,2026-05-27T11:26:17Z
45864,4580,delivered,267,7.99,146,,,,,45050,88.84,2026-04-24T16:49:30Z,2026-05-27T11:26:17Z
45865,5740,delivered,870,7.99,141,,,,,,58.09,2026-04-06T12:12:33Z,2026-05-27T11:26:17Z
45866,5180,delivered,395,7.99,143,,,,,,43.2,2026-04-12T05:43:07Z,2026-05-27T11:26:17Z
45867,5038,cancelled,259,7.99,142,,,,,46374,32.62,2026-04-14T06:10:42Z,2026-05-27T11:26:17Z
45868,6280,pending,570,7.99,,,,,,,74.63,2026-03-31T14:04:43Z,2026-05-27T11:26:17Z
45869,4871,confirmed,245,7.99,151,,,,,,94.7,2026-04-28T19:11:47Z,2026-05-27T11:26:17Z
45870,6513,processing,25,0,149,,,,,48135,18.61,2026-05-03T20:27:45Z,2026-05-27T11:26:17Z
45871,5094,shipped,800,14.99,151,,,,,,66.42,2026-05-21T19:16:37Z,2026-05-27T11:26:17Z
45872,6448,delivered,755,0,148,,,,,,72.5,2026-04-21T11:10:55Z,2026-05-27T11:26:17Z
45873,4758,delivered,190,14.99,148,,,,,,75.44,2026-04-29T20:17:52Z,2026-05-27T11:26:17Z
45874,6376,delivered,435,7.99,141,,,,,,76.65,2026-04-09T09:20:55Z,2026-05-27T11:26:17Z
45875,4697,cancelled,1255,7.99,142,,,,,,78.16,2026-05-13T08:57:51Z,2026-05-27T11:26:17Z
45876,4880,pending,50,14.99,,,,,,47655,46.52,2026-04-03T21:10:23Z,2026-05-27T11:26:17Z
45877,5998,confirmed,478,14.99,147,,,,,,17.07,2026-05-03T18:25:19Z,2026-05-27T11:26:17Z
45878,6220,processing,820,14.99,151,,,,,,54.01,2026-05-19T22:07:52Z,2026-05-27T11:26:17Z
45879,4733,shipped,85,14.99,141,,,,,,82.27,2026-04-14T01:08:47Z,2026-05-27T11:26:17Z
45880,5394,delivered,1945,7.99,143,,,,,48720,86.72,2026-05-09T07:28:33Z,2026-05-27T11:26:17Z
45881,6226,delivered,535,0,148,,,,,,73.8,2026-04-03T12:00:59Z,2026-05-27T11:26:17Z
45882,5311,delivered,690,7.99,152,,,,,49257,22.3,2026-04-13T04:57:52Z,2026-05-27T11:26:17Z
45883,5163,cancelled,457,0,148,,,,,47350,48.71,2026-04-15T05:39:32Z,2026-05-27T11:26:17Z
45884,6300,pending,40,7.99,,,,,,48420,18.21,2026-05-11T11:26:34Z,2026-05-27T11:26:17Z
45885,5089,confirmed,790,7.99,148,,,,,,60.47,2026-05-07T07:32:55Z,2026-05-27T11:26:17Z
45886,5834,processing,1110,0,145,,,,,,67.73,2026-05-18T22:15:08Z,2026-05-27T11:26:17Z
45887,5780,shipped,1489,7.99,145,,,,,47370,47.03,2026-04-30T16:44:06Z,2026-05-27T11:26:17Z
45888,5195,delivered,867,14.99,146,,,,,,38.56,2026-04-10T04:30:30Z,2026-05-27T11:26:17Z
45889,5930,delivered,345,7.99,148,,,,,,44.54,2026-04-06T07:04:23Z,2026-05-27T11:26:17Z
45890,5851,delivered,2350,7.99,151,,,,,49175,50.83,2026-04-05T16:28:44Z,2026-05-27T11:26:17Z
45891,6008,cancelled,435,7.99,142,,,,,,82.84,2026-05-19T01:10:03Z,2026-05-27T11:26:17Z
45892,5876,pending,1678,7.99,,,,,,,79.81,2026-04-27T07:26:36Z,2026-05-27T11:26:17Z
45893,4914,confirmed,720,7.99,148,,,,,47426,80.76,2026-05-08T11:13:30Z,2026-05-27T11:26:17Z
45894,5584,processing,925,14.99,150,,,,,,68.59,2026-05-22T00:47:45Z,2026-05-27T11:26:17Z
45895,6404,shipped,267,7.99,151,,,,,,84.56,2026-05-18T08:23:54Z,2026-05-27T11:26:17Z
45896,5041,delivered,2450,7.99,144,,,,,,32.67,2026-05-21T10:35:41Z,2026-05-27T11:26:17Z
45897,5544,delivered,950,14.99,151,,,,,48458,56.71,2026-05-11T21:29:42Z,2026-05-27T11:26:17Z
45898,5885,delivered,2158,0,145,,,,,,21.77,2026-04-11T01:42:34Z,2026-05-27T11:26:17Z
45899,6316,cancelled,330,0,141,,,,,45615,84.73,2026-05-24T09:12:37Z,2026-05-27T11:26:17Z
45900,6030,pending,1200,7.99,,,,,,,94.53,2026-04-05T09:53:31Z,2026-05-27T11:26:17Z
45901,4736,confirmed,1330,0,141,,,,,,16.2,2026-04-09T19:30:04Z,2026-05-27T11:26:17Z
45902,5112,processing,430,7.99,142,,,,,,93.61,2026-04-07T21:38:57Z,2026-05-27T11:26:17Z
45903,5995,shipped,2150,7.99,152,,,,,,62.22,2026-04-25T13:23:29Z,2026-05-27T11:26:17Z
45904,4891,delivered,725,7.99,147,,,,,45995,75.16,2026-05-12T06:03:56Z,2026-05-27T11:26:17Z
45905,4999,delivered,1130,7.99,144,,,,,,80.22,2026-04-06T17:07:29Z,2026-05-27T11:26:17Z
45906,5607,delivered,1775,0,146,,,,,,88.92,2026-05-06T19:37:57Z,2026-05-27T11:26:17Z
45907,6011,cancelled,915,14.99,144,,,,,,55.29,2026-05-15T02:18:13Z,2026-05-27T11:26:17Z
45908,6393,pending,348,0,,,,,,48858,81.9,2026-04-15T18:26:07Z,2026-05-27T11:26:17Z
45909,5143,confirmed,25,0,142,,,,,,63.85,2026-04-11T19:27:41Z,2026-05-27T11:26:17Z
45910,6241,processing,1500,7.99,151,,,,,49466,41.29,2026-05-03T13:04:47Z,2026-05-27T11:26:17Z
45911,6391,shipped,300,7.99,146,,,,,48674,84.86,2026-05-06T15:53:59Z,2026-05-27T11:26:17Z
45912,5965,delivered,95,14.99,144,,,,,,75.74,2026-04-14T17:12:37Z,2026-05-27T11:26:17Z
45913,5556,delivered,274,7.99,150,,,,,,65.68,2026-04-13T19:30:10Z,2026-05-27T11:26:17Z
45914,5928,delivered,835,7.99,143,,,,,,89.87,2026-04-02T07:43:47Z,2026-05-27T11:26:17Z
45915,4864,cancelled,498,7.99,146,,,,,,29.64,2026-04-25T21:07:23Z,2026-05-27T11:26:17Z
45916,5169,pending,390,7.99,,,,,,,45.68,2026-03-29T18:16:01Z,2026-05-27T11:26:17Z
45917,5165,confirmed,440,0,149,,,,,,32.39,2026-05-04T16:12:15Z,2026-05-27T11:26:17Z
45918,5111,processing,405,0,145,,,,,47961,54.05,2026-04-04T13:01:37Z,2026-05-27T11:26:17Z
45919,5263,shipped,0,0,147,,,,,,83.35,2026-05-10T23:19:40Z,2026-05-27T11:26:17Z
45920,6157,delivered,0,14.99,147,,,,,,30.34,2026-04-21T10:43:37Z,2026-05-27T11:26:17Z
45921,5449,delivered,325,14.99,143,,,,,,47.06,2026-04-04T20:49:23Z,2026-05-27T11:26:17Z
45922,5946,delivered,429,7.99,145,,,,,47849,56.24,2026-05-03T05:50:52Z,2026-05-27T11:26:17Z
45923,4879,cancelled,740,7.99,150,,,,,47231,66.42,2026-05-06T10:01:16Z,2026-05-27T11:26:17Z
45924,5146,pending,750,7.99,,,,,,,59.86,2026-05-16T18:55:34Z,2026-05-27T11:26:17Z
45925,5934,confirmed,855,0,145,,,,,,21.44,2026-05-20T10:02:42Z,2026-05-27T11:26:17Z
45926,5745,processing,195,7.99,150,,,,,45829,58.73,2026-04-23T15:24:15Z,2026-05-27T11:26:17Z
45927,5237,shipped,1920,0,150,,,,,,73.52,2026-04-18T00:46:05Z,2026-05-27T11:26:17Z
45928,5542,delivered,540,14.99,152,,,,,,34.3,2026-04-02T11:06:51Z,2026-05-27T11:26:17Z
45929,4814,delivered,210,14.99,152,,,,,,85.18,2026-05-19T22:20:47Z,2026-05-27T11:26:17Z
45930,5941,delivered,1945,14.99,145,,,,,48802,75.44,2026-05-19T00:11:32Z,2026-05-27T11:26:17Z
45931,5066,cancelled,30,0,141,,,,,,44.7,2026-04-06T20:24:23Z,2026-05-27T11:26:17Z
45932,5001,pending,1590,7.99,,,,,,45117,60.11,2026-05-10T16:31:42Z,2026-05-27T11:26:17Z
45933,5066,confirmed,1000,7.99,146,,,,,,61.94,2026-04-29T20:06:03Z,2026-05-27T11:26:17Z
45934,5162,processing,180,0,142,,,,,,18.76,2026-05-19T17:03:49Z,2026-05-27T11:26:17Z
45935,4762,shipped,900,7.99,147,,,,,,82.1,2026-05-02T22:09:58Z,2026-05-27T11:26:17Z
45936,5129,delivered,1320,0,147,,,,,48315,70.45,2026-04-10T22:20:15Z,2026-05-27T11:26:17Z
45937,5226,delivered,460,7.99,143,,,,,,76.92,2026-04-13T09:32:15Z,2026-05-27T11:26:17Z
45938,6323,delivered,850,7.99,144,,,,,,21.74,2026-04-11T20:29:41Z,2026-05-27T11:26:17Z
45939,5311,cancelled,780,7.99,142,,,,,,53.15,2026-05-15T20:23:58Z,2026-05-27T11:26:17Z
45940,4879,pending,390,7.99,,,,,,,20.03,2026-05-11T11:26:37Z,2026-05-27T11:26:17Z
45941,6002,confirmed,240,0,142,,,,,,42.54,2026-05-11T00:21:42Z,2026-05-27T11:26:17Z
45942,4757,processing,280,7.99,144,,,,,,24.04,2026-04-01T17:32:03Z,2026-05-27T11:26:17Z
45943,5045,shipped,475,7.99,142,,,,,,59.17,2026-04-22T11:35:21Z,2026-05-27T11:26:17Z
45944,5881,delivered,370,14.99,148,,,,,,65.46,2026-04-22T00:38:43Z,2026-05-27T11:26:17Z
45945,5794,delivered,780,0,141,,,,,48279,72.76,2026-04-21T09:45:23Z,2026-05-27T11:26:17Z
45946,6347,delivered,585,14.99,141,,,,,,11.04,2026-04-30T01:38:12Z,2026-05-27T11:26:17Z
45947,6453,cancelled,955,7.99,150,,,,,,41.64,2026-04-16T02:05:35Z,2026-05-27T11:26:17Z
45948,5845,pending,2360,7.99,,,,,,49103,11.71,2026-05-14T19:42:51Z,2026-05-27T11:26:17Z
45949,5647,confirmed,630,0,145,,,,,,41.41,2026-05-19T08:31:42Z,2026-05-27T11:26:17Z
45950,4592,processing,230,14.99,150,,,,,,85.2,2026-04-04T02:19:54Z,2026-05-27T11:26:17Z
45951,4630,shipped,0,14.99,143,,,,,46833,12.91,2026-05-19T02:09:18Z,2026-05-27T11:26:17Z
45952,4713,delivered,670,7.99,148,,,,,,34.6,2026-05-05T19:51:19Z,2026-05-27T11:26:17Z
45953,6386,delivered,20,7.99,150,,,,,,58.63,2026-04-20T16:42:37Z,2026-05-27T11:26:17Z
45954,5180,delivered,285,14.99,151,,,,,,52.59,2026-05-23T10:06:25Z,2026-05-27T11:26:17Z
45955,5201,cancelled,89,7.99,150,,,,,45669,44.82,2026-04-04T01:13:26Z,2026-05-27T11:26:17Z
45956,4604,pending,985,0,,,,,,,38.96,2026-04-13T21:41:31Z,2026-05-27T11:26:17Z
45957,5057,confirmed,1065,0,146,,,,,,41.58,2026-05-09T15:49:08Z,2026-05-27T11:26:17Z
45958,4884,processing,1380,14.99,145,,,,,,84.99,2026-04-28T14:29:40Z,2026-05-27T11:26:17Z
45959,6236,shipped,179,7.99,148,,,,,,62.81,2026-05-21T05:23:52Z,2026-05-27T11:26:17Z
45960,5860,delivered,2184,7.99,147,,,,,,86.56,2026-04-10T20:17:56Z,2026-05-27T11:26:17Z
45961,4602,delivered,378,14.99,145,,,,,48630,79.37,2026-05-12T13:59:04Z,2026-05-27T11:26:17Z
45962,4982,delivered,330,14.99,149,,,,,46370,20.93,2026-05-14T09:21:13Z,2026-05-27T11:26:17Z
45963,5765,cancelled,380,7.99,151,,,,,,27.11,2026-04-21T13:14:26Z,2026-05-27T11:26:17Z
45964,5918,pending,230,7.99,,,,,,,18.4,2026-04-07T03:02:44Z,2026-05-27T11:26:17Z
45965,5066,confirmed,897,7.99,147,,,,,,89.61,2026-04-07T06:03:21Z,2026-05-27T11:26:17Z
45966,4869,processing,120,14.99,144,,,,,,80.38,2026-05-14T13:55:41Z,2026-05-27T11:26:17Z
45967,5458,shipped,975,14.99,144,,,,,,45.64,2026-04-24T15:12:00Z,2026-05-27T11:26:17Z
45968,4645,delivered,360,7.99,150,,,,,,90.39,2026-05-20T00:19:28Z,2026-05-27T11:26:17Z
45969,4548,delivered,640,7.99,151,,,,,,65.13,2026-05-21T15:40:46Z,2026-05-27T11:26:17Z
45970,5056,delivered,1460,0,145,,,,,,63.74,2026-04-27T08:29:03Z,2026-05-27T11:26:17Z
45971,5457,cancelled,260,0,149,,,,,,50.69,2026-04-03T17:30:35Z,2026-05-27T11:26:17Z
45972,6344,pending,605,7.99,,,,,,46153,57.73,2026-05-23T19:28:52Z,2026-05-27T11:26:17Z
45973,6356,confirmed,985,7.99,146,,,,,,82.48,2026-05-22T08:59:44Z,2026-05-27T11:26:17Z
45974,5565,processing,1065,7.99,145,,,,,,54.3,2026-05-26T09:19:35Z,2026-05-27T11:26:17Z
45975,5963,shipped,420,7.99,141,,,,,48105,61.11,2026-05-11T11:40:35Z,2026-05-27T11:26:17Z
45976,5669,delivered,0,14.99,151,,,,,,63.16,2026-05-16T23:00:44Z,2026-05-27T11:26:17Z
45977,5101,delivered,1470,7.99,147,,,,,,25,2026-05-05T10:08:03Z,2026-05-27T11:26:17Z
45978,5895,delivered,630,7.99,148,,,,,,57.45,2026-05-11T04:09:39Z,2026-05-27T11:26:17Z
45979,4641,cancelled,1770,7.99,147,,,,,,13.89,2026-05-16T07:04:48Z,2026-05-27T11:26:17Z
45980,6308,pending,830,7.99,,,,,,,10.94,2026-05-13T21:15:10Z,2026-05-27T11:26:17Z
45981,4857,confirmed,1200,0,151,,,,,,43.42,2026-04-06T04:47:29Z,2026-05-27T11:26:17Z
45982,4987,processing,1315,0,142,,,,,,32.7,2026-04-10T18:07:27Z,2026-05-27T11:26:17Z
45983,5421,shipped,897,7.99,142,,,,,,75.32,2026-05-16T06:31:51Z,2026-05-27T11:26:17Z
45984,4961,delivered,850,0,145,,,,,,15.95,2026-05-02T22:11:15Z,2026-05-27T11:26:17Z
45985,5363,delivered,440,7.99,145,,,,,,70.45,2026-05-03T11:17:04Z,2026-05-27T11:26:17Z
45986,5734,delivered,135,0,142,,,,,,47.15,2026-05-07T02:52:38Z,2026-05-27T11:26:17Z
45987,5032,cancelled,30,7.99,141,,,,,,78.89,2026-05-01T16:44:00Z,2026-05-27T11:26:17Z
45988,6023,pending,105,14.99,,,,,,,45.5,2026-05-08T15:08:44Z,2026-05-27T11:26:17Z
45989,6284,confirmed,798,14.99,142,,,,,,31.33,2026-04-28T15:07:03Z,2026-05-27T11:26:17Z
45990,5290,processing,230,14.99,149,,,,,,39.26,2026-04-11T03:31:28Z,2026-05-27T11:26:17Z
45991,5269,shipped,1070,0,145,,,,,47764,11.71,2026-05-05T00:00:03Z,2026-05-27T11:26:17Z
45992,5288,delivered,165,7.99,144,,,,,49423,11.95,2026-05-05T15:46:14Z,2026-05-27T11:26:17Z
45993,5934,delivered,590,14.99,152,,,,,48362,42.19,2026-05-05T20:50:42Z,2026-05-27T11:26:17Z
45994,5341,delivered,1250,0,143,,,,,45808,83.38,2026-04-28T00:08:06Z,2026-05-27T11:26:17Z
45995,6163,cancelled,735,7.99,143,,,,,45994,20.54,2026-05-19T07:36:36Z,2026-05-27T11:26:17Z
45996,6025,pending,749,7.99,,,,,,,85.11,2026-04-05T07:31:11Z,2026-05-27T11:26:17Z
45997,5628,confirmed,725,14.99,149,,,,,,39.27,2026-04-06T23:37:56Z,2026-05-27T11:26:17Z
45998,4551,processing,930,7.99,152,,,,,,90.93,2026-04-17T01:33:16Z,2026-05-27T11:26:17Z
45999,6310,shipped,945,0,141,,,,,,16.06,2026-04-25T18:48:47Z,2026-05-27T11:26:17Z
46000,5748,delivered,1205,0,147,,,,,45567,82.01,2026-04-19T04:44:21Z,2026-05-27T11:26:17Z
46001,4739,delivered,810,0,143,,,,,,72.2,2026-05-03T08:49:50Z,2026-05-27T11:26:17Z
46002,5898,delivered,1340,14.99,142,,,,,,48.37,2026-05-24T18:48:20Z,2026-05-27T11:26:17Z
46003,5646,cancelled,585,0,147,,,,,46822,64.04,2026-05-24T21:09:42Z,2026-05-27T11:26:17Z
46004,5292,pending,752,0,,,,,,,19.82,2026-03-28T17:57:13Z,2026-05-27T11:26:17Z
46005,5578,confirmed,125,7.99,152,,,,,,20.85,2026-04-09T02:34:34Z,2026-05-27T11:26:17Z
46006,4859,processing,310,7.99,141,,,,,,50.39,2026-05-25T06:40:35Z,2026-05-27T11:26:17Z
46007,5774,shipped,215,0,141,,,,,,28.5,2026-04-29T22:33:28Z,2026-05-27T11:26:17Z
46008,5447,delivered,690,0,146,,,,,,15.52,2026-05-25T04:32:44Z,2026-05-27T11:26:17Z
46009,5273,delivered,500,7.99,142,,,,,46778,93.59,2026-04-05T08:23:20Z,2026-05-27T11:26:17Z
46010,5809,delivered,780,7.99,148,,,,,,49.34,2026-04-26T23:51:01Z,2026-05-27T11:26:17Z
46011,5032,cancelled,1125,7.99,144,,,,,47568,35.27,2026-04-13T16:31:09Z,2026-05-27T11:26:17Z
46012,4659,pending,450,7.99,,,,,,47393,60.71,2026-05-02T00:00:31Z,2026-05-27T11:26:17Z
46013,5307,confirmed,240,7.99,151,,,,,47754,51.34,2026-05-21T23:41:20Z,2026-05-27T11:26:17Z
46014,4891,processing,839,7.99,141,,,,,45359,81.75,2026-03-31T05:34:19Z,2026-05-27T11:26:17Z
46015,5969,shipped,290,7.99,143,,,,,45003,86.83,2026-05-20T18:37:18Z,2026-05-27T11:26:17Z
46016,4886,delivered,915,7.99,149,,,,,45902,14.87,2026-05-24T12:17:28Z,2026-05-27T11:26:17Z
46017,5574,delivered,1050,7.99,147,,,,,,66.56,2026-04-13T08:02:52Z,2026-05-27T11:26:17Z
46018,5639,delivered,850,0,152,,,,,48646,92.14,2026-04-18T16:03:54Z,2026-05-27T11:26:17Z
46019,6231,cancelled,35,7.99,151,,,,,,27.26,2026-04-02T09:35:38Z,2026-05-27T11:26:17Z
46020,6275,pending,240,0,,,,,,,73.64,2026-04-12T01:19:56Z,2026-05-27T11:26:17Z
46021,5917,confirmed,360,0,142,,,,,,36.5,2026-05-01T13:03:19Z,2026-05-27T11:26:17Z
46022,6363,processing,335,14.99,151,,,,,,92.31,2026-04-28T22:52:20Z,2026-05-27T11:26:17Z
46023,6326,shipped,565,7.99,149,,,,,,76.29,2026-05-21T12:32:38Z,2026-05-27T11:26:17Z
46024,4640,delivered,540,7.99,142,,,,,,49.8,2026-05-07T09:07:40Z,2026-05-27T11:26:17Z
46025,6501,delivered,215,7.99,146,,,,,,43.23,2026-05-15T16:06:44Z,2026-05-27T11:26:17Z
46026,5086,delivered,900,14.99,150,,,,,,52.9,2026-05-17T18:40:32Z,2026-05-27T11:26:17Z
46027,5724,cancelled,340,7.99,152,,,,,45743,17.35,2026-04-01T04:16:39Z,2026-05-27T11:26:17Z
46028,5800,pending,1595,7.99,,,,,,,17.94,2026-05-26T19:24:56Z,2026-05-27T11:26:17Z
46029,5156,confirmed,2290,0,146,,,,,,58.6,2026-05-04T17:30:59Z,2026-05-27T11:26:17Z
46030,4892,processing,723,0,149,,,,,,26.85,2026-04-22T05:28:47Z,2026-05-27T11:26:17Z
46031,6226,shipped,579,0,146,,,,,,72.48,2026-03-29T06:05:47Z,2026-05-27T11:26:17Z
46032,5006,delivered,625,7.99,144,,,,,,48.54,2026-03-31T12:40:49Z,2026-05-27T11:26:17Z
46033,5420,delivered,725,7.99,151,,,,,,60.62,2026-04-26T04:56:08Z,2026-05-27T11:26:17Z
46034,5531,delivered,1085,14.99,146,,,,,,85.91,2026-04-15T22:59:20Z,2026-05-27T11:26:17Z
46035,6196,cancelled,55,0,150,,,,,44666,49.28,2026-05-17T00:46:52Z,2026-05-27T11:26:17Z
46036,5321,pending,1535,7.99,,,,,,,25.34,2026-05-06T03:04:32Z,2026-05-27T11:26:17Z
46037,5555,confirmed,1399,7.99,143,,,,,,27.37,2026-04-29T09:34:11Z,2026-05-27T11:26:17Z
46038,5889,processing,545,14.99,143,,,,,,73.6,2026-05-08T21:21:23Z,2026-05-27T11:26:17Z
46039,5310,shipped,425,7.99,148,,,,,46954,84.85,2026-04-03T22:16:19Z,2026-05-27T11:26:17Z
46040,5617,delivered,210,14.99,143,,,,,,14.05,2026-04-28T20:22:40Z,2026-05-27T11:26:17Z
46041,6164,delivered,1435,7.99,147,,,,,46919,42.79,2026-04-14T05:07:29Z,2026-05-27T11:26:17Z
46042,5062,delivered,190,0,145,,,,,,58.49,2026-04-15T08:16:35Z,2026-05-27T11:26:17Z
46043,5922,cancelled,795,7.99,150,,,,,47755,70.26,2026-03-31T13:22:22Z,2026-05-27T11:26:17Z
46044,6017,pending,775,7.99,,,,,,,87.8,2026-04-05T10:31:03Z,2026-05-27T11:26:17Z
46045,5245,confirmed,675,0,142,,,,,,66.75,2026-05-08T12:22:00Z,2026-05-27T11:26:17Z
46046,5939,processing,1040,14.99,145,,,,,49147,52.01,2026-04-15T04:33:53Z,2026-05-27T11:26:17Z
46047,5166,shipped,200,7.99,149,,,,,,14.23,2026-04-19T10:43:06Z,2026-05-27T11:26:17Z
46048,5378,delivered,220,14.99,148,,,,,,57.19,2026-05-03T01:57:00Z,2026-05-27T11:26:17Z
46049,6235,delivered,45,0,150,,,,,,50.4,2026-04-24T22:43:33Z,2026-05-27T11:26:17Z
46050,4861,delivered,960,7.99,146,,,,,,71.57,2026-04-24T08:00:22Z,2026-05-27T11:26:17Z
46051,4936,cancelled,20,7.99,142,,,,,,70.62,2026-05-09T11:02:50Z,2026-05-27T11:26:17Z
46052,4645,pending,1845,0,,,,,,47374,64.34,2026-05-09T14:25:12Z,2026-05-27T11:26:17Z
46053,6320,confirmed,785,7.99,148,,,,,,48.47,2026-05-26T15:37:08Z,2026-05-27T11:26:17Z
46054,4900,processing,210,0,141,,,,,,43.55,2026-05-01T03:01:44Z,2026-05-27T11:26:17Z
46055,4884,shipped,575,0,142,,,,,,18.78,2026-04-21T19:58:19Z,2026-05-27T11:26:17Z
46056,5517,delivered,375,7.99,148,,,,,,46.91,2026-05-27T10:02:47Z,2026-05-27T11:26:17Z
46057,6530,delivered,635,7.99,150,,,,,46318,73.64,2026-04-11T13:28:56Z,2026-05-27T11:26:17Z
46058,6093,delivered,905,0,144,,,,,49167,51.55,2026-04-27T17:16:25Z,2026-05-27T11:26:17Z
46059,5958,cancelled,0,7.99,147,,,,,,11.27,2026-04-04T02:15:04Z,2026-05-27T11:26:17Z
46060,5604,pending,90,7.99,,,,,,,32.14,2026-05-06T00:18:05Z,2026-05-27T11:26:17Z
46061,5399,confirmed,315,0,149,,,,,,57.9,2026-04-02T21:56:31Z,2026-05-27T11:26:17Z
46062,5549,processing,95,0,150,,,,,,75.53,2026-05-05T04:52:33Z,2026-05-27T11:26:17Z
46063,4656,shipped,530,7.99,143,,,,,,25.21,2026-03-28T18:25:40Z,2026-05-27T11:26:17Z
46064,5736,delivered,965,7.99,146,,,,,,14.75,2026-05-06T09:51:53Z,2026-05-27T11:26:17Z
46065,5363,delivered,1375,0,148,,,,,,79.69,2026-04-09T15:36:53Z,2026-05-27T11:26:17Z
46066,4755,delivered,315,14.99,152,,,,,,76.85,2026-05-13T14:26:18Z,2026-05-27T11:26:17Z
46067,6450,cancelled,1180,14.99,141,,,,,,70.71,2026-05-02T19:58:06Z,2026-05-27T11:26:17Z
46068,6438,pending,725,0,,,,,,,94.13,2026-04-19T16:59:10Z,2026-05-27T11:26:17Z
46069,5269,confirmed,1070,7.99,145,,,,,49112,83.63,2026-05-18T16:48:16Z,2026-05-27T11:26:17Z
46070,5719,processing,1920,14.99,144,,,,,,13.01,2026-05-20T18:12:25Z,2026-05-27T11:26:17Z
46071,4749,shipped,1150,7.99,152,,,,,,15.26,2026-04-06T08:37:01Z,2026-05-27T11:26:17Z
46072,6315,delivered,730,0,146,,,,,47332,15.14,2026-04-16T20:42:59Z,2026-05-27T11:26:17Z
46073,5404,delivered,1535,7.99,151,,,,,,66.05,2026-05-14T12:32:30Z,2026-05-27T11:26:17Z
46074,5861,delivered,165,0,151,,,,,47883,72.96,2026-04-14T07:27:01Z,2026-05-27T11:26:17Z
46075,6539,cancelled,1210,14.99,149,,,,,,39.75,2026-04-15T16:39:28Z,2026-05-27T11:26:17Z
46076,5894,pending,2080,7.99,,,,,,46853,33.16,2026-05-21T11:15:53Z,2026-05-27T11:26:17Z
46077,5204,confirmed,630,7.99,141,,,,,47049,90.17,2026-04-09T18:08:52Z,2026-05-27T11:26:17Z
46078,5362,processing,210,7.99,152,,,,,,76.41,2026-04-22T04:17:44Z,2026-05-27T11:26:17Z
46079,5683,shipped,1060,7.99,143,,,,,46263,63.5,2026-05-26T02:08:35Z,2026-05-27T11:26:17Z
46080,5289,delivered,754,0,145,,,,,44956,93.56,2026-05-09T00:25:34Z,2026-05-27T11:26:17Z
46081,4597,delivered,267,7.99,141,,,,,47709,15.68,2026-04-03T02:40:01Z,2026-05-27T11:26:17Z
46082,6247,delivered,1515,0,148,,,,,,10.94,2026-05-06T18:37:14Z,2026-05-27T11:26:18Z
46083,6410,cancelled,1685,7.99,146,,,,,45398,76.08,2026-04-25T05:20:21Z,2026-05-27T11:26:18Z
46084,5629,pending,1895,7.99,,,,,,48304,60.55,2026-04-12T03:02:12Z,2026-05-27T11:26:18Z
46085,5819,confirmed,465,14.99,149,,,,,,54.04,2026-04-20T10:29:10Z,2026-05-27T11:26:18Z
46086,6405,processing,80,7.99,144,,,,,,48.86,2026-04-08T10:23:11Z,2026-05-27T11:26:18Z
46087,6007,shipped,210,0,142,,,,,,84.02,2026-05-02T23:25:04Z,2026-05-27T11:26:18Z
46088,5967,delivered,435,7.99,147,,,,,,84.42,2026-04-24T05:52:11Z,2026-05-27T11:26:18Z
46089,4627,delivered,1269,7.99,148,,,,,,48.57,2026-04-10T07:49:20Z,2026-05-27T11:26:18Z
46090,5522,delivered,1910,0,146,,,,,,13.76,2026-05-13T13:30:09Z,2026-05-27T11:26:18Z
46091,4553,cancelled,360,7.99,152,,,,,49276,62.39,2026-05-09T09:59:05Z,2026-05-27T11:26:18Z
46092,5959,pending,1332,0,,,,,,,40.76,2026-05-17T18:20:01Z,2026-05-27T11:26:18Z
46093,5790,confirmed,985,7.99,144,,,,,,72.58,2026-04-12T10:37:31Z,2026-05-27T11:26:18Z
46094,5045,processing,547,7.99,147,,,,,,67.65,2026-03-31T17:38:27Z,2026-05-27T11:26:18Z
46095,4732,shipped,830,7.99,141,,,,,,77.03,2026-05-11T15:07:44Z,2026-05-27T11:26:18Z
46096,5741,delivered,2315,7.99,143,,,,,,51.08,2026-04-09T11:04:47Z,2026-05-27T11:26:18Z
46097,5328,delivered,475,7.99,145,,,,,,65.34,2026-05-22T20:59:36Z,2026-05-27T11:26:18Z
46098,5877,delivered,490,7.99,141,,,,,,10.54,2026-04-10T06:00:45Z,2026-05-27T11:26:18Z
46099,5535,cancelled,1080,7.99,151,,,,,,72.46,2026-04-09T16:45:04Z,2026-05-27T11:26:18Z
46100,4928,pending,1650,0,,,,,,,12.99,2026-04-30T01:14:26Z,2026-05-27T11:26:18Z
46101,5551,confirmed,135,7.99,145,,,,,,81.52,2026-04-19T06:30:51Z,2026-05-27T11:26:18Z
46102,4783,processing,788,14.99,149,,,,,45685,34.29,2026-05-19T20:54:04Z,2026-05-27T11:26:18Z
46103,4797,shipped,1125,7.99,147,,,,,,14.16,2026-05-11T07:31:42Z,2026-05-27T11:26:18Z
46104,5159,delivered,45,14.99,143,,,,,46210,32.22,2026-05-14T15:19:12Z,2026-05-27T11:26:18Z
46105,5132,delivered,800,7.99,150,,,,,,57.97,2026-05-25T13:51:54Z,2026-05-27T11:26:18Z
46106,5571,delivered,1015,0,150,,,,,,57.78,2026-04-17T04:35:04Z,2026-05-27T11:26:18Z
46107,5015,cancelled,1545,14.99,144,,,,,,14.59,2026-03-29T22:43:40Z,2026-05-27T11:26:18Z
46108,4856,pending,170,7.99,,,,,,48962,35.25,2026-05-16T02:21:43Z,2026-05-27T11:26:18Z
46109,5484,confirmed,95,7.99,146,,,,,,78.23,2026-05-04T01:11:00Z,2026-05-27T11:26:18Z
46110,6306,processing,1080,7.99,147,,,,,,37.45,2026-04-30T06:33:33Z,2026-05-27T11:26:18Z
46111,5784,shipped,895,0,152,,,,,,41.3,2026-04-08T03:35:31Z,2026-05-27T11:26:18Z
46112,5143,delivered,175,0,152,,,,,,79.74,2026-05-27T08:44:30Z,2026-05-27T11:26:18Z
46113,5787,delivered,190,14.99,150,,,,,,77,2026-04-09T07:32:54Z,2026-05-27T11:26:18Z
46114,6048,delivered,935,7.99,147,,,,,,28.36,2026-05-14T23:32:58Z,2026-05-27T11:26:18Z
46115,5841,cancelled,110,0,143,,,,,48763,92.63,2026-05-04T00:04:33Z,2026-05-27T11:26:18Z
46116,6041,pending,335,0,,,,,,,37.24,2026-04-03T14:51:56Z,2026-05-27T11:26:18Z
46117,6005,confirmed,385,7.99,149,,,,,,12.58,2026-04-03T17:48:20Z,2026-05-27T11:26:18Z
46118,6530,processing,1700,7.99,152,,,,,,29.63,2026-05-09T07:58:32Z,2026-05-27T11:26:18Z
46119,6414,shipped,732,0,152,,,,,,41.04,2026-04-15T17:25:51Z,2026-05-27T11:26:18Z
46120,4661,delivered,285,0,148,,,,,47141,78.8,2026-04-29T17:56:09Z,2026-05-27T11:26:18Z
46121,6127,delivered,405,0,141,,,,,,94.32,2026-05-01T10:49:37Z,2026-05-27T11:26:18Z
46122,4641,delivered,85,7.99,146,,,,,48471,34.42,2026-04-11T13:52:34Z,2026-05-27T11:26:18Z
46123,4988,cancelled,684,14.99,148,,,,,,27.59,2026-04-18T06:17:02Z,2026-05-27T11:26:18Z
46124,5206,pending,1050,7.99,,,,,,,23.76,2026-05-06T14:56:04Z,2026-05-27T11:26:18Z
46125,5474,confirmed,230,7.99,146,,,,,46257,38.01,2026-05-06T02:46:13Z,2026-05-27T11:26:18Z
46126,5759,processing,840,14.99,149,,,,,,60.44,2026-04-16T16:18:25Z,2026-05-27T11:26:18Z
46127,6229,shipped,60,0,148,,,,,,51.82,2026-05-19T19:13:29Z,2026-05-27T11:26:18Z
46128,6426,delivered,1030,14.99,152,,,,,46868,36.13,2026-05-03T00:44:48Z,2026-05-27T11:26:18Z
46129,5358,delivered,45,7.99,145,,,,,45246,45.55,2026-04-20T07:25:12Z,2026-05-27T11:26:18Z
46130,5066,delivered,60,7.99,145,,,,,,85.46,2026-04-19T23:10:35Z,2026-05-27T11:26:18Z
46131,6109,cancelled,1080,7.99,147,,,,,,55.04,2026-04-23T10:30:10Z,2026-05-27T11:26:18Z
46132,5114,pending,1605,7.99,,,,,,47572,11.75,2026-05-04T11:20:16Z,2026-05-27T11:26:18Z
46133,6082,confirmed,205,7.99,143,,,,,,41.98,2026-04-06T10:59:35Z,2026-05-27T11:26:18Z
46134,5296,processing,195,7.99,144,,,,,,52.85,2026-05-10T23:47:11Z,2026-05-27T11:26:18Z
46135,5694,shipped,279,7.99,141,,,,,,88.53,2026-05-07T08:02:29Z,2026-05-27T11:26:18Z
46136,5482,delivered,40,14.99,146,,,,,,66.79,2026-05-23T21:36:07Z,2026-05-27T11:26:18Z
46137,6146,delivered,750,7.99,151,,,,,,12.98,2026-04-02T00:36:36Z,2026-05-27T11:26:18Z
46138,5304,delivered,60,7.99,142,,,,,,12.52,2026-05-27T02:13:05Z,2026-05-27T11:26:18Z
46139,5382,cancelled,970,7.99,147,,,,,,45.45,2026-05-05T13:09:09Z,2026-05-27T11:26:18Z
46140,4669,pending,375,7.99,,,,,,49391,88.4,2026-04-13T16:16:02Z,2026-05-27T11:26:18Z
46141,4661,confirmed,255,14.99,143,,,,,,40.11,2026-05-11T01:07:01Z,2026-05-27T11:26:18Z
46142,5833,processing,223,14.99,143,,,,,49523,39.27,2026-04-15T05:57:14Z,2026-05-27T11:26:18Z
46143,4778,shipped,1230,0,143,,,,,45830,42.32,2026-05-05T23:21:56Z,2026-05-27T11:26:18Z
46144,6241,delivered,850,14.99,147,,,,,45925,42.7,2026-04-17T04:24:59Z,2026-05-27T11:26:18Z
46145,4663,delivered,2269,0,142,,,,,,74.21,2026-05-18T11:22:09Z,2026-05-27T11:26:18Z
46146,5244,delivered,1765,0,151,,,,,45554,24.04,2026-04-16T00:19:39Z,2026-05-27T11:26:18Z
46147,6249,cancelled,360,7.99,150,,,,,48362,70.33,2026-05-10T03:50:04Z,2026-05-27T11:26:18Z
46148,6512,pending,60,7.99,,,,,,,86.43,2026-04-07T22:11:28Z,2026-05-27T11:26:18Z
46149,5533,confirmed,485,14.99,150,,,,,48002,76.81,2026-05-08T06:27:42Z,2026-05-27T11:26:18Z
46150,6455,processing,3130,7.99,142,,,,,44580,91.63,2026-04-25T09:39:44Z,2026-05-27T11:26:18Z
46151,5227,shipped,1008,7.99,146,,,,,48956,58.94,2026-05-23T06:18:10Z,2026-05-27T11:26:18Z
46152,5189,delivered,1920,14.99,143,,,,,,22.07,2026-04-12T00:30:23Z,2026-05-27T11:26:18Z
46153,5015,delivered,1065,7.99,146,,,,,,32.29,2026-05-12T13:19:08Z,2026-05-27T11:26:18Z
46154,5132,delivered,300,7.99,141,,,,,,29.93,2026-04-30T19:55:14Z,2026-05-27T11:26:18Z
46155,6376,cancelled,135,0,146,,,,,,70.8,2026-05-24T13:08:55Z,2026-05-27T11:26:18Z
46156,6409,pending,1217,0,,,,,,,41.97,2026-04-21T21:11:27Z,2026-05-27T11:26:18Z
46157,5404,confirmed,930,7.99,146,,,,,,56.36,2026-05-22T12:58:33Z,2026-05-27T11:26:18Z
46158,6503,processing,700,0,146,,,,,,67.86,2026-05-08T14:49:08Z,2026-05-27T11:26:18Z
46159,5985,shipped,250,0,144,,,,,,60.08,2026-04-18T07:50:54Z,2026-05-27T11:26:18Z
46160,5270,delivered,185,7.99,148,,,,,,36.42,2026-05-22T20:18:29Z,2026-05-27T11:26:18Z
46161,5663,delivered,1060,0,150,,,,,45646,69.35,2026-05-17T15:55:21Z,2026-05-27T11:26:18Z
46162,6138,delivered,1155,7.99,142,,,,,44992,24.63,2026-05-08T01:35:31Z,2026-05-27T11:26:18Z
46163,4565,cancelled,1300,0,152,,,,,,68.21,2026-03-30T14:34:21Z,2026-05-27T11:26:18Z
46164,6329,pending,95,7.99,,,,,,48480,88.47,2026-04-02T08:04:26Z,2026-05-27T11:26:18Z
46165,5958,confirmed,120,0,141,,,,,,68.71,2026-04-11T06:26:48Z,2026-05-27T11:26:18Z
46166,5930,processing,420,7.99,148,,,,,,87.29,2026-05-05T00:23:34Z,2026-05-27T11:26:18Z
46167,4822,shipped,1075,7.99,144,,,,,,46.22,2026-05-16T14:42:20Z,2026-05-27T11:26:18Z
46168,5013,delivered,135,14.99,145,,,,,46367,66.91,2026-05-13T03:51:51Z,2026-05-27T11:26:18Z
46169,4629,delivered,0,7.99,150,,,,,45904,38.35,2026-05-07T10:19:04Z,2026-05-27T11:26:18Z
46170,6248,delivered,990,14.99,152,,,,,,25.1,2026-05-12T03:57:18Z,2026-05-27T11:26:18Z
46171,4998,cancelled,0,7.99,142,,,,,,48.04,2026-05-03T05:14:19Z,2026-05-27T11:26:18Z
46172,6177,pending,205,7.99,,,,,,,85.89,2026-04-09T23:36:40Z,2026-05-27T11:26:18Z
46173,5083,confirmed,285,0,151,,,,,,89.33,2026-04-03T15:02:37Z,2026-05-27T11:26:18Z
46174,5654,processing,300,7.99,145,,,,,,44.86,2026-03-31T09:06:51Z,2026-05-27T11:26:18Z
46175,6322,shipped,4155,7.99,151,,,,,,37.42,2026-05-23T16:34:32Z,2026-05-27T11:26:18Z
46176,5279,delivered,175,7.99,143,,,,,,76.97,2026-04-10T04:17:59Z,2026-05-27T11:26:18Z
46177,6178,delivered,90,0,143,,,,,,84.88,2026-05-18T02:03:47Z,2026-05-27T11:26:18Z
46178,4759,delivered,1060,14.99,148,,,,,,32.8,2026-05-13T05:48:29Z,2026-05-27T11:26:18Z
46179,6012,cancelled,845,14.99,150,,,,,,31.19,2026-04-27T12:26:18Z,2026-05-27T11:26:18Z
46180,5026,pending,865,0,,,,,,,86.17,2026-04-28T09:25:58Z,2026-05-27T11:26:18Z
46181,5827,confirmed,140,7.99,144,,,,,46874,81.25,2026-04-30T08:43:09Z,2026-05-27T11:26:18Z
46182,5061,processing,135,0,149,,,,,45152,93.44,2026-05-18T21:40:27Z,2026-05-27T11:26:18Z
46183,5582,shipped,1620,0,144,,,,,,50.64,2026-04-09T05:44:19Z,2026-05-27T11:26:18Z
46184,4706,delivered,120,14.99,151,,,,,,53.14,2026-05-06T09:14:40Z,2026-05-27T11:26:18Z
46185,5540,delivered,650,14.99,151,,,,,48828,73.93,2026-05-12T17:50:27Z,2026-05-27T11:26:18Z
46186,4677,delivered,2055,14.99,148,,,,,48968,11.18,2026-04-21T17:34:10Z,2026-05-27T11:26:18Z
46187,5859,cancelled,810,0,150,,,,,,57,2026-04-29T20:03:12Z,2026-05-27T11:26:18Z
46188,5964,pending,275,7.99,,,,,,,61.31,2026-04-07T19:04:14Z,2026-05-27T11:26:18Z
46189,5674,confirmed,1607,0,143,,,,,,10.47,2026-05-14T03:46:46Z,2026-05-27T11:26:18Z
46190,4980,processing,450,7.99,146,,,,,,83.25,2026-04-06T18:46:23Z,2026-05-27T11:26:18Z
46191,5403,shipped,203,7.99,143,,,,,48047,85.81,2026-05-18T17:03:30Z,2026-05-27T11:26:18Z
46192,5292,delivered,360,14.99,150,,,,,,69.87,2026-04-15T00:29:17Z,2026-05-27T11:26:18Z
46193,5256,delivered,115,7.99,152,,,,,46229,23.75,2026-04-15T15:04:19Z,2026-05-27T11:26:18Z
46194,5368,delivered,380,14.99,144,,,,,,68.58,2026-04-12T00:21:22Z,2026-05-27T11:26:18Z
46195,5013,cancelled,40,7.99,148,,,,,,60.97,2026-05-14T05:57:40Z,2026-05-27T11:26:18Z
46196,6185,pending,85,7.99,,,,,,45317,21.21,2026-04-18T18:21:57Z,2026-05-27T11:26:18Z
46197,6311,confirmed,120,14.99,151,,,,,44770,10.42,2026-04-08T18:11:00Z,2026-05-27T11:26:18Z
46198,6430,processing,90,14.99,144,,,,,,93.99,2026-05-19T04:54:17Z,2026-05-27T11:26:18Z
46199,5327,shipped,1420,0,149,,,,,,83.75,2026-04-16T16:08:31Z,2026-05-27T11:26:18Z
46200,6199,delivered,1335,14.99,146,,,,,48325,59.38,2026-04-24T17:51:48Z,2026-05-27T11:26:18Z
46201,4824,delivered,0,14.99,141,,,,,44614,92.13,2026-05-20T10:52:18Z,2026-05-27T11:26:18Z
46202,5853,delivered,540,7.99,147,,,,,,61.56,2026-04-29T18:10:45Z,2026-05-27T11:26:18Z
46203,4971,cancelled,95,14.99,144,,,,,,29.49,2026-05-19T07:12:26Z,2026-05-27T11:26:18Z
46204,6053,pending,565,0,,,,,,47718,55.42,2026-05-26T23:38:26Z,2026-05-27T11:26:18Z
46205,5489,confirmed,380,7.99,146,,,,,,31.36,2026-05-19T12:53:12Z,2026-05-27T11:26:18Z
46206,5660,processing,755,14.99,144,,,,,49065,38.3,2026-05-27T06:42:56Z,2026-05-27T11:26:18Z
46207,5375,shipped,1005,7.99,146,,,,,,15.01,2026-05-24T21:39:28Z,2026-05-27T11:26:18Z
46208,5305,delivered,190,0,142,,,,,45580,15.48,2026-04-29T05:12:39Z,2026-05-27T11:26:18Z
46209,5660,delivered,360,14.99,148,,,,,,22,2026-05-02T08:49:54Z,2026-05-27T11:26:18Z
46210,5008,delivered,178,7.99,141,,,,,,10.81,2026-05-10T03:05:19Z,2026-05-27T11:26:18Z
46211,4887,cancelled,1100,7.99,145,,,,,,21.55,2026-04-20T23:07:26Z,2026-05-27T11:26:18Z
46212,5380,pending,180,0,,,,,,,65.35,2026-05-18T07:47:06Z,2026-05-27T11:26:18Z
46213,5819,confirmed,180,0,141,,,,,,56.62,2026-04-28T17:12:07Z,2026-05-27T11:26:18Z
46214,6053,processing,455,7.99,150,,,,,47853,55.68,2026-03-30T04:31:28Z,2026-05-27T11:26:18Z
46215,5069,shipped,110,7.99,144,,,,,,14.78,2026-04-13T00:44:49Z,2026-05-27T11:26:18Z
46216,6304,delivered,1515,14.99,148,,,,,,46.62,2026-04-27T18:10:59Z,2026-05-27T11:26:18Z
46217,5499,delivered,2695,7.99,141,,,,,,87.99,2026-04-04T10:24:31Z,2026-05-27T11:26:18Z
46218,5066,delivered,1070,0,149,,,,,,27.39,2026-03-28T13:47:06Z,2026-05-27T11:26:18Z
46219,6176,cancelled,135,0,147,,,,,,91.24,2026-05-11T18:07:36Z,2026-05-27T11:26:18Z
46220,5154,pending,3605,7.99,,,,,,,13.77,2026-05-02T22:33:01Z,2026-05-27T11:26:18Z
46221,4932,confirmed,253,14.99,141,,,,,,76.86,2026-03-31T08:04:21Z,2026-05-27T11:26:18Z
46222,5613,processing,0,7.99,148,,,,,44632,27.09,2026-04-05T11:49:00Z,2026-05-27T11:26:18Z
46223,5160,shipped,150,0,149,,,,,46017,77.51,2026-04-26T10:26:40Z,2026-05-27T11:26:18Z
46224,4692,delivered,1575,7.99,147,,,,,,73.96,2026-05-06T16:37:53Z,2026-05-27T11:26:18Z
46225,6384,delivered,705,14.99,141,,,,,,76.08,2026-05-11T07:47:30Z,2026-05-27T11:26:18Z
46226,4586,delivered,670,0,143,,,,,,91.86,2026-04-20T11:00:15Z,2026-05-27T11:26:18Z
46227,4942,cancelled,165,7.99,142,,,,,45160,80.56,2026-05-26T13:44:31Z,2026-05-27T11:26:18Z
46228,5399,pending,540,7.99,,,,,,46915,27.21,2026-05-07T02:33:12Z,2026-05-27T11:26:18Z
46229,4894,confirmed,770,7.99,151,,,,,,29.39,2026-05-25T16:18:00Z,2026-05-27T11:26:18Z
46230,6242,processing,290,7.99,145,,,,,,26.42,2026-05-15T04:50:26Z,2026-05-27T11:26:18Z
46231,6534,shipped,0,7.99,147,,,,,,41.83,2026-04-16T18:17:37Z,2026-05-27T11:26:18Z
46232,5139,delivered,420,7.99,145,,,,,,47.22,2026-05-17T01:31:18Z,2026-05-27T11:26:18Z
46233,6357,delivered,1840,0,143,,,,,,85.86,2026-04-29T07:09:29Z,2026-05-27T11:26:18Z
46234,5659,delivered,449,7.99,146,,,,,,41.55,2026-04-12T11:02:26Z,2026-05-27T11:26:18Z
46235,6259,cancelled,130,7.99,149,,,,,46718,12.72,2026-04-27T17:04:16Z,2026-05-27T11:26:18Z
46236,6430,pending,560,7.99,,,,,,46375,60.97,2026-05-20T20:10:48Z,2026-05-27T11:26:18Z
46237,4670,confirmed,145,7.99,145,,,,,45865,70.37,2026-04-28T08:21:20Z,2026-05-27T11:26:18Z
46238,5482,processing,15,7.99,152,,,,,,23.83,2026-03-31T12:23:15Z,2026-05-27T11:26:18Z
46239,6432,shipped,230,14.99,144,,,,,,42.18,2026-04-06T18:04:58Z,2026-05-27T11:26:18Z
46240,4574,delivered,75,7.99,144,,,,,,48.88,2026-04-17T23:57:37Z,2026-05-27T11:26:18Z
46241,5621,delivered,55,7.99,143,,,,,,53.36,2026-04-14T16:57:59Z,2026-05-27T11:26:18Z
46242,4562,delivered,1790,7.99,144,,,,,,65.91,2026-05-24T01:27:06Z,2026-05-27T11:26:18Z
46243,5741,cancelled,928,14.99,148,,,,,,66.58,2026-04-20T15:48:24Z,2026-05-27T11:26:18Z
46244,4957,pending,90,7.99,,,,,,46971,26.01,2026-03-30T22:38:43Z,2026-05-27T11:26:18Z
46245,5894,confirmed,1260,7.99,150,,,,,,70.96,2026-04-07T16:43:00Z,2026-05-27T11:26:18Z
46246,5377,processing,640,14.99,146,,,,,,15.62,2026-05-23T08:52:03Z,2026-05-27T11:26:18Z
46247,5148,shipped,25,7.99,149,,,,,,90.64,2026-04-08T14:31:51Z,2026-05-27T11:26:18Z
46248,6479,delivered,1740,0,148,,,,,44781,16.72,2026-05-03T23:15:39Z,2026-05-27T11:26:18Z
46249,5430,delivered,545,7.99,142,,,,,,66.23,2026-05-03T21:23:05Z,2026-05-27T11:26:18Z
46250,5657,delivered,360,7.99,146,,,,,,59.62,2026-05-05T11:18:51Z,2026-05-27T11:26:18Z
46251,6316,cancelled,85,7.99,149,,,,,,24.2,2026-03-28T23:42:55Z,2026-05-27T11:26:18Z
46252,4755,pending,552,0,,,,,,,29.32,2026-04-08T07:20:28Z,2026-05-27T11:26:18Z
46253,4829,confirmed,745,7.99,144,,,,,,35.13,2026-04-23T11:55:56Z,2026-05-27T11:26:18Z
46254,5107,processing,175,7.99,149,,,,,,60.98,2026-04-01T22:56:30Z,2026-05-27T11:26:18Z
46255,4922,shipped,220,7.99,143,,,,,47515,48.01,2026-05-25T00:44:59Z,2026-05-27T11:26:18Z
46256,5708,delivered,150,0,152,,,,,,44.48,2026-05-10T00:02:53Z,2026-05-27T11:26:18Z
46257,6468,delivered,1470,7.99,149,,,,,,87.54,2026-04-17T23:41:05Z,2026-05-27T11:26:18Z
46258,4648,delivered,25,0,145,,,,,,81.57,2026-04-09T00:35:13Z,2026-05-27T11:26:18Z
46259,6463,cancelled,1010,0,152,,,,,,83.74,2026-05-17T23:49:19Z,2026-05-27T11:26:18Z
46260,6535,pending,737,7.99,,,,,,45417,59.63,2026-04-18T01:30:37Z,2026-05-27T11:26:18Z
46261,6004,confirmed,335,7.99,149,,,,,48471,58.69,2026-05-09T23:48:17Z,2026-05-27T11:26:18Z
46262,5361,processing,320,0,149,,,,,,25.23,2026-05-26T15:29:55Z,2026-05-27T11:26:18Z
46263,6224,shipped,180,14.99,147,,,,,,83.7,2026-04-29T23:00:21Z,2026-05-27T11:26:18Z
46264,5559,delivered,2465,0,145,,,,,,79.81,2026-04-01T15:14:05Z,2026-05-27T11:26:18Z
46265,5264,delivered,908,14.99,148,,,,,47784,22.22,2026-05-09T03:07:13Z,2026-05-27T11:26:18Z
46266,6084,delivered,1660,0,141,,,,,,85.28,2026-05-04T18:10:13Z,2026-05-27T11:26:18Z
46267,5400,cancelled,25,14.99,149,,,,,49508,51.37,2026-04-15T17:32:20Z,2026-05-27T11:26:18Z
46268,5593,pending,1009,7.99,,,,,,,13.87,2026-04-14T16:04:16Z,2026-05-27T11:26:18Z
46269,4586,confirmed,730,0,141,,,,,47105,71.64,2026-04-21T05:23:16Z,2026-05-27T11:26:18Z
46270,6394,processing,840,0,145,,,,,,93.56,2026-04-06T10:07:05Z,2026-05-27T11:26:18Z
46271,5981,shipped,415,7.99,143,,,,,,20.99,2026-04-27T07:51:10Z,2026-05-27T11:26:18Z
46272,6125,delivered,1050,0,151,,,,,,22.32,2026-04-22T14:07:47Z,2026-05-27T11:26:18Z
46273,4549,delivered,135,0,149,,,,,,44.85,2026-04-06T20:06:55Z,2026-05-27T11:26:18Z
46274,4691,delivered,35,14.99,144,,,,,49305,37.05,2026-05-10T11:40:50Z,2026-05-27T11:26:18Z
46275,5816,cancelled,405,14.99,151,,,,,,18.57,2026-04-30T11:42:59Z,2026-05-27T11:26:18Z
46276,4959,pending,1645,7.99,,,,,,45603,24.37,2026-04-29T23:53:50Z,2026-05-27T11:26:18Z
46277,5705,confirmed,845,7.99,145,,,,,,91.31,2026-05-17T12:22:08Z,2026-05-27T11:26:18Z
46278,6133,processing,440,7.99,144,,,,,,39.01,2026-05-05T16:53:57Z,2026-05-27T11:26:18Z
46279,6224,shipped,320,14.99,145,,,,,,90.5,2026-04-26T20:48:52Z,2026-05-27T11:26:18Z
46280,5910,delivered,765,7.99,148,,,,,,76.44,2026-04-23T00:32:39Z,2026-05-27T11:26:18Z
46281,4662,delivered,255,7.99,144,,,,,,32.95,2026-05-21T11:43:18Z,2026-05-27T11:26:18Z
46282,5693,delivered,0,7.99,149,,,,,46812,35.02,2026-05-10T10:05:05Z,2026-05-27T11:26:18Z
46283,4688,cancelled,1595,7.99,146,,,,,45958,66.8,2026-04-03T19:52:02Z,2026-05-27T11:26:18Z
46284,4608,pending,260,7.99,,,,,,45178,83.91,2026-05-02T07:53:41Z,2026-05-27T11:26:18Z
46285,6109,confirmed,820,14.99,148,,,,,,39.1,2026-05-11T09:42:39Z,2026-05-27T11:26:18Z
46286,5195,processing,840,7.99,148,,,,,46482,72.16,2026-05-17T16:38:26Z,2026-05-27T11:26:18Z
46287,6523,shipped,1535,14.99,143,,,,,,65.95,2026-05-12T03:54:20Z,2026-05-27T11:26:18Z
46288,6302,delivered,560,7.99,142,,,,,,16.51,2026-05-05T09:45:24Z,2026-05-27T11:26:18Z
46289,4995,delivered,600,14.99,145,,,,,,58.24,2026-05-03T21:19:12Z,2026-05-27T11:26:18Z
46290,5417,delivered,1385,14.99,151,,,,,,32.9,2026-05-26T11:11:53Z,2026-05-27T11:26:18Z
46291,5031,cancelled,305,0,144,,,,,,59.97,2026-04-16T11:26:59Z,2026-05-27T11:26:18Z
46292,5604,pending,40,7.99,,,,,,,33.77,2026-05-07T16:11:04Z,2026-05-27T11:26:18Z
46293,5769,confirmed,1305,7.99,148,,,,,49452,77.03,2026-05-06T14:57:24Z,2026-05-27T11:26:18Z
46294,5419,processing,680,0,151,,,,,,58.52,2026-04-01T07:51:31Z,2026-05-27T11:26:18Z
46295,6140,shipped,1660,7.99,151,,,,,,46.79,2026-04-15T08:34:01Z,2026-05-27T11:26:18Z
46296,6252,delivered,630,7.99,151,,,,,,14.64,2026-04-16T11:37:57Z,2026-05-27T11:26:18Z
46297,5201,delivered,90,7.99,151,,,,,,64.57,2026-04-17T02:39:55Z,2026-05-27T11:26:18Z
46298,5867,delivered,890,7.99,148,,,,,47105,90.59,2026-04-13T19:01:29Z,2026-05-27T11:26:18Z
46299,5393,cancelled,2145,7.99,148,,,,,,60.96,2026-04-25T11:20:29Z,2026-05-27T11:26:18Z
46300,4651,pending,60,0,,,,,,,91.85,2026-05-04T10:02:43Z,2026-05-27T11:26:18Z
46301,5384,confirmed,718,14.99,142,,,,,,23.72,2026-04-30T21:49:34Z,2026-05-27T11:26:18Z
46302,4973,processing,435,7.99,143,,,,,,35.43,2026-05-25T16:03:11Z,2026-05-27T11:26:18Z
46303,6078,shipped,778,7.99,149,,,,,48514,73.26,2026-04-04T17:36:44Z,2026-05-27T11:26:18Z
46304,5702,delivered,960,14.99,144,,,,,,66.78,2026-04-08T09:07:55Z,2026-05-27T11:26:18Z
46305,5639,delivered,240,7.99,147,,,,,45634,15.35,2026-04-26T11:47:04Z,2026-05-27T11:26:18Z
46306,5870,delivered,990,7.99,151,,,,,,88.85,2026-04-05T06:34:27Z,2026-05-27T11:26:18Z
46307,4816,cancelled,0,7.99,142,,,,,47968,16.91,2026-04-05T14:14:00Z,2026-05-27T11:26:18Z
46308,6277,pending,255,7.99,,,,,,,31.06,2026-04-23T20:54:45Z,2026-05-27T11:26:18Z
46309,6472,confirmed,55,0,142,,,,,,72.47,2026-04-04T19:20:06Z,2026-05-27T11:26:18Z
46310,4993,processing,635,0,146,,,,,49525,85.75,2026-05-02T19:06:13Z,2026-05-27T11:26:18Z
46311,4924,shipped,715,14.99,149,,,,,49364,17.01,2026-04-02T13:50:07Z,2026-05-27T11:26:18Z
46312,4889,delivered,60,0,150,,,,,,26.48,2026-04-04T20:36:29Z,2026-05-27T11:26:18Z
46313,5082,delivered,1110,0,144,,,,,,47.53,2026-05-04T13:50:43Z,2026-05-27T11:26:18Z
46314,5531,delivered,1485,14.99,149,,,,,,79.34,2026-05-19T01:51:52Z,2026-05-27T11:26:18Z
46315,5950,cancelled,518,7.99,147,,,,,48699,64.27,2026-05-07T16:07:10Z,2026-05-27T11:26:18Z
46316,5831,pending,420,7.99,,,,,,,40.27,2026-05-05T19:15:18Z,2026-05-27T11:26:18Z
46317,5369,confirmed,1640,7.99,152,,,,,47340,91.38,2026-04-29T06:49:57Z,2026-05-27T11:26:18Z
46318,4706,processing,705,7.99,141,,,,,46580,86.52,2026-05-18T01:34:09Z,2026-05-27T11:26:18Z
46319,5936,shipped,185,14.99,147,,,,,,30.03,2026-04-02T05:43:38Z,2026-05-27T11:26:18Z
46320,6067,delivered,540,0,147,,,,,,33.57,2026-03-30T07:17:45Z,2026-05-27T11:26:18Z
46321,4827,delivered,2775,14.99,149,,,,,,44.82,2026-04-22T02:49:52Z,2026-05-27T11:26:18Z
46322,5458,delivered,1695,14.99,143,,,,,,93.9,2026-04-10T05:48:02Z,2026-05-27T11:26:18Z
46323,5278,cancelled,185,0,149,,,,,46300,66.58,2026-04-29T00:23:30Z,2026-05-27T11:26:18Z
46324,6341,pending,1015,0,,,,,,,78.32,2026-04-02T18:35:19Z,2026-05-27T11:26:18Z
46325,6370,confirmed,25,14.99,145,,,,,,44.36,2026-04-28T19:27:18Z,2026-05-27T11:26:18Z
46326,5114,processing,457,0,150,,,,,48698,63.8,2026-04-12T19:50:36Z,2026-05-27T11:26:18Z
46327,5936,shipped,800,0,143,,,,,45270,70.65,2026-05-12T02:55:50Z,2026-05-27T11:26:18Z
46328,5922,delivered,280,0,148,,,,,,68.86,2026-05-04T13:24:09Z,2026-05-27T11:26:18Z
46329,6002,delivered,980,14.99,146,,,,,,51.59,2026-05-06T02:35:30Z,2026-05-27T11:26:18Z
46330,5838,delivered,0,0,142,,,,,,82.36,2026-05-08T07:26:45Z,2026-05-27T11:26:18Z
46331,5019,cancelled,60,7.99,143,,,,,,94.35,2026-05-13T06:28:40Z,2026-05-27T11:26:18Z
46332,5121,pending,70,0,,,,,,,67.8,2026-05-05T12:32:09Z,2026-05-27T11:26:18Z
46333,6411,confirmed,185,7.99,149,,,,,,15.06,2026-04-07T04:56:14Z,2026-05-27T11:26:18Z
46334,4655,processing,860,7.99,143,,,,,44861,20.33,2026-04-20T12:41:16Z,2026-05-27T11:26:18Z
46335,5792,shipped,300,14.99,145,,,,,,86.97,2026-03-31T04:00:42Z,2026-05-27T11:26:18Z
46336,5020,delivered,220,7.99,149,,,,,48922,68.78,2026-03-29T20:20:59Z,2026-05-27T11:26:18Z
46337,4772,delivered,1595,0,149,,,,,48066,62.22,2026-04-21T05:39:53Z,2026-05-27T11:26:18Z
46338,5113,delivered,150,0,148,,,,,,73.64,2026-04-30T14:28:01Z,2026-05-27T11:26:18Z
46339,4631,cancelled,80,0,147,,,,,48554,89.1,2026-05-17T17:20:07Z,2026-05-27T11:26:18Z
46340,6190,pending,0,7.99,,,,,,46250,91.7,2026-05-14T13:14:12Z,2026-05-27T11:26:18Z
46341,5485,confirmed,360,14.99,144,,,,,46346,63.26,2026-05-19T23:49:21Z,2026-05-27T11:26:18Z
46342,5616,processing,1015,7.99,143,,,,,,92.49,2026-04-19T01:01:56Z,2026-05-27T11:26:18Z
46343,6305,shipped,387,0,150,,,,,,93.17,2026-04-24T14:54:45Z,2026-05-27T11:26:18Z
46344,6155,delivered,20,0,143,,,,,46498,33.42,2026-05-08T21:02:24Z,2026-05-27T11:26:18Z
46345,5520,delivered,85,0,144,,,,,,39.7,2026-05-14T14:15:09Z,2026-05-27T11:26:18Z
46346,5596,delivered,525,0,150,,,,,48304,49.14,2026-05-02T19:07:29Z,2026-05-27T11:26:18Z
46347,5025,cancelled,1590,0,145,,,,,,32.92,2026-05-04T21:05:51Z,2026-05-27T11:26:18Z
46348,6020,pending,965,0,,,,,,,68.86,2026-04-11T10:39:43Z,2026-05-27T11:26:18Z
46349,5060,confirmed,880,7.99,148,,,,,,87.62,2026-05-07T21:12:28Z,2026-05-27T11:26:18Z
46350,5274,processing,470,0,142,,,,,,74.65,2026-04-27T18:29:02Z,2026-05-27T11:26:18Z
46351,5609,shipped,3605,7.99,141,,,,,,42.85,2026-04-06T04:35:26Z,2026-05-27T11:26:18Z
46352,6118,delivered,2910,7.99,152,,,,,,23.66,2026-03-29T09:38:38Z,2026-05-27T11:26:18Z
46353,4649,delivered,420,0,152,,,,,47161,54.49,2026-04-14T11:57:41Z,2026-05-27T11:26:18Z
46354,5664,delivered,607,14.99,144,,,,,47029,59,2026-04-16T04:43:24Z,2026-05-27T11:26:18Z
46355,4625,cancelled,390,7.99,143,,,,,,61.83,2026-04-03T02:06:42Z,2026-05-27T11:26:18Z
46356,5531,pending,755,7.99,,,,,,,69.77,2026-04-01T00:56:27Z,2026-05-27T11:26:18Z
46357,4577,confirmed,1075,0,148,,,,,,73.97,2026-04-20T12:27:14Z,2026-05-27T11:26:19Z
46358,5451,processing,1215,7.99,152,,,,,,42.34,2026-04-24T03:48:36Z,2026-05-27T11:26:19Z
46359,5194,shipped,0,7.99,144,,,,,,25.53,2026-05-08T10:29:05Z,2026-05-27T11:26:19Z
46360,5989,delivered,870,14.99,147,,,,,46829,27.68,2026-04-09T21:26:35Z,2026-05-27T11:26:19Z
46361,4819,delivered,420,0,146,,,,,,13.77,2026-05-20T21:06:40Z,2026-05-27T11:26:19Z
46362,5682,delivered,500,7.99,149,,,,,48783,93.09,2026-05-14T15:06:30Z,2026-05-27T11:26:19Z
46363,4762,cancelled,1450,7.99,150,,,,,47933,16.32,2026-05-16T02:49:33Z,2026-05-27T11:26:19Z
46364,6127,pending,855,14.99,,,,,,45554,39.38,2026-05-23T06:55:51Z,2026-05-27T11:26:19Z
46365,6466,confirmed,640,14.99,152,,,,,,30.55,2026-04-28T17:42:26Z,2026-05-27T11:26:19Z
46366,6421,processing,90,7.99,151,,,,,,39.99,2026-03-31T12:48:56Z,2026-05-27T11:26:19Z
46367,4951,shipped,520,7.99,149,,,,,,89.25,2026-03-31T01:12:13Z,2026-05-27T11:26:19Z
46368,6316,delivered,400,7.99,144,,,,,,67.31,2026-04-01T21:26:47Z,2026-05-27T11:26:19Z
46369,4812,delivered,1920,0,145,,,,,,26.18,2026-03-30T05:45:15Z,2026-05-27T11:26:19Z
46370,6280,delivered,440,0,150,,,,,,11.86,2026-04-04T05:27:34Z,2026-05-27T11:26:19Z
46371,5695,cancelled,115,7.99,143,,,,,47900,54.23,2026-04-13T01:08:22Z,2026-05-27T11:26:19Z
46372,5062,pending,95,14.99,,,,,,,69.23,2026-05-06T10:09:25Z,2026-05-27T11:26:19Z
46373,5889,confirmed,1920,14.99,146,,,,,,32.82,2026-04-24T16:14:44Z,2026-05-27T11:26:19Z
46374,6116,processing,0,0,152,,,,,,14.73,2026-04-12T12:18:44Z,2026-05-27T11:26:19Z
46375,6367,shipped,0,7.99,144,,,,,47877,58.75,2026-04-25T12:56:00Z,2026-05-27T11:26:19Z
46376,4677,delivered,960,7.99,141,,,,,,94.55,2026-03-28T22:17:26Z,2026-05-27T11:26:19Z
46377,4962,delivered,830,7.99,141,,,,,,46.93,2026-04-07T16:20:19Z,2026-05-27T11:26:19Z
46378,4884,delivered,1150,7.99,142,,,,,47887,64.61,2026-04-30T11:14:43Z,2026-05-27T11:26:19Z
46379,5476,cancelled,705,0,143,,,,,,50.05,2026-05-15T10:56:42Z,2026-05-27T11:26:19Z
46380,4562,pending,135,7.99,,,,,,,14.82,2026-04-02T05:53:07Z,2026-05-27T11:26:19Z
46381,5248,confirmed,415,7.99,144,,,,,48518,34.6,2026-05-15T21:07:34Z,2026-05-27T11:26:19Z
46382,5655,processing,190,7.99,145,,,,,,87.53,2026-03-30T13:27:43Z,2026-05-27T11:26:19Z
46383,4763,shipped,1135,7.99,148,,,,,,86.46,2026-04-05T05:23:36Z,2026-05-27T11:26:19Z
46384,6357,delivered,225,7.99,147,,,,,,36.35,2026-05-06T03:00:49Z,2026-05-27T11:26:19Z
46385,6400,delivered,740,7.99,148,,,,,46481,60.01,2026-03-29T10:14:27Z,2026-05-27T11:26:19Z
46386,6252,delivered,760,0,151,,,,,,61.17,2026-04-21T20:14:50Z,2026-05-27T11:26:19Z
46387,5182,cancelled,470,0,147,,,,,,16.12,2026-05-16T03:40:33Z,2026-05-27T11:26:19Z
46388,6497,pending,1407,14.99,,,,,,,51.36,2026-04-05T06:41:11Z,2026-05-27T11:26:19Z
46389,5273,confirmed,465,7.99,141,,,,,46111,46.73,2026-03-29T10:51:46Z,2026-05-27T11:26:19Z
46390,6268,processing,1080,7.99,147,,,,,47123,75.31,2026-05-14T01:51:32Z,2026-05-27T11:26:19Z
46391,5254,shipped,520,14.99,149,,,,,44635,58.65,2026-04-22T15:24:35Z,2026-05-27T11:26:19Z
46392,4839,delivered,520,14.99,152,,,,,,33.06,2026-03-31T16:50:11Z,2026-05-27T11:26:19Z
46393,6487,delivered,20,7.99,146,,,,,,47.6,2026-04-21T04:25:36Z,2026-05-27T11:26:19Z
46394,4599,delivered,25,7.99,143,,,,,,59.1,2026-05-19T10:04:10Z,2026-05-27T11:26:19Z
46395,6427,cancelled,440,7.99,146,,,,,48811,72.5,2026-04-05T05:47:32Z,2026-05-27T11:26:19Z
46396,6048,pending,1080,7.99,,,,,,,65.6,2026-05-07T01:24:39Z,2026-05-27T11:26:19Z
46397,4917,confirmed,435,7.99,147,,,,,,74.13,2026-05-01T16:08:23Z,2026-05-27T11:26:19Z
46398,5757,processing,515,0,141,,,,,,71.68,2026-05-23T06:29:32Z,2026-05-27T11:26:19Z
46399,5521,shipped,660,7.99,141,,,,,47117,81.99,2026-04-09T17:04:33Z,2026-05-27T11:26:19Z
46400,4597,delivered,400,7.99,142,,,,,48956,89.62,2026-04-20T11:46:50Z,2026-05-27T11:26:19Z
46401,5755,delivered,285,14.99,144,,,,,,94.11,2026-04-08T10:40:36Z,2026-05-27T11:26:19Z
46402,5051,delivered,1625,7.99,142,,,,,,12.77,2026-04-11T00:27:41Z,2026-05-27T11:26:19Z
46403,6173,cancelled,330,0,150,,,,,,58.17,2026-03-31T20:23:52Z,2026-05-27T11:26:19Z
46404,6339,pending,660,7.99,,,,,,,60.25,2026-05-10T04:50:45Z,2026-05-27T11:26:19Z
46405,5519,confirmed,220,0,142,,,,,,51.52,2026-05-01T21:54:17Z,2026-05-27T11:26:19Z
46406,5256,processing,45,7.99,148,,,,,,34.6,2026-03-30T09:51:02Z,2026-05-27T11:26:19Z
46407,5551,shipped,1200,7.99,150,,,,,,64.07,2026-05-10T06:40:14Z,2026-05-27T11:26:19Z
46408,5587,delivered,205,7.99,152,,,,,,75.91,2026-04-09T08:16:31Z,2026-05-27T11:26:19Z
46409,5659,delivered,1985,14.99,144,,,,,,70.06,2026-04-07T06:07:32Z,2026-05-27T11:26:19Z
46410,5635,delivered,185,7.99,149,,,,,,88.99,2026-05-12T22:37:23Z,2026-05-27T11:26:19Z
46411,5821,cancelled,75,0,145,,,,,44682,43.53,2026-05-05T16:41:46Z,2026-05-27T11:26:19Z
46412,4765,pending,1155,0,,,,,,,15.17,2026-04-10T12:05:06Z,2026-05-27T11:26:19Z
46413,6188,confirmed,420,14.99,150,,,,,,76.69,2026-05-22T22:42:45Z,2026-05-27T11:26:19Z
46414,5279,processing,50,7.99,141,,,,,47148,68.95,2026-05-27T09:53:23Z,2026-05-27T11:26:19Z
46415,4570,shipped,0,7.99,148,,,,,,62.74,2026-05-21T12:57:00Z,2026-05-27T11:26:19Z
46416,6517,delivered,750,7.99,152,,,,,,45.2,2026-04-19T16:27:46Z,2026-05-27T11:26:19Z
46417,5987,delivered,495,14.99,151,,,,,,90.11,2026-05-11T02:42:21Z,2026-05-27T11:26:19Z
46418,6056,delivered,455,7.99,147,,,,,,23.2,2026-05-19T08:12:07Z,2026-05-27T11:26:19Z
46419,5603,cancelled,150,7.99,146,,,,,,44.27,2026-05-15T18:30:57Z,2026-05-27T11:26:19Z
46420,6379,pending,250,0,,,,,,,55.56,2026-04-09T12:48:58Z,2026-05-27T11:26:19Z
46421,5395,confirmed,190,14.99,152,,,,,47009,48.17,2026-05-26T11:24:47Z,2026-05-27T11:26:19Z
46422,5688,processing,930,0,149,,,,,49366,11.79,2026-04-09T04:46:20Z,2026-05-27T11:26:19Z
46423,5922,shipped,680,0,152,,,,,,50.97,2026-04-15T05:22:34Z,2026-05-27T11:26:19Z
46424,6093,delivered,860,14.99,149,,,,,45734,62.47,2026-05-11T16:01:01Z,2026-05-27T11:26:19Z
46425,5295,delivered,1205,0,151,,,,,,49.49,2026-04-03T16:54:51Z,2026-05-27T11:26:19Z
46426,4691,delivered,210,0,145,,,,,,19.76,2026-05-09T05:00:35Z,2026-05-27T11:26:19Z
46427,5088,cancelled,435,14.99,143,,,,,49282,54.04,2026-04-29T11:53:10Z,2026-05-27T11:26:19Z
46428,4642,pending,960,7.99,,,,,,,57.9,2026-04-18T15:28:05Z,2026-05-27T11:26:19Z
46429,6301,confirmed,1690,7.99,141,,,,,47579,18.25,2026-05-23T21:41:16Z,2026-05-27T11:26:19Z
46430,5729,processing,895,0,141,,,,,,28.82,2026-05-20T15:40:32Z,2026-05-27T11:26:19Z
46431,4661,shipped,220,7.99,145,,,,,,20.84,2026-05-13T01:31:37Z,2026-05-27T11:26:19Z
46432,5744,delivered,915,0,147,,,,,,81.94,2026-05-24T23:56:22Z,2026-05-27T11:26:19Z
46433,6131,delivered,285,0,150,,,,,45464,55.88,2026-04-01T03:15:24Z,2026-05-27T11:26:19Z
46434,6432,delivered,370,14.99,147,,,,,,63.75,2026-04-02T11:41:50Z,2026-05-27T11:26:19Z
46435,5082,cancelled,1905,7.99,141,,,,,,91.47,2026-04-28T08:09:52Z,2026-05-27T11:26:19Z
46436,6125,pending,267,0,,,,,,,51.85,2026-04-03T03:21:50Z,2026-05-27T11:26:19Z
46437,4989,confirmed,45,14.99,141,,,,,45766,20.25,2026-04-06T12:09:41Z,2026-05-27T11:26:19Z
46438,6002,processing,135,0,151,,,,,,67.12,2026-03-30T04:38:36Z,2026-05-27T11:26:19Z
46439,4781,shipped,1295,7.99,141,,,,,,71,2026-05-12T16:52:02Z,2026-05-27T11:26:19Z
46440,4724,delivered,135,7.99,152,,,,,48601,54.12,2026-05-13T07:49:11Z,2026-05-27T11:26:19Z
46441,5127,delivered,0,14.99,149,,,,,,34.31,2026-05-01T03:51:15Z,2026-05-27T11:26:19Z
46442,6064,delivered,650,0,145,,,,,45530,57.55,2026-04-14T21:20:52Z,2026-05-27T11:26:19Z
46443,5909,cancelled,1490,0,147,,,,,45560,47.13,2026-05-02T17:48:49Z,2026-05-27T11:26:19Z
46444,5241,pending,1320,7.99,,,,,,,28.99,2026-05-20T20:04:33Z,2026-05-27T11:26:19Z
46445,4782,confirmed,195,7.99,144,,,,,,87.03,2026-05-07T16:05:16Z,2026-05-27T11:26:19Z
46446,6238,processing,170,14.99,149,,,,,,78.85,2026-05-18T07:12:49Z,2026-05-27T11:26:19Z
46447,5513,shipped,620,0,151,,,,,,42.8,2026-05-10T15:03:55Z,2026-05-27T11:26:19Z
46448,5327,delivered,573,14.99,143,,,,,45842,51.35,2026-05-17T02:59:12Z,2026-05-27T11:26:19Z
46449,5887,delivered,835,7.99,143,,,,,,89.51,2026-05-05T10:03:16Z,2026-05-27T11:26:19Z
46450,5970,delivered,540,7.99,151,,,,,,49.26,2026-03-31T17:06:56Z,2026-05-27T11:26:19Z
46451,4934,cancelled,698,14.99,144,,,,,44984,90.9,2026-04-10T20:28:14Z,2026-05-27T11:26:19Z
46452,4958,pending,1795,0,,,,,,48269,62.16,2026-04-27T01:11:34Z,2026-05-27T11:26:19Z
46453,4725,confirmed,865,7.99,141,,,,,,80.52,2026-05-03T17:43:23Z,2026-05-27T11:26:19Z
46454,4747,processing,720,14.99,147,,,,,,17.56,2026-05-12T15:35:39Z,2026-05-27T11:26:19Z
46455,6519,shipped,1108,7.99,151,,,,,,86.12,2026-05-26T03:26:18Z,2026-05-27T11:26:19Z
46456,6285,delivered,2240,14.99,145,,,,,,83.1,2026-05-09T04:13:52Z,2026-05-27T11:26:19Z
46457,6517,delivered,340,7.99,144,,,,,,77.33,2026-05-11T18:00:05Z,2026-05-27T11:26:19Z
46458,6055,delivered,680,7.99,146,,,,,,14.85,2026-05-06T02:37:46Z,2026-05-27T11:26:19Z
46459,6233,cancelled,45,14.99,147,,,,,,82.18,2026-05-01T03:09:11Z,2026-05-27T11:26:19Z
46460,5685,pending,30,14.99,,,,,,,90.5,2026-04-21T07:01:30Z,2026-05-27T11:26:19Z
46461,4846,confirmed,340,7.99,148,,,,,47127,93.18,2026-04-04T15:05:55Z,2026-05-27T11:26:19Z
46462,4658,processing,350,0,143,,,,,49224,52.92,2026-03-30T12:02:37Z,2026-05-27T11:26:19Z
46463,5141,shipped,1275,14.99,145,,,,,,44.49,2026-05-19T02:27:20Z,2026-05-27T11:26:19Z
46464,5007,delivered,710,7.99,150,,,,,,33.12,2026-04-14T17:15:08Z,2026-05-27T11:26:19Z
46465,5137,delivered,2065,0,144,,,,,46423,85.97,2026-05-27T10:25:53Z,2026-05-27T11:26:19Z
46466,5263,delivered,580,0,148,,,,,,54.09,2026-05-18T13:17:02Z,2026-05-27T11:26:19Z
46467,5405,cancelled,20,14.99,144,,,,,,76.18,2026-04-06T16:03:06Z,2026-05-27T11:26:19Z
46468,6108,pending,410,7.99,,,,,,,31.98,2026-05-17T22:28:58Z,2026-05-27T11:26:19Z
46469,5841,confirmed,1920,7.99,144,,,,,,64.86,2026-03-30T05:09:54Z,2026-05-27T11:26:19Z
46470,4862,processing,695,7.99,146,,,,,,14.91,2026-05-14T02:43:31Z,2026-05-27T11:26:19Z
46471,6103,shipped,455,7.99,152,,,,,48994,86.75,2026-05-19T08:09:40Z,2026-05-27T11:26:19Z
46472,5529,delivered,305,0,144,,,,,,31.65,2026-04-07T04:48:04Z,2026-05-27T11:26:19Z
46473,5221,delivered,1940,14.99,142,,,,,,93.17,2026-04-02T22:19:01Z,2026-05-27T11:26:19Z
46474,5575,delivered,600,14.99,152,,,,,,68.96,2026-05-10T22:44:11Z,2026-05-27T11:26:19Z
46475,5016,cancelled,1020,14.99,141,,,,,46355,48.85,2026-05-03T06:35:10Z,2026-05-27T11:26:19Z
46476,4964,pending,770,0,,,,,,,48.65,2026-05-01T21:36:08Z,2026-05-27T11:26:19Z
46477,5858,confirmed,1130,0,142,,,,,,19.84,2026-04-29T04:41:27Z,2026-05-27T11:26:19Z
46478,4700,processing,0,7.99,151,,,,,,13.41,2026-05-22T03:05:32Z,2026-05-27T11:26:19Z
46479,6363,shipped,660,7.99,150,,,,,45210,94.38,2026-05-18T21:03:12Z,2026-05-27T11:26:19Z
46480,5098,delivered,1120,0,147,,,,,47871,40.47,2026-04-16T12:20:47Z,2026-05-27T11:26:19Z
46481,5613,delivered,830,7.99,149,,,,,,16.15,2026-05-07T06:43:40Z,2026-05-27T11:26:19Z
46482,4987,delivered,525,7.99,143,,,,,,39.36,2026-05-06T09:39:13Z,2026-05-27T11:26:19Z
46483,5346,cancelled,765,0,147,,,,,,31.24,2026-04-13T13:25:41Z,2026-05-27T11:26:19Z
46484,6477,pending,425,0,,,,,,,32.72,2026-05-16T00:39:21Z,2026-05-27T11:26:19Z
46485,6514,confirmed,1375,7.99,148,,,,,,81.74,2026-04-11T07:45:02Z,2026-05-27T11:26:19Z
46486,5649,processing,350,7.99,144,,,,,,77.99,2026-04-11T00:58:46Z,2026-05-27T11:26:19Z
46487,5315,shipped,255,7.99,142,,,,,44628,17,2026-04-05T02:07:10Z,2026-05-27T11:26:19Z
46488,5913,delivered,470,7.99,150,,,,,,66.72,2026-05-14T09:08:52Z,2026-05-27T11:26:19Z
46489,6097,delivered,595,7.99,143,,,,,,23,2026-04-05T01:22:30Z,2026-05-27T11:26:19Z
46490,6283,delivered,425,14.99,147,,,,,,80.97,2026-04-17T21:42:47Z,2026-05-27T11:26:19Z
46491,5946,cancelled,540,7.99,142,,,,,49137,65.41,2026-05-19T00:16:21Z,2026-05-27T11:26:19Z
46492,5615,pending,875,14.99,,,,,,,42.26,2026-05-15T03:15:56Z,2026-05-27T11:26:19Z
46493,6307,confirmed,1165,0,151,,,,,,22.15,2026-05-24T03:08:44Z,2026-05-27T11:26:19Z
46494,4686,processing,20,14.99,149,,,,,,60.29,2026-05-06T15:04:08Z,2026-05-27T11:26:19Z
46495,5153,shipped,627,7.99,147,,,,,,33.31,2026-04-16T21:35:48Z,2026-05-27T11:26:19Z
46496,5720,delivered,135,0,145,,,,,46105,12.42,2026-05-12T12:51:53Z,2026-05-27T11:26:19Z
46497,5218,delivered,1513,7.99,143,,,,,,93.16,2026-05-02T14:39:25Z,2026-05-27T11:26:19Z
46498,5421,delivered,20,7.99,150,,,,,,33.23,2026-05-03T15:22:17Z,2026-05-27T11:26:19Z
46499,6510,cancelled,90,14.99,151,,,,,48373,93.3,2026-03-30T08:48:52Z,2026-05-27T11:26:19Z
46500,4846,pending,370,7.99,,,,,,,60.04,2026-05-08T16:05:45Z,2026-05-27T11:26:19Z
46501,6006,confirmed,660,14.99,145,,,,,,69.77,2026-04-10T12:44:03Z,2026-05-27T11:26:19Z
46502,4828,processing,285,14.99,152,,,,,,27.94,2026-05-11T20:06:28Z,2026-05-27T11:26:19Z
46503,5512,shipped,390,0,145,,,,,,37.26,2026-04-13T11:25:32Z,2026-05-27T11:26:19Z
46504,5834,delivered,1670,0,145,,,,,,15.57,2026-05-11T02:46:52Z,2026-05-27T11:26:19Z
46505,5214,delivered,105,14.99,151,,,,,45651,11.86,2026-05-10T23:13:28Z,2026-05-27T11:26:19Z
46506,4553,delivered,2460,14.99,148,,,,,,86.84,2026-05-13T08:40:19Z,2026-05-27T11:26:19Z
46507,4822,cancelled,1075,7.99,151,,,,,,63.13,2026-04-08T10:36:42Z,2026-05-27T11:26:19Z
46508,5760,pending,400,14.99,,,,,,48678,36.34,2026-04-29T19:23:08Z,2026-05-27T11:26:19Z
46509,6073,confirmed,0,14.99,148,,,,,,20.48,2026-04-25T17:53:48Z,2026-05-27T11:26:19Z
46510,5514,processing,895,7.99,142,,,,,,30.7,2026-03-29T11:36:31Z,2026-05-27T11:26:19Z
46511,6480,shipped,2125,7.99,145,,,,,,19.63,2026-04-17T22:14:27Z,2026-05-27T11:26:19Z
46512,6371,delivered,45,14.99,144,,,,,,85.75,2026-05-22T19:17:57Z,2026-05-27T11:26:19Z
46513,6292,delivered,950,14.99,151,,,,,45715,80.52,2026-05-10T03:22:38Z,2026-05-27T11:26:19Z
46514,6267,delivered,315,7.99,141,,,,,,91.67,2026-05-23T19:22:07Z,2026-05-27T11:26:19Z
46515,4966,cancelled,1455,14.99,150,,,,,,47.36,2026-04-09T01:55:40Z,2026-05-27T11:26:19Z
46516,5568,pending,865,7.99,,,,,,48844,57.56,2026-05-06T13:36:54Z,2026-05-27T11:26:19Z
46517,6057,confirmed,267,0,148,,,,,,68.19,2026-05-26T13:50:22Z,2026-05-27T11:26:19Z
46518,5660,processing,89,7.99,142,,,,,,46.68,2026-04-08T19:53:19Z,2026-05-27T11:26:19Z
46519,5800,shipped,675,0,149,,,,,,28.31,2026-05-17T12:05:09Z,2026-05-27T11:26:19Z
46520,5134,delivered,735,7.99,146,,,,,,44.26,2026-05-10T09:22:17Z,2026-05-27T11:26:19Z
46521,5903,delivered,840,0,146,,,,,48747,34.7,2026-05-15T05:00:13Z,2026-05-27T11:26:19Z
46522,6138,delivered,375,0,150,,,,,,18.41,2026-04-10T09:12:06Z,2026-05-27T11:26:19Z
46523,5963,cancelled,435,14.99,151,,,,,46129,37.09,2026-05-06T03:58:12Z,2026-05-27T11:26:19Z
46524,4748,pending,395,7.99,,,,,,47715,80.1,2026-05-12T14:13:21Z,2026-05-27T11:26:19Z
46525,5520,confirmed,745,7.99,141,,,,,48514,62.93,2026-04-08T00:17:02Z,2026-05-27T11:26:19Z
46526,5150,processing,390,0,150,,,,,,45.89,2026-05-11T06:10:03Z,2026-05-27T11:26:19Z
46527,5633,shipped,260,7.99,142,,,,,,29.18,2026-04-30T14:06:55Z,2026-05-27T11:26:19Z
46528,5233,delivered,35,14.99,145,,,,,,15.99,2026-04-13T01:25:36Z,2026-05-27T11:26:19Z
46529,5717,delivered,374,7.99,152,,,,,48123,60.6,2026-04-12T13:38:03Z,2026-05-27T11:26:19Z
46530,6353,delivered,907,0,151,,,,,46576,90.7,2026-05-15T17:56:57Z,2026-05-27T11:26:19Z
46531,5639,cancelled,155,0,148,,,,,44611,47.03,2026-05-27T05:15:53Z,2026-05-27T11:26:19Z
46532,6413,pending,210,7.99,,,,,,,68.45,2026-04-18T03:51:09Z,2026-05-27T11:26:19Z
46533,6202,confirmed,250,7.99,146,,,,,,74.05,2026-04-12T10:04:19Z,2026-05-27T11:26:19Z
46534,4599,processing,1140,0,150,,,,,,66.37,2026-04-16T11:43:30Z,2026-05-27T11:26:19Z
46535,5094,shipped,1180,0,145,,,,,47279,60.64,2026-04-23T15:31:47Z,2026-05-27T11:26:19Z
46536,6232,delivered,1275,0,147,,,,,,71.05,2026-05-17T14:02:31Z,2026-05-27T11:26:19Z
46537,4746,delivered,25,14.99,151,,,,,,64.23,2026-05-12T22:21:00Z,2026-05-27T11:26:19Z
46538,6305,delivered,665,14.99,145,,,,,,32.77,2026-04-08T16:34:51Z,2026-05-27T11:26:19Z
46539,6370,cancelled,410,0,149,,,,,,58.38,2026-03-29T03:22:55Z,2026-05-27T11:26:19Z
46540,4615,pending,920,14.99,,,,,,46890,67.47,2026-05-19T06:28:09Z,2026-05-27T11:26:19Z
46541,4879,confirmed,640,14.99,148,,,,,,74.99,2026-05-23T07:36:31Z,2026-05-27T11:26:19Z
46542,5193,processing,645,0,146,,,,,,10.2,2026-04-25T20:51:17Z,2026-05-27T11:26:19Z
46543,5223,shipped,655,0,143,,,,,45208,71.91,2026-04-16T02:44:13Z,2026-05-27T11:26:19Z
46544,6171,delivered,610,7.99,141,,,,,48231,36.29,2026-05-18T20:08:35Z,2026-05-27T11:26:19Z
46545,5822,delivered,380,14.99,143,,,,,48115,40.68,2026-04-24T21:53:08Z,2026-05-27T11:26:19Z
46546,4789,delivered,290,7.99,150,,,,,,44.2,2026-04-21T00:35:36Z,2026-05-27T11:26:19Z
46547,4720,cancelled,837,14.99,146,,,,,44698,94.05,2026-05-08T00:34:49Z,2026-05-27T11:26:19Z
46548,5842,pending,90,0,,,,,,,75.48,2026-04-04T08:59:37Z,2026-05-27T11:26:19Z
46549,5832,confirmed,1885,7.99,148,,,,,,39.01,2026-04-14T17:14:13Z,2026-05-27T11:26:19Z
46550,6033,processing,910,14.99,146,,,,,,49.61,2026-05-10T01:39:47Z,2026-05-27T11:26:19Z
46551,6166,shipped,1240,0,146,,,,,,19.67,2026-05-16T09:08:31Z,2026-05-27T11:26:19Z
46552,4552,delivered,790,7.99,146,,,,,45917,10.85,2026-04-18T04:23:12Z,2026-05-27T11:26:19Z
46553,4965,delivered,630,0,145,,,,,,21.2,2026-05-01T14:22:10Z,2026-05-27T11:26:19Z
46554,5217,delivered,1940,14.99,143,,,,,,51.45,2026-05-07T13:16:39Z,2026-05-27T11:26:19Z
46555,5933,cancelled,60,7.99,151,,,,,47369,82.23,2026-05-25T09:28:24Z,2026-05-27T11:26:19Z
46556,5671,pending,625,0,,,,,,46031,28.18,2026-04-26T01:17:46Z,2026-05-27T11:26:19Z
46557,6000,confirmed,1260,7.99,149,,,,,,49.59,2026-04-27T02:08:17Z,2026-05-27T11:26:19Z
46558,4905,processing,2195,0,151,,,,,45802,21.32,2026-04-25T00:33:16Z,2026-05-27T11:26:19Z
46559,4644,shipped,1650,7.99,144,,,,,,77.01,2026-04-10T10:50:19Z,2026-05-27T11:26:19Z
46560,6039,delivered,415,7.99,141,,,,,,50.43,2026-05-13T01:56:24Z,2026-05-27T11:26:19Z
46561,5950,delivered,645,14.99,148,,,,,,58.63,2026-05-24T22:47:04Z,2026-05-27T11:26:19Z
46562,5936,delivered,974,7.99,150,,,,,,59.37,2026-03-29T08:25:14Z,2026-05-27T11:26:19Z
46563,5912,cancelled,50,7.99,152,,,,,,43.35,2026-04-06T10:19:12Z,2026-05-27T11:26:19Z
46564,5848,pending,1500,0,,,,,,,14.75,2026-04-01T14:54:07Z,2026-05-27T11:26:19Z
46565,6492,confirmed,2760,14.99,148,,,,,,55.19,2026-05-21T19:20:44Z,2026-05-27T11:26:19Z
46566,6005,processing,70,7.99,142,,,,,48978,23.5,2026-05-05T14:06:06Z,2026-05-27T11:26:19Z
46567,4814,shipped,915,7.99,144,,,,,48925,14.86,2026-04-28T14:50:36Z,2026-05-27T11:26:19Z
46568,6402,delivered,1005,7.99,143,,,,,48185,27.31,2026-05-24T22:41:18Z,2026-05-27T11:26:19Z
46569,5562,delivered,1940,0,151,,,,,,29.14,2026-04-29T04:29:14Z,2026-05-27T11:26:19Z
46570,6299,delivered,200,7.99,152,,,,,48685,67.11,2026-05-15T14:34:12Z,2026-05-27T11:26:19Z
46571,6299,cancelled,910,7.99,145,,,,,,46.33,2026-03-31T23:42:34Z,2026-05-27T11:26:19Z
46572,5969,pending,784,7.99,,,,,,,68.19,2026-05-10T12:56:56Z,2026-05-27T11:26:19Z
46573,5399,confirmed,160,14.99,142,,,,,44874,65.82,2026-04-07T05:55:49Z,2026-05-27T11:26:19Z
46574,6277,processing,140,0,147,,,,,,90.01,2026-03-29T08:01:07Z,2026-05-27T11:26:19Z
46575,6433,shipped,805,7.99,146,,,,,,24.34,2026-05-22T18:36:30Z,2026-05-27T11:26:19Z
46576,5508,delivered,645,0,148,,,,,46060,74.19,2026-03-29T08:21:17Z,2026-05-27T11:26:19Z
46577,6430,delivered,520,0,152,,,,,,81.86,2026-04-29T04:43:19Z,2026-05-27T11:26:19Z
46578,4755,delivered,812,7.99,144,,,,,,31.7,2026-04-22T09:52:16Z,2026-05-27T11:26:19Z
46579,4765,cancelled,585,7.99,143,,,,,47855,60.96,2026-05-21T04:05:23Z,2026-05-27T11:26:19Z
46580,5738,pending,1595,7.99,,,,,,49356,24.39,2026-03-28T13:20:37Z,2026-05-27T11:26:19Z
46581,5670,confirmed,420,0,146,,,,,48923,30.08,2026-04-06T15:41:55Z,2026-05-27T11:26:19Z
46582,4599,processing,628,7.99,141,,,,,,25.08,2026-04-30T06:34:20Z,2026-05-27T11:26:19Z
46583,6436,shipped,615,14.99,146,,,,,,85.62,2026-04-23T12:06:59Z,2026-05-27T11:26:19Z
46584,5566,delivered,767,7.99,147,,,,,,62.55,2026-04-12T13:51:28Z,2026-05-27T11:26:19Z
46585,4876,delivered,530,0,152,,,,,,60.88,2026-05-07T09:36:33Z,2026-05-27T11:26:19Z
46586,6302,delivered,1170,7.99,152,,,,,,21.55,2026-04-22T22:25:30Z,2026-05-27T11:26:19Z
46587,4562,cancelled,660,7.99,151,,,,,,84.99,2026-04-18T13:19:12Z,2026-05-27T11:26:19Z
46588,5884,pending,1255,0,,,,,,,26.97,2026-05-22T13:22:36Z,2026-05-27T11:26:19Z
46589,4742,confirmed,670,0,152,,,,,46464,19.04,2026-04-02T19:54:49Z,2026-05-27T11:26:19Z
46590,5148,processing,335,14.99,143,,,,,48482,57.53,2026-05-12T20:49:17Z,2026-05-27T11:26:19Z
46591,6193,shipped,15,0,143,,,,,,62.99,2026-04-29T05:46:01Z,2026-05-27T11:26:19Z
46592,6072,delivered,710,0,143,,,,,,43.16,2026-04-24T11:21:57Z,2026-05-27T11:26:19Z
46593,5084,delivered,75,7.99,142,,,,,,16.69,2026-04-17T23:20:59Z,2026-05-27T11:26:19Z
46594,6494,delivered,145,14.99,152,,,,,44965,64.52,2026-05-10T12:28:37Z,2026-05-27T11:26:19Z
46595,6173,cancelled,190,14.99,142,,,,,,80.24,2026-04-21T03:10:43Z,2026-05-27T11:26:19Z
46596,5147,pending,695,14.99,,,,,,,67.12,2026-05-23T21:43:56Z,2026-05-27T11:26:19Z
46597,5950,confirmed,670,0,146,,,,,,89.95,2026-05-15T13:02:05Z,2026-05-27T11:26:19Z
46598,5334,processing,590,0,148,,,,,,36.92,2026-05-02T07:15:42Z,2026-05-27T11:26:19Z
46599,5265,shipped,570,14.99,149,,,,,47941,85.22,2026-05-08T01:05:33Z,2026-05-27T11:26:19Z
46600,5683,delivered,745,7.99,146,,,,,48398,77.67,2026-04-06T10:57:02Z,2026-05-27T11:26:19Z
46601,5803,delivered,210,14.99,152,,,,,48441,52.03,2026-04-11T07:42:09Z,2026-05-27T11:26:19Z
46602,5050,delivered,0,7.99,149,,,,,,55.63,2026-04-26T12:46:27Z,2026-05-27T11:26:19Z
46603,5250,cancelled,1260,0,151,,,,,49286,24.76,2026-05-18T09:25:15Z,2026-05-27T11:26:19Z
46604,4822,pending,500,14.99,,,,,,,93.27,2026-04-20T17:53:58Z,2026-05-27T11:26:19Z
46605,5418,confirmed,920,14.99,143,,,,,,50.6,2026-05-25T00:26:03Z,2026-05-27T11:26:19Z
46606,4878,processing,450,0,151,,,,,,77.95,2026-04-26T06:59:39Z,2026-05-27T11:26:19Z
46607,5539,shipped,1300,7.99,144,,,,,,78.9,2026-04-23T04:46:04Z,2026-05-27T11:26:19Z
46608,5513,delivered,25,0,143,,,,,44779,65.9,2026-04-21T19:52:58Z,2026-05-27T11:26:19Z
46609,6373,delivered,590,7.99,143,,,,,,67.69,2026-05-12T10:48:49Z,2026-05-27T11:26:19Z
46610,5467,delivered,265,7.99,152,,,,,46970,56.6,2026-05-04T16:31:36Z,2026-05-27T11:26:19Z
46611,6171,cancelled,810,7.99,151,,,,,46609,59.55,2026-05-27T09:40:08Z,2026-05-27T11:26:19Z
46612,4619,pending,204,0,,,,,,,15.06,2026-04-03T22:00:00Z,2026-05-27T11:26:19Z
46613,5554,confirmed,748,0,141,,,,,,49.72,2026-05-24T01:16:38Z,2026-05-27T11:26:19Z
46614,5340,processing,1395,14.99,142,,,,,46666,25.67,2026-05-10T19:27:30Z,2026-05-27T11:26:19Z
46615,5702,shipped,600,7.99,143,,,,,,33.53,2026-05-21T10:32:41Z,2026-05-27T11:26:19Z
46616,4977,delivered,1800,7.99,150,,,,,,27.62,2026-04-30T04:14:10Z,2026-05-27T11:26:19Z
46617,4545,delivered,670,0,141,,,,,,75.94,2026-05-15T21:30:17Z,2026-05-27T11:26:19Z
46618,6316,delivered,1150,7.99,147,,,,,,65.77,2026-04-26T04:29:24Z,2026-05-27T11:26:19Z
46619,5845,cancelled,115,14.99,148,,,,,,75.69,2026-04-13T09:52:15Z,2026-05-27T11:26:19Z
46620,4709,pending,30,7.99,,,,,,47578,81.02,2026-05-07T21:59:04Z,2026-05-27T11:26:19Z
46621,6322,confirmed,717,7.99,142,,,,,,84.66,2026-04-13T18:06:28Z,2026-05-27T11:26:19Z
46622,6426,processing,60,0,147,,,,,,83.11,2026-04-15T20:26:24Z,2026-05-27T11:26:19Z
46623,5729,shipped,89,7.99,144,,,,,,54.22,2026-03-30T21:01:07Z,2026-05-27T11:26:19Z
46624,4577,delivered,790,0,144,,,,,,25.27,2026-05-11T02:42:45Z,2026-05-27T11:26:19Z
46625,5905,delivered,325,7.99,145,,,,,,22.59,2026-05-25T18:25:51Z,2026-05-27T11:26:19Z
46626,6370,delivered,540,7.99,152,,,,,,33.83,2026-04-30T23:00:44Z,2026-05-27T11:26:19Z
46627,4958,cancelled,255,14.99,151,,,,,47831,15.42,2026-04-29T18:11:01Z,2026-05-27T11:26:19Z
46628,4750,pending,135,7.99,,,,,,,49.17,2026-04-02T05:44:56Z,2026-05-27T11:26:19Z
46629,5519,confirmed,2010,7.99,149,,,,,,22.34,2026-04-15T13:29:22Z,2026-05-27T11:26:19Z
46630,5996,processing,420,7.99,152,,,,,,73.8,2026-04-18T08:02:01Z,2026-05-27T11:26:19Z
46631,4948,shipped,2275,7.99,152,,,,,,86.95,2026-04-05T04:09:00Z,2026-05-27T11:26:19Z
46632,4631,delivered,930,0,148,,,,,,62.07,2026-04-10T23:59:20Z,2026-05-27T11:26:19Z
46633,5976,delivered,930,14.99,150,,,,,,34.95,2026-04-04T17:44:51Z,2026-05-27T11:26:19Z
46634,4870,delivered,0,0,148,,,,,,67.84,2026-05-22T08:50:12Z,2026-05-27T11:26:20Z
46635,5594,cancelled,868,7.99,143,,,,,,38.73,2026-05-18T11:01:20Z,2026-05-27T11:26:20Z
46636,6360,pending,330,7.99,,,,,,45462,51.42,2026-04-04T14:35:43Z,2026-05-27T11:26:20Z
46637,4925,confirmed,1275,7.99,142,,,,,,64.18,2026-05-19T08:30:20Z,2026-05-27T11:26:20Z
46638,6184,processing,630,0,150,,,,,,94.85,2026-05-03T14:50:30Z,2026-05-27T11:26:20Z
46639,6333,shipped,535,14.99,148,,,,,,13,2026-04-10T11:40:29Z,2026-05-27T11:26:20Z
46640,4587,delivered,310,7.99,149,,,,,48198,63.43,2026-04-30T09:21:03Z,2026-05-27T11:26:20Z
46641,4647,delivered,795,7.99,147,,,,,,77.5,2026-04-08T03:01:02Z,2026-05-27T11:26:20Z
46642,6121,delivered,710,0,141,,,,,,46.33,2026-05-05T08:40:52Z,2026-05-27T11:26:20Z
46643,6025,cancelled,220,7.99,149,,,,,,64.71,2026-04-14T18:23:55Z,2026-05-27T11:26:20Z
46644,6329,pending,1260,0,,,,,,,87.13,2026-04-20T05:25:15Z,2026-05-27T11:26:20Z
46645,6329,confirmed,0,14.99,144,,,,,44931,25.05,2026-05-03T21:42:55Z,2026-05-27T11:26:20Z
46646,5440,processing,1010,7.99,151,,,,,,34.21,2026-04-12T15:13:05Z,2026-05-27T11:26:20Z
46647,4601,shipped,290,14.99,144,,,,,,58.06,2026-04-26T03:05:36Z,2026-05-27T11:26:20Z
46648,4847,delivered,89,14.99,144,,,,,,76.21,2026-04-26T12:07:09Z,2026-05-27T11:26:20Z
46649,5561,delivered,1855,7.99,151,,,,,,48.55,2026-04-19T02:50:12Z,2026-05-27T11:26:20Z
46650,4588,delivered,660,7.99,142,,,,,45834,90.27,2026-05-04T13:30:30Z,2026-05-27T11:26:20Z
46651,4931,cancelled,305,0,150,,,,,,11.58,2026-04-28T15:59:39Z,2026-05-27T11:26:20Z
46652,4792,pending,570,14.99,,,,,,,25.63,2026-05-22T15:43:04Z,2026-05-27T11:26:20Z
46653,5430,confirmed,195,0,143,,,,,,61.98,2026-03-31T17:53:59Z,2026-05-27T11:26:20Z
46654,5336,processing,675,7.99,150,,,,,,59.71,2026-04-03T04:21:36Z,2026-05-27T11:26:20Z
46655,6505,shipped,210,7.99,147,,,,,48359,28.74,2026-05-19T08:00:16Z,2026-05-27T11:26:20Z
46656,5181,delivered,265,7.99,148,,,,,,15.52,2026-05-16T15:07:27Z,2026-05-27T11:26:20Z
46657,5170,delivered,405,7.99,141,,,,,,29.77,2026-03-29T16:37:25Z,2026-05-27T11:26:20Z
46658,6538,delivered,930,14.99,144,,,,,,29.44,2026-04-01T11:28:59Z,2026-05-27T11:26:20Z
46659,6312,cancelled,940,0,150,,,,,48841,30.21,2026-05-20T09:43:22Z,2026-05-27T11:26:20Z
46660,5039,pending,480,7.99,,,,,,,55.93,2026-04-13T05:02:16Z,2026-05-27T11:26:20Z
46661,6313,confirmed,90,0,145,,,,,44770,67.25,2026-05-24T19:54:32Z,2026-05-27T11:26:20Z
46662,5733,processing,3050,14.99,146,,,,,49177,75.23,2026-05-08T16:09:24Z,2026-05-27T11:26:20Z
46663,5854,shipped,915,7.99,150,,,,,,27.75,2026-05-19T16:19:57Z,2026-05-27T11:26:20Z
46664,6068,delivered,0,14.99,150,,,,,,70.26,2026-04-04T08:06:14Z,2026-05-27T11:26:20Z
46665,5436,delivered,389,7.99,149,,,,,,18.14,2026-05-25T15:31:23Z,2026-05-27T11:26:20Z
46666,6369,delivered,1075,14.99,148,,,,,,16.17,2026-04-16T01:27:01Z,2026-05-27T11:26:20Z
46667,5672,cancelled,462,0,152,,,,,,74.06,2026-04-17T07:00:59Z,2026-05-27T11:26:20Z
46668,4890,pending,1135,0,,,,,,,32.59,2026-05-10T14:18:14Z,2026-05-27T11:26:20Z
46669,4787,confirmed,805,14.99,146,,,,,,79.74,2026-05-01T01:00:34Z,2026-05-27T11:26:20Z
46670,4943,processing,2942,7.99,152,,,,,,26,2026-03-30T06:49:25Z,2026-05-27T11:26:20Z
46671,5413,shipped,2240,0,147,,,,,,55.75,2026-04-27T07:23:22Z,2026-05-27T11:26:20Z
46672,5216,delivered,1980,0,142,,,,,48478,37.55,2026-05-25T11:35:48Z,2026-05-27T11:26:20Z
46673,5548,delivered,325,0,143,,,,,,13.92,2026-04-09T22:34:48Z,2026-05-27T11:26:20Z
46674,5684,delivered,230,7.99,144,,,,,,10.05,2026-04-04T05:55:38Z,2026-05-27T11:26:20Z
46675,5681,cancelled,850,14.99,142,,,,,45896,93.2,2026-05-09T08:24:11Z,2026-05-27T11:26:20Z
46676,6010,pending,1070,7.99,,,,,,47592,39.07,2026-04-03T07:45:31Z,2026-05-27T11:26:20Z
46677,6020,confirmed,360,7.99,151,,,,,,91.64,2026-05-11T06:58:46Z,2026-05-27T11:26:20Z
46678,5668,processing,520,14.99,151,,,,,,67.28,2026-05-13T11:29:00Z,2026-05-27T11:26:20Z
46679,5822,shipped,385,0,144,,,,,,21.35,2026-05-01T02:11:56Z,2026-05-27T11:26:20Z
46680,6299,delivered,1335,7.99,144,,,,,,10.33,2026-05-15T11:57:51Z,2026-05-27T11:26:20Z
46681,6389,delivered,2765,7.99,152,,,,,,46.5,2026-05-03T10:40:58Z,2026-05-27T11:26:20Z
46682,4934,delivered,2250,0,142,,,,,,53.47,2026-04-13T13:28:52Z,2026-05-27T11:26:20Z
46683,5343,cancelled,540,0,149,,,,,,91.37,2026-03-31T20:13:47Z,2026-05-27T11:26:20Z
46684,6195,pending,185,14.99,,,,,,48073,15.71,2026-04-17T22:43:58Z,2026-05-27T11:26:20Z
46685,5447,confirmed,275,7.99,143,,,,,,68.43,2026-04-15T08:39:03Z,2026-05-27T11:26:20Z
46686,5130,processing,150,7.99,145,,,,,,63.13,2026-05-25T08:17:07Z,2026-05-27T11:26:20Z
46687,5166,shipped,3490,0,150,,,,,,68.83,2026-05-19T13:54:36Z,2026-05-27T11:26:20Z
46688,4551,delivered,810,14.99,149,,,,,48258,42.15,2026-04-19T22:09:04Z,2026-05-27T11:26:20Z
46689,4806,delivered,990,7.99,144,,,,,,46.23,2026-05-26T01:05:26Z,2026-05-27T11:26:20Z
46690,4779,delivered,645,7.99,151,,,,,,48.04,2026-04-07T22:38:03Z,2026-05-27T11:26:20Z
46691,4688,cancelled,898,7.99,145,,,,,45375,43.85,2026-05-12T15:24:58Z,2026-05-27T11:26:20Z
46692,6228,pending,595,0,,,,,,,61.44,2026-05-01T02:45:01Z,2026-05-27T11:26:20Z
46693,5758,confirmed,0,7.99,145,,,,,,64.77,2026-03-28T18:13:49Z,2026-05-27T11:26:20Z
46694,6378,processing,45,7.99,150,,,,,,64.19,2026-04-05T08:08:36Z,2026-05-27T11:26:20Z
46695,6456,shipped,810,7.99,145,,,,,,56.17,2026-05-06T17:46:07Z,2026-05-27T11:26:20Z
46696,5197,delivered,495,0,143,,,,,46785,49.69,2026-04-02T23:48:17Z,2026-05-27T11:26:20Z
46697,5256,delivered,660,7.99,152,,,,,,55.54,2026-03-30T10:32:38Z,2026-05-27T11:26:20Z
46698,5523,delivered,1120,0,143,,,,,,14.13,2026-03-28T19:53:04Z,2026-05-27T11:26:20Z
46699,6246,cancelled,310,7.99,143,,,,,,68.25,2026-05-26T12:44:50Z,2026-05-27T11:26:20Z
46700,5324,pending,990,7.99,,,,,,,85.81,2026-04-16T09:01:59Z,2026-05-27T11:26:20Z
46701,5960,confirmed,854,14.99,146,,,,,47036,56.2,2026-05-26T12:20:01Z,2026-05-27T11:26:20Z
46702,6123,processing,360,0,149,,,,,,44.24,2026-05-04T19:57:19Z,2026-05-27T11:26:20Z
46703,5641,shipped,260,7.99,147,,,,,,19.21,2026-05-22T18:00:24Z,2026-05-27T11:26:20Z
46704,6448,delivered,120,7.99,141,,,,,,39.85,2026-05-04T09:38:50Z,2026-05-27T11:26:20Z
46705,6204,delivered,220,7.99,148,,,,,,37.84,2026-03-30T10:40:40Z,2026-05-27T11:26:20Z
46706,4608,delivered,240,0,141,,,,,46592,49.46,2026-05-04T09:42:22Z,2026-05-27T11:26:20Z
46707,6435,cancelled,360,0,152,,,,,,21.16,2026-04-23T06:36:03Z,2026-05-27T11:26:20Z
46708,4623,pending,575,7.99,,,,,,,88.74,2026-05-18T21:33:46Z,2026-05-27T11:26:20Z
46709,4756,confirmed,30,0,142,,,,,,41.13,2026-05-23T07:43:40Z,2026-05-27T11:26:20Z
46710,5541,processing,3095,7.99,148,,,,,,69.05,2026-04-06T15:37:37Z,2026-05-27T11:26:20Z
46711,5930,shipped,235,7.99,146,,,,,,93.54,2026-04-04T12:50:10Z,2026-05-27T11:26:20Z
46712,5975,delivered,1170,7.99,149,,,,,47997,91.48,2026-04-02T03:02:00Z,2026-05-27T11:26:20Z
46713,5442,delivered,160,7.99,145,,,,,,20.24,2026-04-05T18:55:27Z,2026-05-27T11:26:20Z
46714,5137,delivered,800,14.99,143,,,,,46868,37.71,2026-05-03T03:21:21Z,2026-05-27T11:26:20Z
46715,4953,cancelled,1535,0,143,,,,,,83.64,2026-04-25T00:54:05Z,2026-05-27T11:26:20Z
46716,4597,pending,520,14.99,,,,,,,47.09,2026-04-16T07:14:05Z,2026-05-27T11:26:20Z
46717,5940,confirmed,675,0,152,,,,,45171,41.09,2026-03-29T23:05:11Z,2026-05-27T11:26:20Z
46718,6284,processing,95,14.99,151,,,,,47496,37.15,2026-04-14T09:52:08Z,2026-05-27T11:26:20Z
46719,6316,shipped,1365,14.99,152,,,,,48874,55.44,2026-03-31T16:49:16Z,2026-05-27T11:26:20Z
46720,4737,delivered,305,7.99,142,,,,,,48.07,2026-04-05T10:36:52Z,2026-05-27T11:26:20Z
46721,4937,delivered,280,7.99,151,,,,,,30.04,2026-04-11T00:32:48Z,2026-05-27T11:26:20Z
46722,5777,delivered,1120,7.99,151,,,,,49322,90.84,2026-04-22T22:28:38Z,2026-05-27T11:26:20Z
46723,5257,cancelled,249,14.99,151,,,,,47086,43.03,2026-05-17T19:13:11Z,2026-05-27T11:26:20Z
46724,4800,pending,220,7.99,,,,,,,22.93,2026-05-03T15:11:26Z,2026-05-27T11:26:20Z
46725,5609,confirmed,652,0,148,,,,,45224,80.28,2026-04-28T22:26:02Z,2026-05-27T11:26:20Z
46726,5614,processing,185,14.99,148,,,,,,47.44,2026-05-22T19:30:16Z,2026-05-27T11:26:20Z
46727,4745,shipped,190,14.99,148,,,,,,74.35,2026-04-25T23:42:22Z,2026-05-27T11:26:20Z
46728,6482,delivered,1025,7.99,148,,,,,,12.83,2026-04-19T07:13:53Z,2026-05-27T11:26:20Z
46729,5137,delivered,1920,14.99,141,,,,,,86.45,2026-05-22T01:58:02Z,2026-05-27T11:26:20Z
46730,4564,delivered,400,7.99,146,,,,,46145,94.41,2026-04-30T10:59:08Z,2026-05-27T11:26:20Z
46731,6351,cancelled,95,7.99,144,,,,,,94.07,2026-05-20T06:57:14Z,2026-05-27T11:26:20Z
46732,5508,pending,635,7.99,,,,,,48163,71.52,2026-05-27T06:55:53Z,2026-05-27T11:26:20Z
46733,4909,confirmed,455,7.99,143,,,,,,68.67,2026-05-25T03:16:44Z,2026-05-27T11:26:20Z
46734,5997,processing,210,7.99,143,,,,,,86.49,2026-04-26T14:45:58Z,2026-05-27T11:26:20Z
46735,4630,shipped,105,0,146,,,,,,69.69,2026-05-10T09:50:26Z,2026-05-27T11:26:20Z
46736,4919,delivered,925,0,142,,,,,,36.74,2026-04-18T23:58:08Z,2026-05-27T11:26:20Z
46737,4813,delivered,1015,7.99,146,,,,,,85.8,2026-05-22T04:43:12Z,2026-05-27T11:26:20Z
46738,4725,delivered,780,14.99,144,,,,,,15.02,2026-04-27T19:17:38Z,2026-05-27T11:26:20Z
46739,4757,cancelled,0,0,144,,,,,,57.12,2026-04-23T08:15:35Z,2026-05-27T11:26:20Z
46740,5291,pending,0,0,,,,,,,18.57,2026-04-25T17:51:57Z,2026-05-27T11:26:20Z
46741,5441,confirmed,240,7.99,147,,,,,,66.74,2026-05-03T02:48:26Z,2026-05-27T11:26:20Z
46742,5980,processing,1140,14.99,151,,,,,49076,16.41,2026-05-18T05:53:13Z,2026-05-27T11:26:20Z
46743,4939,shipped,775,14.99,145,,,,,,86.29,2026-05-03T04:59:37Z,2026-05-27T11:26:20Z
46744,4965,delivered,350,7.99,141,,,,,,86.67,2026-04-02T07:45:47Z,2026-05-27T11:26:20Z
46745,6291,delivered,475,7.99,148,,,,,48190,45,2026-04-08T10:06:19Z,2026-05-27T11:26:20Z
46746,4554,delivered,450,7.99,141,,,,,,42.7,2026-05-03T04:24:37Z,2026-05-27T11:26:20Z
46747,6411,cancelled,267,7.99,152,,,,,,35.72,2026-04-06T15:49:52Z,2026-05-27T11:26:20Z
46748,6410,pending,25,7.99,,,,,,,30.39,2026-04-20T23:30:57Z,2026-05-27T11:26:20Z
46749,5180,confirmed,0,7.99,149,,,,,,79.28,2026-04-20T11:55:32Z,2026-05-27T11:26:20Z
46750,4597,processing,440,14.99,152,,,,,48540,72.32,2026-05-03T20:44:33Z,2026-05-27T11:26:20Z
46751,4856,shipped,0,7.99,152,,,,,,39.53,2026-05-14T22:16:41Z,2026-05-27T11:26:20Z
46752,5170,delivered,720,0,142,,,,,,14.46,2026-04-04T11:22:41Z,2026-05-27T11:26:20Z
46753,4950,delivered,190,14.99,145,,,,,47166,61.2,2026-05-10T14:58:22Z,2026-05-27T11:26:20Z
46754,4834,delivered,930,7.99,146,,,,,45329,35.08,2026-05-09T07:54:42Z,2026-05-27T11:26:20Z
46755,5490,cancelled,1160,0,146,,,,,,19.16,2026-04-06T05:53:30Z,2026-05-27T11:26:20Z
46756,6241,pending,1030,7.99,,,,,,,39.42,2026-05-03T12:49:14Z,2026-05-27T11:26:20Z
46757,6300,confirmed,70,14.99,150,,,,,,68.79,2026-05-17T05:50:37Z,2026-05-27T11:26:20Z
46758,5321,processing,450,7.99,146,,,,,,47.37,2026-05-07T07:36:26Z,2026-05-27T11:26:20Z
46759,5763,shipped,510,0,148,,,,,45077,78.71,2026-04-05T03:14:43Z,2026-05-27T11:26:20Z
46760,6326,delivered,825,0,141,,,,,47176,32.21,2026-04-19T01:23:47Z,2026-05-27T11:26:20Z
46761,6020,delivered,0,7.99,146,,,,,45494,18.66,2026-04-25T08:07:29Z,2026-05-27T11:26:20Z
46762,6232,delivered,1395,7.99,143,,,,,,11.95,2026-04-28T23:23:59Z,2026-05-27T11:26:20Z
46763,5111,cancelled,585,0,145,,,,,,35.26,2026-05-13T03:36:55Z,2026-05-27T11:26:20Z
46764,6189,pending,420,0,,,,,,,55.93,2026-04-06T04:34:40Z,2026-05-27T11:26:20Z
46765,5756,confirmed,292,14.99,146,,,,,,74.95,2026-05-03T23:55:31Z,2026-05-27T11:26:20Z
46766,6051,processing,975,0,148,,,,,,83.49,2026-05-22T10:31:47Z,2026-05-27T11:26:20Z
46767,6378,shipped,620,14.99,152,,,,,,27.16,2026-04-19T13:03:39Z,2026-05-27T11:26:20Z
46768,5403,delivered,1105,7.99,142,,,,,,40.41,2026-05-17T13:48:32Z,2026-05-27T11:26:20Z
46769,5250,delivered,390,0,149,,,,,48771,29.75,2026-04-28T09:19:44Z,2026-05-27T11:26:20Z
46770,5963,delivered,855,14.99,148,,,,,45147,17.17,2026-04-28T12:15:15Z,2026-05-27T11:26:20Z
46771,5494,cancelled,260,7.99,142,,,,,,64.69,2026-05-12T22:26:44Z,2026-05-27T11:26:20Z
46772,5335,pending,998,7.99,,,,,,,88.02,2026-04-12T05:51:09Z,2026-05-27T11:26:20Z
46773,6410,confirmed,612,0,146,,,,,,73.05,2026-04-15T05:01:01Z,2026-05-27T11:26:20Z
46774,5149,processing,1325,7.99,144,,,,,48218,34.8,2026-05-20T05:58:45Z,2026-05-27T11:26:20Z
46775,4559,shipped,730,14.99,147,,,,,,52.09,2026-04-03T15:41:19Z,2026-05-27T11:26:20Z
46776,4626,delivered,0,7.99,146,,,,,,44.38,2026-04-10T12:18:41Z,2026-05-27T11:26:20Z
46777,5871,delivered,1260,7.99,152,,,,,,65.16,2026-05-05T18:21:34Z,2026-05-27T11:26:20Z
46778,6157,delivered,1200,7.99,145,,,,,49534,60.68,2026-05-21T02:04:10Z,2026-05-27T11:26:20Z
46779,5300,cancelled,190,7.99,143,,,,,49533,17.72,2026-05-22T09:20:03Z,2026-05-27T11:26:20Z
46780,5831,pending,755,0,,,,,,,32.87,2026-05-13T14:47:43Z,2026-05-27T11:26:20Z
46781,4979,confirmed,275,0,142,,,,,,58.54,2026-03-30T11:28:35Z,2026-05-27T11:26:20Z
46782,5446,processing,165,14.99,148,,,,,,19.18,2026-05-27T03:54:49Z,2026-05-27T11:26:20Z
46783,5891,shipped,0,7.99,143,,,,,,30.25,2026-05-24T19:06:13Z,2026-05-27T11:26:20Z
46784,6301,delivered,30,0,146,,,,,49011,65.91,2026-05-13T22:43:37Z,2026-05-27T11:26:20Z
46785,4682,delivered,620,0,145,,,,,49430,21.94,2026-04-15T05:02:50Z,2026-05-27T11:26:20Z
46786,4820,delivered,480,0,145,,,,,47599,37.68,2026-03-29T23:29:42Z,2026-05-27T11:26:20Z
46787,6213,cancelled,25,14.99,147,,,,,,29.57,2026-04-30T04:02:09Z,2026-05-27T11:26:20Z
46788,5023,pending,1455,0,,,,,,,38.3,2026-05-03T12:36:58Z,2026-05-27T11:26:20Z
46789,5828,confirmed,155,0,145,,,,,,22.76,2026-05-02T20:54:25Z,2026-05-27T11:26:20Z
46790,6176,processing,490,7.99,150,,,,,,74.52,2026-05-13T19:18:06Z,2026-05-27T11:26:20Z
46791,6443,shipped,1138,14.99,149,,,,,46383,32.99,2026-04-15T21:43:35Z,2026-05-27T11:26:20Z
46792,6529,delivered,2008,7.99,141,,,,,,47.37,2026-03-31T15:53:33Z,2026-05-27T11:26:20Z
46793,4697,delivered,435,14.99,151,,,,,,61.3,2026-05-07T01:00:06Z,2026-05-27T11:26:20Z
46794,6101,delivered,680,7.99,141,,,,,,36.89,2026-03-30T15:17:11Z,2026-05-27T11:26:20Z
46795,4550,cancelled,225,0,145,,,,,,23.79,2026-05-27T00:28:14Z,2026-05-27T11:26:20Z
46796,5913,pending,905,7.99,,,,,,48070,72.61,2026-04-17T12:48:49Z,2026-05-27T11:26:20Z
46797,4783,confirmed,1920,7.99,141,,,,,47177,23.36,2026-04-05T20:48:48Z,2026-05-27T11:26:20Z
46798,5077,processing,165,7.99,152,,,,,,57.85,2026-05-20T02:24:51Z,2026-05-27T11:26:20Z
46799,6517,shipped,1375,14.99,145,,,,,,80.06,2026-04-12T06:30:50Z,2026-05-27T11:26:20Z
46800,6276,delivered,1122,0,145,,,,,,50.73,2026-04-22T14:04:43Z,2026-05-27T11:26:20Z
46801,6488,delivered,550,0,150,,,,,,64.31,2026-04-05T11:44:14Z,2026-05-27T11:26:20Z
46802,5705,delivered,340,7.99,146,,,,,,44.34,2026-05-26T03:42:05Z,2026-05-27T11:26:20Z
46803,4582,cancelled,432,14.99,150,,,,,,81.1,2026-05-08T04:41:09Z,2026-05-27T11:26:20Z
46804,5121,pending,1115,0,,,,,,47294,51.15,2026-05-13T16:23:56Z,2026-05-27T11:26:20Z
46805,5778,confirmed,880,0,142,,,,,46299,78,2026-04-03T08:29:17Z,2026-05-27T11:26:20Z
46806,5294,processing,330,7.99,144,,,,,,46.04,2026-05-07T23:58:33Z,2026-05-27T11:26:20Z
46807,5819,shipped,792,14.99,143,,,,,,37.43,2026-05-22T17:35:13Z,2026-05-27T11:26:20Z
46808,6289,delivered,220,0,142,,,,,,39.27,2026-04-04T04:27:26Z,2026-05-27T11:26:20Z
46809,4972,delivered,230,0,143,,,,,,40.71,2026-03-30T20:05:32Z,2026-05-27T11:26:20Z
46810,5607,delivered,1005,14.99,143,,,,,,75.32,2026-04-15T00:38:32Z,2026-05-27T11:26:20Z
46811,4682,cancelled,495,0,143,,,,,44803,74.27,2026-04-13T10:51:56Z,2026-05-27T11:26:20Z
46812,5046,pending,544,0,,,,,,48905,48.88,2026-05-15T20:13:19Z,2026-05-27T11:26:20Z
46813,5419,confirmed,700,0,145,,,,,,40.85,2026-03-29T20:59:35Z,2026-05-27T11:26:20Z
46814,6284,processing,435,7.99,148,,,,,,73.02,2026-05-13T01:22:32Z,2026-05-27T11:26:20Z
46815,6385,shipped,440,0,151,,,,,,73.65,2026-05-26T07:14:59Z,2026-05-27T11:26:20Z
46816,4786,delivered,1670,7.99,149,,,,,,11.83,2026-05-09T16:53:56Z,2026-05-27T11:26:20Z
46817,5954,delivered,1260,0,141,,,,,,49.13,2026-03-31T17:39:12Z,2026-05-27T11:26:20Z
46818,5871,delivered,0,0,144,,,,,,68.48,2026-04-07T15:54:29Z,2026-05-27T11:26:20Z
46819,5806,cancelled,165,0,141,,,,,,93.78,2026-04-17T10:19:43Z,2026-05-27T11:26:20Z
46820,5792,pending,135,0,,,,,,,69.52,2026-04-22T06:08:53Z,2026-05-27T11:26:20Z
46821,5590,confirmed,255,0,152,,,,,48849,78.16,2026-04-05T03:02:56Z,2026-05-27T11:26:20Z
46822,5213,processing,250,7.99,143,,,,,,73.02,2026-05-09T07:01:27Z,2026-05-27T11:26:20Z
46823,6344,shipped,444,14.99,147,,,,,,14.22,2026-05-04T17:16:04Z,2026-05-27T11:26:20Z
46824,5334,delivered,190,0,144,,,,,,48.79,2026-04-16T04:05:08Z,2026-05-27T11:26:20Z
46825,5544,delivered,795,14.99,150,,,,,,79.67,2026-04-21T18:57:09Z,2026-05-27T11:26:20Z
46826,4863,delivered,1073,0,144,,,,,,33.88,2026-05-21T10:31:16Z,2026-05-27T11:26:20Z
46827,5784,cancelled,2495,7.99,146,,,,,,54.8,2026-05-01T12:26:40Z,2026-05-27T11:26:20Z
46828,4833,pending,305,0,,,,,,,72.3,2026-05-14T22:58:51Z,2026-05-27T11:26:20Z
46829,6465,confirmed,535,7.99,141,,,,,47113,63.6,2026-05-10T02:06:06Z,2026-05-27T11:26:20Z
46830,6417,processing,2190,7.99,145,,,,,,65.65,2026-05-21T18:47:35Z,2026-05-27T11:26:20Z
46831,5840,shipped,360,7.99,147,,,,,47285,88.08,2026-05-27T06:10:31Z,2026-05-27T11:26:20Z
46832,5215,delivered,660,7.99,149,,,,,,44.68,2026-04-14T01:58:05Z,2026-05-27T11:26:20Z
46833,4746,delivered,915,0,148,,,,,46697,94.9,2026-04-30T06:56:44Z,2026-05-27T11:26:20Z
46834,5191,delivered,210,0,148,,,,,,24.55,2026-04-09T16:41:09Z,2026-05-27T11:26:20Z
46835,5979,cancelled,15,14.99,143,,,,,45945,61.53,2026-05-05T20:42:57Z,2026-05-27T11:26:20Z
46836,6094,pending,3225,14.99,,,,,,47794,20.57,2026-05-16T10:01:24Z,2026-05-27T11:26:20Z
46837,4627,confirmed,100,0,150,,,,,46648,83.75,2026-05-22T14:52:00Z,2026-05-27T11:26:20Z
46838,5176,processing,1275,0,145,,,,,,68.16,2026-04-03T02:41:40Z,2026-05-27T11:26:20Z
46839,5896,shipped,855,14.99,152,,,,,45353,85.16,2026-05-05T18:01:59Z,2026-05-27T11:26:20Z
46840,5183,delivered,450,0,142,,,,,,48.8,2026-04-04T10:03:19Z,2026-05-27T11:26:20Z
46841,5432,delivered,975,14.99,142,,,,,44846,45.43,2026-04-21T05:35:54Z,2026-05-27T11:26:20Z
46842,5785,delivered,393,0,150,,,,,45575,60.45,2026-04-25T15:16:35Z,2026-05-27T11:26:20Z
46843,5340,cancelled,267,7.99,142,,,,,44856,11.69,2026-05-10T00:11:34Z,2026-05-27T11:26:20Z
46844,5937,pending,1438,14.99,,,,,,45043,78.65,2026-04-05T03:53:50Z,2026-05-27T11:26:20Z
46845,5151,confirmed,105,14.99,146,,,,,48800,71.67,2026-05-11T09:53:10Z,2026-05-27T11:26:20Z
46846,5567,processing,965,0,144,,,,,48070,74.19,2026-04-01T13:27:49Z,2026-05-27T11:26:20Z
46847,6411,shipped,805,7.99,147,,,,,,39.16,2026-05-07T00:38:22Z,2026-05-27T11:26:20Z
46848,6275,delivered,35,0,141,,,,,,19.32,2026-03-31T15:43:56Z,2026-05-27T11:26:20Z
46849,5291,delivered,45,7.99,143,,,,,,36.19,2026-05-12T00:42:15Z,2026-05-27T11:26:20Z
46850,5516,delivered,360,14.99,142,,,,,,40.57,2026-05-16T15:22:23Z,2026-05-27T11:26:20Z
46851,5835,cancelled,780,7.99,145,,,,,47479,84.19,2026-05-21T04:07:45Z,2026-05-27T11:26:20Z
46852,6301,pending,3105,14.99,,,,,,,81.63,2026-05-22T10:01:36Z,2026-05-27T11:26:20Z
46853,5773,confirmed,420,0,152,,,,,47076,71.82,2026-04-25T08:13:26Z,2026-05-27T11:26:20Z
46854,6241,processing,178,0,146,,,,,,20.81,2026-05-26T10:27:00Z,2026-05-27T11:26:20Z
46855,6497,shipped,95,7.99,142,,,,,,90.93,2026-05-21T04:26:04Z,2026-05-27T11:26:20Z
46856,5703,delivered,1125,0,141,,,,,45385,90.16,2026-03-28T20:16:27Z,2026-05-27T11:26:20Z
46857,4868,delivered,680,7.99,144,,,,,,53.33,2026-05-19T16:11:36Z,2026-05-27T11:26:20Z
46858,4590,delivered,840,7.99,150,,,,,,82.69,2026-04-08T03:08:09Z,2026-05-27T11:26:20Z
46859,5480,cancelled,540,0,152,,,,,,18.25,2026-05-07T09:58:46Z,2026-05-27T11:26:20Z
46860,5015,pending,805,7.99,,,,,,,10.33,2026-05-13T22:29:36Z,2026-05-27T11:26:20Z
46861,5919,confirmed,0,0,147,,,,,46582,72.9,2026-04-12T20:28:59Z,2026-05-27T11:26:20Z
46862,6084,processing,525,7.99,145,,,,,,24.96,2026-05-15T16:42:39Z,2026-05-27T11:26:20Z
46863,6511,shipped,600,7.99,143,,,,,,22.17,2026-04-21T22:35:36Z,2026-05-27T11:26:20Z
46864,5701,delivered,2210,0,145,,,,,45681,85.9,2026-05-05T09:19:15Z,2026-05-27T11:26:20Z
46865,5131,delivered,450,7.99,151,,,,,,84.64,2026-05-03T21:56:26Z,2026-05-27T11:26:20Z
46866,5640,delivered,0,14.99,151,,,,,,46.55,2026-04-29T13:19:34Z,2026-05-27T11:26:20Z
46867,4943,cancelled,510,7.99,145,,,,,,24.85,2026-05-08T04:09:32Z,2026-05-27T11:26:20Z
46868,5302,pending,0,7.99,,,,,,,63.73,2026-05-11T17:08:46Z,2026-05-27T11:26:20Z
46869,5975,confirmed,1520,7.99,146,,,,,,45.01,2026-05-08T20:29:46Z,2026-05-27T11:26:20Z
46870,5989,processing,1862,7.99,150,,,,,,42.9,2026-04-18T03:59:40Z,2026-05-27T11:26:20Z
46871,4544,shipped,465,0,144,,,,,46167,12.11,2026-04-14T08:01:40Z,2026-05-27T11:26:20Z
46872,6085,delivered,1530,7.99,151,,,,,,91.09,2026-05-19T12:27:29Z,2026-05-27T11:26:20Z
46873,5894,delivered,388,7.99,148,,,,,,67.71,2026-04-27T08:49:27Z,2026-05-27T11:26:20Z
46874,4845,delivered,310,7.99,149,,,,,,79.46,2026-05-06T10:53:11Z,2026-05-27T11:26:20Z
46875,5059,cancelled,230,7.99,148,,,,,,64.44,2026-05-03T22:00:28Z,2026-05-27T11:26:20Z
46876,5265,pending,435,7.99,,,,,,,63.8,2026-05-27T08:40:14Z,2026-05-27T11:26:20Z
46877,4929,confirmed,1738,7.99,151,,,,,,60.63,2026-05-03T14:46:39Z,2026-05-27T11:26:20Z
46878,6184,processing,998,7.99,143,,,,,47969,75.71,2026-05-16T11:56:33Z,2026-05-27T11:26:20Z
46879,4875,shipped,1720,7.99,144,,,,,48448,22.25,2026-03-29T02:24:05Z,2026-05-27T11:26:20Z
46880,5059,delivered,835,7.99,147,,,,,,56.4,2026-05-16T15:54:36Z,2026-05-27T11:26:20Z
46881,4759,delivered,735,14.99,151,,,,,,34.72,2026-03-30T14:15:23Z,2026-05-27T11:26:20Z
46882,5910,delivered,980,7.99,152,,,,,,31.45,2026-05-06T03:28:49Z,2026-05-27T11:26:20Z
46883,5221,cancelled,1240,7.99,141,,,,,,94.75,2026-04-22T14:24:20Z,2026-05-27T11:26:20Z
46884,5642,pending,260,0,,,,,,,86.68,2026-05-13T16:42:29Z,2026-05-27T11:26:20Z
46885,5224,confirmed,770,0,145,,,,,,92.65,2026-05-24T23:04:29Z,2026-05-27T11:26:20Z
46886,4624,processing,240,7.99,146,,,,,,61.46,2026-04-21T12:25:47Z,2026-05-27T11:26:20Z
46887,4662,shipped,755,14.99,143,,,,,47381,13.97,2026-04-05T22:14:26Z,2026-05-27T11:26:20Z
46888,6248,delivered,435,7.99,142,,,,,,25.35,2026-04-16T05:11:12Z,2026-05-27T11:26:20Z
46889,5141,delivered,35,7.99,150,,,,,,67.05,2026-05-18T13:59:37Z,2026-05-27T11:26:20Z
46890,4702,delivered,215,7.99,147,,,,,,53.32,2026-03-30T06:37:11Z,2026-05-27T11:26:20Z
46891,6010,cancelled,960,0,143,,,,,47247,82.88,2026-05-18T00:20:39Z,2026-05-27T11:26:20Z
46892,4679,pending,190,0,,,,,,,41.95,2026-05-04T18:49:41Z,2026-05-27T11:26:20Z
46893,5587,confirmed,375,0,143,,,,,,41.36,2026-04-13T02:24:19Z,2026-05-27T11:26:20Z
46894,5856,processing,2084,7.99,150,,,,,,78.99,2026-04-29T07:22:46Z,2026-05-27T11:26:20Z
46895,4849,shipped,685,7.99,143,,,,,,93.76,2026-05-16T03:22:25Z,2026-05-27T11:26:20Z
46896,4945,delivered,290,7.99,147,,,,,,89.88,2026-05-13T03:57:35Z,2026-05-27T11:26:20Z
46897,5659,delivered,210,7.99,149,,,,,,73.66,2026-04-17T18:55:17Z,2026-05-27T11:26:20Z
46898,4778,delivered,340,7.99,151,,,,,,47.55,2026-05-07T22:40:18Z,2026-05-27T11:26:20Z
46899,6521,cancelled,175,7.99,144,,,,,,76.28,2026-04-25T03:24:38Z,2026-05-27T11:26:20Z
46900,5024,pending,580,0,,,,,,,63.22,2026-04-15T22:43:10Z,2026-05-27T11:26:20Z
46901,5330,confirmed,0,14.99,146,,,,,47525,72.98,2026-05-24T13:16:47Z,2026-05-27T11:26:20Z
46902,5246,processing,60,7.99,145,,,,,,27.08,2026-03-28T17:30:06Z,2026-05-27T11:26:20Z
46903,5180,shipped,1440,7.99,145,,,,,,75.17,2026-05-04T06:13:40Z,2026-05-27T11:26:20Z
46904,6486,delivered,365,7.99,149,,,,,,61.3,2026-05-24T06:14:53Z,2026-05-27T11:26:20Z
46905,6427,delivered,675,0,143,,,,,,49.52,2026-03-30T14:12:36Z,2026-05-27T11:26:20Z
46906,5539,delivered,40,7.99,142,,,,,,13.1,2026-05-01T21:07:59Z,2026-05-27T11:26:20Z
46907,5203,cancelled,120,0,152,,,,,,23.78,2026-05-08T15:34:48Z,2026-05-27T11:26:20Z
46908,6182,pending,190,7.99,,,,,,,78,2026-04-01T00:28:22Z,2026-05-27T11:26:20Z
46909,5201,confirmed,1829,7.99,141,,,,,,11.64,2026-05-23T11:06:54Z,2026-05-27T11:26:20Z
46910,6249,processing,375,14.99,150,,,,,,24.62,2026-05-03T14:43:35Z,2026-05-27T11:26:20Z
46911,5249,shipped,1400,7.99,146,,,,,46239,44.09,2026-04-06T19:16:53Z,2026-05-27T11:26:20Z
46912,6281,delivered,1530,7.99,149,,,,,46540,45.26,2026-05-03T21:03:33Z,2026-05-27T11:26:20Z
46913,5479,delivered,720,7.99,145,,,,,49380,41.05,2026-05-19T12:48:20Z,2026-05-27T11:26:20Z
46914,5526,delivered,1370,7.99,142,,,,,45077,67.13,2026-05-08T05:43:30Z,2026-05-27T11:26:20Z
46915,4801,cancelled,0,0,146,,,,,,11.83,2026-04-29T13:58:01Z,2026-05-27T11:26:20Z
46916,5864,pending,280,7.99,,,,,,,54.86,2026-04-28T04:37:49Z,2026-05-27T11:26:20Z
46917,5224,confirmed,105,14.99,142,,,,,48567,82.51,2026-03-30T00:53:13Z,2026-05-27T11:26:20Z
46918,6144,processing,1180,0,145,,,,,,19.96,2026-05-15T16:32:07Z,2026-05-27T11:26:20Z
46919,6463,shipped,670,7.99,141,,,,,46387,34.92,2026-05-22T16:38:24Z,2026-05-27T11:26:20Z
46920,5014,delivered,785,7.99,148,,,,,,64.97,2026-04-12T23:34:15Z,2026-05-27T11:26:21Z
46921,6094,delivered,30,0,147,,,,,,62.71,2026-04-22T15:42:02Z,2026-05-27T11:26:21Z
46922,5351,delivered,60,7.99,148,,,,,47604,57.28,2026-04-30T00:10:38Z,2026-05-27T11:26:21Z
46923,5746,cancelled,170,0,146,,,,,,13.08,2026-04-15T21:02:57Z,2026-05-27T11:26:21Z
46924,4901,pending,525,14.99,,,,,,,42.09,2026-05-15T20:53:14Z,2026-05-27T11:26:21Z
46925,5224,confirmed,535,14.99,147,,,,,47341,34.42,2026-04-12T10:12:19Z,2026-05-27T11:26:21Z
46926,5308,processing,140,0,142,,,,,44636,75.09,2026-04-07T19:38:46Z,2026-05-27T11:26:21Z
46927,6281,shipped,165,0,141,,,,,49485,82.2,2026-05-19T00:19:48Z,2026-05-27T11:26:21Z
46928,5089,delivered,85,7.99,147,,,,,,84.77,2026-04-28T14:17:23Z,2026-05-27T11:26:21Z
46929,6334,delivered,360,0,144,,,,,48769,44.01,2026-03-28T21:56:13Z,2026-05-27T11:26:21Z
46930,5263,delivered,2520,14.99,148,,,,,,38.41,2026-05-06T12:01:31Z,2026-05-27T11:26:21Z
46931,4942,cancelled,1180,14.99,144,,,,,,58.49,2026-05-22T00:41:52Z,2026-05-27T11:26:21Z
46932,6352,pending,2317,7.99,,,,,,,12.42,2026-04-14T07:50:06Z,2026-05-27T11:26:21Z
46933,5083,confirmed,1295,7.99,141,,,,,,83.2,2026-04-02T00:45:18Z,2026-05-27T11:26:21Z
46934,5088,processing,105,7.99,149,,,,,,54.55,2026-04-28T10:36:40Z,2026-05-27T11:26:21Z
46935,6207,shipped,440,0,148,,,,,,43.92,2026-03-28T15:27:58Z,2026-05-27T11:26:21Z
46936,5399,delivered,380,7.99,142,,,,,46988,81.1,2026-05-18T09:21:25Z,2026-05-27T11:26:21Z
46937,6109,delivered,178,14.99,146,,,,,,34.74,2026-04-25T17:46:15Z,2026-05-27T11:26:21Z
46938,4810,delivered,3285,7.99,145,,,,,,71.88,2026-05-25T13:24:36Z,2026-05-27T11:26:21Z
46939,4625,cancelled,175,14.99,150,,,,,,22.37,2026-04-19T18:43:14Z,2026-05-27T11:26:21Z
46940,6044,pending,1430,7.99,,,,,,,34.24,2026-05-23T07:35:43Z,2026-05-27T11:26:21Z
46941,5979,confirmed,840,7.99,146,,,,,,16.96,2026-04-29T14:51:48Z,2026-05-27T11:26:21Z
46942,4890,processing,375,7.99,144,,,,,,68.53,2026-04-10T14:41:38Z,2026-05-27T11:26:21Z
46943,4776,shipped,1065,7.99,143,,,,,,11.09,2026-04-28T16:06:16Z,2026-05-27T11:26:21Z
46944,5935,delivered,255,0,144,,,,,46635,55.12,2026-04-20T00:53:49Z,2026-05-27T11:26:21Z
46945,6474,delivered,840,7.99,142,,,,,,87.73,2026-05-20T10:43:46Z,2026-05-27T11:26:21Z
46946,5560,delivered,245,7.99,152,,,,,44600,45.95,2026-05-26T02:01:00Z,2026-05-27T11:26:21Z
46947,5416,cancelled,2000,14.99,152,,,,,,53.15,2026-04-07T20:47:18Z,2026-05-27T11:26:21Z
46948,5892,pending,1745,7.99,,,,,,45794,43.43,2026-04-19T00:46:01Z,2026-05-27T11:26:21Z
46949,6244,confirmed,3050,7.99,145,,,,,45911,51.11,2026-05-17T03:01:37Z,2026-05-27T11:26:21Z
46950,4716,processing,780,14.99,151,,,,,48436,40.13,2026-04-25T20:30:55Z,2026-05-27T11:26:21Z
46951,5275,shipped,1595,14.99,147,,,,,,44.82,2026-05-24T23:01:19Z,2026-05-27T11:26:21Z
46952,5263,delivered,95,14.99,145,,,,,46653,15.99,2026-05-09T18:03:05Z,2026-05-27T11:26:21Z
46953,4838,delivered,80,0,142,,,,,,33.79,2026-05-07T21:59:57Z,2026-05-27T11:26:21Z
46954,5658,delivered,505,7.99,141,,,,,46582,15.35,2026-04-09T15:18:38Z,2026-05-27T11:26:21Z
46955,5107,cancelled,1610,7.99,144,,,,,45278,92.66,2026-04-13T17:15:51Z,2026-05-27T11:26:21Z
46956,5954,pending,220,14.99,,,,,,,54.24,2026-04-04T22:22:25Z,2026-05-27T11:26:21Z
46957,6448,confirmed,300,7.99,146,,,,,,53.82,2026-04-18T01:43:46Z,2026-05-27T11:26:21Z
46958,6212,processing,420,0,142,,,,,,90.14,2026-05-06T09:09:08Z,2026-05-27T11:26:21Z
46959,5796,shipped,1545,0,152,,,,,,87.3,2026-04-17T10:32:29Z,2026-05-27T11:26:21Z
46960,5508,delivered,267,7.99,150,,,,,,64.29,2026-05-19T23:35:19Z,2026-05-27T11:26:21Z
46961,5150,delivered,240,0,143,,,,,,87.49,2026-04-09T11:11:08Z,2026-05-27T11:26:21Z
46962,5666,delivered,285,14.99,141,,,,,,62.29,2026-05-20T06:22:39Z,2026-05-27T11:26:21Z
46963,6489,cancelled,420,7.99,146,,,,,,63.42,2026-05-20T00:44:58Z,2026-05-27T11:26:21Z
46964,6300,pending,275,7.99,,,,,,,67.24,2026-04-22T16:09:03Z,2026-05-27T11:26:21Z
46965,5121,confirmed,750,7.99,152,,,,,,15.38,2026-05-01T09:39:05Z,2026-05-27T11:26:21Z
46966,5795,processing,2140,7.99,150,,,,,,69.48,2026-04-11T01:33:26Z,2026-05-27T11:26:21Z
46967,6336,shipped,110,14.99,149,,,,,,60.86,2026-05-13T13:33:15Z,2026-05-27T11:26:21Z
46968,5597,delivered,135,7.99,149,,,,,,23.99,2026-04-07T00:01:36Z,2026-05-27T11:26:21Z
46969,5556,delivered,810,0,145,,,,,47327,28.34,2026-04-13T18:12:48Z,2026-05-27T11:26:21Z
46970,5879,delivered,475,7.99,144,,,,,,13.57,2026-05-17T12:39:00Z,2026-05-27T11:26:21Z
46971,5712,cancelled,95,7.99,150,,,,,45024,20.84,2026-05-22T18:10:43Z,2026-05-27T11:26:21Z
46972,4896,pending,902,14.99,,,,,,,10.6,2026-04-18T02:57:20Z,2026-05-27T11:26:21Z
46973,5760,confirmed,0,7.99,143,,,,,,67.33,2026-05-18T07:24:01Z,2026-05-27T11:26:21Z
46974,5343,processing,25,14.99,148,,,,,48695,19.74,2026-04-28T19:23:56Z,2026-05-27T11:26:21Z
46975,6079,shipped,1130,14.99,147,,,,,,49.43,2026-05-07T08:09:38Z,2026-05-27T11:26:21Z
46976,5906,delivered,450,0,148,,,,,,49.21,2026-04-28T18:13:40Z,2026-05-27T11:26:21Z
46977,6166,delivered,538,0,146,,,,,,31.91,2026-05-20T22:22:08Z,2026-05-27T11:26:21Z
46978,4694,delivered,790,14.99,141,,,,,44832,74.52,2026-04-08T16:01:34Z,2026-05-27T11:26:21Z
46979,4666,cancelled,2055,0,145,,,,,,94.74,2026-04-12T23:50:27Z,2026-05-27T11:26:21Z
46980,5723,pending,570,7.99,,,,,,,20.09,2026-03-29T17:14:31Z,2026-05-27T11:26:21Z
46981,5212,confirmed,414,14.99,141,,,,,,75.24,2026-05-13T01:59:51Z,2026-05-27T11:26:21Z
46982,5724,processing,420,7.99,149,,,,,46021,65.4,2026-05-02T11:25:57Z,2026-05-27T11:26:21Z
46983,5034,shipped,1300,7.99,150,,,,,,42.52,2026-04-09T12:41:06Z,2026-05-27T11:26:21Z
46984,5332,delivered,584,7.99,147,,,,,,56.52,2026-05-12T23:32:15Z,2026-05-27T11:26:21Z
46985,5366,delivered,1660,7.99,149,,,,,49451,90.71,2026-05-20T22:29:33Z,2026-05-27T11:26:21Z
46986,4564,delivered,135,0,141,,,,,,75.18,2026-05-21T22:33:49Z,2026-05-27T11:26:21Z
46987,4741,cancelled,500,7.99,149,,,,,,23.79,2026-04-04T09:48:32Z,2026-05-27T11:26:21Z
46988,5037,pending,80,7.99,,,,,,,29.26,2026-04-26T09:04:43Z,2026-05-27T11:26:21Z
46989,5873,confirmed,810,7.99,148,,,,,47366,16.99,2026-05-15T04:09:12Z,2026-05-27T11:26:21Z
46990,5694,processing,850,14.99,149,,,,,,91.36,2026-05-06T06:47:19Z,2026-05-27T11:26:21Z
46991,5242,shipped,1045,0,149,,,,,,72.24,2026-04-06T23:46:19Z,2026-05-27T11:26:21Z
46992,5151,delivered,803,7.99,144,,,,,,23.32,2026-05-11T04:50:49Z,2026-05-27T11:26:21Z
46993,6226,delivered,1075,7.99,142,,,,,,45.87,2026-05-09T19:02:08Z,2026-05-27T11:26:21Z
46994,4622,delivered,685,7.99,146,,,,,,29.04,2026-04-26T00:28:28Z,2026-05-27T11:26:21Z
46995,5060,cancelled,40,0,151,,,,,44955,29.28,2026-05-22T12:50:52Z,2026-05-27T11:26:21Z
46996,5767,pending,762,7.99,,,,,,,94.25,2026-05-01T04:40:25Z,2026-05-27T11:26:21Z
46997,5748,confirmed,910,7.99,146,,,,,,79.64,2026-04-18T23:05:45Z,2026-05-27T11:26:21Z
46998,5088,processing,210,7.99,151,,,,,,54.12,2026-05-25T06:52:30Z,2026-05-27T11:26:21Z
46999,5751,shipped,540,7.99,149,,,,,47180,40.46,2026-05-12T07:32:10Z,2026-05-27T11:26:21Z
47000,4578,delivered,30,7.99,144,,,,,,75.42,2026-03-31T22:59:33Z,2026-05-27T11:26:21Z
47001,5567,delivered,555,7.99,148,,,,,,81.96,2026-04-16T13:47:14Z,2026-05-27T11:26:21Z
47002,6347,delivered,450,14.99,141,,,,,,65.95,2026-05-08T06:11:49Z,2026-05-27T11:26:21Z
47003,5727,cancelled,930,0,151,,,,,,13.8,2026-05-14T15:06:54Z,2026-05-27T11:26:21Z
47004,5292,pending,760,7.99,,,,,,,17.78,2026-04-12T17:49:38Z,2026-05-27T11:26:21Z
47005,5449,confirmed,365,0,143,,,,,,81.84,2026-05-17T11:03:10Z,2026-05-27T11:26:21Z
47006,6330,processing,0,7.99,144,,,,,45747,73.55,2026-05-03T18:53:23Z,2026-05-27T11:26:21Z
47007,5934,shipped,255,0,148,,,,,47897,67.55,2026-05-18T10:20:01Z,2026-05-27T11:26:21Z
47008,4731,delivered,405,7.99,142,,,,,,75.45,2026-05-04T02:22:09Z,2026-05-27T11:26:21Z
47009,6030,delivered,650,0,150,,,,,47763,68.68,2026-04-12T07:27:51Z,2026-05-27T11:26:21Z
47010,6434,delivered,725,14.99,142,,,,,,45.08,2026-04-20T19:05:57Z,2026-05-27T11:26:21Z
47011,6303,cancelled,300,0,145,,,,,,62.65,2026-04-05T01:32:16Z,2026-05-27T11:26:21Z
47012,4910,pending,435,7.99,,,,,,,92.24,2026-05-19T04:42:22Z,2026-05-27T11:26:21Z
47013,6063,confirmed,0,14.99,151,,,,,48390,89.09,2026-04-18T03:54:42Z,2026-05-27T11:26:21Z
47014,5881,processing,430,7.99,147,,,,,,33.63,2026-05-12T12:47:27Z,2026-05-27T11:26:21Z
47015,6064,shipped,750,7.99,142,,,,,48250,80.99,2026-05-06T16:20:13Z,2026-05-27T11:26:21Z
47016,5937,delivered,985,7.99,146,,,,,49174,30.25,2026-04-28T19:45:09Z,2026-05-27T11:26:21Z
47017,5305,delivered,230,0,143,,,,,,37.35,2026-04-14T03:13:43Z,2026-05-27T11:26:21Z
47018,5815,delivered,290,7.99,149,,,,,44795,52.03,2026-04-02T19:47:46Z,2026-05-27T11:26:21Z
47019,5404,cancelled,45,7.99,143,,,,,,88.21,2026-03-30T01:26:47Z,2026-05-27T11:26:21Z
47020,5763,pending,60,0,,,,,,,14.66,2026-04-26T01:53:41Z,2026-05-27T11:26:21Z
47021,4754,confirmed,440,7.99,143,,,,,,51.72,2026-05-01T17:10:40Z,2026-05-27T11:26:21Z
47022,5282,processing,125,7.99,152,,,,,,51.44,2026-05-11T18:31:36Z,2026-05-27T11:26:21Z
47023,5691,shipped,495,7.99,142,,,,,,49.39,2026-04-07T20:50:50Z,2026-05-27T11:26:21Z
47024,6071,delivered,413,7.99,142,,,,,,40.29,2026-04-14T16:42:55Z,2026-05-27T11:26:21Z
47025,6215,delivered,285,0,150,,,,,49207,37.63,2026-05-01T03:43:39Z,2026-05-27T11:26:21Z
47026,5688,delivered,775,7.99,149,,,,,48989,38.32,2026-05-11T06:06:34Z,2026-05-27T11:26:21Z
47027,6334,cancelled,660,14.99,141,,,,,45771,50.15,2026-05-17T23:42:42Z,2026-05-27T11:26:21Z
47028,6026,pending,1050,7.99,,,,,,47393,79.74,2026-05-17T11:13:55Z,2026-05-27T11:26:21Z
47029,5136,confirmed,445,0,146,,,,,,80.33,2026-04-03T01:15:23Z,2026-05-27T11:26:21Z
47030,5745,processing,360,14.99,146,,,,,,36.61,2026-04-20T03:16:52Z,2026-05-27T11:26:21Z
47031,4907,shipped,190,7.99,150,,,,,48653,56.51,2026-05-17T12:20:08Z,2026-05-27T11:26:21Z
47032,6424,delivered,382,7.99,152,,,,,,33.63,2026-05-12T12:21:39Z,2026-05-27T11:26:21Z
47033,5169,delivered,408,14.99,148,,,,,46663,59.98,2026-03-29T15:42:10Z,2026-05-27T11:26:21Z
47034,6026,delivered,185,14.99,146,,,,,,37.66,2026-05-08T14:36:53Z,2026-05-27T11:26:21Z
47035,4744,cancelled,160,14.99,141,,,,,45294,76.2,2026-04-27T05:13:57Z,2026-05-27T11:26:21Z
47036,5627,pending,2590,0,,,,,,,28.48,2026-04-02T18:51:08Z,2026-05-27T11:26:21Z
47037,5346,confirmed,1035,7.99,145,,,,,,68.92,2026-05-21T04:59:53Z,2026-05-27T11:26:21Z
47038,5850,processing,155,14.99,141,,,,,,59.8,2026-05-14T19:13:35Z,2026-05-27T11:26:21Z
47039,6263,shipped,915,7.99,151,,,,,47749,29.57,2026-04-06T03:58:31Z,2026-05-27T11:26:21Z
47040,4810,delivered,90,7.99,146,,,,,,25.12,2026-05-04T16:03:42Z,2026-05-27T11:26:21Z
47041,6398,delivered,2770,14.99,144,,,,,47592,17.87,2026-05-27T01:21:35Z,2026-05-27T11:26:21Z
47042,5012,delivered,1780,7.99,143,,,,,,88.87,2026-04-15T12:46:05Z,2026-05-27T11:26:21Z
47043,4968,cancelled,930,14.99,149,,,,,,81.17,2026-04-18T09:01:53Z,2026-05-27T11:26:21Z
47044,5209,pending,755,7.99,,,,,,,53.5,2026-05-20T01:20:30Z,2026-05-27T11:26:21Z
47045,6067,confirmed,300,0,150,,,,,47577,25.54,2026-04-03T02:38:52Z,2026-05-27T11:26:21Z
47046,5954,processing,1240,0,145,,,,,,48.96,2026-04-21T13:54:59Z,2026-05-27T11:26:21Z
47047,5433,shipped,410,14.99,149,,,,,,32.72,2026-04-04T10:06:32Z,2026-05-27T11:26:21Z
47048,5528,delivered,285,14.99,141,,,,,,71.32,2026-04-20T16:11:38Z,2026-05-27T11:26:21Z
47049,4702,delivered,680,7.99,152,,,,,,25.18,2026-04-11T00:55:50Z,2026-05-27T11:26:21Z
47050,5679,delivered,30,0,146,,,,,,28.62,2026-04-22T03:06:42Z,2026-05-27T11:26:21Z
47051,5325,cancelled,925,7.99,147,,,,,,18.31,2026-04-21T16:51:20Z,2026-05-27T11:26:21Z
47052,5796,pending,940,7.99,,,,,,,16.99,2026-05-23T06:04:40Z,2026-05-27T11:26:21Z
47053,6491,confirmed,230,0,145,,,,,45759,27.41,2026-04-13T16:21:28Z,2026-05-27T11:26:21Z
47054,4829,processing,680,7.99,149,,,,,,25.79,2026-04-17T20:17:07Z,2026-05-27T11:26:21Z
47055,4714,shipped,145,14.99,148,,,,,,58.61,2026-05-07T05:35:22Z,2026-05-27T11:26:21Z
47056,6022,delivered,525,14.99,145,,,,,,25.14,2026-05-27T10:13:08Z,2026-05-27T11:26:21Z
47057,4544,delivered,0,14.99,148,,,,,,81.67,2026-05-23T16:19:54Z,2026-05-27T11:26:21Z
47058,5947,delivered,890,7.99,145,,,,,45564,51.28,2026-04-06T10:34:46Z,2026-05-27T11:26:21Z
47059,5842,cancelled,2012,7.99,143,,,,,,17.6,2026-04-11T06:51:55Z,2026-05-27T11:26:21Z
47060,5542,pending,1037,0,,,,,,,21.83,2026-04-30T08:58:01Z,2026-05-27T11:26:21Z
47061,5042,confirmed,545,7.99,149,,,,,,10.28,2026-05-26T08:44:00Z,2026-05-27T11:26:21Z
47062,5261,processing,805,14.99,152,,,,,45551,75.3,2026-05-16T06:36:54Z,2026-05-27T11:26:21Z
47063,6282,shipped,2185,14.99,147,,,,,,29.14,2026-04-03T13:02:05Z,2026-05-27T11:26:21Z
47064,5571,delivered,2267,7.99,151,,,,,,53.83,2026-04-11T02:34:03Z,2026-05-27T11:26:21Z
47065,5804,delivered,275,7.99,150,,,,,48131,81.62,2026-05-08T07:49:46Z,2026-05-27T11:26:21Z
47066,6371,delivered,600,0,152,,,,,45964,27.31,2026-05-26T06:50:42Z,2026-05-27T11:26:21Z
47067,5044,cancelled,120,7.99,150,,,,,,15.69,2026-05-02T21:23:52Z,2026-05-27T11:26:21Z
47068,5893,pending,655,0,,,,,,47424,62.18,2026-04-20T15:32:05Z,2026-05-27T11:26:21Z
47069,6472,confirmed,220,14.99,147,,,,,47827,89.46,2026-04-03T12:42:25Z,2026-05-27T11:26:21Z
47070,6102,processing,430,0,150,,,,,45509,70.38,2026-05-12T19:09:40Z,2026-05-27T11:26:21Z
47071,5645,shipped,0,7.99,146,,,,,,20.89,2026-03-29T06:58:37Z,2026-05-27T11:26:21Z
47072,5263,delivered,625,0,149,,,,,44912,51.65,2026-04-17T16:05:50Z,2026-05-27T11:26:21Z
47073,6005,delivered,1530,0,152,,,,,,17.09,2026-04-05T14:43:29Z,2026-05-27T11:26:21Z
47074,5920,delivered,435,0,145,,,,,,15.43,2026-05-17T07:56:24Z,2026-05-27T11:26:21Z
47075,6339,cancelled,90,7.99,147,,,,,,53.18,2026-05-23T07:51:46Z,2026-05-27T11:26:21Z
47076,5554,pending,1700,7.99,,,,,,,25.48,2026-05-07T03:35:35Z,2026-05-27T11:26:21Z
47077,4551,confirmed,1320,7.99,149,,,,,47833,77.02,2026-05-24T01:26:01Z,2026-05-27T11:26:21Z
47078,4945,processing,140,7.99,149,,,,,45639,19.54,2026-05-04T21:15:51Z,2026-05-27T11:26:21Z
47079,6164,shipped,2775,7.99,147,,,,,46795,63.12,2026-04-14T19:09:04Z,2026-05-27T11:26:21Z
47080,5976,delivered,180,0,145,,,,,44974,31.09,2026-04-24T22:39:31Z,2026-05-27T11:26:21Z
47081,4787,delivered,575,0,142,,,,,,93.13,2026-04-25T03:02:27Z,2026-05-27T11:26:21Z
47082,4794,delivered,120,14.99,147,,,,,,92,2026-05-01T08:27:34Z,2026-05-27T11:26:21Z
47083,5460,cancelled,125,7.99,149,,,,,,33.88,2026-05-24T13:29:56Z,2026-05-27T11:26:21Z
47084,5289,pending,780,7.99,,,,,,,27.09,2026-05-27T07:04:19Z,2026-05-27T11:26:21Z
47085,4597,confirmed,360,7.99,151,,,,,,32.48,2026-05-13T11:57:29Z,2026-05-27T11:26:21Z
47086,6309,processing,135,7.99,150,,,,,,76.07,2026-05-26T23:56:03Z,2026-05-27T11:26:21Z
47087,4771,shipped,315,0,147,,,,,,55.57,2026-04-28T14:08:10Z,2026-05-27T11:26:21Z
47088,6212,delivered,230,14.99,150,,,,,48999,53.46,2026-04-22T18:27:57Z,2026-05-27T11:26:21Z
47089,4685,delivered,775,7.99,152,,,,,,78.68,2026-04-06T14:34:40Z,2026-05-27T11:26:21Z
47090,6132,delivered,210,7.99,146,,,,,45675,37.59,2026-05-14T13:56:17Z,2026-05-27T11:26:21Z
47091,5750,cancelled,895,7.99,152,,,,,,14.9,2026-05-07T21:10:11Z,2026-05-27T11:26:21Z
47092,6274,pending,360,7.99,,,,,,,38.43,2026-05-12T18:33:10Z,2026-05-27T11:26:21Z
47093,5511,confirmed,1125,7.99,142,,,,,,14.56,2026-04-19T18:12:43Z,2026-05-27T11:26:21Z
47094,5106,processing,1155,0,145,,,,,,39.21,2026-04-02T06:55:21Z,2026-05-27T11:26:21Z
47095,5315,shipped,1040,0,149,,,,,46190,44.64,2026-04-29T14:08:39Z,2026-05-27T11:26:21Z
47096,5025,delivered,495,7.99,152,,,,,,66.12,2026-05-23T10:04:50Z,2026-05-27T11:26:21Z
47097,5098,delivered,1540,7.99,151,,,,,47247,13.26,2026-04-20T17:42:04Z,2026-05-27T11:26:21Z
47098,4653,delivered,2445,14.99,150,,,,,,11.17,2026-04-25T15:04:04Z,2026-05-27T11:26:21Z
47099,6437,cancelled,260,14.99,152,,,,,45619,14.05,2026-04-10T06:14:29Z,2026-05-27T11:26:21Z
47100,4606,pending,270,14.99,,,,,,,76.26,2026-05-03T02:57:25Z,2026-05-27T11:26:21Z
47101,6139,confirmed,1410,0,147,,,,,,11.44,2026-03-30T14:09:21Z,2026-05-27T11:26:21Z
47102,5375,processing,932,7.99,145,,,,,,68.85,2026-04-19T11:43:48Z,2026-05-27T11:26:21Z
47103,5217,shipped,165,0,152,,,,,,48.37,2026-05-18T07:19:01Z,2026-05-27T11:26:21Z
47104,4820,delivered,2095,7.99,144,,,,,,94.24,2026-04-21T21:31:02Z,2026-05-27T11:26:21Z
47105,5244,delivered,735,0,147,,,,,,52.52,2026-05-25T11:19:33Z,2026-05-27T11:26:21Z
47106,5946,delivered,1280,7.99,142,,,,,47322,28,2026-04-11T05:31:28Z,2026-05-27T11:26:21Z
47107,6090,cancelled,25,7.99,152,,,,,,45.09,2026-05-16T14:19:23Z,2026-05-27T11:26:21Z
47108,5021,pending,190,14.99,,,,,,,62.19,2026-04-24T18:58:01Z,2026-05-27T11:26:21Z
47109,5256,confirmed,540,0,149,,,,,48622,57.61,2026-05-07T17:34:03Z,2026-05-27T11:26:21Z
47110,4925,processing,75,7.99,144,,,,,,56.57,2026-05-25T16:29:47Z,2026-05-27T11:26:21Z
47111,5602,shipped,1485,0,142,,,,,,20.05,2026-05-08T18:30:58Z,2026-05-27T11:26:21Z
47112,5248,delivered,280,0,152,,,,,,73.45,2026-04-10T02:33:03Z,2026-05-27T11:26:21Z
47113,6079,delivered,1165,14.99,148,,,,,48928,28.23,2026-05-12T17:45:33Z,2026-05-27T11:26:21Z
47114,5905,delivered,2235,0,147,,,,,,92.74,2026-05-01T15:58:00Z,2026-05-27T11:26:21Z
47115,4618,cancelled,1730,14.99,142,,,,,,53.7,2026-05-15T09:19:03Z,2026-05-27T11:26:21Z
47116,5685,pending,20,14.99,,,,,,,70.86,2026-05-12T14:36:21Z,2026-05-27T11:26:21Z
47117,6000,confirmed,1080,0,145,,,,,,40.27,2026-03-28T11:46:02Z,2026-05-27T11:26:21Z
47118,6463,processing,742,7.99,150,,,,,,55.73,2026-04-15T03:47:29Z,2026-05-27T11:26:21Z
47119,5775,shipped,550,7.99,143,,,,,,11.49,2026-04-20T06:28:11Z,2026-05-27T11:26:21Z
47120,5469,delivered,930,7.99,145,,,,,46331,59.1,2026-04-09T08:19:16Z,2026-05-27T11:26:21Z
47121,6352,delivered,470,14.99,148,,,,,44745,73.45,2026-04-23T22:40:37Z,2026-05-27T11:26:21Z
47122,4881,delivered,960,7.99,142,,,,,46638,25.24,2026-04-03T17:14:33Z,2026-05-27T11:26:21Z
47123,6064,cancelled,0,0,152,,,,,,21.3,2026-04-16T18:24:17Z,2026-05-27T11:26:21Z
47124,5395,pending,135,7.99,,,,,,,32.3,2026-05-03T17:43:21Z,2026-05-27T11:26:21Z
47125,5785,confirmed,220,7.99,141,,,,,,89.19,2026-04-17T08:49:43Z,2026-05-27T11:26:21Z
47126,4696,processing,1670,7.99,143,,,,,,79.22,2026-05-27T05:09:30Z,2026-05-27T11:26:21Z
47127,5882,shipped,390,7.99,143,,,,,47590,61.46,2026-04-23T17:09:11Z,2026-05-27T11:26:21Z
47128,5824,delivered,1187,7.99,145,,,,,,58.02,2026-05-16T06:13:56Z,2026-05-27T11:26:21Z
47129,6351,delivered,234,0,143,,,,,,56.91,2026-04-07T23:24:52Z,2026-05-27T11:26:21Z
47130,6016,delivered,900,7.99,144,,,,,,84.1,2026-05-12T07:51:10Z,2026-05-27T11:26:21Z
47131,6055,cancelled,40,14.99,143,,,,,,39.8,2026-04-20T22:52:34Z,2026-05-27T11:26:21Z
47132,5633,pending,120,7.99,,,,,,,57.93,2026-04-01T20:49:46Z,2026-05-27T11:26:21Z
47133,6068,confirmed,630,0,145,,,,,45074,12.87,2026-05-07T06:55:12Z,2026-05-27T11:26:21Z
47134,5983,processing,880,0,143,,,,,46703,69.52,2026-05-19T16:23:17Z,2026-05-27T11:26:21Z
47135,5037,shipped,75,14.99,143,,,,,,24.35,2026-05-13T06:26:22Z,2026-05-27T11:26:21Z
47136,5796,delivered,555,7.99,148,,,,,,59.79,2026-05-27T03:34:44Z,2026-05-27T11:26:21Z
47137,4774,delivered,965,0,150,,,,,,57.77,2026-04-14T15:48:35Z,2026-05-27T11:26:21Z
47138,6268,delivered,640,0,142,,,,,,27.18,2026-04-30T21:23:59Z,2026-05-27T11:26:21Z
47139,5016,cancelled,190,14.99,144,,,,,,53.84,2026-04-12T14:53:00Z,2026-05-27T11:26:21Z
47140,5031,pending,765,7.99,,,,,,,19.27,2026-05-24T15:33:56Z,2026-05-27T11:26:21Z
47141,6143,confirmed,312,7.99,149,,,,,,17.64,2026-04-04T09:25:28Z,2026-05-27T11:26:21Z
47142,6351,processing,930,14.99,148,,,,,46860,44.95,2026-04-24T22:49:34Z,2026-05-27T11:26:21Z
47143,4924,shipped,267,7.99,151,,,,,,54.07,2026-04-01T04:25:52Z,2026-05-27T11:26:21Z
47144,5496,delivered,490,7.99,147,,,,,46295,46.32,2026-05-03T19:48:54Z,2026-05-27T11:26:21Z
47145,4754,delivered,95,7.99,152,,,,,,80.8,2026-04-15T07:27:12Z,2026-05-27T11:26:21Z
47146,5903,delivered,545,14.99,142,,,,,46897,84.89,2026-04-22T11:08:58Z,2026-05-27T11:26:21Z
47147,5016,cancelled,1040,0,145,,,,,45782,19.49,2026-04-28T23:32:43Z,2026-05-27T11:26:21Z
47148,5044,pending,695,7.99,,,,,,,43.99,2026-04-22T04:40:42Z,2026-05-27T11:26:21Z
47149,5728,confirmed,705,0,152,,,,,47332,35.93,2026-04-18T23:02:27Z,2026-05-27T11:26:21Z
47150,4817,processing,95,7.99,146,,,,,,11.68,2026-05-21T07:28:51Z,2026-05-27T11:26:21Z
47151,6134,shipped,250,7.99,145,,,,,,88.28,2026-05-14T18:56:19Z,2026-05-27T11:26:21Z
47152,5732,delivered,135,7.99,142,,,,,,68.26,2026-04-13T13:35:27Z,2026-05-27T11:26:21Z
47153,4910,delivered,140,14.99,146,,,,,48158,46.53,2026-05-13T06:09:01Z,2026-05-27T11:26:21Z
47154,4658,delivered,365,14.99,143,,,,,,29.47,2026-03-30T20:04:23Z,2026-05-27T11:26:21Z
47155,4710,cancelled,720,7.99,145,,,,,,63.03,2026-03-30T16:49:10Z,2026-05-27T11:26:21Z
47156,4928,pending,300,7.99,,,,,,,12.8,2026-04-20T20:43:34Z,2026-05-27T11:26:21Z
47157,5763,confirmed,45,7.99,143,,,,,,56.31,2026-04-05T16:55:32Z,2026-05-27T11:26:21Z
47158,6315,processing,45,14.99,151,,,,,47008,63.01,2026-05-11T18:56:57Z,2026-05-27T11:26:21Z
47159,5448,shipped,950,0,151,,,,,46711,89.86,2026-05-01T12:04:23Z,2026-05-27T11:26:21Z
47160,5998,delivered,115,7.99,141,,,,,,42.49,2026-04-17T14:12:09Z,2026-05-27T11:26:21Z
47161,5744,delivered,267,0,148,,,,,46850,47.96,2026-04-04T03:27:11Z,2026-05-27T11:26:21Z
47162,5380,delivered,2230,0,143,,,,,,83.02,2026-05-07T13:41:10Z,2026-05-27T11:26:21Z
47163,4793,cancelled,165,7.99,151,,,,,45225,61.77,2026-05-11T14:35:50Z,2026-05-27T11:26:21Z
47164,6492,pending,1050,0,,,,,,,18.27,2026-05-05T01:04:19Z,2026-05-27T11:26:21Z
47165,6117,confirmed,625,0,141,,,,,45168,39.29,2026-04-06T21:02:49Z,2026-05-27T11:26:21Z
47166,6130,processing,1125,7.99,151,,,,,,88.41,2026-04-01T16:28:29Z,2026-05-27T11:26:21Z
47167,4870,shipped,260,7.99,145,,,,,,40.19,2026-04-19T21:49:11Z,2026-05-27T11:26:21Z
47168,5432,delivered,885,0,148,,,,,47836,37.24,2026-04-30T16:49:58Z,2026-05-27T11:26:21Z
47169,6250,delivered,620,7.99,150,,,,,48733,85.57,2026-04-04T03:19:48Z,2026-05-27T11:26:21Z
47170,4588,delivered,0,0,145,,,,,,11.24,2026-05-08T19:52:36Z,2026-05-27T11:26:21Z
47171,4679,cancelled,780,14.99,142,,,,,48090,16.21,2026-05-18T16:10:01Z,2026-05-27T11:26:21Z
47172,6516,pending,1320,0,,,,,,46079,49.7,2026-04-26T04:49:07Z,2026-05-27T11:26:21Z
47173,5463,confirmed,335,7.99,145,,,,,,88.37,2026-04-17T07:12:06Z,2026-05-27T11:26:21Z
47174,5727,processing,265,7.99,148,,,,,44881,73.88,2026-05-20T11:40:28Z,2026-05-27T11:26:21Z
47175,6212,shipped,988,0,144,,,,,,45.76,2026-04-21T08:40:04Z,2026-05-27T11:26:21Z
47176,4844,delivered,1765,0,151,,,,,,16.86,2026-04-18T13:56:03Z,2026-05-27T11:26:21Z
47177,5527,delivered,1945,0,147,,,,,45919,39.07,2026-04-13T05:38:59Z,2026-05-27T11:26:21Z
47178,5625,delivered,780,0,150,,,,,,17.7,2026-05-14T02:53:03Z,2026-05-27T11:26:21Z
47179,5363,cancelled,325,0,150,,,,,,76.01,2026-04-07T14:15:37Z,2026-05-27T11:26:21Z
47180,5112,pending,1890,7.99,,,,,,,61.72,2026-05-11T23:48:21Z,2026-05-27T11:26:21Z
47181,6534,confirmed,205,14.99,145,,,,,48447,71.18,2026-04-21T15:38:39Z,2026-05-27T11:26:21Z
47182,6241,processing,445,7.99,142,,,,,,54.22,2026-05-14T05:33:20Z,2026-05-27T11:26:21Z
47183,4901,shipped,105,14.99,148,,,,,,92.25,2026-05-25T02:23:37Z,2026-05-27T11:26:21Z
47184,5861,delivered,2230,7.99,143,,,,,,49.83,2026-04-18T20:07:25Z,2026-05-27T11:26:21Z
47185,5320,delivered,1295,7.99,152,,,,,45662,34.77,2026-04-21T21:45:31Z,2026-05-27T11:26:21Z
47186,4966,delivered,840,7.99,145,,,,,,57.28,2026-05-08T18:23:41Z,2026-05-27T11:26:21Z
47187,4792,cancelled,485,14.99,147,,,,,,47.82,2026-04-22T18:44:18Z,2026-05-27T11:26:21Z
47188,6386,pending,2970,7.99,,,,,,,62.97,2026-05-06T23:30:05Z,2026-05-27T11:26:21Z
47189,4748,confirmed,435,7.99,148,,,,,,23.45,2026-04-14T06:15:53Z,2026-05-27T11:26:21Z
47190,5649,processing,135,7.99,150,,,,,49253,19.2,2026-04-18T23:57:47Z,2026-05-27T11:26:21Z
47191,5891,shipped,235,14.99,141,,,,,46779,19.14,2026-03-31T12:37:58Z,2026-05-27T11:26:21Z
47192,4966,delivered,1335,7.99,152,,,,,,71.72,2026-05-24T15:36:29Z,2026-05-27T11:26:22Z
47193,6381,delivered,125,0,148,,,,,,48.2,2026-04-09T16:44:35Z,2026-05-27T11:26:22Z
47194,4885,delivered,910,0,142,,,,,,91.42,2026-04-18T15:52:56Z,2026-05-27T11:26:22Z
47195,5166,cancelled,15,7.99,148,,,,,,63.61,2026-03-29T20:54:18Z,2026-05-27T11:26:22Z
47196,5215,pending,90,7.99,,,,,,,30.38,2026-04-09T15:18:20Z,2026-05-27T11:26:22Z
47197,5614,confirmed,1585,14.99,148,,,,,,18.41,2026-04-23T02:10:47Z,2026-05-27T11:26:22Z
47198,4728,processing,2900,0,141,,,,,,42.69,2026-05-08T11:28:37Z,2026-05-27T11:26:22Z
47199,5684,shipped,1065,0,151,,,,,46133,35.34,2026-04-11T03:17:27Z,2026-05-27T11:26:22Z
47200,5152,delivered,285,7.99,146,,,,,,52.94,2026-05-21T02:10:13Z,2026-05-27T11:26:22Z
47201,6273,delivered,2125,7.99,152,,,,,,23.84,2026-04-03T21:40:16Z,2026-05-27T11:26:22Z
47202,5198,delivered,465,0,151,,,,,,15.68,2026-04-13T09:22:51Z,2026-05-27T11:26:22Z
47203,5626,cancelled,1220,14.99,152,,,,,45613,55.09,2026-05-02T12:40:10Z,2026-05-27T11:26:22Z
47204,6445,pending,580,7.99,,,,,,49196,66.08,2026-04-21T02:54:28Z,2026-05-27T11:26:22Z
47205,5816,confirmed,1880,14.99,145,,,,,,16.12,2026-05-02T19:26:54Z,2026-05-27T11:26:22Z
47206,4876,processing,500,0,144,,,,,,26.88,2026-04-28T20:50:29Z,2026-05-27T11:26:22Z
47207,6147,shipped,495,7.99,151,,,,,,79.86,2026-04-14T08:26:54Z,2026-05-27T11:26:22Z
47208,5130,delivered,35,0,149,,,,,46720,69.68,2026-05-20T16:33:39Z,2026-05-27T11:26:22Z
47209,4717,delivered,75,0,150,,,,,,81.39,2026-05-10T09:35:21Z,2026-05-27T11:26:22Z
47210,6383,delivered,1535,0,152,,,,,,42.87,2026-05-26T15:22:22Z,2026-05-27T11:26:22Z
47211,4751,cancelled,1170,0,147,,,,,47115,20.15,2026-04-06T15:16:45Z,2026-05-27T11:26:22Z
47212,5234,pending,435,7.99,,,,,,44587,77.79,2026-05-12T18:52:49Z,2026-05-27T11:26:22Z
47213,5285,confirmed,610,7.99,148,,,,,,82.5,2026-04-07T18:34:34Z,2026-05-27T11:26:22Z
47214,5199,processing,140,14.99,151,,,,,47657,94.72,2026-04-21T15:04:42Z,2026-05-27T11:26:22Z
47215,5605,shipped,150,7.99,152,,,,,,79.31,2026-05-22T20:08:14Z,2026-05-27T11:26:22Z
47216,4546,delivered,2425,0,146,,,,,46673,68.06,2026-04-26T03:22:08Z,2026-05-27T11:26:22Z
47217,5859,delivered,135,7.99,151,,,,,,92.66,2026-04-22T05:20:58Z,2026-05-27T11:26:22Z
47218,5128,delivered,590,7.99,145,,,,,47047,71.31,2026-05-26T18:42:26Z,2026-05-27T11:26:22Z
47219,4795,cancelled,873,0,147,,,,,,37.79,2026-05-21T17:31:42Z,2026-05-27T11:26:22Z
47220,5901,pending,900,0,,,,,,,12.25,2026-04-23T18:24:24Z,2026-05-27T11:26:22Z
47221,6316,confirmed,1165,7.99,144,,,,,,45.83,2026-05-26T09:47:13Z,2026-05-27T11:26:22Z
47222,5227,processing,345,14.99,151,,,,,47344,85.86,2026-04-05T14:30:30Z,2026-05-27T11:26:22Z
47223,5868,shipped,545,0,150,,,,,49169,41.47,2026-03-31T15:23:37Z,2026-05-27T11:26:22Z
47224,5741,delivered,840,7.99,152,,,,,46514,58.41,2026-05-26T14:59:29Z,2026-05-27T11:26:22Z
47225,4841,delivered,1345,7.99,145,,,,,,33.34,2026-05-25T20:30:29Z,2026-05-27T11:26:22Z
47226,4736,delivered,530,0,143,,,,,44912,65.01,2026-04-05T23:44:43Z,2026-05-27T11:26:22Z
47227,4727,cancelled,1290,0,148,,,,,,43.51,2026-05-11T20:13:49Z,2026-05-27T11:26:22Z
47228,4609,pending,267,0,,,,,,,76.23,2026-04-20T03:01:25Z,2026-05-27T11:26:22Z
47229,5918,confirmed,2070,7.99,145,,,,,,93.4,2026-05-05T01:44:26Z,2026-05-27T11:26:22Z
47230,6227,processing,394,14.99,145,,,,,,47.04,2026-05-18T05:54:50Z,2026-05-27T11:26:22Z
47231,5677,shipped,797,0,144,,,,,,90.84,2026-03-28T13:57:37Z,2026-05-27T11:26:22Z
47232,5197,delivered,510,7.99,149,,,,,,32.07,2026-05-25T01:21:49Z,2026-05-27T11:26:22Z
47233,4995,delivered,105,7.99,146,,,,,46076,47.36,2026-04-17T19:55:42Z,2026-05-27T11:26:22Z
47234,4787,delivered,2020,7.99,149,,,,,,19.42,2026-04-11T01:43:01Z,2026-05-27T11:26:22Z
47235,5824,cancelled,2125,7.99,141,,,,,,20.74,2026-04-12T03:03:04Z,2026-05-27T11:26:22Z
47236,5460,pending,89,14.99,,,,,,,24.24,2026-05-05T02:36:57Z,2026-05-27T11:26:22Z
47237,5183,confirmed,674,7.99,146,,,,,47679,44.61,2026-04-16T04:01:36Z,2026-05-27T11:26:22Z
47238,6501,processing,210,0,142,,,,,47427,35.73,2026-05-25T10:36:02Z,2026-05-27T11:26:22Z
47239,5595,shipped,89,0,152,,,,,,91.15,2026-04-05T04:46:06Z,2026-05-27T11:26:22Z
47240,5175,delivered,25,14.99,148,,,,,,55.43,2026-04-20T06:40:04Z,2026-05-27T11:26:22Z
47241,5722,delivered,445,14.99,147,,,,,46137,56.44,2026-05-14T12:52:49Z,2026-05-27T11:26:22Z
47242,5970,delivered,510,7.99,151,,,,,,62.31,2026-04-28T12:43:25Z,2026-05-27T11:26:22Z
47243,6267,cancelled,610,7.99,145,,,,,,59.43,2026-04-12T06:43:39Z,2026-05-27T11:26:22Z
47244,6476,pending,510,14.99,,,,,,,35.3,2026-05-12T06:31:56Z,2026-05-27T11:26:22Z
47245,6465,confirmed,310,7.99,142,,,,,,35.15,2026-03-29T15:36:59Z,2026-05-27T11:26:22Z
47246,4554,processing,750,7.99,145,,,,,,77.3,2026-04-07T12:00:35Z,2026-05-27T11:26:22Z
47247,5464,shipped,178,14.99,148,,,,,,15.99,2026-05-24T04:57:06Z,2026-05-27T11:26:22Z
47248,5005,delivered,240,7.99,152,,,,,47895,16.79,2026-05-25T17:52:15Z,2026-05-27T11:26:22Z
47249,4617,delivered,880,7.99,149,,,,,,18.85,2026-04-21T14:26:02Z,2026-05-27T11:26:22Z
47250,5517,delivered,435,14.99,145,,,,,44901,36.83,2026-04-25T23:03:22Z,2026-05-27T11:26:22Z
47251,5852,cancelled,665,14.99,146,,,,,,40.24,2026-05-14T09:11:34Z,2026-05-27T11:26:22Z
47252,5244,pending,75,7.99,,,,,,,42.63,2026-04-15T07:12:46Z,2026-05-27T11:26:22Z
47253,5050,confirmed,575,7.99,151,,,,,46075,44.24,2026-05-20T01:12:25Z,2026-05-27T11:26:22Z
47254,5728,processing,170,7.99,145,,,,,,23.5,2026-05-24T10:22:01Z,2026-05-27T11:26:22Z
47255,5167,shipped,925,7.99,149,,,,,,13.5,2026-05-08T03:48:54Z,2026-05-27T11:26:22Z
47256,6303,delivered,210,0,152,,,,,,70.87,2026-04-01T05:24:13Z,2026-05-27T11:26:22Z
47257,5186,delivered,2250,7.99,150,,,,,,31.46,2026-04-17T15:55:37Z,2026-05-27T11:26:22Z
47258,4836,delivered,210,7.99,143,,,,,,12.05,2026-05-13T00:03:14Z,2026-05-27T11:26:22Z
47259,5244,cancelled,1638,7.99,150,,,,,,60.34,2026-05-22T12:17:17Z,2026-05-27T11:26:22Z
47260,4587,pending,717,7.99,,,,,,,21.68,2026-05-24T05:44:02Z,2026-05-27T11:26:22Z
47261,4667,confirmed,530,7.99,141,,,,,46919,27.44,2026-03-29T15:57:44Z,2026-05-27T11:26:22Z
47262,4628,processing,230,14.99,142,,,,,47460,64.48,2026-04-09T00:07:09Z,2026-05-27T11:26:22Z
47263,4785,shipped,0,0,141,,,,,,25.07,2026-04-16T06:17:49Z,2026-05-27T11:26:22Z
47264,5298,delivered,360,7.99,152,,,,,47619,27.42,2026-05-02T22:04:58Z,2026-05-27T11:26:22Z
47265,6014,delivered,75,7.99,147,,,,,,75.09,2026-04-14T05:57:23Z,2026-05-27T11:26:22Z
47266,5636,delivered,459,7.99,148,,,,,45386,13.03,2026-05-19T01:47:57Z,2026-05-27T11:26:22Z
47267,6043,cancelled,2130,0,143,,,,,48290,58.09,2026-05-01T19:08:02Z,2026-05-27T11:26:22Z
47268,5737,pending,1005,7.99,,,,,,,74.4,2026-04-11T11:36:46Z,2026-05-27T11:26:22Z
47269,5284,confirmed,640,7.99,141,,,,,,54.32,2026-04-20T08:52:41Z,2026-05-27T11:26:22Z
47270,6401,processing,1320,0,148,,,,,,15.04,2026-04-11T17:43:15Z,2026-05-27T11:26:22Z
47271,6336,shipped,640,7.99,146,,,,,,52.25,2026-04-25T08:52:45Z,2026-05-27T11:26:22Z
47272,6213,delivered,25,7.99,149,,,,,,81.04,2026-04-20T08:21:53Z,2026-05-27T11:26:22Z
47273,5797,delivered,1520,0,152,,,,,,23.02,2026-05-10T20:36:16Z,2026-05-27T11:26:22Z
47274,5978,delivered,680,7.99,149,,,,,48111,59.13,2026-05-22T17:20:31Z,2026-05-27T11:26:22Z
47275,5185,cancelled,405,7.99,148,,,,,,51.58,2026-03-30T12:27:43Z,2026-05-27T11:26:22Z
47276,6031,pending,180,0,,,,,,,74.16,2026-04-26T09:03:08Z,2026-05-27T11:26:22Z
47277,6335,confirmed,0,0,144,,,,,,27.16,2026-04-19T22:48:56Z,2026-05-27T11:26:22Z
47278,5006,processing,0,7.99,149,,,,,,76.32,2026-04-20T15:56:30Z,2026-05-27T11:26:22Z
47279,5414,shipped,680,0,145,,,,,46157,92.92,2026-05-07T03:34:14Z,2026-05-27T11:26:22Z
47280,6534,delivered,770,7.99,145,,,,,48528,56.21,2026-05-05T10:36:18Z,2026-05-27T11:26:22Z
47281,6441,delivered,1900,7.99,148,,,,,46532,80.04,2026-05-25T03:16:44Z,2026-05-27T11:26:22Z
47282,6287,delivered,120,0,143,,,,,,68.63,2026-04-12T11:33:45Z,2026-05-27T11:26:22Z
47283,5648,cancelled,60,7.99,152,,,,,,58.15,2026-05-07T03:29:41Z,2026-05-27T11:26:22Z
47284,5760,pending,1460,14.99,,,,,,,55.19,2026-05-16T08:22:26Z,2026-05-27T11:26:22Z
47285,5066,confirmed,1000,0,152,,,,,,92.62,2026-04-01T10:44:08Z,2026-05-27T11:26:22Z
47286,5034,processing,563,7.99,141,,,,,46619,64.01,2026-03-31T22:28:17Z,2026-05-27T11:26:22Z
47287,5427,shipped,45,7.99,141,,,,,,38.91,2026-04-30T07:58:45Z,2026-05-27T11:26:22Z
47288,5771,delivered,608,14.99,141,,,,,,19.85,2026-03-29T00:27:05Z,2026-05-27T11:26:22Z
47289,6429,delivered,495,7.99,151,,,,,,13.69,2026-05-16T00:47:18Z,2026-05-27T11:26:22Z
47290,5462,delivered,445,7.99,144,,,,,,49.19,2026-04-17T18:11:01Z,2026-05-27T11:26:22Z
47291,6031,cancelled,780,7.99,149,,,,,,74.88,2026-04-09T16:09:16Z,2026-05-27T11:26:22Z
47292,6311,pending,665,7.99,,,,,,,76.69,2026-04-26T15:47:18Z,2026-05-27T11:26:22Z
47293,5469,confirmed,1470,0,150,,,,,,89.24,2026-05-16T00:29:08Z,2026-05-27T11:26:22Z
47294,4778,processing,75,0,146,,,,,49510,80.91,2026-05-17T20:45:04Z,2026-05-27T11:26:22Z
47295,5425,shipped,520,7.99,148,,,,,,26.78,2026-04-04T07:55:57Z,2026-05-27T11:26:22Z
47296,6493,delivered,240,0,141,,,,,47838,50.78,2026-05-21T02:56:29Z,2026-05-27T11:26:22Z
47297,5184,delivered,380,7.99,149,,,,,,60.43,2026-05-18T03:13:06Z,2026-05-27T11:26:22Z
47298,6034,delivered,1100,7.99,150,,,,,,67.13,2026-05-02T02:01:32Z,2026-05-27T11:26:22Z
47299,6119,cancelled,600,14.99,142,,,,,,88.43,2026-05-06T10:27:04Z,2026-05-27T11:26:22Z
47300,5221,pending,1365,14.99,,,,,,,32.55,2026-04-13T19:33:54Z,2026-05-27T11:26:22Z
47301,6095,confirmed,2315,7.99,149,,,,,,35.15,2026-05-07T13:47:43Z,2026-05-27T11:26:22Z
47302,5883,processing,1265,7.99,145,,,,,,73.57,2026-05-26T09:44:27Z,2026-05-27T11:26:22Z
47303,5519,shipped,1385,14.99,146,,,,,49095,14.49,2026-04-23T03:13:04Z,2026-05-27T11:26:22Z
47304,4863,delivered,960,7.99,152,,,,,,49.2,2026-05-23T04:08:48Z,2026-05-27T11:26:22Z
47305,5154,delivered,70,0,143,,,,,,83.15,2026-04-03T20:31:08Z,2026-05-27T11:26:22Z
47306,5815,delivered,1260,7.99,152,,,,,,72.05,2026-04-13T23:46:50Z,2026-05-27T11:26:22Z
47307,4840,cancelled,180,7.99,146,,,,,,64.56,2026-03-31T04:30:31Z,2026-05-27T11:26:22Z
47308,6037,pending,280,7.99,,,,,,,24.31,2026-04-30T07:18:56Z,2026-05-27T11:26:22Z
47309,5787,confirmed,295,0,144,,,,,47892,91.97,2026-04-07T01:13:58Z,2026-05-27T11:26:22Z
47310,4978,processing,930,14.99,141,,,,,,54.3,2026-04-14T02:52:30Z,2026-05-27T11:26:22Z
47311,5047,shipped,355,7.99,145,,,,,,94.95,2026-05-12T15:03:49Z,2026-05-27T11:26:22Z
47312,5694,delivered,630,7.99,145,,,,,48527,69.78,2026-05-13T02:08:22Z,2026-05-27T11:26:22Z
47313,5704,delivered,115,0,145,,,,,44823,68.79,2026-04-13T04:41:53Z,2026-05-27T11:26:22Z
47314,6397,delivered,180,7.99,149,,,,,,46.95,2026-04-15T18:22:39Z,2026-05-27T11:26:22Z
47315,5317,cancelled,55,0,144,,,,,,19.85,2026-04-14T11:40:17Z,2026-05-27T11:26:22Z
47316,6417,pending,20,0,,,,,,,26.7,2026-05-25T03:18:58Z,2026-05-27T11:26:22Z
47317,5546,confirmed,345,7.99,142,,,,,,52.69,2026-04-09T07:02:59Z,2026-05-27T11:26:22Z
47318,5280,processing,270,7.99,143,,,,,46076,93.67,2026-04-04T04:16:41Z,2026-05-27T11:26:22Z
47319,6287,shipped,355,7.99,149,,,,,,43.02,2026-05-12T15:29:23Z,2026-05-27T11:26:22Z
47320,5932,delivered,2048,0,143,,,,,,16.45,2026-04-15T04:17:39Z,2026-05-27T11:26:22Z
47321,4608,delivered,705,7.99,141,,,,,44724,31.87,2026-04-25T15:12:53Z,2026-05-27T11:26:22Z
47322,4646,delivered,700,7.99,143,,,,,,84.97,2026-04-01T00:15:21Z,2026-05-27T11:26:22Z
47323,6172,cancelled,120,7.99,148,,,,,,12.24,2026-05-01T04:47:01Z,2026-05-27T11:26:22Z
47324,4909,pending,95,7.99,,,,,,,14.91,2026-04-20T04:42:07Z,2026-05-27T11:26:22Z
47325,6533,confirmed,995,0,145,,,,,,53.67,2026-04-21T23:36:52Z,2026-05-27T11:26:22Z
47326,6270,processing,50,0,152,,,,,45699,66.27,2026-04-08T07:03:26Z,2026-05-27T11:26:22Z
47327,5107,shipped,1305,0,148,,,,,45029,24.85,2026-04-28T08:55:43Z,2026-05-27T11:26:22Z
47328,5336,delivered,180,7.99,150,,,,,,12.3,2026-04-18T08:23:50Z,2026-05-27T11:26:22Z
47329,4682,delivered,1130,7.99,151,,,,,47895,77.69,2026-05-26T06:49:51Z,2026-05-27T11:26:22Z
47330,5606,delivered,470,7.99,150,,,,,,46.03,2026-05-14T05:54:10Z,2026-05-27T11:26:22Z
47331,5491,cancelled,2145,0,143,,,,,,31.64,2026-04-10T13:55:41Z,2026-05-27T11:26:22Z
47332,5350,pending,2190,14.99,,,,,,,67.67,2026-05-24T20:06:00Z,2026-05-27T11:26:22Z
47333,4889,confirmed,745,7.99,142,,,,,,52.98,2026-04-30T10:28:46Z,2026-05-27T11:26:22Z
47334,4672,processing,2998,7.99,142,,,,,45194,59.21,2026-05-24T11:26:27Z,2026-05-27T11:26:22Z
47335,4787,shipped,25,7.99,149,,,,,47233,41.26,2026-04-07T13:20:55Z,2026-05-27T11:26:22Z
47336,5968,delivered,755,0,141,,,,,,90.49,2026-03-31T05:59:16Z,2026-05-27T11:26:22Z
47337,4789,delivered,75,7.99,142,,,,,,28.66,2026-05-26T18:48:36Z,2026-05-27T11:26:22Z
47338,6479,delivered,1125,7.99,142,,,,,48205,10.9,2026-05-15T20:37:55Z,2026-05-27T11:26:22Z
47339,4777,cancelled,605,0,141,,,,,,19.14,2026-05-01T18:45:06Z,2026-05-27T11:26:22Z
47340,6395,pending,195,14.99,,,,,,46320,87.63,2026-05-12T01:26:25Z,2026-05-27T11:26:22Z
47341,4769,confirmed,810,14.99,141,,,,,,56.8,2026-04-28T13:48:42Z,2026-05-27T11:26:22Z
47342,5949,processing,0,7.99,144,,,,,,20.12,2026-05-12T06:39:37Z,2026-05-27T11:26:22Z
47343,5115,shipped,105,7.99,148,,,,,,19.34,2026-04-19T19:03:12Z,2026-05-27T11:26:22Z
47344,5070,delivered,165,14.99,142,,,,,,42.43,2026-05-26T05:10:17Z,2026-05-27T11:26:22Z
47345,4926,delivered,385,7.99,146,,,,,,20.43,2026-04-28T06:39:31Z,2026-05-27T11:26:22Z
47346,6538,delivered,410,7.99,150,,,,,,68.57,2026-05-15T16:30:10Z,2026-05-27T11:26:22Z
47347,4727,cancelled,390,14.99,141,,,,,,30.76,2026-05-08T09:52:32Z,2026-05-27T11:26:22Z
47348,4914,pending,180,7.99,,,,,,,56.66,2026-04-03T22:17:22Z,2026-05-27T11:26:22Z
47349,5078,confirmed,450,0,148,,,,,,91.92,2026-04-14T04:05:19Z,2026-05-27T11:26:22Z
47350,4671,processing,1680,0,148,,,,,,88.23,2026-05-21T09:35:52Z,2026-05-27T11:26:22Z
47351,5620,shipped,762,0,147,,,,,,93.09,2026-05-08T04:24:02Z,2026-05-27T11:26:22Z
47352,5921,delivered,210,0,145,,,,,,83.87,2026-05-16T19:57:41Z,2026-05-27T11:26:22Z
47353,5833,delivered,185,0,144,,,,,,29.08,2026-05-01T05:14:19Z,2026-05-27T11:26:22Z
47354,5722,delivered,1095,7.99,147,,,,,,48.75,2026-04-09T17:11:36Z,2026-05-27T11:26:22Z
47355,4999,cancelled,95,7.99,145,,,,,,81.38,2026-05-14T02:39:50Z,2026-05-27T11:26:22Z
47356,5342,pending,1265,0,,,,,,,56.01,2026-03-29T20:37:25Z,2026-05-27T11:26:22Z
47357,4652,confirmed,3140,0,149,,,,,,33.31,2026-04-18T02:19:02Z,2026-05-27T11:26:22Z
47358,4941,processing,609,0,150,,,,,,14.57,2026-05-27T09:45:08Z,2026-05-27T11:26:22Z
47359,5127,shipped,260,7.99,147,,,,,,64.89,2026-04-12T22:35:46Z,2026-05-27T11:26:22Z
47360,5007,delivered,1485,7.99,147,,,,,47834,23.6,2026-04-03T13:34:35Z,2026-05-27T11:26:22Z
47361,4732,delivered,170,14.99,143,,,,,45009,51.56,2026-05-03T15:57:11Z,2026-05-27T11:26:22Z
47362,5102,delivered,870,14.99,149,,,,,,69.83,2026-04-01T04:03:24Z,2026-05-27T11:26:22Z
47363,4657,cancelled,4275,7.99,144,,,,,,64.37,2026-04-21T13:28:14Z,2026-05-27T11:26:22Z
47364,5701,pending,2085,14.99,,,,,,,65.97,2026-04-21T09:17:50Z,2026-05-27T11:26:22Z
47365,5737,confirmed,145,7.99,149,,,,,,27.46,2026-05-18T22:52:24Z,2026-05-27T11:26:22Z
47366,6292,processing,295,7.99,142,,,,,,19,2026-05-05T15:38:14Z,2026-05-27T11:26:22Z
47367,5199,shipped,1545,7.99,145,,,,,,44.63,2026-05-07T09:59:14Z,2026-05-27T11:26:22Z
47368,5122,delivered,30,0,144,,,,,,43.14,2026-04-22T04:27:51Z,2026-05-27T11:26:22Z
47369,5271,delivered,95,14.99,146,,,,,,70.19,2026-04-13T00:28:12Z,2026-05-27T11:26:22Z
47370,6173,delivered,1280,14.99,144,,,,,,39.28,2026-04-13T17:56:00Z,2026-05-27T11:26:22Z
47371,5367,cancelled,210,0,145,,,,,,16.91,2026-04-23T19:56:32Z,2026-05-27T11:26:22Z
47372,5953,pending,0,7.99,,,,,,,13.88,2026-04-25T01:58:27Z,2026-05-27T11:26:22Z
47373,5654,confirmed,335,7.99,145,,,,,,76.2,2026-03-28T22:51:26Z,2026-05-27T11:26:22Z
47374,6181,processing,90,0,150,,,,,,43.71,2026-04-25T05:57:11Z,2026-05-27T11:26:22Z
47375,6018,shipped,120,7.99,151,,,,,,88.18,2026-04-08T13:11:50Z,2026-05-27T11:26:22Z
47376,6269,delivered,90,7.99,141,,,,,49523,10.53,2026-04-30T17:20:21Z,2026-05-27T11:26:22Z
47377,6432,delivered,600,7.99,149,,,,,,76.3,2026-05-07T05:17:09Z,2026-05-27T11:26:22Z
47378,4680,delivered,1260,7.99,145,,,,,,22.3,2026-05-08T11:22:59Z,2026-05-27T11:26:22Z
47379,4736,cancelled,275,7.99,145,,,,,,56.6,2026-05-04T09:09:41Z,2026-05-27T11:26:22Z
47380,4837,pending,495,0,,,,,,,76.16,2026-04-08T02:18:47Z,2026-05-27T11:26:22Z
47381,4896,confirmed,570,0,149,,,,,,68.68,2026-05-25T11:02:28Z,2026-05-27T11:26:22Z
47382,6343,processing,495,7.99,147,,,,,49080,13.08,2026-04-04T01:28:19Z,2026-05-27T11:26:22Z
47383,5490,shipped,1260,7.99,149,,,,,,22.33,2026-05-16T09:52:26Z,2026-05-27T11:26:22Z
47384,4825,delivered,1173,7.99,145,,,,,,56.74,2026-04-21T02:48:09Z,2026-05-27T11:26:22Z
47385,5318,delivered,775,7.99,147,,,,,45929,73.65,2026-04-22T07:12:20Z,2026-05-27T11:26:22Z
47386,5339,delivered,180,7.99,146,,,,,45617,70.54,2026-05-19T21:57:12Z,2026-05-27T11:26:22Z
47387,5919,cancelled,0,7.99,143,,,,,,32.24,2026-05-02T21:22:46Z,2026-05-27T11:26:22Z
47388,5202,pending,1195,0,,,,,,,93.92,2026-05-19T18:28:29Z,2026-05-27T11:26:22Z
47389,4789,confirmed,1920,7.99,141,,,,,,40.52,2026-05-04T18:32:13Z,2026-05-27T11:26:22Z
47390,6483,processing,530,0,142,,,,,,90.16,2026-04-06T10:52:01Z,2026-05-27T11:26:22Z
47391,5590,shipped,300,7.99,151,,,,,49458,56.7,2026-04-01T14:51:25Z,2026-05-27T11:26:22Z
47392,4660,delivered,1645,7.99,147,,,,,,13.02,2026-04-13T15:12:38Z,2026-05-27T11:26:22Z
47393,5013,delivered,485,7.99,144,,,,,,68.38,2026-04-01T01:22:27Z,2026-05-27T11:26:22Z
47394,5306,delivered,1210,7.99,142,,,,,,40.56,2026-04-27T08:53:28Z,2026-05-27T11:26:22Z
47395,6344,cancelled,435,0,148,,,,,48207,16.47,2026-05-01T13:44:24Z,2026-05-27T11:26:22Z
47396,5842,pending,540,7.99,,,,,,,17.53,2026-04-01T18:26:35Z,2026-05-27T11:26:22Z
47397,5649,confirmed,720,14.99,142,,,,,,17.97,2026-05-17T21:14:05Z,2026-05-27T11:26:22Z
47398,4706,processing,1780,0,150,,,,,48647,32.39,2026-04-24T21:34:33Z,2026-05-27T11:26:22Z
47399,6026,shipped,1525,7.99,150,,,,,48527,26.26,2026-05-23T07:51:48Z,2026-05-27T11:26:22Z
47400,4849,delivered,890,7.99,147,,,,,,22.87,2026-05-06T07:17:37Z,2026-05-27T11:26:22Z
47401,6393,delivered,1195,7.99,150,,,,,45834,62.98,2026-04-06T09:32:54Z,2026-05-27T11:26:22Z
47402,5959,delivered,240,7.99,143,,,,,,49.98,2026-05-20T23:20:16Z,2026-05-27T11:26:22Z
47403,5802,cancelled,2080,7.99,151,,,,,46389,90.51,2026-05-25T13:09:13Z,2026-05-27T11:26:22Z
47404,5926,pending,1350,0,,,,,,,30.71,2026-04-19T23:37:06Z,2026-05-27T11:26:22Z
47405,4937,confirmed,1225,7.99,146,,,,,,94.72,2026-03-31T16:53:01Z,2026-05-27T11:26:22Z
47406,5703,processing,1435,7.99,152,,,,,48842,65.84,2026-04-29T20:49:06Z,2026-05-27T11:26:22Z
47407,6536,shipped,2560,14.99,142,,,,,,23.46,2026-04-06T02:00:38Z,2026-05-27T11:26:22Z
47408,6531,delivered,45,7.99,144,,,,,,68.07,2026-05-18T07:41:21Z,2026-05-27T11:26:22Z
47409,5321,delivered,765,0,150,,,,,,44.26,2026-05-13T19:56:51Z,2026-05-27T11:26:22Z
47410,6090,delivered,720,7.99,147,,,,,48979,36.97,2026-04-29T13:17:31Z,2026-05-27T11:26:22Z
47411,6124,cancelled,1905,0,148,,,,,,62.3,2026-04-18T21:13:09Z,2026-05-27T11:26:22Z
47412,4894,pending,300,0,,,,,,48285,48.82,2026-04-05T04:44:50Z,2026-05-27T11:26:22Z
47413,5387,confirmed,965,0,150,,,,,,10.26,2026-04-21T08:19:37Z,2026-05-27T11:26:22Z
47414,5402,processing,1015,14.99,142,,,,,,23.95,2026-04-18T12:11:01Z,2026-05-27T11:26:22Z
47415,5509,shipped,1285,0,146,,,,,,85.86,2026-05-08T12:36:39Z,2026-05-27T11:26:22Z
47416,6437,delivered,760,7.99,148,,,,,,65.63,2026-04-08T08:36:19Z,2026-05-27T11:26:22Z
47417,6244,delivered,1689,14.99,143,,,,,,50.49,2026-05-04T17:06:47Z,2026-05-27T11:26:22Z
47418,6279,delivered,335,0,141,,,,,49440,73.31,2026-05-26T17:22:56Z,2026-05-27T11:26:22Z
47419,4940,cancelled,945,7.99,146,,,,,49210,52.78,2026-04-13T15:40:45Z,2026-05-27T11:26:22Z
47420,5021,pending,518,0,,,,,,,85.85,2026-04-21T22:23:28Z,2026-05-27T11:26:22Z
47421,6049,confirmed,365,7.99,143,,,,,49187,63.96,2026-05-16T00:43:25Z,2026-05-27T11:26:22Z
47422,6517,processing,180,7.99,143,,,,,,92.14,2026-04-24T22:03:52Z,2026-05-27T11:26:22Z
47423,5591,shipped,3165,0,144,,,,,,40.2,2026-04-14T14:47:00Z,2026-05-27T11:26:22Z
47424,5188,delivered,350,7.99,141,,,,,,68.59,2026-05-25T23:11:30Z,2026-05-27T11:26:22Z
47425,6019,delivered,510,7.99,143,,,,,,87.81,2026-05-07T20:19:43Z,2026-05-27T11:26:22Z
47426,5325,delivered,620,7.99,146,,,,,,89.71,2026-04-23T22:46:52Z,2026-05-27T11:26:22Z
47427,5931,cancelled,1188,7.99,146,,,,,,44.35,2026-05-21T20:31:08Z,2026-05-27T11:26:22Z
47428,5631,pending,770,14.99,,,,,,46718,24.87,2026-04-07T15:23:46Z,2026-05-27T11:26:22Z
47429,4976,confirmed,677,7.99,151,,,,,48372,93.8,2026-05-14T00:01:03Z,2026-05-27T11:26:22Z
47430,5665,processing,2415,0,144,,,,,,85.22,2026-05-06T05:36:47Z,2026-05-27T11:26:22Z
47431,6371,shipped,435,0,151,,,,,,56.11,2026-04-11T22:30:59Z,2026-05-27T11:26:22Z
47432,5394,delivered,390,14.99,151,,,,,,20.24,2026-05-04T01:39:09Z,2026-05-27T11:26:22Z
47433,6002,delivered,415,7.99,152,,,,,,39.96,2026-05-15T10:17:52Z,2026-05-27T11:26:22Z
47434,5845,delivered,2273,0,142,,,,,45663,84.63,2026-04-09T02:14:36Z,2026-05-27T11:26:22Z
47435,5455,cancelled,178,7.99,148,,,,,,31.85,2026-05-20T20:57:13Z,2026-05-27T11:26:22Z
47436,4969,pending,305,7.99,,,,,,,73.86,2026-04-25T11:25:29Z,2026-05-27T11:26:22Z
47437,5650,confirmed,1650,7.99,146,,,,,48223,65.46,2026-04-11T07:23:40Z,2026-05-27T11:26:22Z
47438,5422,processing,450,0,144,,,,,,48.14,2026-05-09T05:11:46Z,2026-05-27T11:26:22Z
47439,5293,shipped,1290,7.99,146,,,,,,43.93,2026-04-07T02:08:22Z,2026-05-27T11:26:22Z
47440,4867,delivered,345,7.99,147,,,,,,17.02,2026-04-17T08:20:18Z,2026-05-27T11:26:22Z
47441,5851,delivered,860,7.99,144,,,,,,67.72,2026-04-23T17:15:37Z,2026-05-27T11:26:22Z
47442,5265,delivered,530,7.99,146,,,,,,18.93,2026-04-13T13:58:00Z,2026-05-27T11:26:22Z
47443,4853,cancelled,674,7.99,146,,,,,48179,45.32,2026-04-12T17:51:28Z,2026-05-27T11:26:22Z
47444,5825,pending,950,14.99,,,,,,,55.27,2026-05-25T14:15:07Z,2026-05-27T11:26:22Z
47445,5581,confirmed,135,7.99,143,,,,,,42.46,2026-04-09T10:16:25Z,2026-05-27T11:26:22Z
47446,6213,processing,630,0,149,,,,,,82.72,2026-04-28T13:29:24Z,2026-05-27T11:26:22Z
47447,4566,shipped,285,7.99,151,,,,,,31.25,2026-04-24T19:57:52Z,2026-05-27T11:26:22Z
47448,5750,delivered,335,7.99,141,,,,,44886,63.64,2026-04-30T01:21:55Z,2026-05-27T11:26:22Z
47449,4793,delivered,260,14.99,148,,,,,,56.33,2026-04-26T04:47:31Z,2026-05-27T11:26:22Z
47450,6398,delivered,510,0,143,,,,,,85.18,2026-04-08T14:37:40Z,2026-05-27T11:26:22Z
47451,6001,cancelled,2055,7.99,143,,,,,,56.77,2026-05-18T01:17:00Z,2026-05-27T11:26:22Z
47452,5091,pending,135,7.99,,,,,,,65.24,2026-05-25T00:39:13Z,2026-05-27T11:26:22Z
47453,5366,confirmed,1260,7.99,143,,,,,47164,46.72,2026-05-01T07:03:43Z,2026-05-27T11:26:22Z
47454,6275,processing,700,0,148,,,,,44994,63.27,2026-03-30T15:07:34Z,2026-05-27T11:26:22Z
47455,5628,shipped,1090,0,150,,,,,,94.33,2026-05-23T03:41:50Z,2026-05-27T11:26:22Z
47456,6328,delivered,1250,7.99,147,,,,,,78.33,2026-05-24T10:22:25Z,2026-05-27T11:26:22Z
47457,5057,delivered,400,14.99,145,,,,,,19.53,2026-04-27T06:25:28Z,2026-05-27T11:26:22Z
47458,5789,delivered,1160,0,147,,,,,,24.21,2026-05-24T07:46:09Z,2026-05-27T11:26:22Z
47459,6365,cancelled,1315,7.99,145,,,,,,59.04,2026-04-17T21:10:25Z,2026-05-27T11:26:22Z
47460,5467,pending,1005,0,,,,,,,50.16,2026-04-02T03:23:10Z,2026-05-27T11:26:22Z
47461,6032,confirmed,1020,7.99,148,,,,,,53.5,2026-04-17T20:11:41Z,2026-05-27T11:26:22Z
47462,4557,processing,1205,14.99,141,,,,,,21.33,2026-04-09T20:20:26Z,2026-05-27T11:26:22Z
47463,6277,shipped,2146,14.99,146,,,,,,81.4,2026-04-16T00:49:59Z,2026-05-27T11:26:22Z
47464,4994,delivered,595,7.99,147,,,,,,39.14,2026-05-11T00:26:01Z,2026-05-27T11:26:22Z
47465,5414,delivered,0,0,144,,,,,,40.08,2026-03-30T09:42:23Z,2026-05-27T11:26:22Z
47466,4821,delivered,285,7.99,148,,,,,,48.57,2026-04-30T04:12:16Z,2026-05-27T11:26:22Z
47467,6525,cancelled,1905,0,144,,,,,,87.58,2026-05-09T20:19:11Z,2026-05-27T11:26:22Z
47468,5180,pending,1660,7.99,,,,,,47239,23.28,2026-05-20T22:37:59Z,2026-05-27T11:26:22Z
47469,4946,confirmed,1720,0,145,,,,,,20.06,2026-05-08T22:03:10Z,2026-05-27T11:26:22Z
47470,4969,processing,400,14.99,149,,,,,49230,35.44,2026-04-04T20:09:57Z,2026-05-27T11:26:22Z
47471,5367,shipped,315,7.99,144,,,,,44577,93.54,2026-04-26T18:08:00Z,2026-05-27T11:26:22Z
47472,5333,delivered,735,14.99,146,,,,,48858,85.31,2026-04-13T07:52:06Z,2026-05-27T11:26:22Z
47473,5922,delivered,300,7.99,143,,,,,,61.7,2026-04-11T07:42:35Z,2026-05-27T11:26:22Z
47474,5805,delivered,580,7.99,150,,,,,45767,44.8,2026-05-06T07:34:07Z,2026-05-27T11:26:22Z
47475,4648,cancelled,1065,7.99,150,,,,,,28.87,2026-05-12T12:24:40Z,2026-05-27T11:26:22Z
47476,5803,pending,60,0,,,,,,49439,19.9,2026-04-10T20:25:09Z,2026-05-27T11:26:22Z
47477,5806,confirmed,239,7.99,152,,,,,,67.56,2026-04-04T02:56:53Z,2026-05-27T11:26:22Z
47478,5114,processing,220,7.99,145,,,,,,56.54,2026-04-19T21:19:33Z,2026-05-27T11:26:22Z
47479,5706,shipped,1295,0,144,,,,,,17.1,2026-05-17T20:31:36Z,2026-05-27T11:26:22Z
47480,5962,delivered,510,7.99,142,,,,,,29.72,2026-05-17T00:34:29Z,2026-05-27T11:26:22Z
47481,4939,delivered,430,14.99,146,,,,,,70.73,2026-04-13T13:21:30Z,2026-05-27T11:26:22Z
47482,6124,delivered,340,7.99,146,,,,,,37.44,2026-04-07T16:34:02Z,2026-05-27T11:26:22Z
47483,4584,cancelled,285,14.99,147,,,,,,23.31,2026-04-24T00:40:00Z,2026-05-27T11:26:22Z
47484,5588,pending,178,7.99,,,,,,49478,27.1,2026-05-24T15:32:09Z,2026-05-27T11:26:23Z
47485,5352,confirmed,570,0,143,,,,,,25.45,2026-04-20T04:45:58Z,2026-05-27T11:26:23Z
47486,6464,processing,1200,0,152,,,,,44851,85.61,2026-04-27T10:07:59Z,2026-05-27T11:26:23Z
47487,5802,shipped,310,0,152,,,,,,87.69,2026-04-24T22:53:59Z,2026-05-27T11:26:23Z
47488,6133,delivered,55,0,150,,,,,49043,53.62,2026-05-14T22:25:50Z,2026-05-27T11:26:23Z
47489,4617,delivered,330,7.99,145,,,,,,94.96,2026-05-26T02:38:52Z,2026-05-27T11:26:23Z
47490,4946,delivered,230,7.99,142,,,,,,53.59,2026-04-22T01:34:24Z,2026-05-27T11:26:23Z
47491,6435,cancelled,1620,7.99,148,,,,,48780,55.83,2026-04-01T21:37:46Z,2026-05-27T11:26:23Z
47492,5044,pending,0,0,,,,,,,25.11,2026-04-30T11:20:58Z,2026-05-27T11:26:23Z
47493,5162,confirmed,170,0,142,,,,,,54.87,2026-04-07T00:13:03Z,2026-05-27T11:26:23Z
47494,5896,processing,1215,0,142,,,,,,44.33,2026-04-29T05:24:40Z,2026-05-27T11:26:23Z
47495,6008,shipped,140,0,142,,,,,,33.53,2026-05-09T22:51:24Z,2026-05-27T11:26:23Z
47496,4706,delivered,2030,7.99,145,,,,,,14.58,2026-05-14T14:51:26Z,2026-05-27T11:26:23Z
47497,5565,delivered,25,0,150,,,,,,33.77,2026-05-16T18:34:59Z,2026-05-27T11:26:23Z
47498,4696,delivered,50,14.99,146,,,,,,55.81,2026-05-16T20:30:07Z,2026-05-27T11:26:23Z
47499,6019,cancelled,450,14.99,142,,,,,48644,88.56,2026-05-10T00:55:13Z,2026-05-27T11:26:23Z
47500,5423,pending,230,0,,,,,,47417,11.98,2026-05-18T10:19:30Z,2026-05-27T11:26:23Z
47501,5846,confirmed,635,7.99,142,,,,,,11.83,2026-04-07T00:05:58Z,2026-05-27T11:26:23Z
47502,4899,processing,0,7.99,148,,,,,,50.3,2026-05-02T01:09:21Z,2026-05-27T11:26:23Z
47503,5945,shipped,2595,0,146,,,,,48421,84.29,2026-04-08T17:56:18Z,2026-05-27T11:26:23Z
47504,4566,delivered,955,7.99,150,,,,,,73.62,2026-03-30T07:20:39Z,2026-05-27T11:26:23Z
47505,6113,delivered,1225,7.99,150,,,,,,88.69,2026-05-07T23:52:17Z,2026-05-27T11:26:23Z
47506,5005,delivered,880,0,147,,,,,,45,2026-04-02T06:56:55Z,2026-05-27T11:26:23Z
47507,6483,cancelled,1225,7.99,149,,,,,,85.09,2026-05-16T21:10:53Z,2026-05-27T11:26:23Z
47508,6478,pending,267,0,,,,,,,78.92,2026-04-06T03:27:08Z,2026-05-27T11:26:23Z
47509,6372,confirmed,1275,0,147,,,,,,80.21,2026-04-06T18:38:37Z,2026-05-27T11:26:23Z
47510,4785,processing,725,7.99,141,,,,,48874,27.63,2026-05-20T00:47:47Z,2026-05-27T11:26:23Z
47511,6178,shipped,1080,7.99,145,,,,,,71.04,2026-05-27T07:00:25Z,2026-05-27T11:26:23Z
47512,4968,delivered,880,14.99,146,,,,,,19.05,2026-03-29T05:01:57Z,2026-05-27T11:26:23Z
47513,6517,delivered,240,14.99,146,,,,,,19.9,2026-05-14T07:29:11Z,2026-05-27T11:26:23Z
47514,6012,delivered,2130,14.99,152,,,,,,48.99,2026-05-10T17:49:01Z,2026-05-27T11:26:23Z
47515,5115,cancelled,1225,0,146,,,,,49130,37.32,2026-05-10T08:00:13Z,2026-05-27T11:26:23Z
47516,5985,pending,200,14.99,,,,,,,44.24,2026-04-25T11:00:40Z,2026-05-27T11:26:23Z
47517,4743,confirmed,959,7.99,150,,,,,,39.48,2026-05-25T20:05:24Z,2026-05-27T11:26:23Z
47518,4989,processing,110,14.99,141,,,,,,15.53,2026-05-20T17:20:23Z,2026-05-27T11:26:23Z
47519,5178,shipped,540,7.99,148,,,,,,72.88,2026-05-15T15:20:12Z,2026-05-27T11:26:23Z
47520,4619,delivered,1320,0,147,,,,,,23.9,2026-03-31T08:49:04Z,2026-05-27T11:26:23Z
47521,6010,delivered,710,14.99,143,,,,,,10.43,2026-05-07T18:44:54Z,2026-05-27T11:26:23Z
47522,5704,delivered,0,7.99,143,,,,,,74.14,2026-03-30T23:55:11Z,2026-05-27T11:26:23Z
47523,5963,cancelled,170,7.99,144,,,,,,56.92,2026-05-21T23:30:47Z,2026-05-27T11:26:23Z
47524,6288,pending,565,7.99,,,,,,,64.97,2026-04-03T21:53:15Z,2026-05-27T11:26:23Z
47525,6082,confirmed,215,7.99,142,,,,,,16.44,2026-04-10T04:19:02Z,2026-05-27T11:26:23Z
47526,4737,processing,20,7.99,141,,,,,47575,47.78,2026-05-11T15:55:37Z,2026-05-27T11:26:23Z
47527,5057,shipped,455,0,148,,,,,,81.5,2026-03-29T17:26:05Z,2026-05-27T11:26:23Z
47528,4548,delivered,1920,0,148,,,,,,79.2,2026-04-18T06:04:50Z,2026-05-27T11:26:23Z
47529,5235,delivered,1710,7.99,152,,,,,,55.32,2026-04-07T15:51:55Z,2026-05-27T11:26:23Z
47530,4693,delivered,360,0,142,,,,,,65.71,2026-03-29T08:30:20Z,2026-05-27T11:26:23Z
47531,4587,cancelled,120,0,151,,,,,47509,72.78,2026-04-08T04:13:18Z,2026-05-27T11:26:23Z
47532,5458,pending,85,14.99,,,,,,,92.59,2026-04-08T04:41:20Z,2026-05-27T11:26:23Z
47533,6143,confirmed,670,0,145,,,,,,81.37,2026-04-05T00:36:35Z,2026-05-27T11:26:23Z
47534,4929,processing,445,7.99,150,,,,,,68.4,2026-04-21T16:56:07Z,2026-05-27T11:26:23Z
47535,5841,shipped,705,7.99,141,,,,,,89.22,2026-04-01T01:12:14Z,2026-05-27T11:26:23Z
47536,5378,delivered,650,0,142,,,,,44855,63.15,2026-05-22T22:10:04Z,2026-05-27T11:26:23Z
47537,5862,delivered,475,7.99,142,,,,,47458,88.63,2026-05-21T08:18:08Z,2026-05-27T11:26:23Z
47538,5692,delivered,764,14.99,144,,,,,45037,75.87,2026-05-23T22:21:20Z,2026-05-27T11:26:23Z
47539,6303,cancelled,876,7.99,141,,,,,,54.58,2026-04-04T17:08:28Z,2026-05-27T11:26:23Z
47540,5396,pending,40,14.99,,,,,,,81.23,2026-04-09T12:33:09Z,2026-05-27T11:26:23Z
