mention_id,post_id,product_id,confidence_score,mention_type,created_at
22541,44542,1546,0.961,hashtag,2026-05-27T11:26:09Z
22542,44543,1555,0.974,visual,2026-05-27T11:26:09Z
22543,44545,1557,0.988,direct,2026-05-27T11:26:09Z
22544,44546,1551,0.922,semantic,2026-05-27T11:26:09Z
22545,44547,1556,0.988,hashtag,2026-05-27T11:26:09Z
22546,44549,1545,0.905,inferred,2026-05-27T11:26:09Z
22547,44550,1553,0.735,direct,2026-05-27T11:26:09Z
22548,44554,1553,0.956,inferred,2026-05-27T11:26:09Z
22549,44555,1548,0.809,direct,2026-05-27T11:26:09Z
22550,44558,1545,0.908,visual,2026-05-27T11:26:09Z
22551,44560,1544,0.984,direct,2026-05-27T11:26:09Z
22552,44561,1563,0.995,semantic,2026-05-27T11:26:09Z
22553,44562,1549,0.854,hashtag,2026-05-27T11:26:09Z
22554,44563,1558,0.956,visual,2026-05-27T11:26:09Z
22555,44564,1569,0.94,inferred,2026-05-27T11:26:09Z
22556,44565,1546,0.715,direct,2026-05-27T11:26:09Z
22557,44566,1547,0.778,semantic,2026-05-27T11:26:09Z
22558,44567,1561,0.761,hashtag,2026-05-27T11:26:09Z
22559,44570,1544,0.844,direct,2026-05-27T11:26:09Z
22560,44572,1569,0.964,hashtag,2026-05-27T11:26:09Z
22561,44573,1548,0.879,visual,2026-05-27T11:26:09Z
22562,44574,1561,0.713,inferred,2026-05-27T11:26:09Z
22563,44575,1562,0.826,direct,2026-05-27T11:26:09Z
22564,44576,1567,0.735,semantic,2026-05-27T11:26:09Z
22565,44577,1545,0.834,hashtag,2026-05-27T11:26:09Z
22566,44578,1571,0.92,visual,2026-05-27T11:26:09Z
22567,44579,1563,0.807,inferred,2026-05-27T11:26:09Z
22568,44580,1564,0.818,direct,2026-05-27T11:26:09Z
22569,44581,1562,0.936,semantic,2026-05-27T11:26:09Z
22570,44582,1569,0.84,hashtag,2026-05-27T11:26:09Z
22571,44584,1558,0.934,inferred,2026-05-27T11:26:09Z
22572,44585,1543,0.945,direct,2026-05-27T11:26:09Z
22573,44588,1558,0.981,visual,2026-05-27T11:26:09Z
22574,44590,1553,0.709,direct,2026-05-27T11:26:09Z
22575,44591,1565,0.951,semantic,2026-05-27T11:26:09Z
22576,44593,1561,0.962,visual,2026-05-27T11:26:09Z
22577,44594,1555,0.74,inferred,2026-05-27T11:26:09Z
22578,44595,1561,0.899,direct,2026-05-27T11:26:09Z
22579,44596,1560,0.832,semantic,2026-05-27T11:26:09Z
22580,44597,1556,0.707,hashtag,2026-05-27T11:26:09Z
22581,44598,1558,0.899,visual,2026-05-27T11:26:09Z
22582,44599,1557,0.747,inferred,2026-05-27T11:26:09Z
22583,44600,1561,0.868,direct,2026-05-27T11:26:09Z
22584,44601,1544,0.863,semantic,2026-05-27T11:26:09Z
22585,44603,1565,0.708,visual,2026-05-27T11:26:09Z
22586,44604,1565,0.897,inferred,2026-05-27T11:26:09Z
22587,44605,1560,0.71,direct,2026-05-27T11:26:09Z
22588,44606,1545,0.716,semantic,2026-05-27T11:26:09Z
22589,44609,1548,0.791,inferred,2026-05-27T11:26:09Z
22590,44610,1545,0.746,direct,2026-05-27T11:26:09Z
22591,44611,1571,0.849,semantic,2026-05-27T11:26:09Z
22592,44613,1562,0.736,visual,2026-05-27T11:26:09Z
22593,44615,1572,0.793,direct,2026-05-27T11:26:09Z
22594,44616,1559,0.832,semantic,2026-05-27T11:26:09Z
22595,44617,1567,0.989,hashtag,2026-05-27T11:26:09Z
22596,44618,1566,0.852,visual,2026-05-27T11:26:09Z
22597,44619,1542,0.837,inferred,2026-05-27T11:26:09Z
22598,44620,1572,0.873,direct,2026-05-27T11:26:09Z
22599,44621,1562,0.781,semantic,2026-05-27T11:26:09Z
22600,44622,1571,0.935,hashtag,2026-05-27T11:26:09Z
22601,44623,1567,0.837,visual,2026-05-27T11:26:09Z
22602,44624,1565,0.744,inferred,2026-05-27T11:26:09Z
22603,44625,1546,0.774,direct,2026-05-27T11:26:09Z
22604,44626,1555,0.818,semantic,2026-05-27T11:26:09Z
22605,44627,1558,0.966,hashtag,2026-05-27T11:26:09Z
22606,44628,1566,0.872,visual,2026-05-27T11:26:09Z
22607,44629,1569,0.753,inferred,2026-05-27T11:26:09Z
22608,44630,1572,0.798,direct,2026-05-27T11:26:09Z
22609,44631,1544,0.833,semantic,2026-05-27T11:26:09Z
22610,44632,1548,0.997,hashtag,2026-05-27T11:26:09Z
22611,44634,1565,0.775,inferred,2026-05-27T11:26:09Z
22612,44635,1568,0.972,direct,2026-05-27T11:26:09Z
22613,44636,1570,0.942,semantic,2026-05-27T11:26:09Z
22614,44638,1568,0.971,visual,2026-05-27T11:26:09Z
22615,44639,1544,0.878,inferred,2026-05-27T11:26:09Z
22616,44640,1558,0.94,direct,2026-05-27T11:26:09Z
22617,44642,1557,0.866,hashtag,2026-05-27T11:26:09Z
22618,44643,1541,0.983,visual,2026-05-27T11:26:09Z
22619,44644,1551,0.801,inferred,2026-05-27T11:26:09Z
22620,44645,1559,0.975,direct,2026-05-27T11:26:09Z
22621,44646,1571,0.705,semantic,2026-05-27T11:26:09Z
22622,44648,1543,0.93,visual,2026-05-27T11:26:09Z
22623,44650,1553,0.959,direct,2026-05-27T11:26:09Z
22624,44652,1552,0.889,hashtag,2026-05-27T11:26:09Z
22625,44653,1549,0.776,visual,2026-05-27T11:26:09Z
22626,44654,1565,0.743,inferred,2026-05-27T11:26:09Z
22627,44655,1544,0.701,direct,2026-05-27T11:26:09Z
22628,44657,1558,0.829,hashtag,2026-05-27T11:26:09Z
22629,44658,1548,0.881,visual,2026-05-27T11:26:09Z
22630,44662,1548,0.97,hashtag,2026-05-27T11:26:09Z
22631,44664,1560,0.805,inferred,2026-05-27T11:26:09Z
22632,44665,1570,0.911,direct,2026-05-27T11:26:09Z
22633,44666,1557,0.85,semantic,2026-05-27T11:26:09Z
22634,44667,1569,0.751,hashtag,2026-05-27T11:26:09Z
22635,44668,1550,0.877,visual,2026-05-27T11:26:09Z
22636,44670,1550,0.971,direct,2026-05-27T11:26:09Z
22637,44673,1552,0.82,visual,2026-05-27T11:26:09Z
22638,44674,1541,0.798,inferred,2026-05-27T11:26:09Z
22639,44675,1566,0.83,direct,2026-05-27T11:26:09Z
22640,44676,1555,0.884,semantic,2026-05-27T11:26:09Z
22641,44677,1556,0.802,hashtag,2026-05-27T11:26:09Z
22642,44678,1562,0.915,visual,2026-05-27T11:26:09Z
22643,44679,1557,0.911,inferred,2026-05-27T11:26:09Z
22644,44680,1549,0.963,direct,2026-05-27T11:26:09Z
22645,44681,1553,0.945,semantic,2026-05-27T11:26:09Z
22646,44682,1542,0.704,hashtag,2026-05-27T11:26:09Z
22647,44685,1557,0.952,direct,2026-05-27T11:26:09Z
22648,44686,1543,0.905,semantic,2026-05-27T11:26:09Z
22649,44687,1544,0.846,hashtag,2026-05-27T11:26:09Z
22650,44689,1551,0.844,inferred,2026-05-27T11:26:09Z
22651,44690,1547,0.791,direct,2026-05-27T11:26:09Z
22652,44692,1563,0.771,hashtag,2026-05-27T11:26:09Z
22653,44694,1546,0.731,inferred,2026-05-27T11:26:09Z
22654,44695,1553,0.912,direct,2026-05-27T11:26:09Z
22655,44696,1542,0.988,semantic,2026-05-27T11:26:09Z
22656,44697,1543,0.741,hashtag,2026-05-27T11:26:09Z
22657,44698,1545,0.902,visual,2026-05-27T11:26:09Z
22658,44699,1565,0.744,inferred,2026-05-27T11:26:09Z
22659,44700,1564,0.719,direct,2026-05-27T11:26:09Z
22660,44701,1570,0.965,semantic,2026-05-27T11:26:09Z
22661,44703,1569,0.846,visual,2026-05-27T11:26:09Z
22662,44704,1558,0.982,inferred,2026-05-27T11:26:09Z
22663,44705,1542,0.784,direct,2026-05-27T11:26:09Z
22664,44706,1553,0.753,semantic,2026-05-27T11:26:09Z
22665,44707,1561,0.926,hashtag,2026-05-27T11:26:09Z
22666,44708,1541,0.717,visual,2026-05-27T11:26:09Z
22667,44709,1563,0.778,inferred,2026-05-27T11:26:09Z
22668,44711,1564,0.76,semantic,2026-05-27T11:26:09Z
22669,44712,1542,0.791,hashtag,2026-05-27T11:26:09Z
22670,44714,1556,0.801,inferred,2026-05-27T11:26:09Z
22671,44715,1549,0.853,direct,2026-05-27T11:26:09Z
22672,44716,1553,0.799,semantic,2026-05-27T11:26:09Z
22673,44717,1549,0.869,hashtag,2026-05-27T11:26:09Z
22674,44718,1572,0.739,visual,2026-05-27T11:26:09Z
22675,44719,1559,0.749,inferred,2026-05-27T11:26:09Z
22676,44720,1556,0.934,direct,2026-05-27T11:26:09Z
22677,44721,1571,0.957,semantic,2026-05-27T11:26:09Z
22678,44722,1565,0.746,hashtag,2026-05-27T11:26:09Z
22679,44723,1549,0.957,visual,2026-05-27T11:26:09Z
22680,44724,1562,0.992,inferred,2026-05-27T11:26:09Z
22681,44725,1551,0.914,direct,2026-05-27T11:26:09Z
22682,44726,1551,0.941,semantic,2026-05-27T11:26:09Z
22683,44727,1549,0.885,hashtag,2026-05-27T11:26:09Z
22684,44728,1558,0.925,visual,2026-05-27T11:26:09Z
22685,44730,1558,0.743,direct,2026-05-27T11:26:09Z
22686,44732,1547,0.968,hashtag,2026-05-27T11:26:09Z
22687,44733,1544,0.794,visual,2026-05-27T11:26:09Z
22688,44735,1544,0.744,direct,2026-05-27T11:26:09Z
22689,44736,1555,0.862,semantic,2026-05-27T11:26:09Z
22690,44738,1551,0.757,visual,2026-05-27T11:26:09Z
22691,44740,1563,0.957,direct,2026-05-27T11:26:09Z
22692,44741,1547,0.85,semantic,2026-05-27T11:26:09Z
22693,44742,1559,0.805,hashtag,2026-05-27T11:26:09Z
22694,44743,1563,0.711,visual,2026-05-27T11:26:09Z
22695,44744,1561,0.817,inferred,2026-05-27T11:26:09Z
22696,44745,1542,0.832,direct,2026-05-27T11:26:09Z
22697,44746,1557,0.837,semantic,2026-05-27T11:26:09Z
22698,44747,1542,0.856,hashtag,2026-05-27T11:26:09Z
22699,44749,1548,0.74,inferred,2026-05-27T11:26:09Z
22700,44751,1561,0.733,semantic,2026-05-27T11:26:09Z
22701,44753,1556,0.801,visual,2026-05-27T11:26:09Z
22702,44754,1545,0.877,inferred,2026-05-27T11:26:09Z
22703,44758,1568,0.821,visual,2026-05-27T11:26:09Z
22704,44759,1555,0.844,inferred,2026-05-27T11:26:09Z
22705,44760,1549,0.8,direct,2026-05-27T11:26:09Z
22706,44761,1543,0.836,semantic,2026-05-27T11:26:09Z
22707,44763,1543,0.837,visual,2026-05-27T11:26:09Z
22708,44765,1566,0.732,direct,2026-05-27T11:26:09Z
22709,44766,1542,0.789,semantic,2026-05-27T11:26:09Z
22710,44768,1559,0.836,visual,2026-05-27T11:26:09Z
22711,44769,1557,0.715,inferred,2026-05-27T11:26:09Z
22712,44771,1547,0.814,semantic,2026-05-27T11:26:09Z
22713,44772,1568,0.754,hashtag,2026-05-27T11:26:09Z
22714,44773,1548,0.928,visual,2026-05-27T11:26:09Z
22715,44774,1542,0.946,inferred,2026-05-27T11:26:09Z
22716,44775,1545,0.756,direct,2026-05-27T11:26:09Z
22717,44776,1565,0.929,semantic,2026-05-27T11:26:09Z
22718,44778,1550,0.873,visual,2026-05-27T11:26:09Z
22719,44779,1568,0.942,inferred,2026-05-27T11:26:09Z
22720,44780,1569,0.887,direct,2026-05-27T11:26:09Z
22721,44781,1555,0.854,semantic,2026-05-27T11:26:09Z
22722,44782,1542,0.797,hashtag,2026-05-27T11:26:09Z
22723,44783,1548,0.81,visual,2026-05-27T11:26:09Z
22724,44786,1545,0.794,semantic,2026-05-27T11:26:09Z
22725,44787,1568,0.857,hashtag,2026-05-27T11:26:09Z
22726,44788,1546,0.865,visual,2026-05-27T11:26:09Z
22727,44789,1566,0.856,inferred,2026-05-27T11:26:09Z
22728,44791,1546,0.791,semantic,2026-05-27T11:26:09Z
22729,44792,1557,0.835,hashtag,2026-05-27T11:26:09Z
22730,44794,1553,0.728,inferred,2026-05-27T11:26:09Z
22731,44795,1547,0.846,direct,2026-05-27T11:26:09Z
22732,44796,1555,0.907,semantic,2026-05-27T11:26:09Z
22733,44798,1553,0.963,visual,2026-05-27T11:26:09Z
22734,44799,1546,0.773,inferred,2026-05-27T11:26:09Z
22735,44802,1552,0.778,hashtag,2026-05-27T11:26:09Z
22736,44803,1569,0.824,visual,2026-05-27T11:26:09Z
22737,44804,1569,0.898,inferred,2026-05-27T11:26:09Z
22738,44805,1548,0.755,direct,2026-05-27T11:26:09Z
22739,44807,1557,0.761,hashtag,2026-05-27T11:26:09Z
22740,44808,1569,0.827,visual,2026-05-27T11:26:09Z
22741,44809,1552,0.951,inferred,2026-05-27T11:26:09Z
22742,44811,1567,0.705,semantic,2026-05-27T11:26:09Z
22743,44812,1567,0.771,hashtag,2026-05-27T11:26:09Z
22744,44813,1542,0.716,visual,2026-05-27T11:26:09Z
22745,44814,1543,0.875,inferred,2026-05-27T11:26:09Z
22746,44815,1547,0.987,direct,2026-05-27T11:26:09Z
22747,44816,1565,0.971,semantic,2026-05-27T11:26:09Z
22748,44817,1571,0.77,hashtag,2026-05-27T11:26:09Z
22749,44818,1556,0.765,visual,2026-05-27T11:26:09Z
22750,44820,1567,0.947,direct,2026-05-27T11:26:09Z
22751,44821,1559,0.725,semantic,2026-05-27T11:26:09Z
22752,44822,1556,0.991,hashtag,2026-05-27T11:26:09Z
22753,44823,1548,0.927,visual,2026-05-27T11:26:09Z
22754,44824,1548,0.999,inferred,2026-05-27T11:26:09Z
22755,44826,1541,0.775,semantic,2026-05-27T11:26:09Z
22756,44827,1546,0.959,hashtag,2026-05-27T11:26:09Z
22757,44829,1561,0.878,inferred,2026-05-27T11:26:09Z
22758,44831,1559,0.839,semantic,2026-05-27T11:26:09Z
22759,44832,1563,0.862,hashtag,2026-05-27T11:26:09Z
22760,44834,1542,0.721,inferred,2026-05-27T11:26:09Z
22761,44835,1568,0.857,direct,2026-05-27T11:26:09Z
22762,44836,1545,0.872,semantic,2026-05-27T11:26:09Z
22763,44838,1549,0.809,visual,2026-05-27T11:26:09Z
22764,44841,1545,0.894,semantic,2026-05-27T11:26:09Z
22765,44843,1569,0.776,visual,2026-05-27T11:26:09Z
22766,44846,1571,0.833,semantic,2026-05-27T11:26:09Z
22767,44848,1555,0.838,visual,2026-05-27T11:26:09Z
22768,44849,1558,0.959,inferred,2026-05-27T11:26:09Z
22769,44850,1549,0.848,direct,2026-05-27T11:26:09Z
22770,44852,1543,0.828,hashtag,2026-05-27T11:26:09Z
22771,44853,1570,0.912,visual,2026-05-27T11:26:09Z
22772,44854,1548,0.765,inferred,2026-05-27T11:26:09Z
22773,44856,1557,0.765,semantic,2026-05-27T11:26:09Z
22774,44857,1552,0.709,hashtag,2026-05-27T11:26:09Z
22775,44858,1559,0.802,visual,2026-05-27T11:26:09Z
22776,44859,1547,0.738,inferred,2026-05-27T11:26:09Z
22777,44860,1546,0.789,direct,2026-05-27T11:26:09Z
22778,44863,1558,0.806,visual,2026-05-27T11:26:09Z
22779,44864,1564,0.891,inferred,2026-05-27T11:26:09Z
22780,44866,1550,0.791,semantic,2026-05-27T11:26:09Z
22781,44867,1548,0.787,hashtag,2026-05-27T11:26:09Z
22782,44868,1545,0.942,visual,2026-05-27T11:26:09Z
22783,44870,1555,0.908,direct,2026-05-27T11:26:09Z
22784,44873,1563,0.809,visual,2026-05-27T11:26:09Z
22785,44874,1550,0.785,inferred,2026-05-27T11:26:09Z
22786,44875,1545,0.98,direct,2026-05-27T11:26:09Z
22787,44876,1556,0.928,semantic,2026-05-27T11:26:09Z
22788,44877,1559,0.785,hashtag,2026-05-27T11:26:09Z
22789,44878,1565,0.984,visual,2026-05-27T11:26:09Z
22790,44879,1563,0.986,inferred,2026-05-27T11:26:09Z
22791,44880,1572,0.87,direct,2026-05-27T11:26:09Z
22792,44882,1548,0.911,hashtag,2026-05-27T11:26:09Z
22793,44883,1541,0.896,visual,2026-05-27T11:26:09Z
22794,44884,1565,0.741,inferred,2026-05-27T11:26:09Z
22795,44886,1562,0.915,semantic,2026-05-27T11:26:09Z
22796,44889,1551,0.81,inferred,2026-05-27T11:26:09Z
22797,44890,1556,0.883,direct,2026-05-27T11:26:09Z
22798,44891,1541,0.818,semantic,2026-05-27T11:26:09Z
22799,44893,1547,0.716,visual,2026-05-27T11:26:09Z
22800,44894,1542,0.806,inferred,2026-05-27T11:26:09Z
22801,44896,1562,0.712,semantic,2026-05-27T11:26:09Z
22802,44897,1563,0.905,hashtag,2026-05-27T11:26:09Z
22803,44898,1557,0.802,visual,2026-05-27T11:26:09Z
22804,44899,1555,0.948,inferred,2026-05-27T11:26:09Z
22805,44901,1550,0.729,semantic,2026-05-27T11:26:09Z
22806,44902,1550,0.771,hashtag,2026-05-27T11:26:09Z
22807,44903,1566,0.923,visual,2026-05-27T11:26:09Z
22808,44905,1547,0.92,direct,2026-05-27T11:26:09Z
22809,44906,1546,0.855,semantic,2026-05-27T11:26:09Z
22810,44907,1571,0.943,hashtag,2026-05-27T11:26:09Z
22811,44908,1545,0.73,visual,2026-05-27T11:26:09Z
22812,44909,1572,0.872,inferred,2026-05-27T11:26:09Z
22813,44910,1566,0.976,direct,2026-05-27T11:26:09Z
22814,44911,1567,0.87,semantic,2026-05-27T11:26:09Z
22815,44912,1561,0.898,hashtag,2026-05-27T11:26:09Z
22816,44913,1557,0.739,visual,2026-05-27T11:26:09Z
22817,44915,1557,0.897,direct,2026-05-27T11:26:09Z
22818,44916,1559,0.916,semantic,2026-05-27T11:26:09Z
22819,44917,1572,0.863,hashtag,2026-05-27T11:26:09Z
22820,44918,1557,0.77,visual,2026-05-27T11:26:09Z
22821,44919,1555,0.944,inferred,2026-05-27T11:26:09Z
22822,44921,1572,0.788,semantic,2026-05-27T11:26:09Z
22823,44922,1553,0.768,hashtag,2026-05-27T11:26:09Z
22824,44923,1559,0.835,visual,2026-05-27T11:26:09Z
22825,44926,1572,1,semantic,2026-05-27T11:26:09Z
22826,44927,1561,0.876,hashtag,2026-05-27T11:26:09Z
22827,44928,1549,0.782,visual,2026-05-27T11:26:09Z
22828,44929,1567,0.828,inferred,2026-05-27T11:26:09Z
22829,44930,1558,0.835,direct,2026-05-27T11:26:09Z
22830,44931,1557,0.83,semantic,2026-05-27T11:26:09Z
22831,44932,1549,0.887,hashtag,2026-05-27T11:26:09Z
22832,44933,1552,0.851,visual,2026-05-27T11:26:09Z
22833,44934,1570,0.795,inferred,2026-05-27T11:26:09Z
22834,44935,1572,0.805,direct,2026-05-27T11:26:09Z
22835,44937,1555,0.954,hashtag,2026-05-27T11:26:09Z
22836,44938,1570,0.807,visual,2026-05-27T11:26:09Z
22837,44939,1543,0.999,inferred,2026-05-27T11:26:09Z
22838,44941,1566,0.838,semantic,2026-05-27T11:26:09Z
22839,44942,1556,0.887,hashtag,2026-05-27T11:26:09Z
22840,44943,1568,0.805,visual,2026-05-27T11:26:09Z
22841,44944,1556,0.881,inferred,2026-05-27T11:26:09Z
22842,44945,1555,0.814,direct,2026-05-27T11:26:09Z
22843,44946,1555,0.973,semantic,2026-05-27T11:26:09Z
22844,44947,1549,0.864,hashtag,2026-05-27T11:26:09Z
22845,44948,1564,0.736,visual,2026-05-27T11:26:09Z
22846,44949,1562,0.744,inferred,2026-05-27T11:26:09Z
22847,44951,1542,0.826,semantic,2026-05-27T11:26:09Z
22848,44952,1566,0.878,hashtag,2026-05-27T11:26:09Z
22849,44953,1554,0.965,visual,2026-05-27T11:26:09Z
22850,44954,1563,0.77,inferred,2026-05-27T11:26:09Z
22851,44955,1544,0.885,direct,2026-05-27T11:26:09Z
22852,44956,1546,0.704,semantic,2026-05-27T11:26:09Z
22853,44958,1545,0.715,visual,2026-05-27T11:26:09Z
22854,44959,1561,0.812,inferred,2026-05-27T11:26:09Z
22855,44960,1571,0.963,direct,2026-05-27T11:26:09Z
22856,44961,1556,0.956,semantic,2026-05-27T11:26:09Z
22857,44962,1565,0.749,hashtag,2026-05-27T11:26:09Z
22858,44965,1546,0.756,direct,2026-05-27T11:26:09Z
22859,44966,1553,0.717,semantic,2026-05-27T11:26:09Z
22860,44967,1552,0.829,hashtag,2026-05-27T11:26:09Z
22861,44968,1559,0.803,visual,2026-05-27T11:26:09Z
22862,44971,1556,0.994,semantic,2026-05-27T11:26:09Z
22863,44972,1552,0.9,hashtag,2026-05-27T11:26:09Z
22864,44973,1561,0.85,visual,2026-05-27T11:26:09Z
22865,44974,1571,0.774,inferred,2026-05-27T11:26:09Z
22866,44975,1567,0.763,direct,2026-05-27T11:26:09Z
22867,44976,1562,0.711,semantic,2026-05-27T11:26:09Z
22868,44977,1559,0.862,hashtag,2026-05-27T11:26:09Z
22869,44978,1551,0.728,visual,2026-05-27T11:26:09Z
22870,44980,1567,0.793,direct,2026-05-27T11:26:09Z
22871,44982,1543,0.738,hashtag,2026-05-27T11:26:09Z
22872,44983,1541,0.895,visual,2026-05-27T11:26:09Z
22873,44984,1546,0.728,inferred,2026-05-27T11:26:09Z
22874,44985,1546,0.975,direct,2026-05-27T11:26:09Z
22875,44986,1551,0.768,semantic,2026-05-27T11:26:09Z
22876,44989,1541,0.905,inferred,2026-05-27T11:26:09Z
22877,44990,1560,0.868,direct,2026-05-27T11:26:09Z
22878,44991,1560,0.945,semantic,2026-05-27T11:26:09Z
22879,44993,1550,0.815,visual,2026-05-27T11:26:09Z
22880,44994,1556,0.934,inferred,2026-05-27T11:26:09Z
22881,44996,1570,0.712,semantic,2026-05-27T11:26:09Z
22882,44998,1547,0.908,visual,2026-05-27T11:26:09Z
22883,44999,1549,0.866,inferred,2026-05-27T11:26:09Z
22884,45000,1572,0.942,direct,2026-05-27T11:26:09Z
22885,45001,1542,0.897,semantic,2026-05-27T11:26:09Z
22886,45003,1551,0.735,visual,2026-05-27T11:26:09Z
22887,45004,1555,0.862,inferred,2026-05-27T11:26:09Z
22888,45009,1550,0.93,inferred,2026-05-27T11:26:09Z
22889,45010,1564,0.931,direct,2026-05-27T11:26:09Z
22890,45012,1552,0.959,hashtag,2026-05-27T11:26:09Z
22891,45013,1557,0.756,visual,2026-05-27T11:26:09Z
22892,45014,1544,0.977,inferred,2026-05-27T11:26:09Z
22893,45015,1549,0.92,direct,2026-05-27T11:26:09Z
22894,45016,1569,0.988,semantic,2026-05-27T11:26:09Z
22895,45017,1564,0.934,hashtag,2026-05-27T11:26:09Z
22896,45018,1566,0.878,visual,2026-05-27T11:26:09Z
22897,45019,1542,0.862,inferred,2026-05-27T11:26:09Z
22898,45020,1559,0.919,direct,2026-05-27T11:26:09Z
22899,45021,1559,0.853,semantic,2026-05-27T11:26:09Z
22900,45022,1562,0.994,hashtag,2026-05-27T11:26:09Z
22901,45023,1547,0.967,visual,2026-05-27T11:26:09Z
22902,45024,1561,0.71,inferred,2026-05-27T11:26:09Z
22903,45025,1546,0.87,direct,2026-05-27T11:26:09Z
22904,45026,1555,0.973,semantic,2026-05-27T11:26:09Z
22905,45027,1555,0.89,hashtag,2026-05-27T11:26:09Z
22906,45029,1571,0.799,inferred,2026-05-27T11:26:09Z
22907,45030,1570,0.715,direct,2026-05-27T11:26:09Z
22908,45031,1561,0.818,semantic,2026-05-27T11:26:09Z
22909,45032,1550,0.875,hashtag,2026-05-27T11:26:09Z
22910,45033,1556,0.869,visual,2026-05-27T11:26:09Z
22911,45035,1559,0.778,direct,2026-05-27T11:26:09Z
22912,45036,1559,0.929,semantic,2026-05-27T11:26:09Z
22913,45037,1552,0.876,hashtag,2026-05-27T11:26:09Z
22914,45038,1570,0.761,visual,2026-05-27T11:26:09Z
22915,45039,1549,0.708,inferred,2026-05-27T11:26:09Z
22916,45040,1541,0.771,direct,2026-05-27T11:26:09Z
22917,45041,1551,0.784,semantic,2026-05-27T11:26:09Z
22918,45042,1569,0.795,hashtag,2026-05-27T11:26:09Z
22919,45043,1550,0.938,visual,2026-05-27T11:26:09Z
22920,45045,1549,0.766,direct,2026-05-27T11:26:09Z
22921,45046,1570,0.74,semantic,2026-05-27T11:26:09Z
22922,45047,1568,0.823,hashtag,2026-05-27T11:26:09Z
22923,45048,1565,0.725,visual,2026-05-27T11:26:09Z
22924,45049,1542,0.996,inferred,2026-05-27T11:26:09Z
22925,45050,1560,0.928,direct,2026-05-27T11:26:09Z
22926,45053,1560,0.736,visual,2026-05-27T11:26:09Z
22927,45056,1555,0.794,semantic,2026-05-27T11:26:09Z
22928,45058,1569,0.98,visual,2026-05-27T11:26:09Z
22929,45059,1549,0.88,inferred,2026-05-27T11:26:09Z
22930,45060,1558,0.915,direct,2026-05-27T11:26:09Z
22931,45061,1556,0.709,semantic,2026-05-27T11:26:09Z
22932,45063,1565,0.738,visual,2026-05-27T11:26:09Z
22933,45064,1568,0.721,inferred,2026-05-27T11:26:09Z
22934,45065,1542,0.784,direct,2026-05-27T11:26:09Z
22935,45066,1564,0.74,semantic,2026-05-27T11:26:09Z
22936,45068,1557,0.747,visual,2026-05-27T11:26:09Z
22937,45069,1570,0.771,inferred,2026-05-27T11:26:09Z
22938,45070,1548,0.791,direct,2026-05-27T11:26:09Z
22939,45072,1567,0.822,hashtag,2026-05-27T11:26:09Z
22940,45073,1570,0.716,visual,2026-05-27T11:26:09Z
22941,45074,1557,0.825,inferred,2026-05-27T11:26:09Z
22942,45075,1561,0.992,direct,2026-05-27T11:26:09Z
22943,45077,1557,0.951,hashtag,2026-05-27T11:26:09Z
22944,45078,1548,0.931,visual,2026-05-27T11:26:09Z
22945,45081,1556,0.976,semantic,2026-05-27T11:26:09Z
22946,45083,1569,0.929,visual,2026-05-27T11:26:09Z
22947,45084,1553,0.744,inferred,2026-05-27T11:26:09Z
22948,45087,1558,0.825,hashtag,2026-05-27T11:26:09Z
22949,45088,1562,0.923,visual,2026-05-27T11:26:09Z
22950,45089,1544,0.901,inferred,2026-05-27T11:26:09Z
22951,45091,1548,0.774,semantic,2026-05-27T11:26:09Z
22952,45092,1557,0.967,hashtag,2026-05-27T11:26:09Z
22953,45093,1546,0.813,visual,2026-05-27T11:26:09Z
22954,45094,1552,0.864,inferred,2026-05-27T11:26:09Z
22955,45096,1541,0.992,semantic,2026-05-27T11:26:09Z
22956,45097,1569,0.977,hashtag,2026-05-27T11:26:09Z
22957,45099,1565,0.716,inferred,2026-05-27T11:26:09Z
22958,45103,1549,0.842,visual,2026-05-27T11:26:09Z
22959,45105,1558,0.866,direct,2026-05-27T11:26:09Z
22960,45106,1549,0.73,semantic,2026-05-27T11:26:09Z
22961,45107,1563,0.942,hashtag,2026-05-27T11:26:09Z
22962,45109,1562,0.879,inferred,2026-05-27T11:26:09Z
22963,45110,1570,0.859,direct,2026-05-27T11:26:09Z
22964,45111,1548,0.723,semantic,2026-05-27T11:26:09Z
22965,45112,1568,0.817,hashtag,2026-05-27T11:26:09Z
22966,45113,1542,0.787,visual,2026-05-27T11:26:09Z
22967,45115,1569,0.825,direct,2026-05-27T11:26:09Z
22968,45116,1553,0.83,semantic,2026-05-27T11:26:09Z
22969,45118,1572,0.827,visual,2026-05-27T11:26:09Z
22970,45119,1546,0.766,inferred,2026-05-27T11:26:09Z
22971,45121,1550,0.775,semantic,2026-05-27T11:26:09Z
22972,45122,1569,0.763,hashtag,2026-05-27T11:26:09Z
22973,45124,1553,0.776,inferred,2026-05-27T11:26:09Z
22974,45126,1555,0.795,semantic,2026-05-27T11:26:09Z
22975,45128,1568,0.72,visual,2026-05-27T11:26:09Z
22976,45130,1570,0.824,direct,2026-05-27T11:26:09Z
22977,45131,1569,0.765,semantic,2026-05-27T11:26:09Z
22978,45133,1557,0.846,visual,2026-05-27T11:26:09Z
22979,45134,1555,0.95,inferred,2026-05-27T11:26:09Z
22980,45135,1557,0.791,direct,2026-05-27T11:26:09Z
22981,45136,1552,0.725,semantic,2026-05-27T11:26:09Z
22982,45138,1567,0.719,visual,2026-05-27T11:26:09Z
22983,45140,1568,0.745,direct,2026-05-27T11:26:09Z
22984,45141,1551,0.834,semantic,2026-05-27T11:26:09Z
22985,45144,1569,0.842,inferred,2026-05-27T11:26:09Z
22986,45145,1552,0.894,direct,2026-05-27T11:26:09Z
22987,45146,1556,0.901,semantic,2026-05-27T11:26:09Z
22988,45147,1553,0.731,hashtag,2026-05-27T11:26:09Z
22989,45149,1560,0.705,inferred,2026-05-27T11:26:09Z
22990,45150,1562,0.876,direct,2026-05-27T11:26:09Z
22991,45151,1572,0.754,semantic,2026-05-27T11:26:09Z
22992,45152,1570,0.831,hashtag,2026-05-27T11:26:09Z
22993,45153,1544,0.73,visual,2026-05-27T11:26:09Z
22994,45154,1570,0.859,inferred,2026-05-27T11:26:09Z
22995,45155,1543,0.962,direct,2026-05-27T11:26:09Z
22996,45158,1546,0.718,visual,2026-05-27T11:26:09Z
22997,45163,1566,0.957,visual,2026-05-27T11:26:09Z
22998,45164,1557,0.796,inferred,2026-05-27T11:26:09Z
22999,45166,1552,0.724,semantic,2026-05-27T11:26:09Z
23000,45167,1563,0.989,hashtag,2026-05-27T11:26:09Z
23001,45168,1571,0.815,visual,2026-05-27T11:26:09Z
23002,45169,1571,0.962,inferred,2026-05-27T11:26:09Z
23003,45170,1562,0.831,direct,2026-05-27T11:26:09Z
23004,45171,1566,0.818,semantic,2026-05-27T11:26:09Z
23005,45172,1548,0.808,hashtag,2026-05-27T11:26:09Z
23006,45173,1544,0.848,visual,2026-05-27T11:26:09Z
23007,45175,1541,0.771,direct,2026-05-27T11:26:09Z
23008,45178,1556,0.745,visual,2026-05-27T11:26:09Z
23009,45179,1543,0.943,inferred,2026-05-27T11:26:09Z
23010,45180,1547,0.917,direct,2026-05-27T11:26:09Z
23011,45181,1566,0.732,semantic,2026-05-27T11:26:09Z
23012,45184,1572,0.901,inferred,2026-05-27T11:26:09Z
23013,45185,1568,0.865,direct,2026-05-27T11:26:09Z
23014,45186,1541,0.976,semantic,2026-05-27T11:26:09Z
23015,45189,1556,0.93,inferred,2026-05-27T11:26:09Z
23016,45190,1557,0.947,direct,2026-05-27T11:26:09Z
23017,45192,1541,0.998,hashtag,2026-05-27T11:26:09Z
23018,45193,1567,0.83,visual,2026-05-27T11:26:09Z
23019,45195,1562,0.729,direct,2026-05-27T11:26:09Z
23020,45196,1561,0.723,semantic,2026-05-27T11:26:09Z
23021,45197,1570,0.976,hashtag,2026-05-27T11:26:09Z
23022,45198,1553,0.973,visual,2026-05-27T11:26:09Z
23023,45199,1557,0.864,inferred,2026-05-27T11:26:09Z
23024,45200,1559,0.869,direct,2026-05-27T11:26:09Z
23025,45201,1541,0.915,semantic,2026-05-27T11:26:09Z
23026,45203,1568,0.994,visual,2026-05-27T11:26:09Z
23027,45205,1564,0.833,direct,2026-05-27T11:26:09Z
23028,45206,1561,0.718,semantic,2026-05-27T11:26:09Z
23029,45207,1541,0.989,hashtag,2026-05-27T11:26:09Z
23030,45208,1565,0.792,visual,2026-05-27T11:26:09Z
23031,45209,1563,0.959,inferred,2026-05-27T11:26:09Z
23032,45210,1541,0.832,direct,2026-05-27T11:26:09Z
23033,45211,1566,0.829,semantic,2026-05-27T11:26:09Z
23034,45212,1564,0.753,hashtag,2026-05-27T11:26:09Z
23035,45213,1569,0.711,visual,2026-05-27T11:26:09Z
23036,45215,1559,0.947,direct,2026-05-27T11:26:09Z
23037,45216,1546,0.813,semantic,2026-05-27T11:26:09Z
23038,45217,1548,0.904,hashtag,2026-05-27T11:26:09Z
23039,45218,1558,0.92,visual,2026-05-27T11:26:09Z
23040,45219,1549,0.757,inferred,2026-05-27T11:26:09Z
23041,45220,1564,0.859,direct,2026-05-27T11:26:09Z
23042,45222,1561,0.706,hashtag,2026-05-27T11:26:09Z
23043,45227,1563,0.864,hashtag,2026-05-27T11:26:09Z
23044,45229,1547,0.978,inferred,2026-05-27T11:26:09Z
23045,45230,1559,0.876,direct,2026-05-27T11:26:09Z
23046,45232,1561,0.711,hashtag,2026-05-27T11:26:09Z
23047,45233,1561,0.822,visual,2026-05-27T11:26:09Z
23048,45236,1558,0.766,semantic,2026-05-27T11:26:09Z
23049,45237,1563,0.99,hashtag,2026-05-27T11:26:09Z
23050,45239,1543,0.904,inferred,2026-05-27T11:26:09Z
23051,45240,1555,0.798,direct,2026-05-27T11:26:09Z
23052,45241,1566,0.833,semantic,2026-05-27T11:26:09Z
23053,45242,1543,0.998,hashtag,2026-05-27T11:26:09Z
23054,45243,1548,0.966,visual,2026-05-27T11:26:09Z
23055,45244,1542,0.987,inferred,2026-05-27T11:26:09Z
23056,45246,1543,0.932,semantic,2026-05-27T11:26:09Z
23057,45247,1559,0.965,hashtag,2026-05-27T11:26:09Z
23058,45248,1561,0.936,visual,2026-05-27T11:26:09Z
23059,45250,1557,0.737,direct,2026-05-27T11:26:09Z
23060,45251,1568,0.981,semantic,2026-05-27T11:26:09Z
23061,45252,1548,0.767,hashtag,2026-05-27T11:26:09Z
23062,45253,1543,0.946,visual,2026-05-27T11:26:09Z
23063,45254,1571,0.74,inferred,2026-05-27T11:26:09Z
23064,45255,1567,0.822,direct,2026-05-27T11:26:09Z
23065,45256,1562,0.849,semantic,2026-05-27T11:26:09Z
23066,45257,1554,0.743,hashtag,2026-05-27T11:26:09Z
23067,45258,1569,0.744,visual,2026-05-27T11:26:09Z
23068,45260,1563,0.737,direct,2026-05-27T11:26:09Z
23069,45261,1547,0.956,semantic,2026-05-27T11:26:09Z
23070,45262,1545,0.716,hashtag,2026-05-27T11:26:09Z
23071,45263,1544,0.78,visual,2026-05-27T11:26:09Z
23072,45264,1558,0.808,inferred,2026-05-27T11:26:09Z
23073,45265,1564,0.707,direct,2026-05-27T11:26:09Z
23074,45268,1565,0.874,visual,2026-05-27T11:26:09Z
23075,45269,1569,0.763,inferred,2026-05-27T11:26:09Z
23076,45272,1548,0.84,hashtag,2026-05-27T11:26:09Z
23077,45273,1561,0.987,visual,2026-05-27T11:26:09Z
23078,45276,1552,0.962,semantic,2026-05-27T11:26:10Z
23079,45277,1562,0.962,hashtag,2026-05-27T11:26:10Z
23080,45279,1566,0.77,inferred,2026-05-27T11:26:10Z
23081,45280,1569,0.749,direct,2026-05-27T11:26:10Z
23082,45282,1555,0.839,hashtag,2026-05-27T11:26:10Z
23083,45283,1566,0.721,visual,2026-05-27T11:26:10Z
23084,45284,1560,0.778,inferred,2026-05-27T11:26:10Z
23085,45285,1555,0.799,direct,2026-05-27T11:26:10Z
23086,45286,1550,0.87,semantic,2026-05-27T11:26:10Z
23087,45287,1543,0.835,hashtag,2026-05-27T11:26:10Z
23088,45288,1556,0.86,visual,2026-05-27T11:26:10Z
23089,45289,1554,0.893,inferred,2026-05-27T11:26:10Z
23090,45291,1570,0.959,semantic,2026-05-27T11:26:10Z
23091,45293,1550,0.74,visual,2026-05-27T11:26:10Z
23092,45295,1554,0.807,direct,2026-05-27T11:26:10Z
23093,45296,1562,0.701,semantic,2026-05-27T11:26:10Z
23094,45297,1562,0.947,hashtag,2026-05-27T11:26:10Z
23095,45300,1548,0.944,direct,2026-05-27T11:26:10Z
23096,45301,1547,0.836,semantic,2026-05-27T11:26:10Z
23097,45302,1572,0.773,hashtag,2026-05-27T11:26:10Z
23098,45304,1570,0.909,inferred,2026-05-27T11:26:10Z
23099,45305,1541,0.78,direct,2026-05-27T11:26:10Z
23100,45306,1545,0.801,semantic,2026-05-27T11:26:10Z
23101,45308,1549,0.969,visual,2026-05-27T11:26:10Z
23102,45309,1555,0.887,inferred,2026-05-27T11:26:10Z
23103,45310,1556,0.87,direct,2026-05-27T11:26:10Z
23104,45312,1554,0.739,hashtag,2026-05-27T11:26:10Z
23105,45314,1543,0.921,inferred,2026-05-27T11:26:10Z
23106,45315,1541,0.756,direct,2026-05-27T11:26:10Z
23107,45316,1561,0.857,semantic,2026-05-27T11:26:10Z
23108,45318,1555,0.711,visual,2026-05-27T11:26:10Z
23109,45319,1546,0.958,inferred,2026-05-27T11:26:10Z
23110,45321,1547,0.755,semantic,2026-05-27T11:26:10Z
23111,45322,1551,0.819,hashtag,2026-05-27T11:26:10Z
23112,45324,1542,0.913,inferred,2026-05-27T11:26:10Z
23113,45325,1557,0.867,direct,2026-05-27T11:26:10Z
23114,45326,1542,0.706,semantic,2026-05-27T11:26:10Z
23115,45327,1572,0.948,hashtag,2026-05-27T11:26:10Z
23116,45329,1567,0.96,inferred,2026-05-27T11:26:10Z
23117,45331,1569,0.719,semantic,2026-05-27T11:26:10Z
23118,45332,1542,0.925,hashtag,2026-05-27T11:26:10Z
23119,45334,1547,0.932,inferred,2026-05-27T11:26:10Z
23120,45335,1559,0.793,direct,2026-05-27T11:26:10Z
23121,45336,1552,0.949,semantic,2026-05-27T11:26:10Z
23122,45337,1570,0.962,hashtag,2026-05-27T11:26:10Z
23123,45338,1555,0.748,visual,2026-05-27T11:26:10Z
23124,45339,1568,0.871,inferred,2026-05-27T11:26:10Z
23125,45341,1570,0.865,semantic,2026-05-27T11:26:10Z
23126,45342,1552,0.706,hashtag,2026-05-27T11:26:10Z
23127,45343,1543,0.703,visual,2026-05-27T11:26:10Z
23128,45344,1548,0.797,inferred,2026-05-27T11:26:10Z
23129,45346,1553,0.864,semantic,2026-05-27T11:26:10Z
23130,45349,1549,0.705,inferred,2026-05-27T11:26:10Z
23131,45354,1545,0.876,inferred,2026-05-27T11:26:10Z
23132,45355,1548,0.985,direct,2026-05-27T11:26:10Z
23133,45356,1570,0.768,semantic,2026-05-27T11:26:10Z
23134,45357,1560,0.995,hashtag,2026-05-27T11:26:10Z
23135,45360,1547,0.745,direct,2026-05-27T11:26:10Z
23136,45361,1568,0.819,semantic,2026-05-27T11:26:10Z
23137,45363,1561,0.995,visual,2026-05-27T11:26:10Z
23138,45364,1567,0.866,inferred,2026-05-27T11:26:10Z
23139,45365,1572,0.794,direct,2026-05-27T11:26:10Z
23140,45366,1541,0.837,semantic,2026-05-27T11:26:10Z
23141,45367,1568,0.879,hashtag,2026-05-27T11:26:10Z
23142,45368,1558,0.77,visual,2026-05-27T11:26:10Z
23143,45369,1543,0.71,inferred,2026-05-27T11:26:10Z
23144,45371,1556,0.97,semantic,2026-05-27T11:26:10Z
23145,45372,1548,0.968,hashtag,2026-05-27T11:26:10Z
23146,45373,1572,0.766,visual,2026-05-27T11:26:10Z
23147,45374,1553,0.88,inferred,2026-05-27T11:26:10Z
23148,45375,1571,0.97,direct,2026-05-27T11:26:10Z
23149,45377,1550,0.729,hashtag,2026-05-27T11:26:10Z
23150,45378,1561,0.701,visual,2026-05-27T11:26:10Z
23151,45381,1570,0.715,semantic,2026-05-27T11:26:10Z
23152,45383,1545,0.921,visual,2026-05-27T11:26:10Z
23153,45385,1562,0.713,direct,2026-05-27T11:26:10Z
23154,45389,1567,0.755,inferred,2026-05-27T11:26:10Z
23155,45391,1544,0.86,semantic,2026-05-27T11:26:10Z
23156,45392,1546,0.997,hashtag,2026-05-27T11:26:10Z
23157,45393,1542,0.94,visual,2026-05-27T11:26:10Z
23158,45395,1562,0.911,direct,2026-05-27T11:26:10Z
23159,45397,1543,0.846,hashtag,2026-05-27T11:26:10Z
23160,45399,1554,0.832,inferred,2026-05-27T11:26:10Z
23161,45400,1571,0.762,direct,2026-05-27T11:26:10Z
23162,45402,1553,0.774,hashtag,2026-05-27T11:26:10Z
23163,45404,1571,0.876,inferred,2026-05-27T11:26:10Z
23164,45406,1550,0.812,semantic,2026-05-27T11:26:10Z
23165,45407,1552,0.766,hashtag,2026-05-27T11:26:10Z
23166,45408,1559,0.848,visual,2026-05-27T11:26:10Z
23167,45409,1547,0.926,inferred,2026-05-27T11:26:10Z
23168,45412,1549,0.92,hashtag,2026-05-27T11:26:10Z
23169,45413,1558,0.987,visual,2026-05-27T11:26:10Z
23170,45415,1552,0.962,direct,2026-05-27T11:26:10Z
23171,45416,1550,0.827,semantic,2026-05-27T11:26:10Z
23172,45418,1561,0.872,visual,2026-05-27T11:26:10Z
23173,45419,1546,0.928,inferred,2026-05-27T11:26:10Z
23174,45420,1550,0.846,direct,2026-05-27T11:26:10Z
23175,45421,1552,0.714,semantic,2026-05-27T11:26:10Z
23176,45425,1563,0.722,direct,2026-05-27T11:26:10Z
23177,45428,1541,0.915,visual,2026-05-27T11:26:10Z
23178,45429,1565,0.936,inferred,2026-05-27T11:26:10Z
23179,45431,1552,0.834,semantic,2026-05-27T11:26:10Z
23180,45432,1572,0.729,hashtag,2026-05-27T11:26:10Z
23181,45433,1554,0.786,visual,2026-05-27T11:26:10Z
23182,45434,1541,0.859,inferred,2026-05-27T11:26:10Z
23183,45436,1560,0.868,semantic,2026-05-27T11:26:10Z
23184,45437,1565,0.859,hashtag,2026-05-27T11:26:10Z
23185,45438,1559,0.938,visual,2026-05-27T11:26:10Z
23186,45439,1554,0.709,inferred,2026-05-27T11:26:10Z
23187,45440,1553,0.776,direct,2026-05-27T11:26:10Z
23188,45441,1552,0.81,semantic,2026-05-27T11:26:10Z
23189,45444,1556,0.959,inferred,2026-05-27T11:26:10Z
23190,45445,1547,0.717,direct,2026-05-27T11:26:10Z
23191,45446,1541,0.755,semantic,2026-05-27T11:26:10Z
23192,45447,1556,0.832,hashtag,2026-05-27T11:26:10Z
23193,45448,1558,0.975,visual,2026-05-27T11:26:10Z
23194,45450,1541,0.895,direct,2026-05-27T11:26:10Z
23195,45451,1546,0.726,semantic,2026-05-27T11:26:10Z
23196,45453,1559,0.999,visual,2026-05-27T11:26:10Z
23197,45454,1565,0.815,inferred,2026-05-27T11:26:10Z
23198,45455,1563,0.768,direct,2026-05-27T11:26:10Z
23199,45456,1571,0.853,semantic,2026-05-27T11:26:10Z
23200,45457,1541,0.94,hashtag,2026-05-27T11:26:10Z
23201,45458,1542,0.944,visual,2026-05-27T11:26:10Z
23202,45461,1546,0.97,semantic,2026-05-27T11:26:10Z
23203,45462,1546,0.981,hashtag,2026-05-27T11:26:10Z
23204,45463,1548,0.717,visual,2026-05-27T11:26:10Z
23205,45464,1568,0.892,inferred,2026-05-27T11:26:10Z
23206,45465,1565,0.786,direct,2026-05-27T11:26:10Z
23207,45466,1569,0.964,semantic,2026-05-27T11:26:10Z
23208,45469,1556,0.946,inferred,2026-05-27T11:26:10Z
23209,45470,1546,0.969,direct,2026-05-27T11:26:10Z
23210,45471,1549,0.831,semantic,2026-05-27T11:26:10Z
23211,45474,1572,0.928,inferred,2026-05-27T11:26:10Z
23212,45475,1546,0.878,direct,2026-05-27T11:26:10Z
23213,45476,1541,0.726,semantic,2026-05-27T11:26:10Z
23214,45478,1564,0.776,visual,2026-05-27T11:26:10Z
23215,45480,1549,0.909,direct,2026-05-27T11:26:10Z
23216,45481,1563,0.7,semantic,2026-05-27T11:26:10Z
23217,45482,1559,0.93,hashtag,2026-05-27T11:26:10Z
23218,45484,1556,0.89,inferred,2026-05-27T11:26:10Z
23219,45485,1567,0.875,direct,2026-05-27T11:26:10Z
23220,45487,1551,0.899,hashtag,2026-05-27T11:26:10Z
23221,45488,1541,0.919,visual,2026-05-27T11:26:10Z
23222,45489,1555,0.755,inferred,2026-05-27T11:26:10Z
23223,45490,1541,0.897,direct,2026-05-27T11:26:10Z
23224,45491,1548,0.921,semantic,2026-05-27T11:26:10Z
23225,45492,1548,0.725,hashtag,2026-05-27T11:26:10Z
23226,45493,1554,0.959,visual,2026-05-27T11:26:10Z
23227,45494,1545,0.815,inferred,2026-05-27T11:26:10Z
23228,45495,1547,0.747,direct,2026-05-27T11:26:10Z
23229,45496,1548,0.933,semantic,2026-05-27T11:26:10Z
23230,45497,1555,0.736,hashtag,2026-05-27T11:26:10Z
23231,45498,1572,0.989,visual,2026-05-27T11:26:10Z
23232,45500,1557,0.917,direct,2026-05-27T11:26:10Z
23233,45501,1562,0.799,semantic,2026-05-27T11:26:10Z
23234,45503,1546,0.748,visual,2026-05-27T11:26:10Z
23235,45504,1544,0.751,inferred,2026-05-27T11:26:10Z
23236,45505,1549,0.949,direct,2026-05-27T11:26:10Z
23237,45506,1567,0.867,semantic,2026-05-27T11:26:10Z
23238,45507,1564,0.891,hashtag,2026-05-27T11:26:10Z
23239,45508,1541,0.793,visual,2026-05-27T11:26:10Z
23240,45509,1548,0.985,inferred,2026-05-27T11:26:10Z
23241,45510,1567,0.737,direct,2026-05-27T11:26:10Z
23242,45511,1570,0.937,semantic,2026-05-27T11:26:10Z
23243,45512,1558,0.913,hashtag,2026-05-27T11:26:10Z
23244,45515,1571,0.933,direct,2026-05-27T11:26:10Z
23245,45516,1545,0.805,semantic,2026-05-27T11:26:10Z
23246,45517,1570,0.729,hashtag,2026-05-27T11:26:10Z
23247,45518,1560,0.965,visual,2026-05-27T11:26:10Z
23248,45519,1545,0.799,inferred,2026-05-27T11:26:10Z
23249,45520,1549,0.988,direct,2026-05-27T11:26:10Z
23250,45521,1571,0.964,semantic,2026-05-27T11:26:10Z
23251,45522,1563,0.861,hashtag,2026-05-27T11:26:10Z
23252,45523,1563,0.829,visual,2026-05-27T11:26:10Z
23253,45524,1546,0.952,inferred,2026-05-27T11:26:10Z
23254,45525,1556,0.924,direct,2026-05-27T11:26:10Z
23255,45526,1560,0.772,semantic,2026-05-27T11:26:10Z
23256,45528,1571,0.887,visual,2026-05-27T11:26:10Z
23257,45529,1566,0.955,inferred,2026-05-27T11:26:10Z
23258,45530,1562,0.882,direct,2026-05-27T11:26:10Z
23259,45531,1561,0.932,semantic,2026-05-27T11:26:10Z
23260,45532,1556,0.796,hashtag,2026-05-27T11:26:10Z
23261,45534,1546,0.967,inferred,2026-05-27T11:26:10Z
23262,45536,1546,0.994,semantic,2026-05-27T11:26:10Z
23263,45537,1555,0.835,hashtag,2026-05-27T11:26:10Z
23264,45540,1548,0.944,direct,2026-05-27T11:26:10Z
23265,45544,1570,0.971,inferred,2026-05-27T11:26:10Z
23266,45546,1571,0.811,semantic,2026-05-27T11:26:10Z
23267,45548,1548,0.71,visual,2026-05-27T11:26:10Z
23268,45550,1551,0.767,direct,2026-05-27T11:26:10Z
23269,45551,1568,0.805,semantic,2026-05-27T11:26:10Z
23270,45552,1547,0.991,hashtag,2026-05-27T11:26:10Z
23271,45553,1571,0.844,visual,2026-05-27T11:26:10Z
23272,45554,1572,0.775,inferred,2026-05-27T11:26:10Z
23273,45555,1564,0.961,direct,2026-05-27T11:26:10Z
23274,45556,1567,0.726,semantic,2026-05-27T11:26:10Z
23275,45557,1570,0.997,hashtag,2026-05-27T11:26:10Z
23276,45558,1544,0.8,visual,2026-05-27T11:26:10Z
23277,45559,1571,0.96,inferred,2026-05-27T11:26:10Z
23278,45561,1541,0.78,semantic,2026-05-27T11:26:10Z
23279,45562,1541,0.92,hashtag,2026-05-27T11:26:10Z
23280,45564,1557,0.775,inferred,2026-05-27T11:26:10Z
23281,45565,1566,0.963,direct,2026-05-27T11:26:10Z
23282,45566,1559,0.87,semantic,2026-05-27T11:26:10Z
23283,45567,1551,0.954,hashtag,2026-05-27T11:26:10Z
23284,45569,1570,0.768,inferred,2026-05-27T11:26:10Z
23285,45570,1551,0.988,direct,2026-05-27T11:26:10Z
23286,45571,1558,0.949,semantic,2026-05-27T11:26:10Z
23287,45572,1562,0.992,hashtag,2026-05-27T11:26:10Z
23288,45574,1547,0.916,inferred,2026-05-27T11:26:10Z
23289,45575,1543,0.906,direct,2026-05-27T11:26:10Z
23290,45576,1550,0.975,semantic,2026-05-27T11:26:10Z
23291,45577,1571,0.901,hashtag,2026-05-27T11:26:10Z
23292,45579,1554,0.94,inferred,2026-05-27T11:26:10Z
23293,45580,1556,0.851,direct,2026-05-27T11:26:10Z
23294,45581,1552,0.748,semantic,2026-05-27T11:26:10Z
23295,45583,1572,0.849,visual,2026-05-27T11:26:10Z
23296,45585,1560,0.965,direct,2026-05-27T11:26:10Z
23297,45586,1549,0.965,semantic,2026-05-27T11:26:10Z
23298,45587,1571,0.89,hashtag,2026-05-27T11:26:10Z
23299,45588,1547,0.993,visual,2026-05-27T11:26:10Z
23300,45589,1566,0.806,inferred,2026-05-27T11:26:10Z
23301,45590,1568,0.761,direct,2026-05-27T11:26:10Z
23302,45591,1545,0.858,semantic,2026-05-27T11:26:10Z
23303,45592,1543,0.922,hashtag,2026-05-27T11:26:10Z
23304,45593,1568,0.749,visual,2026-05-27T11:26:10Z
23305,45594,1555,0.875,inferred,2026-05-27T11:26:10Z
23306,45596,1561,0.855,semantic,2026-05-27T11:26:10Z
23307,45597,1561,0.776,hashtag,2026-05-27T11:26:10Z
23308,45598,1558,0.955,visual,2026-05-27T11:26:10Z
23309,45599,1543,0.913,inferred,2026-05-27T11:26:10Z
23310,45601,1566,0.954,semantic,2026-05-27T11:26:10Z
23311,45602,1559,0.741,hashtag,2026-05-27T11:26:10Z
23312,45603,1557,0.892,visual,2026-05-27T11:26:10Z
23313,45604,1548,0.936,inferred,2026-05-27T11:26:10Z
23314,45606,1558,0.726,semantic,2026-05-27T11:26:10Z
23315,45607,1554,0.979,hashtag,2026-05-27T11:26:10Z
23316,45609,1552,0.744,inferred,2026-05-27T11:26:10Z
23317,45610,1548,0.982,direct,2026-05-27T11:26:10Z
23318,45612,1560,0.877,hashtag,2026-05-27T11:26:10Z
23319,45613,1542,0.806,visual,2026-05-27T11:26:10Z
23320,45614,1571,0.725,inferred,2026-05-27T11:26:10Z
23321,45617,1541,0.987,hashtag,2026-05-27T11:26:10Z
23322,45620,1544,0.808,direct,2026-05-27T11:26:10Z
23323,45621,1563,0.727,semantic,2026-05-27T11:26:10Z
23324,45622,1546,0.798,hashtag,2026-05-27T11:26:10Z
23325,45623,1570,0.901,visual,2026-05-27T11:26:10Z
23326,45624,1565,0.776,inferred,2026-05-27T11:26:10Z
23327,45625,1549,0.966,direct,2026-05-27T11:26:10Z
23328,45626,1570,0.937,semantic,2026-05-27T11:26:10Z
23329,45627,1561,0.796,hashtag,2026-05-27T11:26:10Z
23330,45628,1568,0.82,visual,2026-05-27T11:26:10Z
23331,45629,1543,0.923,inferred,2026-05-27T11:26:10Z
23332,45636,1568,0.71,semantic,2026-05-27T11:26:10Z
23333,45639,1543,0.739,inferred,2026-05-27T11:26:10Z
23334,45641,1554,0.879,semantic,2026-05-27T11:26:10Z
23335,45643,1549,0.797,visual,2026-05-27T11:26:10Z
23336,45644,1572,0.864,inferred,2026-05-27T11:26:10Z
23337,45645,1569,0.918,direct,2026-05-27T11:26:10Z
23338,45646,1556,0.903,semantic,2026-05-27T11:26:10Z
23339,45647,1546,0.801,hashtag,2026-05-27T11:26:10Z
23340,45649,1549,0.925,inferred,2026-05-27T11:26:10Z
23341,45651,1562,0.982,semantic,2026-05-27T11:26:10Z
23342,45652,1571,0.777,hashtag,2026-05-27T11:26:10Z
23343,45653,1547,0.98,visual,2026-05-27T11:26:10Z
23344,45654,1553,0.862,inferred,2026-05-27T11:26:10Z
23345,45657,1546,0.759,hashtag,2026-05-27T11:26:10Z
23346,45658,1550,0.713,visual,2026-05-27T11:26:10Z
23347,45660,1553,0.948,direct,2026-05-27T11:26:10Z
23348,45663,1566,0.944,visual,2026-05-27T11:26:10Z
23349,45664,1569,0.829,inferred,2026-05-27T11:26:10Z
23350,45665,1563,0.851,direct,2026-05-27T11:26:10Z
23351,45666,1555,0.96,semantic,2026-05-27T11:26:10Z
23352,45668,1556,0.791,visual,2026-05-27T11:26:10Z
23353,45669,1550,0.729,inferred,2026-05-27T11:26:10Z
23354,45670,1543,0.813,direct,2026-05-27T11:26:10Z
23355,45671,1548,0.815,semantic,2026-05-27T11:26:10Z
23356,45673,1570,0.842,visual,2026-05-27T11:26:10Z
23357,45674,1548,0.946,inferred,2026-05-27T11:26:10Z
23358,45675,1550,0.889,direct,2026-05-27T11:26:10Z
23359,45677,1565,0.798,hashtag,2026-05-27T11:26:10Z
23360,45678,1572,0.702,visual,2026-05-27T11:26:10Z
23361,45679,1547,0.88,inferred,2026-05-27T11:26:10Z
23362,45680,1555,0.881,direct,2026-05-27T11:26:10Z
23363,45681,1557,0.871,semantic,2026-05-27T11:26:10Z
23364,45682,1572,0.838,hashtag,2026-05-27T11:26:10Z
23365,45684,1547,0.85,inferred,2026-05-27T11:26:10Z
23366,45685,1571,0.728,direct,2026-05-27T11:26:10Z
23367,45687,1556,0.73,hashtag,2026-05-27T11:26:10Z
23368,45688,1549,0.948,visual,2026-05-27T11:26:10Z
23369,45689,1547,0.908,inferred,2026-05-27T11:26:10Z
23370,45691,1547,0.793,semantic,2026-05-27T11:26:10Z
23371,45693,1560,0.995,visual,2026-05-27T11:26:10Z
23372,45694,1551,0.727,inferred,2026-05-27T11:26:10Z
23373,45695,1551,0.737,direct,2026-05-27T11:26:10Z
23374,45696,1542,0.807,semantic,2026-05-27T11:26:10Z
23375,45697,1552,0.953,hashtag,2026-05-27T11:26:10Z
23376,45698,1544,0.963,visual,2026-05-27T11:26:10Z
23377,45699,1552,0.986,inferred,2026-05-27T11:26:10Z
23378,45700,1570,0.799,direct,2026-05-27T11:26:10Z
23379,45701,1564,0.919,semantic,2026-05-27T11:26:10Z
23380,45702,1563,0.982,hashtag,2026-05-27T11:26:10Z
23381,45704,1553,0.754,inferred,2026-05-27T11:26:10Z
23382,45705,1552,0.999,direct,2026-05-27T11:26:10Z
23383,45707,1552,0.752,hashtag,2026-05-27T11:26:10Z
23384,45708,1559,0.833,visual,2026-05-27T11:26:10Z
23385,45710,1571,0.807,direct,2026-05-27T11:26:10Z
23386,45711,1555,0.769,semantic,2026-05-27T11:26:10Z
23387,45712,1568,0.707,hashtag,2026-05-27T11:26:10Z
23388,45714,1563,0.921,inferred,2026-05-27T11:26:10Z
23389,45715,1559,0.82,direct,2026-05-27T11:26:10Z
23390,45716,1554,0.751,semantic,2026-05-27T11:26:10Z
23391,45717,1542,0.832,hashtag,2026-05-27T11:26:10Z
23392,45718,1567,0.72,visual,2026-05-27T11:26:10Z
23393,45719,1542,0.997,inferred,2026-05-27T11:26:10Z
23394,45720,1564,0.733,direct,2026-05-27T11:26:10Z
23395,45721,1545,0.756,semantic,2026-05-27T11:26:10Z
23396,45722,1550,0.907,hashtag,2026-05-27T11:26:10Z
23397,45724,1564,0.853,inferred,2026-05-27T11:26:10Z
23398,45725,1565,0.899,direct,2026-05-27T11:26:10Z
23399,45726,1556,0.938,semantic,2026-05-27T11:26:10Z
23400,45727,1566,0.75,hashtag,2026-05-27T11:26:10Z
23401,45729,1547,0.974,inferred,2026-05-27T11:26:10Z
23402,45730,1561,0.997,direct,2026-05-27T11:26:10Z
23403,45731,1547,0.769,semantic,2026-05-27T11:26:10Z
23404,45732,1571,0.962,hashtag,2026-05-27T11:26:10Z
23405,45733,1567,0.996,visual,2026-05-27T11:26:10Z
23406,45734,1544,0.99,inferred,2026-05-27T11:26:10Z
23407,45735,1556,0.717,direct,2026-05-27T11:26:10Z
23408,45736,1541,0.875,semantic,2026-05-27T11:26:10Z
23409,45738,1553,0.976,visual,2026-05-27T11:26:10Z
23410,45739,1545,0.738,inferred,2026-05-27T11:26:10Z
23411,45740,1572,0.927,direct,2026-05-27T11:26:10Z
23412,45741,1558,0.759,semantic,2026-05-27T11:26:10Z
23413,45742,1552,0.704,hashtag,2026-05-27T11:26:10Z
23414,45743,1543,0.838,visual,2026-05-27T11:26:10Z
23415,45744,1544,0.79,inferred,2026-05-27T11:26:10Z
23416,45745,1545,0.922,direct,2026-05-27T11:26:10Z
23417,45746,1542,0.875,semantic,2026-05-27T11:26:10Z
23418,45747,1559,0.822,hashtag,2026-05-27T11:26:10Z
23419,45748,1556,0.97,visual,2026-05-27T11:26:10Z
23420,45750,1560,0.77,direct,2026-05-27T11:26:10Z
23421,45751,1572,0.864,semantic,2026-05-27T11:26:10Z
23422,45752,1546,0.71,hashtag,2026-05-27T11:26:10Z
23423,45753,1562,0.711,visual,2026-05-27T11:26:10Z
23424,45755,1571,0.779,direct,2026-05-27T11:26:10Z
23425,45756,1546,0.939,semantic,2026-05-27T11:26:10Z
23426,45757,1555,0.842,hashtag,2026-05-27T11:26:10Z
23427,45758,1570,0.887,visual,2026-05-27T11:26:10Z
23428,45759,1543,0.723,inferred,2026-05-27T11:26:10Z
23429,45761,1558,0.831,semantic,2026-05-27T11:26:10Z
23430,45762,1571,0.704,hashtag,2026-05-27T11:26:10Z
23431,45764,1565,0.982,inferred,2026-05-27T11:26:10Z
23432,45765,1542,0.768,direct,2026-05-27T11:26:10Z
23433,45766,1564,0.954,semantic,2026-05-27T11:26:10Z
23434,45767,1545,0.94,hashtag,2026-05-27T11:26:10Z
23435,45769,1569,0.809,inferred,2026-05-27T11:26:10Z
23436,45771,1566,0.998,semantic,2026-05-27T11:26:10Z
23437,45772,1546,0.781,hashtag,2026-05-27T11:26:10Z
23438,45774,1550,0.826,inferred,2026-05-27T11:26:10Z
23439,45775,1572,0.905,direct,2026-05-27T11:26:10Z
23440,45777,1545,0.775,hashtag,2026-05-27T11:26:10Z
23441,45778,1564,0.88,visual,2026-05-27T11:26:10Z
23442,45779,1545,0.842,inferred,2026-05-27T11:26:10Z
23443,45780,1558,0.998,direct,2026-05-27T11:26:10Z
23444,45781,1562,0.957,semantic,2026-05-27T11:26:10Z
23445,45782,1556,0.859,hashtag,2026-05-27T11:26:10Z
23446,45784,1554,0.977,inferred,2026-05-27T11:26:10Z
23447,45785,1558,0.887,direct,2026-05-27T11:26:10Z
23448,45787,1568,0.803,hashtag,2026-05-27T11:26:10Z
23449,45788,1541,0.958,visual,2026-05-27T11:26:10Z
23450,45789,1556,0.762,inferred,2026-05-27T11:26:10Z
23451,45790,1552,0.821,direct,2026-05-27T11:26:10Z
23452,45791,1570,0.84,semantic,2026-05-27T11:26:10Z
23453,45793,1572,0.952,visual,2026-05-27T11:26:10Z
23454,45794,1560,0.923,inferred,2026-05-27T11:26:10Z
23455,45795,1543,0.967,direct,2026-05-27T11:26:10Z
23456,45796,1550,0.954,semantic,2026-05-27T11:26:10Z
23457,45797,1547,0.726,hashtag,2026-05-27T11:26:10Z
23458,45798,1544,0.933,visual,2026-05-27T11:26:10Z
23459,45799,1547,0.956,inferred,2026-05-27T11:26:10Z
23460,45801,1560,0.778,semantic,2026-05-27T11:26:10Z
23461,45802,1555,0.9,hashtag,2026-05-27T11:26:10Z
23462,45804,1546,0.987,inferred,2026-05-27T11:26:10Z
23463,45805,1544,0.965,direct,2026-05-27T11:26:10Z
23464,45807,1548,0.701,hashtag,2026-05-27T11:26:10Z
23465,45808,1549,0.893,visual,2026-05-27T11:26:10Z
23466,45810,1545,0.862,direct,2026-05-27T11:26:10Z
23467,45811,1553,0.844,semantic,2026-05-27T11:26:10Z
23468,45813,1560,0.702,visual,2026-05-27T11:26:10Z
23469,45814,1556,0.961,inferred,2026-05-27T11:26:10Z
23470,45816,1548,0.774,semantic,2026-05-27T11:26:10Z
23471,45818,1559,0.84,visual,2026-05-27T11:26:10Z
23472,45821,1551,0.831,semantic,2026-05-27T11:26:10Z
23473,45823,1541,0.999,visual,2026-05-27T11:26:10Z
23474,45824,1570,0.934,inferred,2026-05-27T11:26:10Z
23475,45827,1571,0.711,hashtag,2026-05-27T11:26:10Z
23476,45829,1550,0.972,inferred,2026-05-27T11:26:10Z
23477,45830,1571,0.822,direct,2026-05-27T11:26:10Z
23478,45832,1545,0.97,hashtag,2026-05-27T11:26:10Z
23479,45835,1557,0.889,direct,2026-05-27T11:26:10Z
23480,45836,1559,0.79,semantic,2026-05-27T11:26:10Z
23481,45837,1544,0.708,hashtag,2026-05-27T11:26:10Z
23482,45838,1555,0.867,visual,2026-05-27T11:26:10Z
23483,45839,1560,0.858,inferred,2026-05-27T11:26:10Z
23484,45841,1572,0.79,semantic,2026-05-27T11:26:10Z
23485,45842,1555,0.765,hashtag,2026-05-27T11:26:10Z
23486,45843,1552,0.781,visual,2026-05-27T11:26:10Z
23487,45847,1568,0.732,hashtag,2026-05-27T11:26:10Z
23488,45848,1559,0.874,visual,2026-05-27T11:26:10Z
23489,45849,1551,0.862,inferred,2026-05-27T11:26:10Z
23490,45850,1569,0.782,direct,2026-05-27T11:26:10Z
23491,45851,1558,0.908,semantic,2026-05-27T11:26:10Z
23492,45852,1567,0.719,hashtag,2026-05-27T11:26:10Z
23493,45853,1561,0.736,visual,2026-05-27T11:26:10Z
23494,45854,1553,0.721,inferred,2026-05-27T11:26:10Z
23495,45855,1545,0.981,direct,2026-05-27T11:26:10Z
23496,45856,1550,0.892,semantic,2026-05-27T11:26:10Z
23497,45858,1545,0.841,visual,2026-05-27T11:26:10Z
23498,45861,1542,0.919,semantic,2026-05-27T11:26:10Z
23499,45862,1565,0.819,hashtag,2026-05-27T11:26:10Z
23500,45866,1566,0.758,semantic,2026-05-27T11:26:10Z
23501,45868,1562,0.814,visual,2026-05-27T11:26:10Z
23502,45869,1555,0.836,inferred,2026-05-27T11:26:10Z
23503,45871,1544,0.756,semantic,2026-05-27T11:26:10Z
23504,45872,1570,0.727,hashtag,2026-05-27T11:26:10Z
23505,45873,1564,0.838,visual,2026-05-27T11:26:10Z
23506,45874,1542,0.796,inferred,2026-05-27T11:26:10Z
23507,45875,1569,0.94,direct,2026-05-27T11:26:10Z
23508,45876,1543,0.81,semantic,2026-05-27T11:26:10Z
23509,45877,1546,0.783,hashtag,2026-05-27T11:26:10Z
23510,45878,1555,0.907,visual,2026-05-27T11:26:10Z
23511,45879,1556,0.71,inferred,2026-05-27T11:26:10Z
23512,45880,1556,0.812,direct,2026-05-27T11:26:10Z
23513,45881,1558,0.716,semantic,2026-05-27T11:26:10Z
23514,45882,1566,0.847,hashtag,2026-05-27T11:26:10Z
23515,45883,1541,0.753,visual,2026-05-27T11:26:10Z
23516,45884,1558,0.864,inferred,2026-05-27T11:26:10Z
23517,45886,1557,0.792,semantic,2026-05-27T11:26:10Z
23518,45887,1560,0.707,hashtag,2026-05-27T11:26:10Z
23519,45889,1557,0.938,inferred,2026-05-27T11:26:10Z
23520,45890,1560,0.71,direct,2026-05-27T11:26:10Z
23521,45891,1557,0.828,semantic,2026-05-27T11:26:10Z
23522,45892,1554,0.977,hashtag,2026-05-27T11:26:10Z
23523,45893,1550,0.791,visual,2026-05-27T11:26:10Z
23524,45894,1552,0.768,inferred,2026-05-27T11:26:10Z
23525,45895,1549,0.732,direct,2026-05-27T11:26:10Z
23526,45896,1560,0.737,semantic,2026-05-27T11:26:10Z
23527,45897,1572,0.818,hashtag,2026-05-27T11:26:10Z
23528,45898,1571,0.901,visual,2026-05-27T11:26:10Z
23529,45899,1565,0.725,inferred,2026-05-27T11:26:10Z
23530,45900,1545,0.744,direct,2026-05-27T11:26:10Z
23531,45901,1570,0.732,semantic,2026-05-27T11:26:10Z
23532,45903,1559,0.979,visual,2026-05-27T11:26:10Z
23533,45904,1547,0.851,inferred,2026-05-27T11:26:10Z
23534,45906,1566,0.804,semantic,2026-05-27T11:26:10Z
23535,45909,1563,0.879,inferred,2026-05-27T11:26:10Z
23536,45911,1564,0.943,semantic,2026-05-27T11:26:10Z
23537,45912,1563,0.877,hashtag,2026-05-27T11:26:10Z
23538,45914,1543,0.843,inferred,2026-05-27T11:26:10Z
23539,45917,1565,0.959,hashtag,2026-05-27T11:26:10Z
23540,45919,1562,0.733,inferred,2026-05-27T11:26:10Z
23541,45920,1565,0.796,direct,2026-05-27T11:26:10Z
23542,45922,1561,0.911,hashtag,2026-05-27T11:26:10Z
23543,45924,1565,0.704,inferred,2026-05-27T11:26:10Z
23544,45926,1543,0.938,semantic,2026-05-27T11:26:10Z
23545,45927,1563,0.842,hashtag,2026-05-27T11:26:10Z
23546,45928,1554,0.839,visual,2026-05-27T11:26:10Z
23547,45929,1548,0.919,inferred,2026-05-27T11:26:10Z
23548,45930,1567,0.933,direct,2026-05-27T11:26:10Z
23549,45931,1562,0.919,semantic,2026-05-27T11:26:10Z
23550,45933,1546,0.81,visual,2026-05-27T11:26:10Z
23551,45934,1549,0.884,inferred,2026-05-27T11:26:10Z
23552,45936,1563,0.931,semantic,2026-05-27T11:26:10Z
23553,45937,1569,0.733,hashtag,2026-05-27T11:26:10Z
23554,45938,1546,0.993,visual,2026-05-27T11:26:10Z
23555,45939,1544,0.745,inferred,2026-05-27T11:26:10Z
23556,45940,1557,0.805,direct,2026-05-27T11:26:10Z
23557,45941,1569,0.862,semantic,2026-05-27T11:26:10Z
23558,45944,1561,0.754,inferred,2026-05-27T11:26:10Z
23559,45945,1561,0.838,direct,2026-05-27T11:26:10Z
23560,45946,1541,0.907,semantic,2026-05-27T11:26:10Z
23561,45947,1566,0.933,hashtag,2026-05-27T11:26:10Z
23562,45948,1566,0.818,visual,2026-05-27T11:26:10Z
23563,45949,1570,0.789,inferred,2026-05-27T11:26:10Z
23564,45950,1568,0.977,direct,2026-05-27T11:26:10Z
23565,45951,1565,0.98,semantic,2026-05-27T11:26:10Z
23566,45952,1554,0.856,hashtag,2026-05-27T11:26:10Z
23567,45953,1572,0.835,visual,2026-05-27T11:26:10Z
23568,45954,1546,0.743,inferred,2026-05-27T11:26:10Z
23569,45956,1552,0.73,semantic,2026-05-27T11:26:10Z
23570,45957,1571,0.725,hashtag,2026-05-27T11:26:10Z
23571,45958,1545,0.734,visual,2026-05-27T11:26:10Z
23572,45960,1549,0.974,direct,2026-05-27T11:26:10Z
23573,45961,1570,0.804,semantic,2026-05-27T11:26:10Z
23574,45964,1562,0.917,inferred,2026-05-27T11:26:10Z
23575,45965,1562,0.816,direct,2026-05-27T11:26:10Z
23576,45966,1572,0.816,semantic,2026-05-27T11:26:10Z
23577,45967,1546,0.924,hashtag,2026-05-27T11:26:10Z
23578,45968,1552,0.974,visual,2026-05-27T11:26:10Z
23579,45969,1555,0.705,inferred,2026-05-27T11:26:10Z
23580,45972,1543,0.737,hashtag,2026-05-27T11:26:10Z
23581,45973,1559,0.949,visual,2026-05-27T11:26:10Z
23582,45975,1567,0.802,direct,2026-05-27T11:26:10Z
23583,45980,1543,1,direct,2026-05-27T11:26:10Z
23584,45981,1571,0.992,semantic,2026-05-27T11:26:10Z
23585,45982,1563,0.708,hashtag,2026-05-27T11:26:10Z
23586,45984,1567,0.839,inferred,2026-05-27T11:26:10Z
23587,45985,1565,0.868,direct,2026-05-27T11:26:10Z
23588,45987,1556,0.878,hashtag,2026-05-27T11:26:10Z
23589,45989,1564,0.741,inferred,2026-05-27T11:26:10Z
23590,45990,1544,0.999,direct,2026-05-27T11:26:10Z
23591,45992,1556,0.923,hashtag,2026-05-27T11:26:10Z
23592,45993,1551,0.88,visual,2026-05-27T11:26:10Z
23593,45994,1559,0.963,inferred,2026-05-27T11:26:10Z
23594,45995,1554,0.991,direct,2026-05-27T11:26:10Z
23595,45998,1557,0.744,visual,2026-05-27T11:26:10Z
23596,46000,1569,0.997,direct,2026-05-27T11:26:10Z
23597,46001,1557,0.729,semantic,2026-05-27T11:26:10Z
23598,46003,1565,0.982,visual,2026-05-27T11:26:10Z
23599,46004,1541,0.973,inferred,2026-05-27T11:26:10Z
23600,46006,1558,0.939,semantic,2026-05-27T11:26:10Z
23601,46007,1568,0.816,hashtag,2026-05-27T11:26:10Z
23602,46009,1565,0.898,inferred,2026-05-27T11:26:10Z
23603,46011,1564,0.917,semantic,2026-05-27T11:26:10Z
23604,46015,1567,0.849,direct,2026-05-27T11:26:10Z
23605,46016,1549,0.769,semantic,2026-05-27T11:26:10Z
23606,46021,1565,0.841,semantic,2026-05-27T11:26:10Z
23607,46022,1563,0.803,hashtag,2026-05-27T11:26:10Z
23608,46023,1555,0.74,visual,2026-05-27T11:26:10Z
23609,46025,1565,0.899,direct,2026-05-27T11:26:10Z
23610,46027,1560,0.895,hashtag,2026-05-27T11:26:10Z
23611,46028,1546,0.765,visual,2026-05-27T11:26:10Z
23612,46029,1557,0.908,inferred,2026-05-27T11:26:10Z
23613,46030,1562,0.959,direct,2026-05-27T11:26:10Z
23614,46031,1559,0.737,semantic,2026-05-27T11:26:10Z
23615,46032,1544,0.728,hashtag,2026-05-27T11:26:10Z
23616,46034,1559,0.765,inferred,2026-05-27T11:26:10Z
23617,46035,1549,0.902,direct,2026-05-27T11:26:10Z
23618,46037,1565,0.73,hashtag,2026-05-27T11:26:10Z
23619,46038,1557,0.946,visual,2026-05-27T11:26:10Z
23620,46040,1564,0.755,direct,2026-05-27T11:26:10Z
23621,46042,1546,0.978,hashtag,2026-05-27T11:26:10Z
23622,46043,1572,0.898,visual,2026-05-27T11:26:10Z
23623,46044,1547,0.738,inferred,2026-05-27T11:26:10Z
23624,46045,1567,0.729,direct,2026-05-27T11:26:10Z
23625,46046,1556,0.752,semantic,2026-05-27T11:26:10Z
23626,46047,1565,0.961,hashtag,2026-05-27T11:26:10Z
23627,46048,1546,0.778,visual,2026-05-27T11:26:10Z
23628,46049,1554,0.877,inferred,2026-05-27T11:26:10Z
23629,46050,1566,0.804,direct,2026-05-27T11:26:10Z
23630,46051,1564,0.974,semantic,2026-05-27T11:26:10Z
23631,46053,1546,0.823,visual,2026-05-27T11:26:10Z
23632,46055,1568,0.867,direct,2026-05-27T11:26:10Z
23633,46056,1543,0.962,semantic,2026-05-27T11:26:10Z
23634,46057,1549,0.85,hashtag,2026-05-27T11:26:10Z
23635,46059,1571,0.922,inferred,2026-05-27T11:26:10Z
23636,46061,1557,0.961,semantic,2026-05-27T11:26:10Z
23637,46062,1560,0.744,hashtag,2026-05-27T11:26:10Z
23638,46064,1569,0.987,inferred,2026-05-27T11:26:10Z
23639,46065,1562,0.856,direct,2026-05-27T11:26:10Z
23640,46066,1565,0.904,semantic,2026-05-27T11:26:10Z
23641,46067,1550,0.892,hashtag,2026-05-27T11:26:10Z
23642,46068,1541,0.704,visual,2026-05-27T11:26:10Z
23643,46069,1543,0.895,inferred,2026-05-27T11:26:10Z
23644,46070,1559,0.786,direct,2026-05-27T11:26:10Z
23645,46071,1566,0.894,semantic,2026-05-27T11:26:10Z
23646,46072,1563,0.794,hashtag,2026-05-27T11:26:10Z
23647,46074,1560,0.949,inferred,2026-05-27T11:26:10Z
23648,46077,1546,0.9,hashtag,2026-05-27T11:26:10Z
23649,46079,1553,0.71,inferred,2026-05-27T11:26:10Z
23650,46081,1542,0.889,semantic,2026-05-27T11:26:10Z
23651,46084,1547,0.746,inferred,2026-05-27T11:26:10Z
23652,46086,1554,0.849,semantic,2026-05-27T11:26:10Z
23653,46089,1568,0.771,inferred,2026-05-27T11:26:10Z
23654,46090,1572,0.794,direct,2026-05-27T11:26:10Z
23655,46091,1572,0.87,semantic,2026-05-27T11:26:10Z
23656,46093,1572,0.965,visual,2026-05-27T11:26:10Z
23657,46096,1560,0.762,semantic,2026-05-27T11:26:10Z
23658,46097,1545,0.845,hashtag,2026-05-27T11:26:10Z
23659,46098,1551,0.982,visual,2026-05-27T11:26:10Z
23660,46099,1563,0.766,inferred,2026-05-27T11:26:10Z
23661,46100,1546,0.846,direct,2026-05-27T11:26:10Z
23662,46101,1566,0.757,semantic,2026-05-27T11:26:10Z
23663,46102,1543,0.855,hashtag,2026-05-27T11:26:10Z
23664,46103,1545,0.813,visual,2026-05-27T11:26:10Z
23665,46104,1560,0.709,inferred,2026-05-27T11:26:10Z
23666,46105,1544,0.918,direct,2026-05-27T11:26:10Z
23667,46106,1561,0.928,semantic,2026-05-27T11:26:10Z
23668,46107,1560,0.799,hashtag,2026-05-27T11:26:10Z
23669,46108,1571,0.841,visual,2026-05-27T11:26:10Z
23670,46109,1551,0.969,inferred,2026-05-27T11:26:10Z
23671,46110,1546,0.786,direct,2026-05-27T11:26:10Z
23672,46111,1564,0.924,semantic,2026-05-27T11:26:10Z
23673,46119,1541,0.72,inferred,2026-05-27T11:26:10Z
23674,46120,1572,0.891,direct,2026-05-27T11:26:10Z
23675,46121,1560,0.889,semantic,2026-05-27T11:26:10Z
23676,46122,1566,0.868,hashtag,2026-05-27T11:26:10Z
23677,46123,1567,0.991,visual,2026-05-27T11:26:10Z
23678,46124,1557,0.786,inferred,2026-05-27T11:26:10Z
23679,46125,1568,0.866,direct,2026-05-27T11:26:10Z
23680,46126,1542,0.717,semantic,2026-05-27T11:26:10Z
23681,46128,1547,0.877,visual,2026-05-27T11:26:10Z
23682,46129,1559,0.955,inferred,2026-05-27T11:26:10Z
23683,46130,1560,0.857,direct,2026-05-27T11:26:10Z
23684,46132,1555,0.762,hashtag,2026-05-27T11:26:10Z
23685,46133,1570,0.712,visual,2026-05-27T11:26:10Z
23686,46139,1558,0.773,inferred,2026-05-27T11:26:10Z
23687,46141,1555,0.74,semantic,2026-05-27T11:26:10Z
23688,46142,1572,0.951,hashtag,2026-05-27T11:26:10Z
23689,46143,1554,0.735,visual,2026-05-27T11:26:10Z
23690,46144,1547,0.877,inferred,2026-05-27T11:26:10Z
23691,46145,1553,0.801,direct,2026-05-27T11:26:10Z
23692,46146,1556,0.825,semantic,2026-05-27T11:26:10Z
23693,46148,1562,0.977,visual,2026-05-27T11:26:10Z
23694,46149,1558,0.756,inferred,2026-05-27T11:26:10Z
23695,46150,1571,0.714,direct,2026-05-27T11:26:10Z
23696,46151,1559,0.949,semantic,2026-05-27T11:26:10Z
23697,46152,1562,0.732,hashtag,2026-05-27T11:26:10Z
23698,46154,1559,0.903,inferred,2026-05-27T11:26:10Z
23699,46155,1549,0.894,direct,2026-05-27T11:26:10Z
23700,46156,1562,0.754,semantic,2026-05-27T11:26:10Z
23701,46157,1563,0.811,hashtag,2026-05-27T11:26:10Z
23702,46160,1557,0.796,direct,2026-05-27T11:26:10Z
23703,46161,1566,0.823,semantic,2026-05-27T11:26:10Z
23704,46162,1541,0.942,hashtag,2026-05-27T11:26:10Z
23705,46163,1553,0.986,visual,2026-05-27T11:26:10Z
23706,46164,1553,0.926,inferred,2026-05-27T11:26:10Z
23707,46165,1572,0.711,direct,2026-05-27T11:26:10Z
23708,46166,1543,0.828,semantic,2026-05-27T11:26:10Z
23709,46168,1572,0.801,visual,2026-05-27T11:26:10Z
23710,46170,1564,0.92,direct,2026-05-27T11:26:10Z
23711,46172,1555,0.779,hashtag,2026-05-27T11:26:10Z
23712,46173,1568,0.91,visual,2026-05-27T11:26:10Z
23713,46174,1560,0.773,inferred,2026-05-27T11:26:10Z
23714,46176,1544,0.763,semantic,2026-05-27T11:26:10Z
23715,46177,1572,0.805,hashtag,2026-05-27T11:26:10Z
23716,46178,1551,0.74,visual,2026-05-27T11:26:10Z
23717,46179,1559,0.848,inferred,2026-05-27T11:26:10Z
23718,46180,1551,0.798,direct,2026-05-27T11:26:10Z
23719,46181,1551,0.948,semantic,2026-05-27T11:26:10Z
23720,46182,1569,0.786,hashtag,2026-05-27T11:26:10Z
23721,46183,1560,0.855,visual,2026-05-27T11:26:10Z
23722,46184,1542,0.727,inferred,2026-05-27T11:26:10Z
23723,46185,1569,0.917,direct,2026-05-27T11:26:10Z
23724,46186,1561,0.993,semantic,2026-05-27T11:26:10Z
23725,46187,1568,0.799,hashtag,2026-05-27T11:26:10Z
23726,46188,1568,0.785,visual,2026-05-27T11:26:10Z
23727,46189,1555,0.808,inferred,2026-05-27T11:26:10Z
23728,46190,1557,0.828,direct,2026-05-27T11:26:10Z
23729,46191,1572,0.986,semantic,2026-05-27T11:26:10Z
23730,46192,1551,0.722,hashtag,2026-05-27T11:26:10Z
23731,46193,1556,0.808,visual,2026-05-27T11:26:10Z
23732,46194,1564,0.917,inferred,2026-05-27T11:26:10Z
23733,46195,1549,0.851,direct,2026-05-27T11:26:10Z
23734,46197,1550,0.755,hashtag,2026-05-27T11:26:10Z
23735,46198,1562,0.878,visual,2026-05-27T11:26:10Z
23736,46199,1559,0.882,inferred,2026-05-27T11:26:10Z
23737,46200,1554,0.954,direct,2026-05-27T11:26:10Z
23738,46201,1548,0.754,semantic,2026-05-27T11:26:10Z
23739,46202,1541,0.878,hashtag,2026-05-27T11:26:10Z
23740,46204,1555,0.915,inferred,2026-05-27T11:26:10Z
23741,46205,1557,0.732,direct,2026-05-27T11:26:10Z
23742,46206,1556,0.82,semantic,2026-05-27T11:26:10Z
23743,46207,1557,0.999,hashtag,2026-05-27T11:26:10Z
23744,46209,1568,0.751,inferred,2026-05-27T11:26:10Z
23745,46210,1541,0.701,direct,2026-05-27T11:26:10Z
23746,46212,1556,0.912,hashtag,2026-05-27T11:26:10Z
23747,46213,1564,0.801,visual,2026-05-27T11:26:10Z
23748,46214,1541,0.963,inferred,2026-05-27T11:26:10Z
23749,46215,1569,0.751,direct,2026-05-27T11:26:10Z
23750,46216,1546,0.816,semantic,2026-05-27T11:26:10Z
23751,46217,1544,0.713,hashtag,2026-05-27T11:26:10Z
23752,46223,1557,0.922,visual,2026-05-27T11:26:10Z
23753,46226,1561,0.769,semantic,2026-05-27T11:26:10Z
23754,46227,1558,0.976,hashtag,2026-05-27T11:26:10Z
23755,46228,1569,0.829,visual,2026-05-27T11:26:10Z
23756,46229,1554,0.949,inferred,2026-05-27T11:26:10Z
23757,46230,1560,0.705,direct,2026-05-27T11:26:10Z
23758,46231,1570,0.709,semantic,2026-05-27T11:26:10Z
23759,46232,1547,0.845,hashtag,2026-05-27T11:26:10Z
23760,46233,1559,0.728,visual,2026-05-27T11:26:10Z
23761,46234,1560,0.772,inferred,2026-05-27T11:26:10Z
23762,46236,1548,0.702,semantic,2026-05-27T11:26:10Z
23763,46237,1558,0.895,hashtag,2026-05-27T11:26:10Z
23764,46238,1559,0.933,visual,2026-05-27T11:26:10Z
23765,46239,1549,0.94,inferred,2026-05-27T11:26:10Z
23766,46240,1555,0.923,direct,2026-05-27T11:26:10Z
23767,46241,1568,0.774,semantic,2026-05-27T11:26:10Z
23768,46244,1562,0.849,inferred,2026-05-27T11:26:10Z
23769,46245,1546,0.907,direct,2026-05-27T11:26:10Z
23770,46246,1565,0.821,semantic,2026-05-27T11:26:10Z
23771,46247,1559,0.736,hashtag,2026-05-27T11:26:10Z
23772,46249,1554,0.794,inferred,2026-05-27T11:26:10Z
23773,46251,1563,0.966,semantic,2026-05-27T11:26:10Z
23774,46252,1567,0.869,hashtag,2026-05-27T11:26:10Z
23775,46253,1555,0.926,visual,2026-05-27T11:26:10Z
23776,46255,1542,0.824,direct,2026-05-27T11:26:10Z
23777,46256,1572,0.764,semantic,2026-05-27T11:26:10Z
23778,46257,1556,0.805,hashtag,2026-05-27T11:26:10Z
23779,46258,1562,0.924,visual,2026-05-27T11:26:10Z
23780,46259,1547,0.706,inferred,2026-05-27T11:26:10Z
23781,46260,1553,0.728,direct,2026-05-27T11:26:10Z
23782,46261,1551,0.842,semantic,2026-05-27T11:26:10Z
23783,46262,1549,0.959,hashtag,2026-05-27T11:26:10Z
23784,46263,1572,0.986,visual,2026-05-27T11:26:10Z
23785,46264,1552,0.814,inferred,2026-05-27T11:26:10Z
23786,46265,1569,0.848,direct,2026-05-27T11:26:10Z
23787,46267,1548,0.964,hashtag,2026-05-27T11:26:10Z
23788,46269,1547,0.847,inferred,2026-05-27T11:26:10Z
23789,46270,1565,0.714,direct,2026-05-27T11:26:10Z
23790,46271,1549,0.881,semantic,2026-05-27T11:26:10Z
23791,46272,1543,0.887,hashtag,2026-05-27T11:26:10Z
23792,46273,1552,0.763,visual,2026-05-27T11:26:10Z
23793,46274,1567,0.909,inferred,2026-05-27T11:26:10Z
23794,46275,1551,0.706,direct,2026-05-27T11:26:10Z
23795,46276,1550,0.756,semantic,2026-05-27T11:26:10Z
23796,46279,1563,0.732,inferred,2026-05-27T11:26:10Z
23797,46283,1559,0.721,visual,2026-05-27T11:26:10Z
23798,46287,1572,0.959,hashtag,2026-05-27T11:26:10Z
23799,46288,1542,0.889,visual,2026-05-27T11:26:10Z
23800,46291,1568,0.79,semantic,2026-05-27T11:26:10Z
23801,46293,1567,0.716,visual,2026-05-27T11:26:10Z
23802,46295,1552,0.79,direct,2026-05-27T11:26:10Z
23803,46296,1569,0.746,semantic,2026-05-27T11:26:10Z
23804,46297,1564,0.925,hashtag,2026-05-27T11:26:10Z
23805,46298,1560,0.712,visual,2026-05-27T11:26:10Z
23806,46299,1571,0.913,inferred,2026-05-27T11:26:10Z
23807,46300,1542,0.774,direct,2026-05-27T11:26:10Z
23808,46301,1571,0.96,semantic,2026-05-27T11:26:10Z
23809,46302,1542,0.779,hashtag,2026-05-27T11:26:10Z
23810,46304,1556,0.736,inferred,2026-05-27T11:26:10Z
23811,46305,1541,0.984,direct,2026-05-27T11:26:10Z
23812,46308,1547,0.711,visual,2026-05-27T11:26:10Z
23813,46310,1556,0.877,direct,2026-05-27T11:26:10Z
23814,46312,1560,0.717,hashtag,2026-05-27T11:26:10Z
23815,46313,1549,0.702,visual,2026-05-27T11:26:10Z
23816,46314,1556,0.784,inferred,2026-05-27T11:26:10Z
23817,46315,1561,0.718,direct,2026-05-27T11:26:10Z
23818,46316,1560,0.959,semantic,2026-05-27T11:26:10Z
23819,46319,1544,0.957,inferred,2026-05-27T11:26:10Z
23820,46321,1547,0.917,semantic,2026-05-27T11:26:10Z
23821,46323,1541,0.797,visual,2026-05-27T11:26:10Z
23822,46324,1545,0.746,inferred,2026-05-27T11:26:10Z
23823,46326,1555,0.794,semantic,2026-05-27T11:26:10Z
23824,46327,1552,0.933,hashtag,2026-05-27T11:26:10Z
23825,46328,1567,0.885,visual,2026-05-27T11:26:10Z
23826,46329,1543,0.92,inferred,2026-05-27T11:26:10Z
23827,46331,1565,0.752,semantic,2026-05-27T11:26:10Z
23828,46332,1552,0.744,hashtag,2026-05-27T11:26:10Z
23829,46333,1542,0.983,visual,2026-05-27T11:26:10Z
23830,46334,1558,0.894,inferred,2026-05-27T11:26:10Z
23831,46336,1556,0.89,semantic,2026-05-27T11:26:10Z
23832,46338,1548,0.779,visual,2026-05-27T11:26:10Z
23833,46340,1552,0.779,direct,2026-05-27T11:26:10Z
23834,46341,1542,0.995,semantic,2026-05-27T11:26:10Z
23835,46345,1547,0.717,direct,2026-05-27T11:26:10Z
23836,46346,1544,0.959,semantic,2026-05-27T11:26:10Z
23837,46347,1553,0.747,hashtag,2026-05-27T11:26:10Z
23838,46348,1552,0.818,visual,2026-05-27T11:26:10Z
23839,46350,1552,0.77,direct,2026-05-27T11:26:10Z
23840,46352,1550,0.985,hashtag,2026-05-27T11:26:10Z
23841,46353,1542,0.936,visual,2026-05-27T11:26:10Z
23842,46354,1556,0.749,inferred,2026-05-27T11:26:10Z
23843,46356,1569,0.841,semantic,2026-05-27T11:26:10Z
23844,46357,1558,0.949,hashtag,2026-05-27T11:26:10Z
23845,46359,1557,0.829,inferred,2026-05-27T11:26:10Z
23846,46360,1548,0.934,direct,2026-05-27T11:26:10Z
23847,46362,1554,0.749,hashtag,2026-05-27T11:26:10Z
23848,46363,1548,0.999,visual,2026-05-27T11:26:10Z
23849,46364,1562,0.782,inferred,2026-05-27T11:26:10Z
23850,46365,1548,0.778,direct,2026-05-27T11:26:10Z
23851,46367,1543,0.926,hashtag,2026-05-27T11:26:10Z
23852,46368,1570,0.715,visual,2026-05-27T11:26:10Z
23853,46370,1562,0.8,direct,2026-05-27T11:26:10Z
23854,46371,1564,0.72,semantic,2026-05-27T11:26:10Z
23855,46372,1557,0.802,hashtag,2026-05-27T11:26:10Z
23856,46373,1548,0.815,visual,2026-05-27T11:26:10Z
23857,46374,1571,0.866,inferred,2026-05-27T11:26:10Z
23858,46375,1543,0.939,direct,2026-05-27T11:26:10Z
23859,46378,1545,0.889,visual,2026-05-27T11:26:10Z
23860,46379,1572,0.903,inferred,2026-05-27T11:26:10Z
23861,46380,1565,0.844,direct,2026-05-27T11:26:10Z
23862,46382,1545,0.759,hashtag,2026-05-27T11:26:10Z
23863,46383,1558,0.979,visual,2026-05-27T11:26:10Z
23864,46384,1564,0.957,inferred,2026-05-27T11:26:10Z
23865,46385,1542,0.712,direct,2026-05-27T11:26:10Z
23866,46386,1559,0.771,semantic,2026-05-27T11:26:10Z
23867,46388,1546,0.839,visual,2026-05-27T11:26:10Z
23868,46389,1552,0.876,inferred,2026-05-27T11:26:10Z
23869,46390,1564,0.847,direct,2026-05-27T11:26:10Z
23870,46392,1558,0.893,hashtag,2026-05-27T11:26:10Z
23871,46393,1555,0.781,visual,2026-05-27T11:26:10Z
23872,46394,1565,0.776,inferred,2026-05-27T11:26:10Z
23873,46395,1545,0.78,direct,2026-05-27T11:26:10Z
23874,46396,1569,0.831,semantic,2026-05-27T11:26:10Z
23875,46397,1556,0.822,hashtag,2026-05-27T11:26:10Z
23876,46398,1549,0.934,visual,2026-05-27T11:26:10Z
23877,46399,1571,0.79,inferred,2026-05-27T11:26:10Z
23878,46400,1567,0.917,direct,2026-05-27T11:26:10Z
23879,46401,1542,0.759,semantic,2026-05-27T11:26:10Z
23880,46404,1543,0.921,inferred,2026-05-27T11:26:10Z
23881,46405,1568,0.914,direct,2026-05-27T11:26:10Z
23882,46406,1563,0.89,semantic,2026-05-27T11:26:10Z
23883,46407,1554,0.898,hashtag,2026-05-27T11:26:10Z
23884,46411,1571,0.804,semantic,2026-05-27T11:26:10Z
23885,46412,1562,0.832,hashtag,2026-05-27T11:26:10Z
23886,46413,1554,0.755,visual,2026-05-27T11:26:10Z
23887,46414,1546,0.768,inferred,2026-05-27T11:26:10Z
23888,46416,1571,0.789,semantic,2026-05-27T11:26:10Z
23889,46417,1551,0.904,hashtag,2026-05-27T11:26:10Z
23890,46418,1558,0.798,visual,2026-05-27T11:26:10Z
23891,46419,1572,0.912,inferred,2026-05-27T11:26:10Z
23892,46420,1557,0.806,direct,2026-05-27T11:26:10Z
23893,46421,1555,0.956,semantic,2026-05-27T11:26:10Z
23894,46422,1552,0.876,hashtag,2026-05-27T11:26:10Z
23895,46423,1552,0.928,visual,2026-05-27T11:26:10Z
23896,46424,1548,0.979,inferred,2026-05-27T11:26:10Z
23897,46426,1557,0.831,semantic,2026-05-27T11:26:10Z
23898,46427,1562,0.963,hashtag,2026-05-27T11:26:10Z
23899,46428,1548,0.737,visual,2026-05-27T11:26:10Z
23900,46429,1558,0.973,inferred,2026-05-27T11:26:10Z
23901,46430,1543,0.724,direct,2026-05-27T11:26:10Z
23902,46431,1559,0.759,semantic,2026-05-27T11:26:10Z
23903,46432,1568,0.783,hashtag,2026-05-27T11:26:10Z
23904,46433,1551,0.945,visual,2026-05-27T11:26:10Z
23905,46434,1570,0.84,inferred,2026-05-27T11:26:10Z
23906,46436,1541,0.742,semantic,2026-05-27T11:26:10Z
23907,46438,1562,0.736,visual,2026-05-27T11:26:10Z
23908,46440,1559,0.811,direct,2026-05-27T11:26:10Z
23909,46443,1547,0.934,visual,2026-05-27T11:26:10Z
23910,46444,1552,0.999,inferred,2026-05-27T11:26:10Z
23911,46445,1544,0.879,direct,2026-05-27T11:26:10Z
23912,46448,1554,0.829,visual,2026-05-27T11:26:10Z
23913,46449,1570,0.708,inferred,2026-05-27T11:26:10Z
23914,46451,1547,0.74,semantic,2026-05-27T11:26:10Z
23915,46452,1561,0.829,hashtag,2026-05-27T11:26:10Z
23916,46453,1560,0.994,visual,2026-05-27T11:26:10Z
23917,46454,1544,0.893,inferred,2026-05-27T11:26:10Z
23918,46455,1569,0.931,direct,2026-05-27T11:26:10Z
23919,46457,1557,0.708,hashtag,2026-05-27T11:26:10Z
23920,46458,1541,0.862,visual,2026-05-27T11:26:10Z
23921,46459,1548,0.976,inferred,2026-05-27T11:26:10Z
23922,46461,1558,0.947,semantic,2026-05-27T11:26:10Z
23923,46464,1567,0.979,inferred,2026-05-27T11:26:10Z
23924,46466,1543,0.873,semantic,2026-05-27T11:26:10Z
23925,46467,1562,0.899,hashtag,2026-05-27T11:26:10Z
23926,46470,1542,0.915,direct,2026-05-27T11:26:10Z
23927,46471,1562,0.742,semantic,2026-05-27T11:26:10Z
23928,46473,1567,0.994,visual,2026-05-27T11:26:10Z
23929,46474,1559,0.921,inferred,2026-05-27T11:26:10Z
23930,46475,1561,0.96,direct,2026-05-27T11:26:10Z
23931,46476,1566,0.737,semantic,2026-05-27T11:26:10Z
23932,46479,1551,0.832,inferred,2026-05-27T11:26:10Z
23933,46480,1561,0.917,direct,2026-05-27T11:26:10Z
23934,46481,1568,0.87,semantic,2026-05-27T11:26:10Z
23935,46484,1565,0.885,inferred,2026-05-27T11:26:10Z
23936,46485,1563,0.882,direct,2026-05-27T11:26:10Z
23937,46486,1570,0.907,semantic,2026-05-27T11:26:10Z
23938,46487,1545,0.791,hashtag,2026-05-27T11:26:10Z
23939,46488,1571,0.95,visual,2026-05-27T11:26:10Z
23940,46490,1560,0.955,direct,2026-05-27T11:26:10Z
23941,46491,1569,0.738,semantic,2026-05-27T11:26:10Z
23942,46492,1568,0.926,hashtag,2026-05-27T11:26:10Z
23943,46494,1547,0.733,inferred,2026-05-27T11:26:10Z
23944,46495,1565,0.726,direct,2026-05-27T11:26:10Z
23945,46497,1568,0.993,hashtag,2026-05-27T11:26:10Z
23946,46498,1558,0.832,visual,2026-05-27T11:26:10Z
23947,46500,1563,0.884,direct,2026-05-27T11:26:10Z
23948,46502,1568,0.828,hashtag,2026-05-27T11:26:10Z
23949,46504,1552,0.967,inferred,2026-05-27T11:26:10Z
23950,46505,1555,0.739,direct,2026-05-27T11:26:10Z
23951,46507,1541,0.831,hashtag,2026-05-27T11:26:10Z
23952,46509,1554,0.971,inferred,2026-05-27T11:26:10Z
23953,46510,1559,0.746,direct,2026-05-27T11:26:10Z
23954,46511,1563,0.838,semantic,2026-05-27T11:26:10Z
23955,46512,1553,0.719,hashtag,2026-05-27T11:26:10Z
23956,46513,1553,0.878,visual,2026-05-27T11:26:10Z
23957,46514,1547,0.824,inferred,2026-05-27T11:26:10Z
23958,46516,1559,0.919,semantic,2026-05-27T11:26:10Z
23959,46518,1568,0.887,visual,2026-05-27T11:26:10Z
23960,46520,1542,0.92,direct,2026-05-27T11:26:10Z
23961,46522,1571,0.733,hashtag,2026-05-27T11:26:10Z
23962,46523,1541,0.762,visual,2026-05-27T11:26:10Z
23963,46524,1567,0.744,inferred,2026-05-27T11:26:10Z
23964,46525,1556,0.775,direct,2026-05-27T11:26:10Z
23965,46526,1553,0.741,semantic,2026-05-27T11:26:10Z
23966,46527,1552,0.842,hashtag,2026-05-27T11:26:10Z
23967,46528,1561,0.968,visual,2026-05-27T11:26:10Z
23968,46529,1546,0.733,inferred,2026-05-27T11:26:10Z
23969,46530,1559,0.928,direct,2026-05-27T11:26:10Z
23970,46531,1547,0.92,semantic,2026-05-27T11:26:10Z
23971,46532,1557,0.868,hashtag,2026-05-27T11:26:10Z
23972,46533,1548,0.968,visual,2026-05-27T11:26:10Z
23973,46534,1554,0.724,inferred,2026-05-27T11:26:10Z
23974,46538,1567,0.708,visual,2026-05-27T11:26:10Z
23975,46539,1552,0.84,inferred,2026-05-27T11:26:10Z
23976,46540,1546,0.752,direct,2026-05-27T11:26:10Z
23977,46541,1560,0.729,semantic,2026-05-27T11:26:10Z
23978,46542,1569,0.708,hashtag,2026-05-27T11:26:10Z
23979,46543,1551,0.741,visual,2026-05-27T11:26:10Z
23980,46545,1545,0.932,direct,2026-05-27T11:26:10Z
23981,46546,1553,0.955,semantic,2026-05-27T11:26:10Z
23982,46547,1568,0.908,hashtag,2026-05-27T11:26:10Z
23983,46548,1547,0.903,visual,2026-05-27T11:26:10Z
23984,46549,1566,0.73,inferred,2026-05-27T11:26:10Z
23985,46550,1545,0.903,direct,2026-05-27T11:26:10Z
23986,46551,1558,0.794,semantic,2026-05-27T11:26:10Z
23987,46552,1562,0.756,hashtag,2026-05-27T11:26:10Z
23988,46553,1547,0.713,visual,2026-05-27T11:26:10Z
23989,46554,1544,0.894,inferred,2026-05-27T11:26:10Z
23990,46555,1559,0.899,direct,2026-05-27T11:26:10Z
23991,46556,1547,0.977,semantic,2026-05-27T11:26:10Z
23992,46557,1565,0.97,hashtag,2026-05-27T11:26:10Z
23993,46560,1567,0.85,direct,2026-05-27T11:26:10Z
23994,46562,1567,0.851,hashtag,2026-05-27T11:26:10Z
23995,46564,1541,0.822,inferred,2026-05-27T11:26:10Z
23996,46565,1555,0.838,direct,2026-05-27T11:26:10Z
23997,46566,1553,0.967,semantic,2026-05-27T11:26:10Z
23998,46568,1549,0.903,visual,2026-05-27T11:26:10Z
23999,46569,1554,0.984,inferred,2026-05-27T11:26:10Z
24000,46570,1566,0.763,direct,2026-05-27T11:26:10Z
24001,46571,1559,0.966,semantic,2026-05-27T11:26:10Z
24002,46576,1544,0.978,semantic,2026-05-27T11:26:10Z
24003,46578,1562,0.843,visual,2026-05-27T11:26:10Z
24004,46581,1572,0.74,semantic,2026-05-27T11:26:10Z
24005,46582,1569,0.903,hashtag,2026-05-27T11:26:10Z
24006,46583,1556,0.952,visual,2026-05-27T11:26:10Z
24007,46585,1545,0.831,direct,2026-05-27T11:26:10Z
24008,46587,1550,0.936,hashtag,2026-05-27T11:26:10Z
24009,46589,1560,0.949,inferred,2026-05-27T11:26:10Z
24010,46590,1549,0.989,direct,2026-05-27T11:26:10Z
24011,46591,1541,0.966,semantic,2026-05-27T11:26:10Z
24012,46595,1561,0.833,direct,2026-05-27T11:26:10Z
24013,46597,1542,0.956,hashtag,2026-05-27T11:26:10Z
24014,46600,1550,0.889,direct,2026-05-27T11:26:10Z
24015,46601,1568,0.765,semantic,2026-05-27T11:26:10Z
24016,46602,1568,0.763,hashtag,2026-05-27T11:26:10Z
24017,46603,1572,0.886,visual,2026-05-27T11:26:10Z
24018,46605,1555,0.868,direct,2026-05-27T11:26:10Z
24019,46606,1558,0.998,semantic,2026-05-27T11:26:10Z
24020,46607,1547,0.817,hashtag,2026-05-27T11:26:10Z
24021,46608,1563,0.965,visual,2026-05-27T11:26:10Z
24022,46609,1560,0.801,inferred,2026-05-27T11:26:10Z
24023,46610,1556,0.942,direct,2026-05-27T11:26:10Z
24024,46611,1568,0.793,semantic,2026-05-27T11:26:10Z
24025,46612,1542,0.914,hashtag,2026-05-27T11:26:10Z
24026,46613,1547,0.855,visual,2026-05-27T11:26:10Z
24027,46614,1571,0.844,inferred,2026-05-27T11:26:10Z
24028,46615,1550,0.881,direct,2026-05-27T11:26:10Z
24029,46617,1551,0.751,hashtag,2026-05-27T11:26:10Z
24030,46618,1557,0.861,visual,2026-05-27T11:26:10Z
24031,46619,1565,0.907,inferred,2026-05-27T11:26:10Z
24032,46620,1568,0.753,direct,2026-05-27T11:26:10Z
24033,46621,1563,0.794,semantic,2026-05-27T11:26:10Z
24034,46623,1550,0.969,visual,2026-05-27T11:26:10Z
24035,46624,1550,0.837,inferred,2026-05-27T11:26:10Z
24036,46627,1548,0.878,hashtag,2026-05-27T11:26:10Z
24037,46628,1562,0.893,visual,2026-05-27T11:26:10Z
24038,46629,1550,0.913,inferred,2026-05-27T11:26:10Z
24039,46630,1562,0.951,direct,2026-05-27T11:26:10Z
24040,46631,1567,0.783,semantic,2026-05-27T11:26:10Z
24041,46632,1561,0.763,hashtag,2026-05-27T11:26:10Z
24042,46633,1546,0.836,visual,2026-05-27T11:26:10Z
24043,46634,1569,0.752,inferred,2026-05-27T11:26:10Z
24044,46637,1547,0.904,hashtag,2026-05-27T11:26:10Z
24045,46638,1544,0.957,visual,2026-05-27T11:26:10Z
24046,46639,1571,0.768,inferred,2026-05-27T11:26:10Z
24047,46640,1561,0.836,direct,2026-05-27T11:26:10Z
24048,46641,1570,0.832,semantic,2026-05-27T11:26:10Z
24049,46643,1562,0.967,visual,2026-05-27T11:26:10Z
24050,46644,1565,0.725,inferred,2026-05-27T11:26:10Z
24051,46645,1555,0.807,direct,2026-05-27T11:26:10Z
24052,46646,1567,0.984,semantic,2026-05-27T11:26:10Z
24053,46649,1557,0.768,inferred,2026-05-27T11:26:10Z
24054,46650,1555,0.885,direct,2026-05-27T11:26:10Z
24055,46651,1541,0.88,semantic,2026-05-27T11:26:10Z
24056,46652,1548,0.95,hashtag,2026-05-27T11:26:10Z
24057,46653,1563,0.959,visual,2026-05-27T11:26:10Z
24058,46654,1547,0.757,inferred,2026-05-27T11:26:10Z
24059,46656,1568,0.939,semantic,2026-05-27T11:26:10Z
24060,46657,1552,0.988,hashtag,2026-05-27T11:26:10Z
24061,46658,1570,0.92,visual,2026-05-27T11:26:10Z
24062,46659,1561,0.972,inferred,2026-05-27T11:26:10Z
24063,46663,1560,0.839,visual,2026-05-27T11:26:10Z
24064,46665,1558,0.839,direct,2026-05-27T11:26:10Z
24065,46666,1550,0.726,semantic,2026-05-27T11:26:10Z
24066,46667,1546,0.724,hashtag,2026-05-27T11:26:10Z
24067,46668,1544,0.802,visual,2026-05-27T11:26:10Z
24068,46670,1550,0.78,direct,2026-05-27T11:26:10Z
24069,46672,1556,0.983,hashtag,2026-05-27T11:26:10Z
24070,46673,1544,0.782,visual,2026-05-27T11:26:10Z
24071,46674,1563,0.988,inferred,2026-05-27T11:26:10Z
24072,46677,1570,0.79,hashtag,2026-05-27T11:26:10Z
24073,46678,1551,0.922,visual,2026-05-27T11:26:10Z
24074,46679,1557,0.867,inferred,2026-05-27T11:26:10Z
24075,46683,1544,0.884,visual,2026-05-27T11:26:10Z
24076,46684,1551,0.712,inferred,2026-05-27T11:26:10Z
24077,46685,1566,0.897,direct,2026-05-27T11:26:10Z
24078,46688,1551,0.799,visual,2026-05-27T11:26:10Z
24079,46690,1547,0.943,direct,2026-05-27T11:26:10Z
24080,46691,1550,0.836,semantic,2026-05-27T11:26:10Z
24081,46693,1555,0.876,visual,2026-05-27T11:26:10Z
24082,46694,1567,0.751,inferred,2026-05-27T11:26:10Z
24083,46695,1554,0.788,direct,2026-05-27T11:26:10Z
24084,46696,1553,0.892,semantic,2026-05-27T11:26:10Z
24085,46697,1557,0.712,hashtag,2026-05-27T11:26:10Z
24086,46698,1559,0.939,visual,2026-05-27T11:26:10Z
24087,46701,1562,0.718,semantic,2026-05-27T11:26:10Z
24088,46702,1557,0.764,hashtag,2026-05-27T11:26:10Z
24089,46704,1547,0.983,inferred,2026-05-27T11:26:10Z
24090,46705,1566,0.952,direct,2026-05-27T11:26:10Z
24091,46706,1556,0.79,semantic,2026-05-27T11:26:10Z
24092,46709,1564,0.727,inferred,2026-05-27T11:26:10Z
24093,46710,1552,0.703,direct,2026-05-27T11:26:10Z
24094,46711,1553,0.711,semantic,2026-05-27T11:26:10Z
24095,46712,1557,0.868,hashtag,2026-05-27T11:26:10Z
24096,46713,1555,0.885,visual,2026-05-27T11:26:10Z
24097,46714,1556,0.78,inferred,2026-05-27T11:26:10Z
24098,46715,1554,0.785,direct,2026-05-27T11:26:10Z
24099,46716,1570,0.947,semantic,2026-05-27T11:26:10Z
24100,46717,1543,0.854,hashtag,2026-05-27T11:26:10Z
24101,46718,1549,0.935,visual,2026-05-27T11:26:10Z
24102,46719,1570,0.873,inferred,2026-05-27T11:26:10Z
24103,46720,1549,0.775,direct,2026-05-27T11:26:10Z
24104,46721,1572,0.85,semantic,2026-05-27T11:26:10Z
24105,46722,1560,0.873,hashtag,2026-05-27T11:26:10Z
24106,46723,1567,0.934,visual,2026-05-27T11:26:10Z
24107,46724,1553,0.895,inferred,2026-05-27T11:26:10Z
24108,46727,1545,0.784,hashtag,2026-05-27T11:26:10Z
24109,46730,1553,0.728,direct,2026-05-27T11:26:10Z
24110,46731,1553,0.921,semantic,2026-05-27T11:26:10Z
24111,46732,1542,0.776,hashtag,2026-05-27T11:26:10Z
24112,46733,1554,0.835,visual,2026-05-27T11:26:10Z
24113,46734,1541,0.867,inferred,2026-05-27T11:26:10Z
24114,46735,1549,0.959,direct,2026-05-27T11:26:10Z
24115,46736,1564,0.883,semantic,2026-05-27T11:26:10Z
24116,46739,1572,0.941,inferred,2026-05-27T11:26:10Z
24117,46741,1545,0.989,semantic,2026-05-27T11:26:10Z
24118,46743,1563,0.988,visual,2026-05-27T11:26:10Z
24119,46747,1556,0.766,hashtag,2026-05-27T11:26:10Z
24120,46748,1569,0.995,visual,2026-05-27T11:26:10Z
24121,46749,1549,0.781,inferred,2026-05-27T11:26:10Z
24122,46750,1562,0.859,direct,2026-05-27T11:26:10Z
24123,46752,1556,0.729,hashtag,2026-05-27T11:26:10Z
24124,46754,1545,0.891,inferred,2026-05-27T11:26:10Z
24125,46755,1541,0.803,direct,2026-05-27T11:26:10Z
24126,46756,1562,0.749,semantic,2026-05-27T11:26:10Z
24127,46757,1542,0.893,hashtag,2026-05-27T11:26:10Z
24128,46759,1570,0.766,inferred,2026-05-27T11:26:10Z
24129,46760,1543,0.874,direct,2026-05-27T11:26:10Z
24130,46761,1543,0.744,semantic,2026-05-27T11:26:10Z
24131,46763,1563,0.807,visual,2026-05-27T11:26:10Z
24132,46764,1545,0.919,inferred,2026-05-27T11:26:10Z
24133,46768,1568,0.753,visual,2026-05-27T11:26:10Z
24134,46769,1556,0.946,inferred,2026-05-27T11:26:10Z
24135,46770,1565,0.958,direct,2026-05-27T11:26:10Z
24136,46771,1562,0.887,semantic,2026-05-27T11:26:10Z
24137,46772,1561,0.8,hashtag,2026-05-27T11:26:10Z
24138,46774,1550,0.939,inferred,2026-05-27T11:26:10Z
24139,46775,1551,0.773,direct,2026-05-27T11:26:10Z
24140,46776,1542,0.987,semantic,2026-05-27T11:26:10Z
24141,46777,1560,0.881,hashtag,2026-05-27T11:26:10Z
24142,46780,1570,0.705,direct,2026-05-27T11:26:10Z
24143,46781,1560,0.741,semantic,2026-05-27T11:26:10Z
24144,46782,1561,0.868,hashtag,2026-05-27T11:26:10Z
24145,46783,1545,0.732,visual,2026-05-27T11:26:10Z
24146,46784,1554,0.73,inferred,2026-05-27T11:26:10Z
24147,46785,1555,0.971,direct,2026-05-27T11:26:10Z
24148,46786,1570,0.964,semantic,2026-05-27T11:26:10Z
24149,46787,1544,0.864,hashtag,2026-05-27T11:26:10Z
24150,46789,1560,0.892,inferred,2026-05-27T11:26:10Z
24151,46790,1541,0.745,direct,2026-05-27T11:26:10Z
24152,46791,1555,0.75,semantic,2026-05-27T11:26:10Z
24153,46795,1555,0.911,direct,2026-05-27T11:26:10Z
24154,46796,1555,0.701,semantic,2026-05-27T11:26:10Z
24155,46797,1563,0.922,hashtag,2026-05-27T11:26:10Z
24156,46798,1541,0.961,visual,2026-05-27T11:26:10Z
24157,46801,1559,0.753,semantic,2026-05-27T11:26:10Z
24158,46802,1541,0.913,hashtag,2026-05-27T11:26:10Z
24159,46803,1546,0.948,visual,2026-05-27T11:26:10Z
24160,46804,1553,0.831,inferred,2026-05-27T11:26:10Z
24161,46805,1553,0.921,direct,2026-05-27T11:26:10Z
24162,46806,1555,0.711,semantic,2026-05-27T11:26:10Z
24163,46807,1555,0.746,hashtag,2026-05-27T11:26:10Z
24164,46812,1554,0.928,hashtag,2026-05-27T11:26:10Z
24165,46813,1568,0.924,visual,2026-05-27T11:26:10Z
24166,46814,1556,0.818,inferred,2026-05-27T11:26:10Z
24167,46815,1541,0.927,direct,2026-05-27T11:26:10Z
24168,46816,1549,0.933,semantic,2026-05-27T11:26:10Z
24169,46817,1550,0.916,hashtag,2026-05-27T11:26:10Z
24170,46818,1554,0.769,visual,2026-05-27T11:26:10Z
24171,46820,1572,0.705,direct,2026-05-27T11:26:10Z
24172,46822,1545,0.994,hashtag,2026-05-27T11:26:10Z
24173,46823,1554,0.85,visual,2026-05-27T11:26:10Z
24174,46825,1543,0.919,direct,2026-05-27T11:26:10Z
24175,46826,1554,0.723,semantic,2026-05-27T11:26:10Z
24176,46827,1572,0.999,hashtag,2026-05-27T11:26:10Z
24177,46828,1569,0.883,visual,2026-05-27T11:26:10Z
24178,46829,1553,0.762,inferred,2026-05-27T11:26:10Z
24179,46830,1544,0.771,direct,2026-05-27T11:26:10Z
24180,46831,1570,0.938,semantic,2026-05-27T11:26:10Z
24181,46833,1570,0.846,visual,2026-05-27T11:26:10Z
24182,46834,1550,0.959,inferred,2026-05-27T11:26:10Z
24183,46835,1544,0.752,direct,2026-05-27T11:26:10Z
24184,46836,1553,0.732,semantic,2026-05-27T11:26:10Z
24185,46843,1552,0.794,visual,2026-05-27T11:26:10Z
24186,46844,1563,0.91,inferred,2026-05-27T11:26:10Z
24187,46846,1568,0.78,semantic,2026-05-27T11:26:10Z
24188,46847,1549,0.882,hashtag,2026-05-27T11:26:10Z
24189,46848,1572,0.979,visual,2026-05-27T11:26:10Z
24190,46849,1543,0.944,inferred,2026-05-27T11:26:10Z
24191,46850,1552,0.782,direct,2026-05-27T11:26:10Z
24192,46854,1545,0.815,inferred,2026-05-27T11:26:10Z
24193,46857,1550,0.935,hashtag,2026-05-27T11:26:10Z
24194,46858,1559,0.896,visual,2026-05-27T11:26:10Z
24195,46859,1563,0.917,inferred,2026-05-27T11:26:10Z
24196,46860,1555,0.935,direct,2026-05-27T11:26:10Z
24197,46861,1564,0.966,semantic,2026-05-27T11:26:10Z
24198,46862,1544,0.816,hashtag,2026-05-27T11:26:10Z
24199,46863,1562,0.705,visual,2026-05-27T11:26:10Z
24200,46864,1553,0.737,inferred,2026-05-27T11:26:10Z
24201,46865,1551,0.939,direct,2026-05-27T11:26:10Z
24202,46866,1568,0.774,semantic,2026-05-27T11:26:10Z
24203,46867,1561,0.877,hashtag,2026-05-27T11:26:10Z
24204,46869,1567,0.831,inferred,2026-05-27T11:26:10Z
24205,46871,1541,0.721,semantic,2026-05-27T11:26:10Z
24206,46872,1542,0.908,hashtag,2026-05-27T11:26:10Z
24207,46873,1548,0.76,visual,2026-05-27T11:26:10Z
24208,46874,1571,0.935,inferred,2026-05-27T11:26:10Z
24209,46876,1559,0.864,semantic,2026-05-27T11:26:10Z
24210,46877,1548,0.868,hashtag,2026-05-27T11:26:10Z
24211,46879,1561,0.784,inferred,2026-05-27T11:26:10Z
24212,46882,1569,0.785,hashtag,2026-05-27T11:26:10Z
24213,46884,1544,0.817,inferred,2026-05-27T11:26:10Z
24214,46885,1556,0.75,direct,2026-05-27T11:26:10Z
24215,46886,1556,0.701,semantic,2026-05-27T11:26:10Z
24216,46888,1569,0.874,visual,2026-05-27T11:26:10Z
24217,46889,1558,0.734,inferred,2026-05-27T11:26:10Z
24218,46890,1559,0.785,direct,2026-05-27T11:26:10Z
24219,46891,1553,0.945,semantic,2026-05-27T11:26:10Z
24220,46892,1560,0.722,hashtag,2026-05-27T11:26:10Z
24221,46893,1550,0.853,visual,2026-05-27T11:26:10Z
24222,46894,1541,0.766,inferred,2026-05-27T11:26:10Z
24223,46895,1571,0.895,direct,2026-05-27T11:26:10Z
24224,46896,1541,0.887,semantic,2026-05-27T11:26:10Z
24225,46897,1566,0.97,hashtag,2026-05-27T11:26:10Z
24226,46899,1556,0.821,inferred,2026-05-27T11:26:10Z
24227,46900,1559,0.881,direct,2026-05-27T11:26:10Z
24228,46901,1544,0.806,semantic,2026-05-27T11:26:10Z
24229,46902,1547,0.998,hashtag,2026-05-27T11:26:10Z
24230,46903,1556,0.917,visual,2026-05-27T11:26:10Z
24231,46904,1561,0.706,inferred,2026-05-27T11:26:10Z
24232,46905,1565,0.738,direct,2026-05-27T11:26:10Z
24233,46908,1560,0.865,visual,2026-05-27T11:26:10Z
24234,46911,1567,0.848,semantic,2026-05-27T11:26:10Z
24235,46912,1544,0.853,hashtag,2026-05-27T11:26:10Z
24236,46914,1565,0.91,inferred,2026-05-27T11:26:10Z
24237,46915,1548,0.813,direct,2026-05-27T11:26:10Z
24238,46918,1547,0.943,visual,2026-05-27T11:26:10Z
24239,46920,1548,0.728,direct,2026-05-27T11:26:10Z
24240,46922,1547,0.855,hashtag,2026-05-27T11:26:10Z
24241,46923,1570,0.837,visual,2026-05-27T11:26:10Z
24242,46924,1567,0.775,inferred,2026-05-27T11:26:10Z
24243,46926,1554,0.915,semantic,2026-05-27T11:26:10Z
24244,46927,1565,0.989,hashtag,2026-05-27T11:26:10Z
24245,46928,1565,0.858,visual,2026-05-27T11:26:10Z
24246,46929,1541,0.912,inferred,2026-05-27T11:26:10Z
24247,46930,1548,0.976,direct,2026-05-27T11:26:10Z
24248,46931,1563,0.863,semantic,2026-05-27T11:26:10Z
24249,46933,1564,0.847,visual,2026-05-27T11:26:10Z
24250,46934,1571,0.823,inferred,2026-05-27T11:26:10Z
24251,46935,1549,0.963,direct,2026-05-27T11:26:10Z
24252,46936,1564,0.89,semantic,2026-05-27T11:26:10Z
24253,46938,1561,0.877,visual,2026-05-27T11:26:10Z
24254,46939,1571,0.772,inferred,2026-05-27T11:26:10Z
24255,46940,1554,0.885,direct,2026-05-27T11:26:10Z
24256,46941,1541,0.747,semantic,2026-05-27T11:26:10Z
24257,46943,1553,0.917,visual,2026-05-27T11:26:10Z
24258,46945,1547,0.716,direct,2026-05-27T11:26:10Z
24259,46946,1571,0.712,semantic,2026-05-27T11:26:10Z
24260,46949,1543,0.854,inferred,2026-05-27T11:26:10Z
24261,46950,1551,0.957,direct,2026-05-27T11:26:10Z
24262,46951,1542,0.741,semantic,2026-05-27T11:26:10Z
24263,46952,1548,0.71,hashtag,2026-05-27T11:26:10Z
24264,46953,1571,0.783,visual,2026-05-27T11:26:10Z
24265,46954,1552,0.829,inferred,2026-05-27T11:26:10Z
24266,46955,1572,0.827,direct,2026-05-27T11:26:10Z
24267,46956,1555,0.72,semantic,2026-05-27T11:26:10Z
24268,46958,1561,0.747,visual,2026-05-27T11:26:10Z
24269,46960,1550,0.989,direct,2026-05-27T11:26:10Z
24270,46962,1566,0.937,hashtag,2026-05-27T11:26:10Z
24271,46963,1563,0.866,visual,2026-05-27T11:26:10Z
24272,46964,1570,0.945,inferred,2026-05-27T11:26:10Z
24273,46965,1541,0.795,direct,2026-05-27T11:26:10Z
24274,46966,1546,0.721,semantic,2026-05-27T11:26:10Z
24275,46967,1543,0.993,hashtag,2026-05-27T11:26:10Z
24276,46968,1546,0.775,visual,2026-05-27T11:26:10Z
24277,46969,1546,0.705,inferred,2026-05-27T11:26:10Z
24278,46971,1547,0.784,semantic,2026-05-27T11:26:10Z
24279,46972,1563,0.704,hashtag,2026-05-27T11:26:10Z
24280,46973,1549,0.957,visual,2026-05-27T11:26:10Z
24281,46975,1569,0.88,direct,2026-05-27T11:26:10Z
24282,46977,1559,0.815,hashtag,2026-05-27T11:26:10Z
24283,46979,1559,0.936,inferred,2026-05-27T11:26:10Z
24284,46980,1559,0.887,direct,2026-05-27T11:26:10Z
24285,46981,1558,0.974,semantic,2026-05-27T11:26:10Z
24286,46984,1544,0.998,inferred,2026-05-27T11:26:10Z
24287,46986,1561,0.988,semantic,2026-05-27T11:26:10Z
24288,46987,1572,0.935,hashtag,2026-05-27T11:26:10Z
24289,46990,1570,0.772,direct,2026-05-27T11:26:10Z
24290,46991,1561,0.878,semantic,2026-05-27T11:26:10Z
24291,46993,1563,0.834,visual,2026-05-27T11:26:10Z
24292,46995,1559,0.913,direct,2026-05-27T11:26:10Z
24293,46996,1557,0.993,semantic,2026-05-27T11:26:10Z
24294,46997,1564,0.706,hashtag,2026-05-27T11:26:10Z
24295,46998,1552,0.966,visual,2026-05-27T11:26:10Z
24296,46999,1563,0.984,inferred,2026-05-27T11:26:10Z
24297,47000,1541,0.838,direct,2026-05-27T11:26:10Z
24298,47002,1560,0.711,hashtag,2026-05-27T11:26:10Z
24299,47003,1550,0.731,visual,2026-05-27T11:26:10Z
24300,47004,1564,0.841,inferred,2026-05-27T11:26:10Z
24301,47005,1554,0.735,direct,2026-05-27T11:26:10Z
24302,47007,1554,0.797,hashtag,2026-05-27T11:26:10Z
24303,47008,1569,0.773,visual,2026-05-27T11:26:10Z
24304,47009,1560,0.846,inferred,2026-05-27T11:26:10Z
24305,47011,1561,0.721,semantic,2026-05-27T11:26:10Z
24306,47013,1542,0.759,visual,2026-05-27T11:26:10Z
24307,47014,1572,0.859,inferred,2026-05-27T11:26:11Z
24308,47015,1564,0.909,direct,2026-05-27T11:26:11Z
24309,47016,1558,0.858,semantic,2026-05-27T11:26:11Z
24310,47017,1570,0.944,hashtag,2026-05-27T11:26:11Z
24311,47018,1541,0.971,visual,2026-05-27T11:26:11Z
24312,47019,1564,0.795,inferred,2026-05-27T11:26:11Z
24313,47023,1571,0.775,visual,2026-05-27T11:26:11Z
24314,47024,1564,0.734,inferred,2026-05-27T11:26:11Z
24315,47025,1567,0.961,direct,2026-05-27T11:26:11Z
24316,47028,1549,0.835,visual,2026-05-27T11:26:11Z
24317,47029,1542,0.958,inferred,2026-05-27T11:26:11Z
24318,47030,1554,0.971,direct,2026-05-27T11:26:11Z
24319,47031,1567,0.961,semantic,2026-05-27T11:26:11Z
24320,47033,1545,0.803,visual,2026-05-27T11:26:11Z
24321,47034,1548,0.88,inferred,2026-05-27T11:26:11Z
24322,47035,1542,0.754,direct,2026-05-27T11:26:11Z
24323,47036,1549,0.895,semantic,2026-05-27T11:26:11Z
24324,47037,1562,0.982,hashtag,2026-05-27T11:26:11Z
24325,47038,1551,0.714,visual,2026-05-27T11:26:11Z
24326,47040,1541,0.796,direct,2026-05-27T11:26:11Z
24327,47044,1556,0.956,inferred,2026-05-27T11:26:11Z
24328,47046,1543,0.77,semantic,2026-05-27T11:26:11Z
24329,47047,1547,0.905,hashtag,2026-05-27T11:26:11Z
24330,47050,1571,0.826,direct,2026-05-27T11:26:11Z
24331,47051,1550,0.708,semantic,2026-05-27T11:26:11Z
24332,47052,1569,0.761,hashtag,2026-05-27T11:26:11Z
24333,47053,1559,0.913,visual,2026-05-27T11:26:11Z
24334,47054,1558,0.833,inferred,2026-05-27T11:26:11Z
24335,47055,1545,0.733,direct,2026-05-27T11:26:11Z
24336,47056,1549,0.981,semantic,2026-05-27T11:26:11Z
24337,47057,1557,0.932,hashtag,2026-05-27T11:26:11Z
24338,47058,1551,0.812,visual,2026-05-27T11:26:11Z
24339,47060,1553,0.722,direct,2026-05-27T11:26:11Z
24340,47061,1555,0.979,semantic,2026-05-27T11:26:11Z
24341,47062,1549,0.778,hashtag,2026-05-27T11:26:11Z
24342,47063,1556,0.82,visual,2026-05-27T11:26:11Z
24343,47064,1547,0.795,inferred,2026-05-27T11:26:11Z
24344,47066,1559,0.857,semantic,2026-05-27T11:26:11Z
24345,47068,1554,0.785,visual,2026-05-27T11:26:11Z
24346,47069,1568,0.956,inferred,2026-05-27T11:26:11Z
24347,47070,1548,0.765,direct,2026-05-27T11:26:11Z
24348,47071,1569,0.737,semantic,2026-05-27T11:26:11Z
24349,47073,1557,0.732,visual,2026-05-27T11:26:11Z
24350,47074,1556,0.821,inferred,2026-05-27T11:26:11Z
24351,47076,1563,0.964,semantic,2026-05-27T11:26:11Z
24352,47077,1561,0.769,hashtag,2026-05-27T11:26:11Z
24353,47078,1548,0.793,visual,2026-05-27T11:26:11Z
24354,47079,1569,0.935,inferred,2026-05-27T11:26:11Z
24355,47081,1541,0.907,semantic,2026-05-27T11:26:11Z
24356,47082,1570,0.743,hashtag,2026-05-27T11:26:11Z
24357,47083,1558,0.896,visual,2026-05-27T11:26:11Z
24358,47085,1560,0.97,direct,2026-05-27T11:26:11Z
24359,47087,1566,0.709,hashtag,2026-05-27T11:26:11Z
24360,47088,1561,0.93,visual,2026-05-27T11:26:11Z
24361,47090,1543,0.736,direct,2026-05-27T11:26:11Z
24362,47091,1569,0.736,semantic,2026-05-27T11:26:11Z
24363,47093,1559,0.809,visual,2026-05-27T11:26:11Z
24364,47094,1553,0.938,inferred,2026-05-27T11:26:11Z
24365,47095,1544,0.854,direct,2026-05-27T11:26:11Z
24366,47096,1547,0.931,semantic,2026-05-27T11:26:11Z
24367,47097,1559,0.727,hashtag,2026-05-27T11:26:11Z
24368,47098,1570,0.846,visual,2026-05-27T11:26:11Z
24369,47100,1562,0.806,direct,2026-05-27T11:26:11Z
24370,47101,1549,0.705,semantic,2026-05-27T11:26:11Z
24371,47102,1543,0.921,hashtag,2026-05-27T11:26:11Z
24372,47103,1562,0.726,visual,2026-05-27T11:26:11Z
24373,47104,1548,0.775,inferred,2026-05-27T11:26:11Z
24374,47105,1571,0.896,direct,2026-05-27T11:26:11Z
24375,47108,1541,0.927,visual,2026-05-27T11:26:11Z
24376,47110,1565,0.741,direct,2026-05-27T11:26:11Z
24377,47111,1561,0.927,semantic,2026-05-27T11:26:11Z
24378,47112,1567,0.798,hashtag,2026-05-27T11:26:11Z
24379,47113,1555,0.961,visual,2026-05-27T11:26:11Z
24380,47115,1554,0.863,direct,2026-05-27T11:26:11Z
24381,47116,1554,0.793,semantic,2026-05-27T11:26:11Z
24382,47117,1552,0.837,hashtag,2026-05-27T11:26:11Z
24383,47118,1556,0.889,visual,2026-05-27T11:26:11Z
24384,47119,1545,0.775,inferred,2026-05-27T11:26:11Z
24385,47120,1554,0.974,direct,2026-05-27T11:26:11Z
24386,47121,1571,0.95,semantic,2026-05-27T11:26:11Z
24387,47122,1552,0.834,hashtag,2026-05-27T11:26:11Z
24388,47123,1543,0.718,visual,2026-05-27T11:26:11Z
24389,47124,1572,0.859,inferred,2026-05-27T11:26:11Z
24390,47127,1555,0.86,hashtag,2026-05-27T11:26:11Z
24391,47128,1548,0.986,visual,2026-05-27T11:26:11Z
24392,47129,1562,0.948,inferred,2026-05-27T11:26:11Z
24393,47130,1541,0.767,direct,2026-05-27T11:26:11Z
24394,47131,1570,0.787,semantic,2026-05-27T11:26:11Z
24395,47134,1567,0.719,inferred,2026-05-27T11:26:11Z
24396,47135,1568,0.961,direct,2026-05-27T11:26:11Z
24397,47137,1544,0.807,hashtag,2026-05-27T11:26:11Z
24398,47139,1556,0.872,inferred,2026-05-27T11:26:11Z
24399,47140,1542,0.756,direct,2026-05-27T11:26:11Z
24400,47141,1563,0.779,semantic,2026-05-27T11:26:11Z
24401,47145,1563,0.802,direct,2026-05-27T11:26:11Z
24402,47146,1564,0.998,semantic,2026-05-27T11:26:11Z
24403,47147,1541,0.948,hashtag,2026-05-27T11:26:11Z
24404,47148,1554,0.954,visual,2026-05-27T11:26:11Z
24405,47150,1550,0.758,direct,2026-05-27T11:26:11Z
24406,47151,1554,0.762,semantic,2026-05-27T11:26:11Z
24407,47152,1549,0.961,hashtag,2026-05-27T11:26:11Z
24408,47153,1562,0.701,visual,2026-05-27T11:26:11Z
24409,47154,1541,0.848,inferred,2026-05-27T11:26:11Z
24410,47156,1565,0.976,semantic,2026-05-27T11:26:11Z
24411,47158,1560,0.854,visual,2026-05-27T11:26:11Z
24412,47159,1542,0.823,inferred,2026-05-27T11:26:11Z
24413,47161,1541,0.785,semantic,2026-05-27T11:26:11Z
24414,47162,1560,0.762,hashtag,2026-05-27T11:26:11Z
24415,47163,1548,0.821,visual,2026-05-27T11:26:11Z
24416,47165,1569,0.865,direct,2026-05-27T11:26:11Z
24417,47166,1541,0.96,semantic,2026-05-27T11:26:11Z
24418,47167,1572,0.724,hashtag,2026-05-27T11:26:11Z
24419,47169,1546,0.706,inferred,2026-05-27T11:26:11Z
24420,47171,1551,0.897,semantic,2026-05-27T11:26:11Z
24421,47172,1557,0.985,hashtag,2026-05-27T11:26:11Z
24422,47173,1544,0.771,visual,2026-05-27T11:26:11Z
24423,47174,1545,0.869,inferred,2026-05-27T11:26:11Z
24424,47176,1553,0.723,semantic,2026-05-27T11:26:11Z
24425,47178,1545,0.821,visual,2026-05-27T11:26:11Z
24426,47179,1549,0.764,inferred,2026-05-27T11:26:11Z
24427,47181,1564,0.767,semantic,2026-05-27T11:26:11Z
24428,47182,1572,0.862,hashtag,2026-05-27T11:26:11Z
24429,47183,1557,0.992,visual,2026-05-27T11:26:11Z
24430,47184,1563,0.761,inferred,2026-05-27T11:26:11Z
24431,47185,1563,0.81,direct,2026-05-27T11:26:11Z
24432,47187,1562,0.938,hashtag,2026-05-27T11:26:11Z
24433,47188,1546,0.779,visual,2026-05-27T11:26:11Z
24434,47190,1544,0.839,direct,2026-05-27T11:26:11Z
24435,47191,1564,0.717,semantic,2026-05-27T11:26:11Z
24436,47193,1562,0.909,visual,2026-05-27T11:26:11Z
24437,47194,1556,0.789,inferred,2026-05-27T11:26:11Z
24438,47195,1542,0.743,direct,2026-05-27T11:26:11Z
24439,47197,1568,0.842,hashtag,2026-05-27T11:26:11Z
24440,47198,1554,0.743,visual,2026-05-27T11:26:11Z
24441,47200,1548,0.782,direct,2026-05-27T11:26:11Z
24442,47201,1552,0.931,semantic,2026-05-27T11:26:11Z
24443,47202,1554,0.947,hashtag,2026-05-27T11:26:11Z
24444,47203,1550,0.709,visual,2026-05-27T11:26:11Z
24445,47204,1560,0.713,inferred,2026-05-27T11:26:11Z
24446,47205,1558,0.745,direct,2026-05-27T11:26:11Z
24447,47206,1541,0.864,semantic,2026-05-27T11:26:11Z
24448,47207,1542,0.896,hashtag,2026-05-27T11:26:11Z
24449,47210,1570,0.934,direct,2026-05-27T11:26:11Z
24450,47211,1572,0.748,semantic,2026-05-27T11:26:11Z
24451,47212,1546,0.969,hashtag,2026-05-27T11:26:11Z
24452,47213,1571,0.794,visual,2026-05-27T11:26:11Z
24453,47215,1568,0.903,direct,2026-05-27T11:26:11Z
24454,47216,1548,0.768,semantic,2026-05-27T11:26:11Z
24455,47218,1558,0.714,visual,2026-05-27T11:26:11Z
24456,47221,1541,0.919,semantic,2026-05-27T11:26:11Z
24457,47223,1559,0.749,visual,2026-05-27T11:26:11Z
24458,47225,1557,0.756,direct,2026-05-27T11:26:11Z
24459,47226,1557,0.868,semantic,2026-05-27T11:26:11Z
24460,47230,1544,0.924,direct,2026-05-27T11:26:11Z
24461,47231,1568,0.948,semantic,2026-05-27T11:26:11Z
24462,47234,1559,0.763,inferred,2026-05-27T11:26:11Z
24463,47235,1545,0.892,direct,2026-05-27T11:26:11Z
24464,47236,1546,0.916,semantic,2026-05-27T11:26:11Z
24465,47239,1558,0.928,inferred,2026-05-27T11:26:11Z
24466,47240,1547,0.81,direct,2026-05-27T11:26:11Z
24467,47241,1565,0.995,semantic,2026-05-27T11:26:11Z
24468,47242,1561,0.877,hashtag,2026-05-27T11:26:11Z
24469,47243,1565,0.86,visual,2026-05-27T11:26:11Z
24470,47244,1555,0.771,inferred,2026-05-27T11:26:11Z
24471,47247,1545,0.96,hashtag,2026-05-27T11:26:11Z
24472,47249,1541,0.792,inferred,2026-05-27T11:26:11Z
24473,47251,1554,0.923,semantic,2026-05-27T11:26:11Z
24474,47252,1566,0.704,hashtag,2026-05-27T11:26:11Z
24475,47254,1558,0.91,inferred,2026-05-27T11:26:11Z
24476,47255,1564,0.815,direct,2026-05-27T11:26:11Z
24477,47259,1550,0.944,inferred,2026-05-27T11:26:11Z
24478,47261,1554,0.993,semantic,2026-05-27T11:26:11Z
24479,47263,1568,0.946,visual,2026-05-27T11:26:11Z
24480,47264,1549,0.901,inferred,2026-05-27T11:26:11Z
24481,47266,1552,0.883,semantic,2026-05-27T11:26:11Z
24482,47268,1548,0.921,visual,2026-05-27T11:26:11Z
24483,47269,1569,0.98,inferred,2026-05-27T11:26:11Z
24484,47270,1560,0.837,direct,2026-05-27T11:26:11Z
24485,47272,1572,0.843,hashtag,2026-05-27T11:26:11Z
24486,47273,1550,0.816,visual,2026-05-27T11:26:11Z
24487,47274,1556,0.752,inferred,2026-05-27T11:26:11Z
24488,47277,1543,0.776,hashtag,2026-05-27T11:26:11Z
24489,47278,1563,0.986,visual,2026-05-27T11:26:11Z
24490,47279,1566,0.887,inferred,2026-05-27T11:26:11Z
24491,47280,1565,0.722,direct,2026-05-27T11:26:11Z
24492,47281,1559,0.919,semantic,2026-05-27T11:26:11Z
24493,47282,1559,0.908,hashtag,2026-05-27T11:26:11Z
24494,47283,1556,0.974,visual,2026-05-27T11:26:11Z
24495,47285,1549,0.799,direct,2026-05-27T11:26:11Z
24496,47286,1557,0.815,semantic,2026-05-27T11:26:11Z
24497,47290,1567,0.854,direct,2026-05-27T11:26:11Z
24498,47291,1541,0.771,semantic,2026-05-27T11:26:11Z
24499,47293,1544,0.737,visual,2026-05-27T11:26:11Z
24500,47294,1563,0.747,inferred,2026-05-27T11:26:11Z
24501,47296,1549,0.767,semantic,2026-05-27T11:26:11Z
24502,47299,1563,0.895,inferred,2026-05-27T11:26:11Z
24503,47300,1557,0.773,direct,2026-05-27T11:26:11Z
24504,47303,1559,0.716,visual,2026-05-27T11:26:11Z
24505,47304,1561,0.769,inferred,2026-05-27T11:26:11Z
24506,47307,1554,0.863,hashtag,2026-05-27T11:26:11Z
24507,47308,1556,0.955,visual,2026-05-27T11:26:11Z
24508,47309,1547,0.957,inferred,2026-05-27T11:26:11Z
24509,47310,1560,0.998,direct,2026-05-27T11:26:11Z
24510,47311,1557,0.948,semantic,2026-05-27T11:26:11Z
24511,47314,1543,0.913,inferred,2026-05-27T11:26:11Z
24512,47316,1541,0.834,semantic,2026-05-27T11:26:11Z
24513,47318,1566,0.719,visual,2026-05-27T11:26:11Z
24514,47319,1559,0.779,inferred,2026-05-27T11:26:11Z
24515,47320,1566,0.933,direct,2026-05-27T11:26:11Z
24516,47321,1541,0.946,semantic,2026-05-27T11:26:11Z
24517,47328,1543,0.714,visual,2026-05-27T11:26:11Z
24518,47329,1558,0.705,inferred,2026-05-27T11:26:11Z
24519,47330,1542,0.921,direct,2026-05-27T11:26:11Z
24520,47331,1547,0.905,semantic,2026-05-27T11:26:11Z
24521,47332,1549,0.914,hashtag,2026-05-27T11:26:11Z
24522,47333,1564,0.763,visual,2026-05-27T11:26:11Z
24523,47334,1547,0.834,inferred,2026-05-27T11:26:11Z
24524,47335,1557,0.92,direct,2026-05-27T11:26:11Z
24525,47336,1572,0.996,semantic,2026-05-27T11:26:11Z
24526,47337,1571,0.714,hashtag,2026-05-27T11:26:11Z
24527,47339,1563,0.728,inferred,2026-05-27T11:26:11Z
24528,47340,1564,0.823,direct,2026-05-27T11:26:11Z
24529,47341,1541,0.906,semantic,2026-05-27T11:26:11Z
24530,47344,1548,0.916,inferred,2026-05-27T11:26:11Z
24531,47346,1547,0.916,semantic,2026-05-27T11:26:11Z
24532,47348,1552,0.737,visual,2026-05-27T11:26:11Z
24533,47351,1561,0.956,semantic,2026-05-27T11:26:11Z
24534,47353,1551,0.754,visual,2026-05-27T11:26:11Z
24535,47354,1565,0.851,inferred,2026-05-27T11:26:11Z
24536,47355,1560,0.904,direct,2026-05-27T11:26:11Z
24537,47356,1547,0.707,semantic,2026-05-27T11:26:11Z
24538,47357,1552,0.928,hashtag,2026-05-27T11:26:11Z
24539,47361,1553,0.89,semantic,2026-05-27T11:26:11Z
24540,47362,1544,0.842,hashtag,2026-05-27T11:26:11Z
24541,47364,1566,0.942,inferred,2026-05-27T11:26:11Z
24542,47366,1545,0.836,semantic,2026-05-27T11:26:11Z
24543,47367,1550,0.917,hashtag,2026-05-27T11:26:11Z
24544,47368,1560,0.743,visual,2026-05-27T11:26:11Z
24545,47369,1569,0.728,inferred,2026-05-27T11:26:11Z
24546,47374,1566,0.978,inferred,2026-05-27T11:26:11Z
24547,47376,1566,0.871,semantic,2026-05-27T11:26:11Z
24548,47377,1543,0.964,hashtag,2026-05-27T11:26:11Z
24549,47378,1569,0.793,visual,2026-05-27T11:26:11Z
24550,47379,1555,0.855,inferred,2026-05-27T11:26:11Z
24551,47381,1552,0.768,semantic,2026-05-27T11:26:11Z
24552,47383,1547,0.954,visual,2026-05-27T11:26:11Z
24553,47385,1568,0.796,direct,2026-05-27T11:26:11Z
24554,47386,1565,0.989,semantic,2026-05-27T11:26:11Z
24555,47387,1541,0.935,hashtag,2026-05-27T11:26:11Z
24556,47389,1563,0.717,inferred,2026-05-27T11:26:11Z
24557,47390,1568,0.716,direct,2026-05-27T11:26:11Z
24558,47391,1556,0.72,semantic,2026-05-27T11:26:11Z
24559,47392,1543,0.79,hashtag,2026-05-27T11:26:11Z
24560,47394,1561,0.926,inferred,2026-05-27T11:26:11Z
24561,47395,1567,0.858,direct,2026-05-27T11:26:11Z
24562,47396,1547,0.876,semantic,2026-05-27T11:26:11Z
24563,47398,1565,0.892,visual,2026-05-27T11:26:11Z
24564,47399,1572,0.794,inferred,2026-05-27T11:26:11Z
24565,47401,1571,0.764,semantic,2026-05-27T11:26:11Z
24566,47403,1545,0.817,visual,2026-05-27T11:26:11Z
24567,47404,1543,0.875,inferred,2026-05-27T11:26:11Z
24568,47405,1565,0.869,direct,2026-05-27T11:26:11Z
24569,47406,1543,0.772,semantic,2026-05-27T11:26:11Z
24570,47407,1545,0.941,hashtag,2026-05-27T11:26:11Z
24571,47408,1556,0.706,visual,2026-05-27T11:26:11Z
24572,47409,1557,0.984,inferred,2026-05-27T11:26:11Z
24573,47410,1559,0.937,direct,2026-05-27T11:26:11Z
24574,47411,1563,0.798,semantic,2026-05-27T11:26:11Z
24575,47414,1556,0.92,inferred,2026-05-27T11:26:11Z
24576,47415,1572,0.973,direct,2026-05-27T11:26:11Z
24577,47417,1558,0.976,hashtag,2026-05-27T11:26:11Z
24578,47418,1572,0.761,visual,2026-05-27T11:26:11Z
24579,47419,1549,0.934,inferred,2026-05-27T11:26:11Z
24580,47420,1566,0.716,direct,2026-05-27T11:26:11Z
24581,47421,1560,0.895,semantic,2026-05-27T11:26:11Z
24582,47422,1541,0.954,hashtag,2026-05-27T11:26:11Z
24583,47423,1553,0.894,visual,2026-05-27T11:26:11Z
24584,47427,1565,0.985,hashtag,2026-05-27T11:26:11Z
24585,47428,1555,0.825,visual,2026-05-27T11:26:11Z
24586,47430,1545,0.969,direct,2026-05-27T11:26:11Z
24587,47431,1552,0.987,semantic,2026-05-27T11:26:11Z
24588,47432,1565,0.723,hashtag,2026-05-27T11:26:11Z
24589,47433,1566,0.961,visual,2026-05-27T11:26:11Z
24590,47435,1560,0.913,direct,2026-05-27T11:26:11Z
24591,47436,1551,0.985,semantic,2026-05-27T11:26:11Z
24592,47437,1548,0.717,hashtag,2026-05-27T11:26:11Z
24593,47440,1548,0.782,direct,2026-05-27T11:26:11Z
24594,47441,1549,0.987,semantic,2026-05-27T11:26:11Z
24595,47442,1541,0.953,hashtag,2026-05-27T11:26:11Z
24596,47443,1551,0.826,visual,2026-05-27T11:26:11Z
24597,47444,1565,0.88,inferred,2026-05-27T11:26:11Z
24598,47446,1555,0.992,semantic,2026-05-27T11:26:11Z
24599,47447,1563,0.895,hashtag,2026-05-27T11:26:11Z
24600,47448,1559,0.924,visual,2026-05-27T11:26:11Z
24601,47450,1554,0.915,direct,2026-05-27T11:26:11Z
24602,47451,1557,0.707,semantic,2026-05-27T11:26:11Z
24603,47453,1569,0.979,visual,2026-05-27T11:26:11Z
24604,47454,1554,0.934,inferred,2026-05-27T11:26:11Z
24605,47457,1551,0.838,hashtag,2026-05-27T11:26:11Z
24606,47458,1552,0.939,visual,2026-05-27T11:26:11Z
24607,47461,1552,0.706,semantic,2026-05-27T11:26:11Z
24608,47462,1568,0.941,hashtag,2026-05-27T11:26:11Z
24609,47463,1572,0.811,visual,2026-05-27T11:26:11Z
24610,47464,1547,0.855,inferred,2026-05-27T11:26:11Z
24611,47466,1563,0.94,semantic,2026-05-27T11:26:11Z
24612,47467,1547,0.749,hashtag,2026-05-27T11:26:11Z
24613,47468,1558,0.761,visual,2026-05-27T11:26:11Z
24614,47469,1564,0.731,inferred,2026-05-27T11:26:11Z
24615,47472,1560,0.818,hashtag,2026-05-27T11:26:11Z
24616,47473,1559,0.727,visual,2026-05-27T11:26:11Z
24617,47474,1566,0.979,inferred,2026-05-27T11:26:11Z
24618,47475,1570,0.906,direct,2026-05-27T11:26:11Z
24619,47478,1560,0.88,visual,2026-05-27T11:26:11Z
24620,47479,1563,0.761,inferred,2026-05-27T11:26:11Z
24621,47480,1550,0.754,direct,2026-05-27T11:26:11Z
24622,47481,1560,0.938,semantic,2026-05-27T11:26:11Z
24623,47482,1568,0.763,hashtag,2026-05-27T11:26:11Z
24624,47483,1553,0.872,visual,2026-05-27T11:26:11Z
24625,47485,1558,0.825,direct,2026-05-27T11:26:11Z
24626,47487,1567,0.782,hashtag,2026-05-27T11:26:11Z
24627,47488,1568,0.882,visual,2026-05-27T11:26:11Z
24628,47489,1541,0.74,inferred,2026-05-27T11:26:11Z
24629,47490,1569,0.801,direct,2026-05-27T11:26:11Z
24630,47491,1551,0.996,semantic,2026-05-27T11:26:11Z
24631,47493,1558,0.927,visual,2026-05-27T11:26:11Z
24632,47494,1562,0.725,inferred,2026-05-27T11:26:11Z
24633,47497,1568,0.876,hashtag,2026-05-27T11:26:11Z
24634,47498,1565,0.88,visual,2026-05-27T11:26:11Z
24635,47499,1541,0.716,inferred,2026-05-27T11:26:11Z
24636,47500,1554,0.958,direct,2026-05-27T11:26:11Z
24637,47501,1555,0.716,semantic,2026-05-27T11:26:11Z
24638,47502,1570,0.967,hashtag,2026-05-27T11:26:11Z
24639,47503,1572,0.964,visual,2026-05-27T11:26:11Z
24640,47504,1542,0.738,inferred,2026-05-27T11:26:11Z
24641,47506,1550,0.992,semantic,2026-05-27T11:26:11Z
24642,47511,1571,0.828,semantic,2026-05-27T11:26:11Z
24643,47512,1555,0.793,hashtag,2026-05-27T11:26:11Z
24644,47513,1570,0.747,visual,2026-05-27T11:26:11Z
24645,47514,1548,0.729,inferred,2026-05-27T11:26:11Z
24646,47515,1553,0.9,direct,2026-05-27T11:26:11Z
24647,47517,1556,0.826,hashtag,2026-05-27T11:26:11Z
24648,47518,1559,0.962,visual,2026-05-27T11:26:11Z
24649,47519,1557,0.851,inferred,2026-05-27T11:26:11Z
24650,47520,1552,0.881,direct,2026-05-27T11:26:11Z
24651,47522,1542,0.772,hashtag,2026-05-27T11:26:11Z
24652,47523,1549,0.832,visual,2026-05-27T11:26:11Z
24653,47524,1542,0.836,inferred,2026-05-27T11:26:11Z
24654,47525,1554,0.758,direct,2026-05-27T11:26:11Z
24655,47527,1558,0.927,hashtag,2026-05-27T11:26:11Z
24656,47528,1548,0.968,visual,2026-05-27T11:26:11Z
24657,47533,1564,0.905,visual,2026-05-27T11:26:11Z
24658,47534,1558,0.754,inferred,2026-05-27T11:26:11Z
24659,47536,1564,0.974,semantic,2026-05-27T11:26:11Z
24660,47537,1542,0.903,hashtag,2026-05-27T11:26:11Z
24661,47538,1556,0.783,visual,2026-05-27T11:26:11Z
24662,47539,1553,0.866,inferred,2026-05-27T11:26:11Z
24663,47543,1558,0.921,visual,2026-05-27T11:26:11Z
24664,47545,1543,0.719,direct,2026-05-27T11:26:11Z
24665,47548,1569,0.791,visual,2026-05-27T11:26:11Z
24666,47549,1542,0.981,inferred,2026-05-27T11:26:11Z
24667,47550,1554,0.885,direct,2026-05-27T11:26:11Z
24668,47551,1567,1,semantic,2026-05-27T11:26:11Z
24669,47552,1550,0.906,hashtag,2026-05-27T11:26:11Z
24670,47553,1543,0.773,visual,2026-05-27T11:26:11Z
24671,47554,1563,0.82,inferred,2026-05-27T11:26:11Z
24672,47555,1561,0.91,direct,2026-05-27T11:26:11Z
24673,47556,1563,0.871,semantic,2026-05-27T11:26:11Z
24674,47558,1561,0.993,visual,2026-05-27T11:26:11Z
24675,47559,1550,0.952,inferred,2026-05-27T11:26:11Z
24676,47560,1567,0.781,direct,2026-05-27T11:26:11Z
24677,47561,1563,0.929,semantic,2026-05-27T11:26:11Z
24678,47563,1554,0.823,visual,2026-05-27T11:26:11Z
24679,47564,1570,0.854,inferred,2026-05-27T11:26:11Z
24680,47565,1544,0.744,direct,2026-05-27T11:26:11Z
24681,47567,1546,0.928,hashtag,2026-05-27T11:26:11Z
24682,47569,1545,0.704,inferred,2026-05-27T11:26:11Z
24683,47571,1545,0.951,semantic,2026-05-27T11:26:11Z
24684,47572,1547,0.985,hashtag,2026-05-27T11:26:11Z
24685,47573,1545,0.759,visual,2026-05-27T11:26:11Z
24686,47574,1554,0.886,inferred,2026-05-27T11:26:11Z
24687,47576,1548,0.86,semantic,2026-05-27T11:26:11Z
24688,47577,1542,0.983,hashtag,2026-05-27T11:26:11Z
24689,47578,1557,0.721,visual,2026-05-27T11:26:11Z
24690,47579,1547,0.809,inferred,2026-05-27T11:26:11Z
24691,47580,1563,0.831,direct,2026-05-27T11:26:11Z
24692,47583,1545,0.818,visual,2026-05-27T11:26:11Z
24693,47584,1572,0.873,inferred,2026-05-27T11:26:11Z
24694,47586,1569,0.817,semantic,2026-05-27T11:26:11Z
24695,47588,1554,0.831,visual,2026-05-27T11:26:11Z
24696,47592,1542,0.861,hashtag,2026-05-27T11:26:11Z
24697,47595,1553,0.742,direct,2026-05-27T11:26:11Z
24698,47597,1546,0.839,hashtag,2026-05-27T11:26:11Z
24699,47598,1547,0.715,visual,2026-05-27T11:26:11Z
24700,47600,1544,0.814,direct,2026-05-27T11:26:11Z
24701,47601,1560,0.788,semantic,2026-05-27T11:26:11Z
24702,47602,1549,0.814,hashtag,2026-05-27T11:26:11Z
24703,47603,1550,0.946,visual,2026-05-27T11:26:11Z
24704,47605,1541,0.702,direct,2026-05-27T11:26:11Z
24705,47608,1543,0.893,visual,2026-05-27T11:26:11Z
24706,47610,1554,0.976,direct,2026-05-27T11:26:11Z
24707,47615,1561,0.942,direct,2026-05-27T11:26:11Z
24708,47616,1546,0.79,semantic,2026-05-27T11:26:11Z
24709,47617,1551,0.948,hashtag,2026-05-27T11:26:11Z
24710,47618,1572,0.868,visual,2026-05-27T11:26:11Z
24711,47622,1565,0.866,hashtag,2026-05-27T11:26:11Z
24712,47623,1551,0.798,visual,2026-05-27T11:26:11Z
24713,47624,1541,0.933,inferred,2026-05-27T11:26:11Z
24714,47625,1566,0.899,direct,2026-05-27T11:26:11Z
24715,47626,1564,0.826,semantic,2026-05-27T11:26:11Z
24716,47629,1570,0.777,inferred,2026-05-27T11:26:11Z
24717,47631,1550,0.81,semantic,2026-05-27T11:26:11Z
24718,47633,1545,0.932,visual,2026-05-27T11:26:11Z
24719,47635,1542,0.899,direct,2026-05-27T11:26:11Z
24720,47636,1556,0.746,semantic,2026-05-27T11:26:11Z
24721,47638,1544,0.902,visual,2026-05-27T11:26:11Z
24722,47639,1572,0.857,inferred,2026-05-27T11:26:11Z
24723,47642,1567,0.871,hashtag,2026-05-27T11:26:11Z
24724,47643,1562,0.766,visual,2026-05-27T11:26:11Z
24725,47644,1557,0.939,inferred,2026-05-27T11:26:11Z
24726,47645,1571,0.771,direct,2026-05-27T11:26:11Z
24727,47646,1555,0.926,semantic,2026-05-27T11:26:11Z
24728,47648,1545,0.932,visual,2026-05-27T11:26:11Z
24729,47649,1556,0.87,inferred,2026-05-27T11:26:11Z
24730,47652,1564,0.752,hashtag,2026-05-27T11:26:11Z
24731,47653,1555,0.893,visual,2026-05-27T11:26:11Z
24732,47654,1543,0.782,inferred,2026-05-27T11:26:11Z
24733,47655,1569,0.773,direct,2026-05-27T11:26:11Z
24734,47656,1570,0.992,semantic,2026-05-27T11:26:11Z
24735,47657,1548,0.948,hashtag,2026-05-27T11:26:11Z
24736,47658,1549,0.796,visual,2026-05-27T11:26:11Z
24737,47659,1549,0.88,inferred,2026-05-27T11:26:11Z
24738,47662,1566,0.871,hashtag,2026-05-27T11:26:11Z
24739,47665,1567,0.735,direct,2026-05-27T11:26:11Z
24740,47666,1545,0.929,semantic,2026-05-27T11:26:11Z
24741,47667,1556,0.737,hashtag,2026-05-27T11:26:11Z
24742,47668,1556,0.902,visual,2026-05-27T11:26:11Z
24743,47669,1543,0.702,inferred,2026-05-27T11:26:11Z
24744,47670,1554,0.992,direct,2026-05-27T11:26:11Z
24745,47671,1561,0.926,semantic,2026-05-27T11:26:11Z
24746,47672,1551,0.984,hashtag,2026-05-27T11:26:11Z
24747,47673,1550,0.81,visual,2026-05-27T11:26:11Z
24748,47674,1551,0.743,inferred,2026-05-27T11:26:11Z
24749,47677,1562,0.928,hashtag,2026-05-27T11:26:11Z
24750,47678,1558,0.834,visual,2026-05-27T11:26:11Z
24751,47679,1542,0.838,inferred,2026-05-27T11:26:11Z
24752,47680,1567,0.994,direct,2026-05-27T11:26:11Z
24753,47681,1552,0.89,semantic,2026-05-27T11:26:11Z
24754,47682,1566,0.827,hashtag,2026-05-27T11:26:11Z
24755,47683,1565,0.892,visual,2026-05-27T11:26:11Z
24756,47684,1564,0.897,inferred,2026-05-27T11:26:11Z
24757,47685,1571,0.913,direct,2026-05-27T11:26:11Z
24758,47686,1572,0.884,semantic,2026-05-27T11:26:11Z
24759,47687,1542,0.989,hashtag,2026-05-27T11:26:11Z
24760,47688,1569,0.946,visual,2026-05-27T11:26:11Z
24761,47691,1563,0.956,semantic,2026-05-27T11:26:11Z
24762,47694,1548,0.893,inferred,2026-05-27T11:26:11Z
24763,47696,1555,0.964,semantic,2026-05-27T11:26:11Z
24764,47697,1560,0.79,hashtag,2026-05-27T11:26:11Z
24765,47698,1542,0.715,visual,2026-05-27T11:26:11Z
24766,47699,1568,0.916,inferred,2026-05-27T11:26:11Z
24767,47700,1556,0.866,direct,2026-05-27T11:26:11Z
24768,47701,1543,0.967,semantic,2026-05-27T11:26:11Z
24769,47702,1550,0.842,hashtag,2026-05-27T11:26:11Z
24770,47703,1553,0.801,visual,2026-05-27T11:26:11Z
24771,47705,1561,0.863,direct,2026-05-27T11:26:11Z
24772,47706,1543,0.82,semantic,2026-05-27T11:26:11Z
24773,47707,1549,0.822,hashtag,2026-05-27T11:26:11Z
24774,47708,1571,0.766,visual,2026-05-27T11:26:11Z
24775,47709,1548,0.73,inferred,2026-05-27T11:26:11Z
24776,47710,1566,0.753,direct,2026-05-27T11:26:11Z
24777,47711,1541,0.766,semantic,2026-05-27T11:26:11Z
24778,47714,1544,0.964,inferred,2026-05-27T11:26:11Z
24779,47715,1554,0.817,direct,2026-05-27T11:26:11Z
24780,47716,1550,0.854,semantic,2026-05-27T11:26:11Z
24781,47717,1564,0.803,hashtag,2026-05-27T11:26:11Z
24782,47718,1566,0.735,visual,2026-05-27T11:26:11Z
24783,47720,1543,0.736,direct,2026-05-27T11:26:11Z
24784,47723,1563,0.747,visual,2026-05-27T11:26:11Z
24785,47724,1558,0.792,inferred,2026-05-27T11:26:11Z
24786,47725,1553,0.77,direct,2026-05-27T11:26:11Z
24787,47726,1571,0.97,semantic,2026-05-27T11:26:11Z
24788,47728,1557,0.777,visual,2026-05-27T11:26:11Z
24789,47729,1554,0.996,inferred,2026-05-27T11:26:11Z
24790,47731,1570,0.987,semantic,2026-05-27T11:26:11Z
24791,47732,1556,0.963,hashtag,2026-05-27T11:26:11Z
24792,47733,1559,0.757,visual,2026-05-27T11:26:11Z
24793,47734,1564,0.962,inferred,2026-05-27T11:26:11Z
24794,47736,1549,0.704,semantic,2026-05-27T11:26:11Z
24795,47738,1555,0.942,visual,2026-05-27T11:26:11Z
24796,47740,1556,0.708,direct,2026-05-27T11:26:11Z
24797,47742,1543,0.787,hashtag,2026-05-27T11:26:11Z
24798,47744,1545,0.759,inferred,2026-05-27T11:26:11Z
24799,47745,1569,0.717,direct,2026-05-27T11:26:11Z
24800,47747,1565,0.919,hashtag,2026-05-27T11:26:11Z
24801,47749,1555,0.707,inferred,2026-05-27T11:26:11Z
24802,47750,1554,0.942,direct,2026-05-27T11:26:11Z
24803,47752,1548,0.98,hashtag,2026-05-27T11:26:11Z
24804,47753,1564,0.77,visual,2026-05-27T11:26:11Z
24805,47757,1563,0.962,hashtag,2026-05-27T11:26:11Z
24806,47758,1543,0.856,visual,2026-05-27T11:26:11Z
24807,47759,1552,0.778,inferred,2026-05-27T11:26:11Z
24808,47761,1553,0.822,semantic,2026-05-27T11:26:11Z
24809,47762,1543,0.99,hashtag,2026-05-27T11:26:11Z
24810,47763,1554,0.842,visual,2026-05-27T11:26:11Z
24811,47764,1544,0.936,inferred,2026-05-27T11:26:11Z
24812,47765,1558,0.788,direct,2026-05-27T11:26:11Z
24813,47766,1548,0.9,semantic,2026-05-27T11:26:11Z
24814,47769,1568,0.845,inferred,2026-05-27T11:26:11Z
24815,47770,1546,0.941,direct,2026-05-27T11:26:11Z
24816,47771,1542,0.739,semantic,2026-05-27T11:26:11Z
24817,47772,1542,0.747,hashtag,2026-05-27T11:26:11Z
24818,47774,1545,0.851,inferred,2026-05-27T11:26:11Z
24819,47775,1555,0.748,direct,2026-05-27T11:26:11Z
24820,47777,1551,0.758,hashtag,2026-05-27T11:26:11Z
24821,47779,1571,0.831,inferred,2026-05-27T11:26:11Z
24822,47780,1543,0.931,direct,2026-05-27T11:26:11Z
24823,47782,1562,0.835,hashtag,2026-05-27T11:26:11Z
24824,47783,1566,0.963,visual,2026-05-27T11:26:11Z
24825,47784,1571,0.862,inferred,2026-05-27T11:26:11Z
24826,47785,1560,0.749,direct,2026-05-27T11:26:11Z
24827,47787,1570,0.79,hashtag,2026-05-27T11:26:11Z
24828,47788,1548,0.764,visual,2026-05-27T11:26:11Z
24829,47789,1557,0.833,inferred,2026-05-27T11:26:11Z
24830,47790,1553,0.764,direct,2026-05-27T11:26:11Z
24831,47791,1562,0.737,semantic,2026-05-27T11:26:11Z
24832,47792,1547,0.901,hashtag,2026-05-27T11:26:11Z
24833,47793,1571,0.893,visual,2026-05-27T11:26:11Z
24834,47794,1554,0.771,inferred,2026-05-27T11:26:11Z
24835,47795,1546,0.723,direct,2026-05-27T11:26:11Z
24836,47796,1557,0.878,semantic,2026-05-27T11:26:11Z
24837,47798,1561,0.727,visual,2026-05-27T11:26:11Z
24838,47802,1561,0.851,hashtag,2026-05-27T11:26:11Z
24839,47803,1567,0.811,visual,2026-05-27T11:26:11Z
24840,47804,1567,0.97,inferred,2026-05-27T11:26:11Z
24841,47806,1554,0.914,semantic,2026-05-27T11:26:11Z
24842,47808,1547,0.775,visual,2026-05-27T11:26:11Z
24843,47809,1566,0.831,inferred,2026-05-27T11:26:11Z
24844,47810,1565,0.767,direct,2026-05-27T11:26:11Z
24845,47811,1551,0.837,semantic,2026-05-27T11:26:11Z
24846,47812,1564,0.989,hashtag,2026-05-27T11:26:11Z
24847,47814,1571,0.711,inferred,2026-05-27T11:26:11Z
24848,47815,1554,0.918,direct,2026-05-27T11:26:11Z
24849,47816,1568,0.927,semantic,2026-05-27T11:26:11Z
24850,47817,1565,0.922,hashtag,2026-05-27T11:26:11Z
24851,47818,1570,0.714,visual,2026-05-27T11:26:11Z
24852,47819,1555,0.862,inferred,2026-05-27T11:26:11Z
24853,47820,1559,0.907,direct,2026-05-27T11:26:11Z
24854,47821,1552,0.906,semantic,2026-05-27T11:26:11Z
24855,47822,1550,0.937,hashtag,2026-05-27T11:26:11Z
24856,47824,1545,0.81,inferred,2026-05-27T11:26:11Z
24857,47830,1571,0.704,direct,2026-05-27T11:26:11Z
24858,47831,1555,0.829,semantic,2026-05-27T11:26:11Z
24859,47833,1541,0.808,visual,2026-05-27T11:26:11Z
24860,47834,1542,0.85,inferred,2026-05-27T11:26:11Z
24861,47839,1548,0.706,inferred,2026-05-27T11:26:11Z
24862,47841,1542,0.773,semantic,2026-05-27T11:26:11Z
24863,47843,1565,0.832,visual,2026-05-27T11:26:11Z
24864,47844,1554,0.925,inferred,2026-05-27T11:26:11Z
24865,47845,1569,0.818,direct,2026-05-27T11:26:11Z
24866,47847,1567,0.865,hashtag,2026-05-27T11:26:11Z
24867,47848,1547,0.893,visual,2026-05-27T11:26:11Z
24868,47849,1541,0.822,inferred,2026-05-27T11:26:11Z
24869,47850,1562,0.908,direct,2026-05-27T11:26:11Z
24870,47853,1571,0.974,visual,2026-05-27T11:26:11Z
24871,47854,1545,0.737,inferred,2026-05-27T11:26:11Z
24872,47855,1559,0.719,direct,2026-05-27T11:26:11Z
24873,47856,1549,0.755,semantic,2026-05-27T11:26:11Z
24874,47857,1566,0.908,hashtag,2026-05-27T11:26:11Z
24875,47860,1557,0.756,direct,2026-05-27T11:26:11Z
24876,47861,1543,0.757,semantic,2026-05-27T11:26:11Z
24877,47862,1564,0.937,hashtag,2026-05-27T11:26:11Z
24878,47863,1553,0.93,visual,2026-05-27T11:26:11Z
24879,47865,1564,0.927,direct,2026-05-27T11:26:11Z
24880,47868,1559,0.743,visual,2026-05-27T11:26:11Z
24881,47870,1571,0.915,direct,2026-05-27T11:26:11Z
24882,47871,1543,0.728,semantic,2026-05-27T11:26:11Z
24883,47872,1556,0.862,hashtag,2026-05-27T11:26:11Z
24884,47873,1564,0.901,visual,2026-05-27T11:26:11Z
24885,47874,1567,0.827,inferred,2026-05-27T11:26:11Z
24886,47878,1570,0.727,visual,2026-05-27T11:26:11Z
24887,47879,1553,0.712,inferred,2026-05-27T11:26:11Z
24888,47880,1568,0.803,direct,2026-05-27T11:26:11Z
24889,47881,1541,0.858,semantic,2026-05-27T11:26:11Z
24890,47882,1553,0.743,hashtag,2026-05-27T11:26:11Z
24891,47885,1553,0.919,direct,2026-05-27T11:26:11Z
24892,47886,1548,0.963,semantic,2026-05-27T11:26:11Z
24893,47887,1557,0.878,hashtag,2026-05-27T11:26:11Z
24894,47888,1572,0.891,visual,2026-05-27T11:26:11Z
24895,47889,1557,0.764,inferred,2026-05-27T11:26:11Z
24896,47891,1558,0.718,semantic,2026-05-27T11:26:11Z
24897,47893,1565,0.93,visual,2026-05-27T11:26:11Z
24898,47895,1555,0.829,direct,2026-05-27T11:26:11Z
24899,47896,1548,0.975,semantic,2026-05-27T11:26:11Z
24900,47897,1552,0.813,hashtag,2026-05-27T11:26:11Z
24901,47899,1542,0.785,inferred,2026-05-27T11:26:11Z
24902,47902,1558,0.909,hashtag,2026-05-27T11:26:11Z
24903,47906,1560,0.829,semantic,2026-05-27T11:26:11Z
24904,47907,1565,0.911,hashtag,2026-05-27T11:26:11Z
24905,47908,1547,0.762,visual,2026-05-27T11:26:11Z
24906,47910,1572,0.986,direct,2026-05-27T11:26:11Z
24907,47912,1565,0.885,hashtag,2026-05-27T11:26:11Z
24908,47913,1565,0.917,visual,2026-05-27T11:26:11Z
24909,47915,1572,0.814,direct,2026-05-27T11:26:11Z
24910,47916,1541,0.951,semantic,2026-05-27T11:26:11Z
24911,47917,1571,0.943,hashtag,2026-05-27T11:26:11Z
24912,47918,1555,0.98,visual,2026-05-27T11:26:11Z
24913,47920,1543,0.807,direct,2026-05-27T11:26:11Z
24914,47921,1549,0.995,semantic,2026-05-27T11:26:11Z
24915,47922,1552,0.757,hashtag,2026-05-27T11:26:11Z
24916,47924,1564,0.833,inferred,2026-05-27T11:26:11Z
24917,47925,1560,0.919,direct,2026-05-27T11:26:11Z
24918,47928,1542,0.942,visual,2026-05-27T11:26:11Z
24919,47931,1558,0.991,semantic,2026-05-27T11:26:11Z
24920,47933,1572,0.995,visual,2026-05-27T11:26:11Z
24921,47934,1567,0.732,inferred,2026-05-27T11:26:11Z
24922,47935,1567,0.978,direct,2026-05-27T11:26:11Z
24923,47937,1551,0.77,hashtag,2026-05-27T11:26:11Z
24924,47938,1564,0.879,visual,2026-05-27T11:26:11Z
24925,47939,1566,0.843,inferred,2026-05-27T11:26:11Z
24926,47940,1542,0.954,direct,2026-05-27T11:26:11Z
24927,47941,1547,0.957,semantic,2026-05-27T11:26:11Z
24928,47943,1557,0.931,visual,2026-05-27T11:26:11Z
24929,47944,1561,0.742,inferred,2026-05-27T11:26:11Z
24930,47945,1545,0.741,direct,2026-05-27T11:26:11Z
24931,47946,1565,0.836,semantic,2026-05-27T11:26:11Z
24932,47947,1542,0.919,hashtag,2026-05-27T11:26:11Z
24933,47948,1550,0.827,visual,2026-05-27T11:26:11Z
24934,47949,1567,0.789,inferred,2026-05-27T11:26:11Z
24935,47951,1551,0.704,semantic,2026-05-27T11:26:11Z
24936,47952,1556,0.978,hashtag,2026-05-27T11:26:11Z
24937,47953,1557,0.801,visual,2026-05-27T11:26:11Z
24938,47956,1545,0.746,semantic,2026-05-27T11:26:11Z
24939,47957,1557,0.872,hashtag,2026-05-27T11:26:11Z
24940,47958,1546,0.84,visual,2026-05-27T11:26:11Z
24941,47959,1564,0.727,inferred,2026-05-27T11:26:11Z
24942,47960,1559,0.832,direct,2026-05-27T11:26:11Z
24943,47963,1560,0.819,visual,2026-05-27T11:26:11Z
24944,47964,1560,0.803,inferred,2026-05-27T11:26:11Z
24945,47965,1562,0.707,direct,2026-05-27T11:26:11Z
24946,47966,1551,0.909,semantic,2026-05-27T11:26:11Z
24947,47967,1557,0.888,hashtag,2026-05-27T11:26:11Z
24948,47969,1552,0.75,inferred,2026-05-27T11:26:11Z
24949,47971,1565,0.752,semantic,2026-05-27T11:26:11Z
24950,47972,1549,0.866,hashtag,2026-05-27T11:26:11Z
24951,47973,1563,0.765,visual,2026-05-27T11:26:11Z
24952,47975,1552,0.947,direct,2026-05-27T11:26:11Z
24953,47976,1551,0.927,semantic,2026-05-27T11:26:11Z
24954,47977,1564,0.746,hashtag,2026-05-27T11:26:11Z
24955,47978,1567,0.827,visual,2026-05-27T11:26:11Z
24956,47980,1564,0.924,direct,2026-05-27T11:26:11Z
24957,47982,1556,0.952,hashtag,2026-05-27T11:26:11Z
24958,47984,1543,0.78,inferred,2026-05-27T11:26:11Z
24959,47985,1544,0.787,direct,2026-05-27T11:26:11Z
24960,47986,1548,0.91,semantic,2026-05-27T11:26:11Z
24961,47987,1555,0.925,hashtag,2026-05-27T11:26:11Z
24962,47988,1544,0.919,visual,2026-05-27T11:26:11Z
24963,47989,1555,0.864,inferred,2026-05-27T11:26:11Z
24964,47990,1560,0.986,direct,2026-05-27T11:26:11Z
24965,47991,1554,0.773,semantic,2026-05-27T11:26:11Z
24966,47992,1560,0.995,hashtag,2026-05-27T11:26:11Z
24967,47993,1562,0.722,visual,2026-05-27T11:26:11Z
24968,47995,1554,0.863,direct,2026-05-27T11:26:11Z
24969,47996,1550,0.891,semantic,2026-05-27T11:26:11Z
24970,47997,1545,0.833,hashtag,2026-05-27T11:26:11Z
24971,47998,1558,0.939,visual,2026-05-27T11:26:11Z
24972,47999,1565,0.76,inferred,2026-05-27T11:26:11Z
24973,48000,1569,0.905,direct,2026-05-27T11:26:11Z
24974,48001,1544,0.917,semantic,2026-05-27T11:26:11Z
24975,48002,1572,0.774,hashtag,2026-05-27T11:26:11Z
24976,48003,1549,0.946,visual,2026-05-27T11:26:11Z
24977,48004,1552,0.881,inferred,2026-05-27T11:26:11Z
24978,48005,1553,0.903,direct,2026-05-27T11:26:11Z
24979,48007,1559,0.823,hashtag,2026-05-27T11:26:11Z
24980,48008,1571,0.716,visual,2026-05-27T11:26:11Z
24981,48011,1560,0.811,semantic,2026-05-27T11:26:11Z
24982,48013,1547,0.746,visual,2026-05-27T11:26:11Z
24983,48016,1543,0.862,semantic,2026-05-27T11:26:11Z
24984,48017,1546,0.813,hashtag,2026-05-27T11:26:11Z
24985,48019,1551,0.887,inferred,2026-05-27T11:26:11Z
24986,48020,1541,0.793,direct,2026-05-27T11:26:11Z
24987,48022,1562,0.82,hashtag,2026-05-27T11:26:11Z
24988,48023,1569,0.953,visual,2026-05-27T11:26:11Z
24989,48024,1568,0.716,inferred,2026-05-27T11:26:11Z
24990,48025,1544,0.994,direct,2026-05-27T11:26:11Z
24991,48026,1547,0.871,semantic,2026-05-27T11:26:11Z
24992,48028,1571,0.931,visual,2026-05-27T11:26:11Z
24993,48029,1546,0.849,inferred,2026-05-27T11:26:11Z
24994,48030,1567,0.716,direct,2026-05-27T11:26:11Z
24995,48033,1572,0.776,visual,2026-05-27T11:26:11Z
24996,48034,1550,0.96,inferred,2026-05-27T11:26:11Z
24997,48036,1544,0.877,semantic,2026-05-27T11:26:11Z
24998,48038,1570,0.755,visual,2026-05-27T11:26:11Z
24999,48039,1546,0.992,inferred,2026-05-27T11:26:11Z
25000,48040,1571,0.996,direct,2026-05-27T11:26:11Z
25001,48041,1548,0.71,semantic,2026-05-27T11:26:11Z
25002,48042,1543,0.728,hashtag,2026-05-27T11:26:11Z
25003,48045,1569,0.929,direct,2026-05-27T11:26:11Z
25004,48047,1558,0.863,hashtag,2026-05-27T11:26:11Z
25005,48048,1564,0.86,visual,2026-05-27T11:26:11Z
25006,48049,1560,0.799,inferred,2026-05-27T11:26:11Z
25007,48050,1544,0.962,direct,2026-05-27T11:26:11Z
25008,48051,1561,0.884,semantic,2026-05-27T11:26:11Z
25009,48052,1564,0.713,hashtag,2026-05-27T11:26:11Z
25010,48055,1572,0.871,direct,2026-05-27T11:26:11Z
25011,48056,1568,0.869,semantic,2026-05-27T11:26:11Z
25012,48057,1561,0.852,hashtag,2026-05-27T11:26:11Z
25013,48059,1550,0.909,inferred,2026-05-27T11:26:11Z
25014,48060,1548,0.735,direct,2026-05-27T11:26:11Z
25015,48061,1570,0.994,semantic,2026-05-27T11:26:11Z
25016,48062,1563,0.816,hashtag,2026-05-27T11:26:11Z
25017,48063,1564,0.847,visual,2026-05-27T11:26:11Z
25018,48064,1565,0.93,inferred,2026-05-27T11:26:11Z
25019,48065,1542,0.738,direct,2026-05-27T11:26:11Z
25020,48066,1543,0.823,semantic,2026-05-27T11:26:11Z
25021,48067,1563,0.911,hashtag,2026-05-27T11:26:11Z
25022,48068,1542,0.784,visual,2026-05-27T11:26:11Z
25023,48069,1563,0.935,inferred,2026-05-27T11:26:11Z
25024,48070,1550,0.893,direct,2026-05-27T11:26:11Z
25025,48071,1553,0.862,semantic,2026-05-27T11:26:11Z
25026,48073,1552,0.774,visual,2026-05-27T11:26:11Z
25027,48074,1545,0.916,inferred,2026-05-27T11:26:11Z
25028,48075,1557,0.898,direct,2026-05-27T11:26:11Z
25029,48076,1556,0.867,semantic,2026-05-27T11:26:11Z
25030,48078,1560,0.976,visual,2026-05-27T11:26:11Z
25031,48079,1553,0.738,inferred,2026-05-27T11:26:11Z
25032,48080,1552,0.802,direct,2026-05-27T11:26:11Z
25033,48081,1564,0.751,semantic,2026-05-27T11:26:11Z
25034,48082,1557,0.935,hashtag,2026-05-27T11:26:11Z
25035,48084,1555,0.743,inferred,2026-05-27T11:26:11Z
25036,48085,1558,0.71,direct,2026-05-27T11:26:11Z
25037,48086,1548,0.973,semantic,2026-05-27T11:26:11Z
25038,48087,1567,0.726,hashtag,2026-05-27T11:26:11Z
25039,48088,1572,0.774,visual,2026-05-27T11:26:11Z
25040,48089,1542,0.787,inferred,2026-05-27T11:26:11Z
25041,48091,1559,0.984,semantic,2026-05-27T11:26:11Z
25042,48094,1570,0.732,inferred,2026-05-27T11:26:11Z
25043,48095,1563,0.931,direct,2026-05-27T11:26:11Z
25044,48096,1565,0.89,semantic,2026-05-27T11:26:11Z
25045,48097,1543,0.984,hashtag,2026-05-27T11:26:11Z
25046,48098,1542,0.868,visual,2026-05-27T11:26:11Z
25047,48100,1563,0.953,direct,2026-05-27T11:26:11Z
25048,48101,1552,0.796,semantic,2026-05-27T11:26:11Z
25049,48102,1550,0.872,hashtag,2026-05-27T11:26:11Z
25050,48103,1559,0.71,visual,2026-05-27T11:26:11Z
25051,48105,1543,0.887,direct,2026-05-27T11:26:11Z
25052,48106,1572,0.855,semantic,2026-05-27T11:26:11Z
25053,48108,1554,0.945,visual,2026-05-27T11:26:11Z
25054,48110,1571,0.764,direct,2026-05-27T11:26:11Z
25055,48113,1569,0.902,visual,2026-05-27T11:26:11Z
25056,48114,1548,0.929,inferred,2026-05-27T11:26:11Z
25057,48116,1563,0.973,semantic,2026-05-27T11:26:11Z
25058,48117,1566,0.815,hashtag,2026-05-27T11:26:11Z
25059,48119,1550,0.918,inferred,2026-05-27T11:26:11Z
25060,48120,1548,0.743,direct,2026-05-27T11:26:11Z
25061,48121,1552,0.761,semantic,2026-05-27T11:26:11Z
25062,48122,1548,0.867,hashtag,2026-05-27T11:26:11Z
25063,48123,1555,0.824,visual,2026-05-27T11:26:11Z
25064,48124,1555,0.882,inferred,2026-05-27T11:26:11Z
25065,48125,1570,0.908,direct,2026-05-27T11:26:11Z
25066,48127,1549,0.783,hashtag,2026-05-27T11:26:11Z
25067,48128,1554,0.958,visual,2026-05-27T11:26:11Z
25068,48129,1558,0.902,inferred,2026-05-27T11:26:11Z
25069,48130,1569,0.941,direct,2026-05-27T11:26:11Z
25070,48132,1553,0.701,hashtag,2026-05-27T11:26:11Z
25071,48134,1560,0.892,inferred,2026-05-27T11:26:11Z
25072,48135,1563,0.713,direct,2026-05-27T11:26:11Z
25073,48136,1561,0.722,semantic,2026-05-27T11:26:11Z
25074,48137,1549,0.92,hashtag,2026-05-27T11:26:11Z
25075,48139,1556,0.794,inferred,2026-05-27T11:26:11Z
25076,48141,1548,0.776,semantic,2026-05-27T11:26:11Z
25077,48142,1542,0.757,hashtag,2026-05-27T11:26:11Z
25078,48146,1556,0.82,semantic,2026-05-27T11:26:11Z
25079,48147,1545,0.941,hashtag,2026-05-27T11:26:11Z
25080,48148,1559,0.95,visual,2026-05-27T11:26:11Z
25081,48150,1566,0.925,direct,2026-05-27T11:26:11Z
25082,48151,1546,0.965,semantic,2026-05-27T11:26:11Z
25083,48153,1550,0.799,visual,2026-05-27T11:26:11Z
25084,48154,1552,0.879,inferred,2026-05-27T11:26:11Z
25085,48155,1562,0.986,direct,2026-05-27T11:26:11Z
25086,48156,1565,0.731,semantic,2026-05-27T11:26:11Z
25087,48158,1546,0.839,visual,2026-05-27T11:26:11Z
25088,48160,1569,0.772,direct,2026-05-27T11:26:11Z
25089,48161,1571,0.887,semantic,2026-05-27T11:26:11Z
25090,48162,1556,0.789,hashtag,2026-05-27T11:26:11Z
25091,48164,1551,0.956,inferred,2026-05-27T11:26:11Z
25092,48165,1563,0.851,direct,2026-05-27T11:26:11Z
25093,48166,1550,0.908,semantic,2026-05-27T11:26:11Z
25094,48167,1546,0.721,hashtag,2026-05-27T11:26:11Z
25095,48168,1572,0.798,visual,2026-05-27T11:26:11Z
25096,48169,1541,0.959,inferred,2026-05-27T11:26:11Z
25097,48171,1543,0.82,semantic,2026-05-27T11:26:11Z
25098,48174,1550,0.999,inferred,2026-05-27T11:26:11Z
25099,48175,1569,0.991,direct,2026-05-27T11:26:11Z
25100,48176,1562,0.948,semantic,2026-05-27T11:26:11Z
25101,48178,1568,0.703,visual,2026-05-27T11:26:11Z
25102,48180,1571,0.922,direct,2026-05-27T11:26:11Z
25103,48181,1560,0.807,semantic,2026-05-27T11:26:11Z
25104,48182,1558,0.991,hashtag,2026-05-27T11:26:11Z
25105,48183,1547,0.75,visual,2026-05-27T11:26:11Z
25106,48187,1560,0.881,hashtag,2026-05-27T11:26:11Z
25107,48189,1553,0.775,inferred,2026-05-27T11:26:11Z
25108,48191,1570,0.894,semantic,2026-05-27T11:26:11Z
25109,48192,1556,0.785,hashtag,2026-05-27T11:26:11Z
25110,48193,1542,0.873,visual,2026-05-27T11:26:11Z
25111,48194,1547,0.805,inferred,2026-05-27T11:26:11Z
25112,48196,1559,0.771,semantic,2026-05-27T11:26:11Z
25113,48197,1562,0.922,hashtag,2026-05-27T11:26:11Z
25114,48198,1549,0.948,visual,2026-05-27T11:26:11Z
25115,48202,1554,0.979,hashtag,2026-05-27T11:26:11Z
25116,48204,1557,0.855,inferred,2026-05-27T11:26:11Z
25117,48205,1543,0.944,direct,2026-05-27T11:26:11Z
25118,48206,1557,0.819,semantic,2026-05-27T11:26:11Z
25119,48207,1564,0.754,hashtag,2026-05-27T11:26:11Z
25120,48210,1552,0.963,direct,2026-05-27T11:26:11Z
25121,48212,1564,0.835,hashtag,2026-05-27T11:26:11Z
25122,48213,1567,0.733,visual,2026-05-27T11:26:11Z
25123,48214,1558,0.759,inferred,2026-05-27T11:26:11Z
25124,48215,1569,0.913,direct,2026-05-27T11:26:11Z
25125,48217,1561,0.962,hashtag,2026-05-27T11:26:11Z
25126,48219,1561,0.989,inferred,2026-05-27T11:26:11Z
25127,48220,1568,0.95,direct,2026-05-27T11:26:11Z
25128,48221,1551,0.758,semantic,2026-05-27T11:26:11Z
25129,48222,1541,0.873,hashtag,2026-05-27T11:26:11Z
25130,48223,1544,0.713,visual,2026-05-27T11:26:11Z
25131,48225,1559,0.747,direct,2026-05-27T11:26:11Z
25132,48226,1559,0.922,semantic,2026-05-27T11:26:11Z
25133,48227,1547,0.831,hashtag,2026-05-27T11:26:11Z
25134,48228,1553,0.721,visual,2026-05-27T11:26:11Z
25135,48229,1548,0.832,inferred,2026-05-27T11:26:11Z
25136,48230,1571,0.873,direct,2026-05-27T11:26:11Z
25137,48231,1572,0.908,semantic,2026-05-27T11:26:11Z
25138,48232,1552,0.76,hashtag,2026-05-27T11:26:11Z
25139,48234,1563,0.841,inferred,2026-05-27T11:26:11Z
25140,48235,1564,0.855,direct,2026-05-27T11:26:11Z
25141,48236,1562,0.816,semantic,2026-05-27T11:26:11Z
25142,48237,1567,0.822,hashtag,2026-05-27T11:26:11Z
25143,48238,1567,0.915,visual,2026-05-27T11:26:11Z
25144,48239,1545,0.948,inferred,2026-05-27T11:26:11Z
25145,48241,1546,0.919,semantic,2026-05-27T11:26:11Z
25146,48244,1556,0.7,inferred,2026-05-27T11:26:11Z
25147,48247,1557,0.813,hashtag,2026-05-27T11:26:11Z
25148,48248,1543,0.922,visual,2026-05-27T11:26:11Z
25149,48249,1550,0.951,inferred,2026-05-27T11:26:11Z
25150,48250,1562,0.949,direct,2026-05-27T11:26:11Z
25151,48251,1558,0.838,semantic,2026-05-27T11:26:11Z
25152,48253,1562,0.944,visual,2026-05-27T11:26:11Z
25153,48254,1553,0.963,inferred,2026-05-27T11:26:11Z
25154,48255,1557,0.944,direct,2026-05-27T11:26:11Z
25155,48256,1546,0.942,semantic,2026-05-27T11:26:11Z
25156,48257,1572,0.706,hashtag,2026-05-27T11:26:11Z
25157,48259,1561,0.767,inferred,2026-05-27T11:26:11Z
25158,48260,1561,0.775,direct,2026-05-27T11:26:11Z
25159,48261,1571,0.7,semantic,2026-05-27T11:26:11Z
25160,48262,1570,0.933,hashtag,2026-05-27T11:26:11Z
25161,48263,1541,0.985,visual,2026-05-27T11:26:11Z
25162,48264,1557,0.753,inferred,2026-05-27T11:26:11Z
25163,48265,1544,0.936,direct,2026-05-27T11:26:11Z
25164,48266,1544,0.751,semantic,2026-05-27T11:26:11Z
25165,48267,1571,0.905,hashtag,2026-05-27T11:26:11Z
25166,48268,1566,0.856,visual,2026-05-27T11:26:11Z
25167,48269,1546,0.968,inferred,2026-05-27T11:26:11Z
25168,48271,1570,0.725,semantic,2026-05-27T11:26:11Z
25169,48274,1562,0.738,inferred,2026-05-27T11:26:11Z
25170,48277,1571,0.711,hashtag,2026-05-27T11:26:11Z
25171,48278,1556,0.89,visual,2026-05-27T11:26:11Z
25172,48279,1560,0.845,inferred,2026-05-27T11:26:11Z
25173,48281,1554,0.952,semantic,2026-05-27T11:26:11Z
25174,48282,1562,0.908,hashtag,2026-05-27T11:26:11Z
25175,48283,1543,0.781,visual,2026-05-27T11:26:11Z
25176,48287,1555,0.808,hashtag,2026-05-27T11:26:11Z
25177,48288,1542,0.959,visual,2026-05-27T11:26:11Z
25178,48289,1551,0.774,inferred,2026-05-27T11:26:11Z
25179,48290,1564,0.801,direct,2026-05-27T11:26:11Z
25180,48292,1542,0.742,hashtag,2026-05-27T11:26:11Z
25181,48294,1551,0.862,inferred,2026-05-27T11:26:11Z
25182,48295,1559,0.863,direct,2026-05-27T11:26:11Z
25183,48296,1554,0.829,semantic,2026-05-27T11:26:11Z
25184,48299,1558,0.941,inferred,2026-05-27T11:26:11Z
25185,48300,1551,0.742,direct,2026-05-27T11:26:11Z
25186,48301,1545,0.83,semantic,2026-05-27T11:26:11Z
25187,48302,1560,0.868,hashtag,2026-05-27T11:26:11Z
25188,48304,1552,0.734,inferred,2026-05-27T11:26:11Z
25189,48305,1545,0.706,direct,2026-05-27T11:26:11Z
25190,48306,1563,0.856,semantic,2026-05-27T11:26:11Z
25191,48307,1562,0.898,hashtag,2026-05-27T11:26:11Z
25192,48308,1546,0.936,visual,2026-05-27T11:26:11Z
25193,48310,1553,0.79,direct,2026-05-27T11:26:11Z
25194,48311,1569,0.987,semantic,2026-05-27T11:26:11Z
25195,48312,1566,0.793,hashtag,2026-05-27T11:26:11Z
25196,48313,1543,0.955,visual,2026-05-27T11:26:11Z
25197,48314,1552,0.745,inferred,2026-05-27T11:26:11Z
25198,48315,1548,0.787,direct,2026-05-27T11:26:11Z
25199,48317,1570,0.754,hashtag,2026-05-27T11:26:11Z
25200,48318,1554,0.982,visual,2026-05-27T11:26:11Z
25201,48319,1567,0.748,inferred,2026-05-27T11:26:11Z
25202,48320,1570,0.792,direct,2026-05-27T11:26:11Z
25203,48322,1570,0.96,hashtag,2026-05-27T11:26:11Z
25204,48324,1555,0.844,inferred,2026-05-27T11:26:11Z
25205,48326,1550,0.762,semantic,2026-05-27T11:26:11Z
25206,48327,1567,0.785,hashtag,2026-05-27T11:26:11Z
25207,48329,1563,0.904,inferred,2026-05-27T11:26:11Z
25208,48330,1569,0.938,direct,2026-05-27T11:26:11Z
25209,48331,1544,0.759,semantic,2026-05-27T11:26:11Z
25210,48333,1542,0.782,visual,2026-05-27T11:26:11Z
25211,48334,1546,0.739,inferred,2026-05-27T11:26:11Z
25212,48335,1550,0.998,direct,2026-05-27T11:26:11Z
25213,48336,1561,0.837,semantic,2026-05-27T11:26:11Z
25214,48337,1572,0.963,hashtag,2026-05-27T11:26:11Z
25215,48342,1560,0.853,hashtag,2026-05-27T11:26:11Z
25216,48343,1545,0.781,visual,2026-05-27T11:26:11Z
25217,48345,1543,0.963,direct,2026-05-27T11:26:11Z
25218,48347,1545,0.828,hashtag,2026-05-27T11:26:11Z
25219,48348,1562,0.983,visual,2026-05-27T11:26:11Z
25220,48349,1564,0.791,inferred,2026-05-27T11:26:11Z
25221,48350,1542,0.844,direct,2026-05-27T11:26:11Z
25222,48352,1541,0.762,hashtag,2026-05-27T11:26:11Z
25223,48353,1567,0.835,visual,2026-05-27T11:26:11Z
25224,48356,1552,0.819,semantic,2026-05-27T11:26:11Z
25225,48357,1564,0.956,hashtag,2026-05-27T11:26:11Z
25226,48358,1552,0.899,visual,2026-05-27T11:26:11Z
25227,48359,1561,0.902,inferred,2026-05-27T11:26:11Z
25228,48360,1571,0.905,direct,2026-05-27T11:26:11Z
25229,48361,1551,0.784,semantic,2026-05-27T11:26:11Z
25230,48362,1554,0.947,hashtag,2026-05-27T11:26:11Z
25231,48363,1555,0.787,visual,2026-05-27T11:26:11Z
25232,48366,1546,0.72,semantic,2026-05-27T11:26:11Z
25233,48368,1558,0.957,visual,2026-05-27T11:26:11Z
25234,48372,1555,0.881,hashtag,2026-05-27T11:26:11Z
25235,48373,1548,0.795,visual,2026-05-27T11:26:11Z
25236,48374,1565,0.852,inferred,2026-05-27T11:26:11Z
25237,48376,1550,0.891,semantic,2026-05-27T11:26:11Z
25238,48377,1557,0.702,hashtag,2026-05-27T11:26:11Z
25239,48378,1561,0.753,visual,2026-05-27T11:26:11Z
25240,48379,1552,0.805,inferred,2026-05-27T11:26:11Z
25241,48380,1550,0.732,direct,2026-05-27T11:26:11Z
25242,48381,1568,0.745,semantic,2026-05-27T11:26:11Z
25243,48382,1569,0.858,hashtag,2026-05-27T11:26:11Z
25244,48383,1556,0.876,visual,2026-05-27T11:26:11Z
25245,48386,1565,0.89,semantic,2026-05-27T11:26:11Z
25246,48387,1550,0.985,hashtag,2026-05-27T11:26:11Z
25247,48389,1559,0.706,inferred,2026-05-27T11:26:11Z
25248,48390,1551,0.724,direct,2026-05-27T11:26:11Z
25249,48391,1552,0.978,semantic,2026-05-27T11:26:11Z
25250,48392,1566,0.889,hashtag,2026-05-27T11:26:11Z
25251,48393,1565,0.778,visual,2026-05-27T11:26:11Z
25252,48394,1550,0.941,inferred,2026-05-27T11:26:11Z
25253,48397,1557,0.898,hashtag,2026-05-27T11:26:11Z
25254,48400,1564,0.838,direct,2026-05-27T11:26:11Z
25255,48401,1558,0.847,semantic,2026-05-27T11:26:11Z
25256,48402,1556,0.824,hashtag,2026-05-27T11:26:11Z
25257,48403,1562,0.998,visual,2026-05-27T11:26:11Z
25258,48404,1562,0.89,inferred,2026-05-27T11:26:11Z
25259,48405,1567,0.744,direct,2026-05-27T11:26:11Z
25260,48406,1571,0.819,semantic,2026-05-27T11:26:11Z
25261,48407,1559,0.767,hashtag,2026-05-27T11:26:11Z
25262,48409,1562,0.873,inferred,2026-05-27T11:26:11Z
25263,48410,1546,0.708,direct,2026-05-27T11:26:11Z
25264,48411,1554,0.792,semantic,2026-05-27T11:26:11Z
25265,48412,1555,0.755,hashtag,2026-05-27T11:26:11Z
25266,48413,1559,0.981,visual,2026-05-27T11:26:11Z
25267,48414,1554,0.839,inferred,2026-05-27T11:26:11Z
25268,48415,1565,0.861,direct,2026-05-27T11:26:11Z
25269,48416,1548,0.826,semantic,2026-05-27T11:26:11Z
25270,48417,1559,0.858,hashtag,2026-05-27T11:26:11Z
25271,48418,1551,0.71,visual,2026-05-27T11:26:11Z
25272,48420,1559,0.701,direct,2026-05-27T11:26:11Z
25273,48421,1567,1,semantic,2026-05-27T11:26:11Z
25274,48422,1566,0.704,hashtag,2026-05-27T11:26:11Z
25275,48423,1568,0.911,visual,2026-05-27T11:26:11Z
25276,48425,1569,0.726,direct,2026-05-27T11:26:11Z
25277,48426,1549,0.864,semantic,2026-05-27T11:26:11Z
25278,48427,1559,0.999,hashtag,2026-05-27T11:26:11Z
25279,48428,1549,0.889,visual,2026-05-27T11:26:11Z
25280,48430,1550,0.809,direct,2026-05-27T11:26:11Z
25281,48431,1554,0.961,semantic,2026-05-27T11:26:11Z
25282,48432,1571,0.839,hashtag,2026-05-27T11:26:11Z
25283,48433,1557,0.797,visual,2026-05-27T11:26:11Z
25284,48434,1564,0.903,inferred,2026-05-27T11:26:11Z
25285,48435,1559,0.716,direct,2026-05-27T11:26:11Z
25286,48436,1561,0.96,semantic,2026-05-27T11:26:11Z
25287,48437,1558,0.822,hashtag,2026-05-27T11:26:11Z
25288,48439,1565,0.799,inferred,2026-05-27T11:26:11Z
25289,48442,1541,0.989,hashtag,2026-05-27T11:26:11Z
25290,48443,1554,0.885,visual,2026-05-27T11:26:11Z
25291,48445,1565,0.787,direct,2026-05-27T11:26:11Z
25292,48446,1572,0.861,semantic,2026-05-27T11:26:11Z
25293,48447,1572,0.764,hashtag,2026-05-27T11:26:11Z
25294,48449,1569,0.747,inferred,2026-05-27T11:26:11Z
25295,48450,1555,0.982,direct,2026-05-27T11:26:11Z
25296,48451,1559,0.814,semantic,2026-05-27T11:26:11Z
25297,48453,1571,0.737,visual,2026-05-27T11:26:11Z
25298,48454,1566,0.773,inferred,2026-05-27T11:26:11Z
25299,48455,1564,0.996,direct,2026-05-27T11:26:11Z
25300,48458,1569,0.81,visual,2026-05-27T11:26:11Z
25301,48459,1550,0.871,inferred,2026-05-27T11:26:11Z
25302,48460,1551,0.796,direct,2026-05-27T11:26:11Z
25303,48464,1549,0.902,inferred,2026-05-27T11:26:11Z
25304,48465,1544,0.782,direct,2026-05-27T11:26:11Z
25305,48467,1564,0.745,hashtag,2026-05-27T11:26:11Z
25306,48468,1566,0.786,visual,2026-05-27T11:26:11Z
25307,48469,1565,0.831,inferred,2026-05-27T11:26:11Z
25308,48470,1543,0.846,direct,2026-05-27T11:26:11Z
25309,48471,1548,0.789,semantic,2026-05-27T11:26:11Z
25310,48472,1560,0.766,hashtag,2026-05-27T11:26:11Z
25311,48473,1567,0.898,visual,2026-05-27T11:26:11Z
25312,48475,1566,0.885,direct,2026-05-27T11:26:11Z
25313,48476,1555,0.748,semantic,2026-05-27T11:26:11Z
25314,48478,1562,0.923,visual,2026-05-27T11:26:11Z
25315,48479,1558,0.853,inferred,2026-05-27T11:26:11Z
25316,48480,1550,0.721,direct,2026-05-27T11:26:11Z
25317,48482,1553,0.761,hashtag,2026-05-27T11:26:11Z
25318,48483,1568,0.775,visual,2026-05-27T11:26:11Z
25319,48485,1546,0.985,direct,2026-05-27T11:26:11Z
25320,48486,1546,0.722,semantic,2026-05-27T11:26:11Z
25321,48487,1551,0.739,hashtag,2026-05-27T11:26:11Z
25322,48488,1572,0.914,visual,2026-05-27T11:26:11Z
25323,48489,1544,0.94,inferred,2026-05-27T11:26:11Z
25324,48490,1565,0.996,direct,2026-05-27T11:26:11Z
25325,48492,1541,0.808,hashtag,2026-05-27T11:26:11Z
25326,48495,1568,0.97,direct,2026-05-27T11:26:11Z
25327,48496,1543,0.922,semantic,2026-05-27T11:26:11Z
25328,48497,1541,0.915,hashtag,2026-05-27T11:26:11Z
25329,48498,1545,0.824,visual,2026-05-27T11:26:11Z
25330,48499,1547,0.722,inferred,2026-05-27T11:26:11Z
25331,48500,1562,0.886,direct,2026-05-27T11:26:11Z
25332,48501,1541,0.899,semantic,2026-05-27T11:26:11Z
25333,48503,1554,0.715,visual,2026-05-27T11:26:11Z
25334,48504,1541,0.895,inferred,2026-05-27T11:26:11Z
25335,48505,1542,0.909,direct,2026-05-27T11:26:11Z
25336,48506,1568,0.777,semantic,2026-05-27T11:26:11Z
25337,48507,1543,0.894,hashtag,2026-05-27T11:26:11Z
25338,48509,1571,0.943,inferred,2026-05-27T11:26:11Z
25339,48510,1552,0.873,direct,2026-05-27T11:26:11Z
25340,48511,1551,0.849,semantic,2026-05-27T11:26:11Z
25341,48512,1570,0.921,hashtag,2026-05-27T11:26:11Z
25342,48513,1564,0.764,visual,2026-05-27T11:26:11Z
25343,48514,1545,0.753,inferred,2026-05-27T11:26:11Z
25344,48516,1557,0.825,semantic,2026-05-27T11:26:11Z
25345,48518,1560,0.886,visual,2026-05-27T11:26:11Z
25346,48520,1548,0.973,direct,2026-05-27T11:26:11Z
25347,48521,1559,0.817,semantic,2026-05-27T11:26:11Z
25348,48522,1545,0.91,hashtag,2026-05-27T11:26:11Z
25349,48523,1567,0.977,visual,2026-05-27T11:26:11Z
25350,48524,1561,0.902,inferred,2026-05-27T11:26:11Z
25351,48525,1545,0.918,direct,2026-05-27T11:26:11Z
25352,48526,1546,0.987,semantic,2026-05-27T11:26:11Z
25353,48529,1550,0.848,inferred,2026-05-27T11:26:11Z
25354,48530,1546,0.866,direct,2026-05-27T11:26:11Z
25355,48531,1551,0.96,semantic,2026-05-27T11:26:11Z
25356,48532,1563,0.965,hashtag,2026-05-27T11:26:11Z
25357,48533,1553,0.875,visual,2026-05-27T11:26:11Z
25358,48534,1555,0.895,inferred,2026-05-27T11:26:11Z
25359,48535,1542,0.745,direct,2026-05-27T11:26:11Z
25360,48536,1567,0.96,semantic,2026-05-27T11:26:11Z
25361,48538,1570,0.72,visual,2026-05-27T11:26:11Z
25362,48539,1553,0.917,inferred,2026-05-27T11:26:11Z
25363,48541,1567,0.919,semantic,2026-05-27T11:26:11Z
25364,48544,1552,0.988,inferred,2026-05-27T11:26:11Z
25365,48545,1565,0.708,direct,2026-05-27T11:26:11Z
25366,48546,1571,0.748,semantic,2026-05-27T11:26:11Z
25367,48547,1572,0.899,hashtag,2026-05-27T11:26:11Z
25368,48549,1567,0.733,inferred,2026-05-27T11:26:11Z
25369,48551,1555,0.723,semantic,2026-05-27T11:26:11Z
25370,48552,1562,0.99,hashtag,2026-05-27T11:26:11Z
25371,48554,1546,0.974,inferred,2026-05-27T11:26:11Z
25372,48556,1545,0.887,semantic,2026-05-27T11:26:11Z
25373,48557,1564,0.742,hashtag,2026-05-27T11:26:11Z
25374,48558,1565,0.948,visual,2026-05-27T11:26:11Z
25375,48559,1562,0.73,inferred,2026-05-27T11:26:11Z
25376,48560,1571,0.921,direct,2026-05-27T11:26:11Z
25377,48561,1549,0.92,semantic,2026-05-27T11:26:11Z
25378,48563,1542,0.936,visual,2026-05-27T11:26:11Z
25379,48564,1566,0.977,inferred,2026-05-27T11:26:11Z
25380,48565,1553,0.746,direct,2026-05-27T11:26:11Z
25381,48568,1563,0.726,visual,2026-05-27T11:26:11Z
25382,48569,1557,0.836,inferred,2026-05-27T11:26:11Z
25383,48570,1559,0.768,direct,2026-05-27T11:26:11Z
25384,48571,1555,0.776,semantic,2026-05-27T11:26:11Z
25385,48573,1548,0.705,visual,2026-05-27T11:26:11Z
25386,48574,1549,0.977,inferred,2026-05-27T11:26:11Z
25387,48575,1569,0.842,direct,2026-05-27T11:26:11Z
25388,48576,1569,0.775,semantic,2026-05-27T11:26:11Z
25389,48577,1549,0.965,hashtag,2026-05-27T11:26:11Z
25390,48578,1560,0.714,visual,2026-05-27T11:26:11Z
25391,48580,1572,0.965,direct,2026-05-27T11:26:11Z
25392,48584,1547,0.807,inferred,2026-05-27T11:26:11Z
25393,48586,1542,0.78,semantic,2026-05-27T11:26:11Z
25394,48588,1558,0.814,visual,2026-05-27T11:26:11Z
25395,48589,1557,0.956,inferred,2026-05-27T11:26:11Z
25396,48590,1571,0.75,direct,2026-05-27T11:26:11Z
25397,48591,1561,0.736,semantic,2026-05-27T11:26:11Z
25398,48592,1567,0.973,hashtag,2026-05-27T11:26:11Z
25399,48593,1546,0.894,visual,2026-05-27T11:26:11Z
25400,48594,1554,0.97,inferred,2026-05-27T11:26:11Z
25401,48595,1556,0.732,direct,2026-05-27T11:26:11Z
25402,48596,1561,0.754,semantic,2026-05-27T11:26:11Z
25403,48598,1550,0.967,visual,2026-05-27T11:26:11Z
25404,48599,1552,0.85,inferred,2026-05-27T11:26:11Z
25405,48600,1568,0.978,direct,2026-05-27T11:26:11Z
25406,48601,1572,0.753,semantic,2026-05-27T11:26:11Z
25407,48602,1562,0.768,hashtag,2026-05-27T11:26:11Z
25408,48603,1548,0.958,visual,2026-05-27T11:26:11Z
25409,48604,1561,0.719,inferred,2026-05-27T11:26:11Z
25410,48608,1549,0.741,visual,2026-05-27T11:26:11Z
25411,48609,1562,0.898,inferred,2026-05-27T11:26:11Z
25412,48611,1572,0.823,semantic,2026-05-27T11:26:11Z
25413,48612,1553,0.917,hashtag,2026-05-27T11:26:11Z
25414,48613,1565,0.811,visual,2026-05-27T11:26:11Z
25415,48615,1566,0.754,direct,2026-05-27T11:26:11Z
25416,48616,1554,0.707,semantic,2026-05-27T11:26:11Z
25417,48618,1572,0.943,visual,2026-05-27T11:26:11Z
25418,48622,1561,0.95,hashtag,2026-05-27T11:26:11Z
25419,48623,1556,0.859,visual,2026-05-27T11:26:11Z
25420,48625,1562,0.751,direct,2026-05-27T11:26:11Z
25421,48626,1564,0.871,semantic,2026-05-27T11:26:11Z
25422,48627,1563,0.864,hashtag,2026-05-27T11:26:11Z
25423,48629,1542,0.831,inferred,2026-05-27T11:26:11Z
25424,48630,1566,0.718,direct,2026-05-27T11:26:11Z
25425,48631,1553,0.735,semantic,2026-05-27T11:26:11Z
25426,48632,1567,0.995,hashtag,2026-05-27T11:26:11Z
25427,48633,1559,0.864,visual,2026-05-27T11:26:11Z
25428,48635,1562,0.701,direct,2026-05-27T11:26:11Z
25429,48637,1568,0.87,hashtag,2026-05-27T11:26:11Z
25430,48638,1559,0.91,visual,2026-05-27T11:26:11Z
25431,48639,1554,0.866,inferred,2026-05-27T11:26:11Z
25432,48640,1554,0.804,direct,2026-05-27T11:26:11Z
25433,48641,1556,0.853,semantic,2026-05-27T11:26:11Z
25434,48644,1548,0.957,inferred,2026-05-27T11:26:11Z
25435,48645,1547,0.785,direct,2026-05-27T11:26:11Z
25436,48646,1571,0.895,semantic,2026-05-27T11:26:11Z
25437,48648,1552,0.88,visual,2026-05-27T11:26:11Z
25438,48650,1548,0.709,direct,2026-05-27T11:26:11Z
25439,48652,1569,0.769,hashtag,2026-05-27T11:26:11Z
25440,48654,1556,0.987,inferred,2026-05-27T11:26:11Z
25441,48655,1558,0.733,direct,2026-05-27T11:26:11Z
25442,48656,1553,0.803,semantic,2026-05-27T11:26:11Z
25443,48657,1556,0.727,hashtag,2026-05-27T11:26:11Z
25444,48658,1542,0.943,visual,2026-05-27T11:26:11Z
25445,48659,1565,0.958,inferred,2026-05-27T11:26:11Z
25446,48660,1567,0.85,direct,2026-05-27T11:26:11Z
25447,48661,1572,0.937,semantic,2026-05-27T11:26:11Z
25448,48665,1552,0.735,direct,2026-05-27T11:26:11Z
25449,48668,1556,0.905,visual,2026-05-27T11:26:11Z
25450,48669,1551,0.846,inferred,2026-05-27T11:26:11Z
25451,48671,1547,0.751,semantic,2026-05-27T11:26:11Z
25452,48672,1567,0.853,hashtag,2026-05-27T11:26:11Z
25453,48673,1572,0.756,visual,2026-05-27T11:26:11Z
25454,48674,1554,0.783,inferred,2026-05-27T11:26:11Z
25455,48675,1565,0.772,direct,2026-05-27T11:26:11Z
25456,48677,1546,0.808,hashtag,2026-05-27T11:26:11Z
25457,48678,1561,0.785,visual,2026-05-27T11:26:11Z
25458,48679,1541,0.782,inferred,2026-05-27T11:26:11Z
25459,48680,1555,0.739,direct,2026-05-27T11:26:11Z
25460,48681,1552,0.748,semantic,2026-05-27T11:26:11Z
25461,48683,1544,0.709,visual,2026-05-27T11:26:11Z
25462,48684,1546,0.931,inferred,2026-05-27T11:26:11Z
25463,48687,1568,0.747,hashtag,2026-05-27T11:26:11Z
25464,48688,1561,0.701,visual,2026-05-27T11:26:11Z
25465,48689,1559,0.917,inferred,2026-05-27T11:26:11Z
25466,48690,1548,0.891,direct,2026-05-27T11:26:11Z
25467,48691,1561,0.736,semantic,2026-05-27T11:26:11Z
25468,48692,1548,0.77,hashtag,2026-05-27T11:26:11Z
25469,48697,1563,0.719,hashtag,2026-05-27T11:26:11Z
25470,48699,1547,0.819,inferred,2026-05-27T11:26:11Z
25471,48700,1548,0.721,direct,2026-05-27T11:26:11Z
25472,48702,1547,0.713,hashtag,2026-05-27T11:26:11Z
25473,48703,1551,0.861,visual,2026-05-27T11:26:11Z
25474,48704,1542,0.863,inferred,2026-05-27T11:26:11Z
25475,48706,1569,0.858,semantic,2026-05-27T11:26:11Z
25476,48707,1564,0.99,hashtag,2026-05-27T11:26:11Z
25477,48708,1561,0.704,visual,2026-05-27T11:26:11Z
25478,48709,1562,0.997,inferred,2026-05-27T11:26:11Z
25479,48710,1550,0.99,direct,2026-05-27T11:26:11Z
25480,48713,1558,0.871,visual,2026-05-27T11:26:11Z
25481,48714,1571,0.826,inferred,2026-05-27T11:26:11Z
25482,48718,1542,0.931,visual,2026-05-27T11:26:11Z
25483,48723,1550,0.825,visual,2026-05-27T11:26:11Z
25484,48724,1548,0.904,inferred,2026-05-27T11:26:11Z
25485,48725,1551,0.879,direct,2026-05-27T11:26:11Z
25486,48726,1550,0.705,semantic,2026-05-27T11:26:11Z
25487,48727,1549,0.88,hashtag,2026-05-27T11:26:11Z
25488,48728,1558,0.741,visual,2026-05-27T11:26:11Z
25489,48729,1556,0.959,inferred,2026-05-27T11:26:11Z
25490,48731,1564,0.702,semantic,2026-05-27T11:26:11Z
25491,48734,1572,0.921,inferred,2026-05-27T11:26:11Z
25492,48735,1555,0.922,direct,2026-05-27T11:26:11Z
25493,48736,1566,0.733,semantic,2026-05-27T11:26:11Z
25494,48738,1561,0.902,visual,2026-05-27T11:26:11Z
25495,48739,1562,0.708,inferred,2026-05-27T11:26:11Z
25496,48740,1569,0.983,direct,2026-05-27T11:26:11Z
25497,48742,1560,0.91,hashtag,2026-05-27T11:26:11Z
25498,48743,1555,0.792,visual,2026-05-27T11:26:11Z
25499,48744,1572,0.989,inferred,2026-05-27T11:26:11Z
25500,48746,1558,0.932,semantic,2026-05-27T11:26:11Z
25501,48748,1552,0.941,visual,2026-05-27T11:26:11Z
25502,48750,1560,0.894,direct,2026-05-27T11:26:11Z
25503,48751,1559,0.769,semantic,2026-05-27T11:26:11Z
25504,48752,1562,0.787,hashtag,2026-05-27T11:26:11Z
25505,48753,1560,0.705,visual,2026-05-27T11:26:12Z
25506,48754,1554,0.844,inferred,2026-05-27T11:26:12Z
25507,48758,1563,0.853,visual,2026-05-27T11:26:12Z
25508,48759,1545,0.9,inferred,2026-05-27T11:26:12Z
25509,48760,1561,0.828,direct,2026-05-27T11:26:12Z
25510,48761,1568,0.777,semantic,2026-05-27T11:26:12Z
25511,48763,1541,0.87,visual,2026-05-27T11:26:12Z
25512,48764,1563,0.848,inferred,2026-05-27T11:26:12Z
25513,48765,1557,0.807,direct,2026-05-27T11:26:12Z
25514,48767,1555,0.747,hashtag,2026-05-27T11:26:12Z
25515,48768,1562,0.908,visual,2026-05-27T11:26:12Z
25516,48769,1557,0.856,inferred,2026-05-27T11:26:12Z
25517,48770,1565,0.708,direct,2026-05-27T11:26:12Z
25518,48771,1566,0.917,semantic,2026-05-27T11:26:12Z
25519,48772,1554,0.868,hashtag,2026-05-27T11:26:12Z
25520,48773,1562,0.947,visual,2026-05-27T11:26:12Z
25521,48774,1552,0.85,inferred,2026-05-27T11:26:12Z
25522,48775,1567,0.734,direct,2026-05-27T11:26:12Z
25523,48776,1546,0.91,semantic,2026-05-27T11:26:12Z
25524,48778,1556,0.795,visual,2026-05-27T11:26:12Z
25525,48779,1549,0.857,inferred,2026-05-27T11:26:12Z
25526,48781,1543,0.965,semantic,2026-05-27T11:26:12Z
25527,48782,1567,0.779,hashtag,2026-05-27T11:26:12Z
25528,48783,1541,0.9,visual,2026-05-27T11:26:12Z
25529,48784,1571,0.933,inferred,2026-05-27T11:26:12Z
25530,48785,1541,0.79,direct,2026-05-27T11:26:12Z
25531,48786,1546,0.756,semantic,2026-05-27T11:26:12Z
25532,48787,1541,0.757,hashtag,2026-05-27T11:26:12Z
25533,48788,1559,0.934,visual,2026-05-27T11:26:12Z
25534,48789,1558,0.932,inferred,2026-05-27T11:26:12Z
25535,48790,1555,0.814,direct,2026-05-27T11:26:12Z
25536,48791,1545,0.885,semantic,2026-05-27T11:26:12Z
25537,48793,1557,0.891,visual,2026-05-27T11:26:12Z
25538,48794,1557,0.928,inferred,2026-05-27T11:26:12Z
25539,48795,1564,0.746,direct,2026-05-27T11:26:12Z
25540,48796,1545,0.756,semantic,2026-05-27T11:26:12Z
25541,48798,1561,0.966,visual,2026-05-27T11:26:12Z
25542,48800,1546,0.801,direct,2026-05-27T11:26:12Z
25543,48801,1541,0.854,semantic,2026-05-27T11:26:12Z
25544,48804,1557,0.94,inferred,2026-05-27T11:26:12Z
25545,48808,1555,0.914,visual,2026-05-27T11:26:12Z
25546,48809,1565,0.756,inferred,2026-05-27T11:26:12Z
25547,48813,1554,0.978,visual,2026-05-27T11:26:12Z
25548,48814,1564,0.818,inferred,2026-05-27T11:26:12Z
25549,48818,1551,0.734,visual,2026-05-27T11:26:12Z
25550,48819,1557,0.848,inferred,2026-05-27T11:26:12Z
25551,48821,1544,0.805,semantic,2026-05-27T11:26:12Z
25552,48822,1568,0.744,hashtag,2026-05-27T11:26:12Z
25553,48823,1569,0.717,visual,2026-05-27T11:26:12Z
25554,48824,1552,0.99,inferred,2026-05-27T11:26:12Z
25555,48825,1543,0.781,direct,2026-05-27T11:26:12Z
25556,48830,1560,0.813,direct,2026-05-27T11:26:12Z
25557,48832,1571,0.957,hashtag,2026-05-27T11:26:12Z
25558,48833,1570,0.767,visual,2026-05-27T11:26:12Z
25559,48834,1559,0.958,inferred,2026-05-27T11:26:12Z
25560,48837,1561,0.773,hashtag,2026-05-27T11:26:12Z
25561,48838,1563,0.729,visual,2026-05-27T11:26:12Z
25562,48839,1561,0.909,inferred,2026-05-27T11:26:12Z
25563,48842,1567,0.714,hashtag,2026-05-27T11:26:12Z
25564,48843,1554,0.904,visual,2026-05-27T11:26:12Z
25565,48845,1565,0.762,direct,2026-05-27T11:26:12Z
25566,48846,1559,0.908,semantic,2026-05-27T11:26:12Z
25567,48848,1546,0.794,visual,2026-05-27T11:26:12Z
25568,48851,1549,0.867,semantic,2026-05-27T11:26:12Z
25569,48852,1560,0.9,hashtag,2026-05-27T11:26:12Z
25570,48853,1551,0.708,visual,2026-05-27T11:26:12Z
25571,48854,1549,0.931,inferred,2026-05-27T11:26:12Z
25572,48855,1562,0.998,direct,2026-05-27T11:26:12Z
25573,48856,1544,0.78,semantic,2026-05-27T11:26:12Z
25574,48858,1555,0.87,visual,2026-05-27T11:26:12Z
25575,48859,1555,0.959,inferred,2026-05-27T11:26:12Z
25576,48860,1570,0.89,direct,2026-05-27T11:26:12Z
25577,48861,1548,0.954,semantic,2026-05-27T11:26:12Z
25578,48862,1553,0.776,hashtag,2026-05-27T11:26:12Z
25579,48863,1543,0.761,visual,2026-05-27T11:26:12Z
25580,48864,1547,0.912,inferred,2026-05-27T11:26:12Z
25581,48865,1542,0.897,direct,2026-05-27T11:26:12Z
25582,48869,1549,0.921,inferred,2026-05-27T11:26:12Z
25583,48872,1548,0.934,hashtag,2026-05-27T11:26:12Z
25584,48873,1558,0.752,visual,2026-05-27T11:26:12Z
25585,48877,1566,0.859,hashtag,2026-05-27T11:26:12Z
25586,48878,1565,0.834,visual,2026-05-27T11:26:12Z
25587,48879,1570,0.894,inferred,2026-05-27T11:26:12Z
25588,48880,1572,0.96,direct,2026-05-27T11:26:12Z
25589,48881,1558,0.9,semantic,2026-05-27T11:26:12Z
25590,48882,1556,0.858,hashtag,2026-05-27T11:26:12Z
25591,48883,1552,0.83,visual,2026-05-27T11:26:12Z
25592,48884,1561,0.945,inferred,2026-05-27T11:26:12Z
25593,48885,1547,0.859,direct,2026-05-27T11:26:12Z
25594,48886,1554,0.888,semantic,2026-05-27T11:26:12Z
25595,48887,1559,0.785,hashtag,2026-05-27T11:26:12Z
25596,48888,1557,0.729,visual,2026-05-27T11:26:12Z
25597,48889,1571,0.842,inferred,2026-05-27T11:26:12Z
25598,48890,1571,0.851,direct,2026-05-27T11:26:12Z
25599,48891,1569,0.964,semantic,2026-05-27T11:26:12Z
25600,48892,1562,0.933,hashtag,2026-05-27T11:26:12Z
25601,48895,1558,0.906,direct,2026-05-27T11:26:12Z
25602,48896,1569,0.745,semantic,2026-05-27T11:26:12Z
25603,48897,1564,0.995,hashtag,2026-05-27T11:26:12Z
25604,48898,1554,0.87,visual,2026-05-27T11:26:12Z
25605,48899,1561,0.997,inferred,2026-05-27T11:26:12Z
25606,48900,1567,0.711,direct,2026-05-27T11:26:12Z
25607,48902,1548,0.714,hashtag,2026-05-27T11:26:12Z
25608,48903,1559,0.769,visual,2026-05-27T11:26:12Z
25609,48904,1560,0.988,inferred,2026-05-27T11:26:12Z
25610,48905,1570,0.759,direct,2026-05-27T11:26:12Z
25611,48906,1550,0.726,semantic,2026-05-27T11:26:12Z
25612,48908,1568,0.779,visual,2026-05-27T11:26:12Z
25613,48909,1558,0.92,inferred,2026-05-27T11:26:12Z
25614,48911,1548,0.715,semantic,2026-05-27T11:26:12Z
25615,48912,1560,0.791,hashtag,2026-05-27T11:26:12Z
25616,48913,1566,0.878,visual,2026-05-27T11:26:12Z
25617,48916,1570,0.838,semantic,2026-05-27T11:26:12Z
25618,48917,1572,0.713,hashtag,2026-05-27T11:26:12Z
25619,48918,1554,0.972,visual,2026-05-27T11:26:12Z
25620,48919,1567,0.842,inferred,2026-05-27T11:26:12Z
25621,48920,1572,0.729,direct,2026-05-27T11:26:12Z
25622,48922,1553,0.738,hashtag,2026-05-27T11:26:12Z
25623,48923,1552,0.899,visual,2026-05-27T11:26:12Z
25624,48924,1547,0.877,inferred,2026-05-27T11:26:12Z
25625,48925,1570,0.935,direct,2026-05-27T11:26:12Z
25626,48926,1571,0.944,semantic,2026-05-27T11:26:12Z
25627,48927,1552,0.895,hashtag,2026-05-27T11:26:12Z
25628,48931,1568,0.879,semantic,2026-05-27T11:26:12Z
25629,48933,1547,0.919,visual,2026-05-27T11:26:12Z
25630,48936,1571,0.747,semantic,2026-05-27T11:26:12Z
25631,48937,1553,0.841,hashtag,2026-05-27T11:26:12Z
25632,48939,1559,0.867,inferred,2026-05-27T11:26:12Z
25633,48940,1564,0.734,direct,2026-05-27T11:26:12Z
25634,48941,1565,0.962,semantic,2026-05-27T11:26:12Z
25635,48942,1571,0.856,hashtag,2026-05-27T11:26:12Z
25636,48943,1571,0.927,visual,2026-05-27T11:26:12Z
25637,48944,1545,0.79,inferred,2026-05-27T11:26:12Z
25638,48945,1570,0.76,direct,2026-05-27T11:26:12Z
25639,48946,1561,0.832,semantic,2026-05-27T11:26:12Z
25640,48947,1547,0.709,hashtag,2026-05-27T11:26:12Z
25641,48948,1571,0.946,visual,2026-05-27T11:26:12Z
25642,48949,1543,0.824,inferred,2026-05-27T11:26:12Z
25643,48950,1554,0.726,direct,2026-05-27T11:26:12Z
25644,48952,1566,0.933,hashtag,2026-05-27T11:26:12Z
25645,48954,1541,0.74,inferred,2026-05-27T11:26:12Z
25646,48956,1564,0.963,semantic,2026-05-27T11:26:12Z
25647,48957,1550,0.924,hashtag,2026-05-27T11:26:12Z
25648,48958,1548,0.807,visual,2026-05-27T11:26:12Z
25649,48960,1565,0.924,direct,2026-05-27T11:26:12Z
25650,48962,1561,0.93,hashtag,2026-05-27T11:26:12Z
25651,48963,1550,0.806,visual,2026-05-27T11:26:12Z
25652,48964,1562,0.858,inferred,2026-05-27T11:26:12Z
25653,48966,1571,0.864,semantic,2026-05-27T11:26:12Z
25654,48967,1569,0.883,hashtag,2026-05-27T11:26:12Z
25655,48968,1542,0.883,visual,2026-05-27T11:26:12Z
25656,48969,1563,0.816,inferred,2026-05-27T11:26:12Z
25657,48970,1560,0.783,direct,2026-05-27T11:26:12Z
25658,48972,1547,0.822,hashtag,2026-05-27T11:26:12Z
25659,48973,1571,0.734,visual,2026-05-27T11:26:12Z
25660,48978,1547,0.732,visual,2026-05-27T11:26:12Z
25661,48979,1547,0.819,inferred,2026-05-27T11:26:12Z
25662,48980,1549,0.894,direct,2026-05-27T11:26:12Z
25663,48981,1542,0.902,semantic,2026-05-27T11:26:12Z
25664,48982,1547,0.911,hashtag,2026-05-27T11:26:12Z
25665,48983,1551,0.851,visual,2026-05-27T11:26:12Z
25666,48984,1547,0.794,inferred,2026-05-27T11:26:12Z
25667,48985,1561,0.896,direct,2026-05-27T11:26:12Z
25668,48986,1557,0.868,semantic,2026-05-27T11:26:12Z
25669,48987,1546,0.726,hashtag,2026-05-27T11:26:12Z
25670,48988,1545,0.965,visual,2026-05-27T11:26:12Z
25671,48989,1561,0.701,inferred,2026-05-27T11:26:12Z
25672,48990,1555,0.976,direct,2026-05-27T11:26:12Z
25673,48991,1543,0.724,semantic,2026-05-27T11:26:12Z
25674,48993,1547,0.91,visual,2026-05-27T11:26:12Z
25675,48994,1547,0.842,inferred,2026-05-27T11:26:12Z
25676,48997,1561,0.747,hashtag,2026-05-27T11:26:12Z
25677,48998,1564,0.983,visual,2026-05-27T11:26:12Z
25678,48999,1568,0.853,inferred,2026-05-27T11:26:12Z
25679,49000,1550,0.937,direct,2026-05-27T11:26:12Z
25680,49001,1561,0.835,semantic,2026-05-27T11:26:12Z
25681,49002,1557,0.892,hashtag,2026-05-27T11:26:12Z
25682,49003,1566,0.719,visual,2026-05-27T11:26:12Z
25683,49004,1548,0.831,inferred,2026-05-27T11:26:12Z
25684,49006,1565,0.87,semantic,2026-05-27T11:26:12Z
25685,49007,1568,0.99,hashtag,2026-05-27T11:26:12Z
25686,49008,1564,0.852,visual,2026-05-27T11:26:12Z
25687,49009,1566,0.791,inferred,2026-05-27T11:26:12Z
25688,49010,1546,0.817,direct,2026-05-27T11:26:12Z
25689,49011,1556,0.752,semantic,2026-05-27T11:26:12Z
25690,49013,1557,0.901,visual,2026-05-27T11:26:12Z
25691,49015,1566,0.929,direct,2026-05-27T11:26:12Z
25692,49016,1556,0.997,semantic,2026-05-27T11:26:12Z
25693,49017,1564,0.859,hashtag,2026-05-27T11:26:12Z
25694,49018,1556,0.722,visual,2026-05-27T11:26:12Z
25695,49019,1553,0.737,inferred,2026-05-27T11:26:12Z
25696,49021,1557,0.944,semantic,2026-05-27T11:26:12Z
25697,49022,1563,0.98,hashtag,2026-05-27T11:26:12Z
25698,49024,1567,0.869,inferred,2026-05-27T11:26:12Z
25699,49025,1572,0.797,direct,2026-05-27T11:26:12Z
25700,49026,1543,0.78,semantic,2026-05-27T11:26:12Z
25701,49029,1543,0.937,inferred,2026-05-27T11:26:12Z
25702,49032,1568,0.879,hashtag,2026-05-27T11:26:12Z
25703,49034,1569,0.79,inferred,2026-05-27T11:26:12Z
25704,49035,1543,0.817,direct,2026-05-27T11:26:12Z
25705,49037,1546,0.841,hashtag,2026-05-27T11:26:12Z
25706,49038,1559,0.704,visual,2026-05-27T11:26:12Z
25707,49039,1564,0.709,inferred,2026-05-27T11:26:12Z
25708,49040,1571,0.707,direct,2026-05-27T11:26:12Z
25709,49042,1551,0.805,hashtag,2026-05-27T11:26:12Z
25710,49043,1564,0.823,visual,2026-05-27T11:26:12Z
25711,49044,1565,0.97,inferred,2026-05-27T11:26:12Z
25712,49045,1570,0.71,direct,2026-05-27T11:26:12Z
25713,49046,1562,0.948,semantic,2026-05-27T11:26:12Z
25714,49047,1559,0.799,hashtag,2026-05-27T11:26:12Z
25715,49048,1559,0.902,visual,2026-05-27T11:26:12Z
25716,49049,1561,0.899,inferred,2026-05-27T11:26:12Z
25717,49050,1556,0.951,direct,2026-05-27T11:26:12Z
25718,49051,1562,0.724,semantic,2026-05-27T11:26:12Z
25719,49053,1542,0.73,visual,2026-05-27T11:26:12Z
25720,49054,1571,0.71,inferred,2026-05-27T11:26:12Z
25721,49055,1556,0.966,direct,2026-05-27T11:26:12Z
25722,49056,1561,0.712,semantic,2026-05-27T11:26:12Z
25723,49057,1560,0.811,hashtag,2026-05-27T11:26:12Z
25724,49058,1556,0.743,visual,2026-05-27T11:26:12Z
25725,49059,1562,0.711,inferred,2026-05-27T11:26:12Z
25726,49061,1550,0.733,semantic,2026-05-27T11:26:12Z
25727,49062,1568,0.765,hashtag,2026-05-27T11:26:12Z
25728,49063,1569,0.702,visual,2026-05-27T11:26:12Z
25729,49064,1551,0.932,inferred,2026-05-27T11:26:12Z
25730,49065,1542,0.887,direct,2026-05-27T11:26:12Z
25731,49066,1550,0.793,semantic,2026-05-27T11:26:12Z
25732,49069,1560,0.948,inferred,2026-05-27T11:26:12Z
25733,49070,1556,0.781,direct,2026-05-27T11:26:12Z
25734,49071,1549,0.756,semantic,2026-05-27T11:26:12Z
25735,49072,1557,0.725,hashtag,2026-05-27T11:26:12Z
25736,49073,1571,0.957,visual,2026-05-27T11:26:12Z
25737,49074,1547,0.966,inferred,2026-05-27T11:26:12Z
25738,49075,1549,0.866,direct,2026-05-27T11:26:12Z
25739,49076,1554,0.899,semantic,2026-05-27T11:26:12Z
25740,49077,1542,0.91,hashtag,2026-05-27T11:26:12Z
25741,49080,1570,0.887,direct,2026-05-27T11:26:12Z
25742,49081,1572,0.862,semantic,2026-05-27T11:26:12Z
25743,49082,1557,0.879,hashtag,2026-05-27T11:26:12Z
25744,49084,1565,0.991,inferred,2026-05-27T11:26:12Z
25745,49085,1564,0.723,direct,2026-05-27T11:26:12Z
25746,49086,1552,0.811,semantic,2026-05-27T11:26:12Z
25747,49087,1547,0.814,hashtag,2026-05-27T11:26:12Z
25748,49088,1558,0.841,visual,2026-05-27T11:26:12Z
25749,49089,1566,0.724,inferred,2026-05-27T11:26:12Z
25750,49090,1564,0.958,direct,2026-05-27T11:26:12Z
25751,49091,1550,0.825,semantic,2026-05-27T11:26:12Z
25752,49092,1551,0.862,hashtag,2026-05-27T11:26:12Z
25753,49093,1550,0.741,visual,2026-05-27T11:26:12Z
25754,49094,1571,0.763,inferred,2026-05-27T11:26:12Z
25755,49095,1560,0.809,direct,2026-05-27T11:26:12Z
25756,49096,1562,0.815,semantic,2026-05-27T11:26:12Z
25757,49097,1570,0.734,hashtag,2026-05-27T11:26:12Z
25758,49098,1556,0.864,visual,2026-05-27T11:26:12Z
25759,49100,1570,0.789,direct,2026-05-27T11:26:12Z
25760,49102,1543,0.893,hashtag,2026-05-27T11:26:12Z
25761,49103,1562,0.781,visual,2026-05-27T11:26:12Z
25762,49105,1571,0.746,direct,2026-05-27T11:26:12Z
25763,49106,1567,0.985,semantic,2026-05-27T11:26:12Z
25764,49109,1561,0.728,inferred,2026-05-27T11:26:12Z
25765,49110,1556,0.787,direct,2026-05-27T11:26:12Z
25766,49111,1556,0.706,semantic,2026-05-27T11:26:12Z
25767,49112,1570,0.931,hashtag,2026-05-27T11:26:12Z
25768,49113,1547,0.95,visual,2026-05-27T11:26:12Z
25769,49114,1564,0.872,inferred,2026-05-27T11:26:12Z
25770,49115,1559,0.905,direct,2026-05-27T11:26:12Z
25771,49116,1548,0.957,semantic,2026-05-27T11:26:12Z
25772,49117,1555,0.897,hashtag,2026-05-27T11:26:12Z
25773,49118,1554,0.741,visual,2026-05-27T11:26:12Z
25774,49119,1558,0.96,inferred,2026-05-27T11:26:12Z
25775,49123,1568,0.862,visual,2026-05-27T11:26:12Z
25776,49125,1569,0.732,direct,2026-05-27T11:26:12Z
25777,49128,1552,0.719,visual,2026-05-27T11:26:12Z
25778,49129,1545,0.758,inferred,2026-05-27T11:26:12Z
25779,49130,1572,0.88,direct,2026-05-27T11:26:12Z
25780,49131,1547,0.74,semantic,2026-05-27T11:26:12Z
25781,49132,1544,0.884,hashtag,2026-05-27T11:26:12Z
25782,49133,1572,0.828,visual,2026-05-27T11:26:12Z
25783,49136,1572,0.976,semantic,2026-05-27T11:26:12Z
25784,49137,1561,0.747,hashtag,2026-05-27T11:26:12Z
25785,49138,1546,0.867,visual,2026-05-27T11:26:12Z
25786,49140,1544,0.862,direct,2026-05-27T11:26:12Z
25787,49141,1563,0.75,semantic,2026-05-27T11:26:12Z
25788,49143,1552,0.808,visual,2026-05-27T11:26:12Z
25789,49145,1552,0.923,direct,2026-05-27T11:26:12Z
25790,49146,1562,0.717,semantic,2026-05-27T11:26:12Z
25791,49147,1547,0.997,hashtag,2026-05-27T11:26:12Z
25792,49149,1551,0.974,inferred,2026-05-27T11:26:12Z
25793,49150,1548,0.971,direct,2026-05-27T11:26:12Z
25794,49152,1546,0.813,hashtag,2026-05-27T11:26:12Z
25795,49155,1548,0.709,direct,2026-05-27T11:26:12Z
25796,49156,1543,0.744,semantic,2026-05-27T11:26:12Z
25797,49157,1549,0.734,hashtag,2026-05-27T11:26:12Z
25798,49158,1567,0.722,visual,2026-05-27T11:26:12Z
25799,49159,1542,0.703,inferred,2026-05-27T11:26:12Z
25800,49160,1552,0.871,direct,2026-05-27T11:26:12Z
25801,49161,1553,0.778,semantic,2026-05-27T11:26:12Z
25802,49164,1569,0.766,inferred,2026-05-27T11:26:12Z
25803,49165,1555,0.88,direct,2026-05-27T11:26:12Z
25804,49166,1570,0.718,semantic,2026-05-27T11:26:12Z
25805,49168,1543,0.981,visual,2026-05-27T11:26:12Z
25806,49171,1552,0.853,semantic,2026-05-27T11:26:12Z
25807,49172,1567,0.894,hashtag,2026-05-27T11:26:12Z
25808,49174,1567,0.712,inferred,2026-05-27T11:26:12Z
25809,49176,1562,0.882,semantic,2026-05-27T11:26:12Z
25810,49177,1546,0.891,hashtag,2026-05-27T11:26:12Z
25811,49179,1548,0.806,inferred,2026-05-27T11:26:12Z
25812,49180,1560,0.846,direct,2026-05-27T11:26:12Z
25813,49181,1563,0.976,semantic,2026-05-27T11:26:12Z
25814,49182,1570,0.761,hashtag,2026-05-27T11:26:12Z
25815,49183,1561,0.75,visual,2026-05-27T11:26:12Z
25816,49184,1567,0.762,inferred,2026-05-27T11:26:12Z
25817,49186,1569,0.727,semantic,2026-05-27T11:26:12Z
25818,49188,1544,0.902,visual,2026-05-27T11:26:12Z
25819,49189,1547,0.918,inferred,2026-05-27T11:26:12Z
25820,49191,1542,0.856,semantic,2026-05-27T11:26:12Z
25821,49194,1557,0.916,inferred,2026-05-27T11:26:12Z
25822,49195,1544,0.828,direct,2026-05-27T11:26:12Z
25823,49196,1541,0.779,semantic,2026-05-27T11:26:12Z
25824,49198,1569,0.751,visual,2026-05-27T11:26:12Z
25825,49201,1548,0.817,semantic,2026-05-27T11:26:12Z
25826,49202,1553,1,hashtag,2026-05-27T11:26:12Z
25827,49203,1551,0.907,visual,2026-05-27T11:26:12Z
25828,49204,1549,0.827,inferred,2026-05-27T11:26:12Z
25829,49205,1558,0.734,direct,2026-05-27T11:26:12Z
25830,49206,1569,0.771,semantic,2026-05-27T11:26:12Z
25831,49207,1568,0.709,hashtag,2026-05-27T11:26:12Z
25832,49211,1567,0.993,semantic,2026-05-27T11:26:12Z
25833,49212,1568,0.827,hashtag,2026-05-27T11:26:12Z
25834,49214,1542,0.863,inferred,2026-05-27T11:26:12Z
25835,49215,1556,0.83,direct,2026-05-27T11:26:12Z
25836,49217,1564,0.933,hashtag,2026-05-27T11:26:12Z
25837,49218,1554,0.77,visual,2026-05-27T11:26:12Z
25838,49219,1549,0.968,inferred,2026-05-27T11:26:12Z
25839,49220,1555,0.95,direct,2026-05-27T11:26:12Z
25840,49221,1560,0.841,semantic,2026-05-27T11:26:12Z
25841,49224,1549,0.77,inferred,2026-05-27T11:26:12Z
25842,49225,1565,0.762,direct,2026-05-27T11:26:12Z
25843,49226,1551,0.87,semantic,2026-05-27T11:26:12Z
25844,49227,1552,0.907,hashtag,2026-05-27T11:26:12Z
25845,49230,1570,0.93,direct,2026-05-27T11:26:12Z
25846,49232,1554,0.867,hashtag,2026-05-27T11:26:12Z
25847,49233,1557,0.854,visual,2026-05-27T11:26:12Z
25848,49235,1553,0.987,direct,2026-05-27T11:26:12Z
25849,49236,1567,0.936,semantic,2026-05-27T11:26:12Z
25850,49237,1571,0.859,hashtag,2026-05-27T11:26:12Z
25851,49239,1568,0.862,inferred,2026-05-27T11:26:12Z
25852,49240,1548,0.973,direct,2026-05-27T11:26:12Z
25853,49244,1549,0.923,inferred,2026-05-27T11:26:12Z
25854,49247,1541,0.925,hashtag,2026-05-27T11:26:12Z
25855,49248,1560,0.744,visual,2026-05-27T11:26:12Z
25856,49249,1551,0.981,inferred,2026-05-27T11:26:12Z
25857,49250,1550,0.79,direct,2026-05-27T11:26:12Z
25858,49251,1566,0.98,semantic,2026-05-27T11:26:12Z
25859,49252,1564,0.943,hashtag,2026-05-27T11:26:12Z
25860,49253,1561,0.782,visual,2026-05-27T11:26:12Z
25861,49255,1550,0.979,direct,2026-05-27T11:26:12Z
25862,49256,1553,0.905,semantic,2026-05-27T11:26:12Z
25863,49257,1555,0.916,hashtag,2026-05-27T11:26:12Z
25864,49258,1547,0.879,visual,2026-05-27T11:26:12Z
25865,49259,1552,0.919,inferred,2026-05-27T11:26:12Z
25866,49260,1556,0.854,direct,2026-05-27T11:26:12Z
25867,49264,1568,0.969,inferred,2026-05-27T11:26:12Z
25868,49265,1570,0.736,direct,2026-05-27T11:26:12Z
25869,49266,1544,0.778,semantic,2026-05-27T11:26:12Z
25870,49267,1542,0.711,hashtag,2026-05-27T11:26:12Z
25871,49268,1547,0.935,visual,2026-05-27T11:26:12Z
25872,49269,1555,0.832,inferred,2026-05-27T11:26:12Z
25873,49271,1570,0.86,semantic,2026-05-27T11:26:12Z
25874,49272,1564,0.868,hashtag,2026-05-27T11:26:12Z
25875,49273,1553,0.921,visual,2026-05-27T11:26:12Z
25876,49275,1557,0.838,direct,2026-05-27T11:26:12Z
25877,49276,1552,0.89,semantic,2026-05-27T11:26:12Z
25878,49278,1546,0.758,visual,2026-05-27T11:26:12Z
25879,49280,1566,0.703,direct,2026-05-27T11:26:12Z
25880,49282,1566,0.78,hashtag,2026-05-27T11:26:12Z
25881,49283,1562,0.774,visual,2026-05-27T11:26:12Z
25882,49284,1548,0.836,inferred,2026-05-27T11:26:12Z
25883,49285,1560,0.994,direct,2026-05-27T11:26:12Z
25884,49286,1547,0.84,semantic,2026-05-27T11:26:12Z
25885,49287,1546,0.992,hashtag,2026-05-27T11:26:12Z
25886,49288,1548,0.889,visual,2026-05-27T11:26:12Z
25887,49289,1560,0.761,inferred,2026-05-27T11:26:12Z
25888,49290,1554,0.845,direct,2026-05-27T11:26:12Z
25889,49292,1571,0.933,hashtag,2026-05-27T11:26:12Z
25890,49293,1542,0.967,visual,2026-05-27T11:26:12Z
25891,49295,1567,0.853,direct,2026-05-27T11:26:12Z
25892,49297,1554,0.958,hashtag,2026-05-27T11:26:12Z
25893,49298,1541,0.872,visual,2026-05-27T11:26:12Z
25894,49301,1551,0.788,semantic,2026-05-27T11:26:12Z
25895,49303,1554,0.929,visual,2026-05-27T11:26:12Z
25896,49304,1549,0.844,inferred,2026-05-27T11:26:12Z
25897,49307,1563,0.974,hashtag,2026-05-27T11:26:12Z
25898,49309,1567,0.909,inferred,2026-05-27T11:26:12Z
25899,49311,1569,0.741,semantic,2026-05-27T11:26:12Z
25900,49313,1553,0.947,visual,2026-05-27T11:26:12Z
25901,49314,1570,0.753,inferred,2026-05-27T11:26:12Z
25902,49315,1566,0.762,direct,2026-05-27T11:26:12Z
25903,49316,1568,0.942,semantic,2026-05-27T11:26:12Z
25904,49317,1557,0.915,hashtag,2026-05-27T11:26:12Z
25905,49318,1554,0.818,visual,2026-05-27T11:26:12Z
25906,49319,1552,0.722,inferred,2026-05-27T11:26:12Z
25907,49320,1558,0.871,direct,2026-05-27T11:26:12Z
25908,49323,1571,0.707,visual,2026-05-27T11:26:12Z
25909,49324,1543,0.99,inferred,2026-05-27T11:26:12Z
25910,49325,1565,0.884,direct,2026-05-27T11:26:12Z
25911,49326,1568,0.948,semantic,2026-05-27T11:26:12Z
25912,49327,1564,0.814,hashtag,2026-05-27T11:26:12Z
25913,49328,1572,0.776,visual,2026-05-27T11:26:12Z
25914,49331,1550,0.938,semantic,2026-05-27T11:26:12Z
25915,49332,1546,0.724,hashtag,2026-05-27T11:26:12Z
25916,49333,1544,0.706,visual,2026-05-27T11:26:12Z
25917,49334,1571,0.942,inferred,2026-05-27T11:26:12Z
25918,49335,1548,0.906,direct,2026-05-27T11:26:12Z
25919,49337,1571,0.949,hashtag,2026-05-27T11:26:12Z
25920,49339,1544,0.871,inferred,2026-05-27T11:26:12Z
25921,49340,1551,0.839,direct,2026-05-27T11:26:12Z
25922,49343,1553,0.783,visual,2026-05-27T11:26:12Z
25923,49344,1569,0.86,inferred,2026-05-27T11:26:12Z
25924,49346,1550,0.817,semantic,2026-05-27T11:26:12Z
25925,49347,1549,0.913,hashtag,2026-05-27T11:26:12Z
25926,49348,1572,0.74,visual,2026-05-27T11:26:12Z
25927,49349,1541,0.743,inferred,2026-05-27T11:26:12Z
25928,49351,1543,0.719,semantic,2026-05-27T11:26:12Z
25929,49353,1566,0.778,visual,2026-05-27T11:26:12Z
25930,49355,1567,0.99,direct,2026-05-27T11:26:12Z
25931,49356,1546,0.827,semantic,2026-05-27T11:26:12Z
25932,49358,1541,0.788,visual,2026-05-27T11:26:12Z
25933,49359,1560,0.717,inferred,2026-05-27T11:26:12Z
25934,49360,1564,0.835,direct,2026-05-27T11:26:12Z
25935,49361,1564,0.844,semantic,2026-05-27T11:26:12Z
25936,49365,1550,0.976,direct,2026-05-27T11:26:12Z
25937,49366,1557,0.904,semantic,2026-05-27T11:26:12Z
25938,49368,1563,0.885,visual,2026-05-27T11:26:12Z
25939,49369,1555,0.74,inferred,2026-05-27T11:26:12Z
25940,49370,1557,0.82,direct,2026-05-27T11:26:12Z
25941,49371,1560,0.703,semantic,2026-05-27T11:26:12Z
25942,49372,1563,0.88,hashtag,2026-05-27T11:26:12Z
25943,49373,1565,0.759,visual,2026-05-27T11:26:12Z
25944,49374,1556,0.72,inferred,2026-05-27T11:26:12Z
25945,49378,1567,0.757,visual,2026-05-27T11:26:12Z
25946,49379,1570,0.902,inferred,2026-05-27T11:26:12Z
25947,49380,1563,0.839,direct,2026-05-27T11:26:12Z
25948,49381,1541,0.808,semantic,2026-05-27T11:26:12Z
25949,49382,1572,0.794,hashtag,2026-05-27T11:26:12Z
25950,49383,1547,0.856,visual,2026-05-27T11:26:12Z
25951,49385,1556,0.916,direct,2026-05-27T11:26:12Z
25952,49386,1558,0.828,semantic,2026-05-27T11:26:12Z
25953,49387,1552,0.823,hashtag,2026-05-27T11:26:12Z
25954,49388,1545,0.865,visual,2026-05-27T11:26:12Z
25955,49389,1571,0.781,inferred,2026-05-27T11:26:12Z
25956,49391,1557,0.997,semantic,2026-05-27T11:26:12Z
25957,49393,1544,0.793,visual,2026-05-27T11:26:12Z
25958,49394,1566,0.906,inferred,2026-05-27T11:26:12Z
25959,49395,1554,0.875,direct,2026-05-27T11:26:12Z
25960,49396,1556,0.999,semantic,2026-05-27T11:26:12Z
25961,49397,1563,0.969,hashtag,2026-05-27T11:26:12Z
25962,49399,1546,0.794,inferred,2026-05-27T11:26:12Z
25963,49401,1558,0.844,semantic,2026-05-27T11:26:12Z
25964,49402,1555,0.835,hashtag,2026-05-27T11:26:12Z
25965,49403,1569,0.927,visual,2026-05-27T11:26:12Z
25966,49405,1556,0.802,direct,2026-05-27T11:26:12Z
25967,49407,1568,0.847,hashtag,2026-05-27T11:26:12Z
25968,49408,1558,0.965,visual,2026-05-27T11:26:12Z
25969,49410,1568,0.826,direct,2026-05-27T11:26:12Z
25970,49411,1563,0.802,semantic,2026-05-27T11:26:12Z
25971,49412,1556,0.732,hashtag,2026-05-27T11:26:12Z
25972,49413,1553,0.826,visual,2026-05-27T11:26:12Z
25973,49416,1548,0.807,semantic,2026-05-27T11:26:12Z
25974,49417,1572,0.798,hashtag,2026-05-27T11:26:12Z
25975,49418,1571,0.832,visual,2026-05-27T11:26:12Z
25976,49419,1563,0.887,inferred,2026-05-27T11:26:12Z
25977,49420,1572,0.759,direct,2026-05-27T11:26:12Z
25978,49421,1545,0.74,semantic,2026-05-27T11:26:12Z
25979,49423,1559,0.779,visual,2026-05-27T11:26:12Z
25980,49424,1553,0.959,inferred,2026-05-27T11:26:12Z
25981,49425,1568,0.986,direct,2026-05-27T11:26:12Z
25982,49427,1568,0.795,hashtag,2026-05-27T11:26:12Z
25983,49428,1560,0.934,visual,2026-05-27T11:26:12Z
25984,49429,1563,0.741,inferred,2026-05-27T11:26:12Z
25985,49430,1566,0.848,direct,2026-05-27T11:26:12Z
25986,49431,1564,0.764,semantic,2026-05-27T11:26:12Z
25987,49433,1570,0.709,visual,2026-05-27T11:26:12Z
25988,49434,1564,0.842,inferred,2026-05-27T11:26:12Z
25989,49435,1550,0.932,direct,2026-05-27T11:26:12Z
25990,49436,1554,0.773,semantic,2026-05-27T11:26:12Z
25991,49437,1569,0.751,hashtag,2026-05-27T11:26:12Z
25992,49439,1572,0.717,inferred,2026-05-27T11:26:12Z
25993,49440,1544,0.725,direct,2026-05-27T11:26:12Z
25994,49441,1547,0.746,semantic,2026-05-27T11:26:12Z
25995,49442,1571,0.721,hashtag,2026-05-27T11:26:12Z
25996,49443,1549,0.916,visual,2026-05-27T11:26:12Z
25997,49445,1562,0.93,direct,2026-05-27T11:26:12Z
25998,49447,1547,0.769,hashtag,2026-05-27T11:26:12Z
25999,49449,1561,0.708,inferred,2026-05-27T11:26:12Z
26000,49450,1543,0.889,direct,2026-05-27T11:26:12Z
26001,49451,1542,0.994,semantic,2026-05-27T11:26:12Z
26002,49454,1542,0.918,inferred,2026-05-27T11:26:12Z
26003,49455,1544,0.961,direct,2026-05-27T11:26:12Z
26004,49456,1570,0.952,semantic,2026-05-27T11:26:12Z
26005,49457,1571,0.728,hashtag,2026-05-27T11:26:12Z
26006,49459,1547,0.932,inferred,2026-05-27T11:26:12Z
26007,49460,1557,0.729,direct,2026-05-27T11:26:12Z
26008,49461,1547,0.909,semantic,2026-05-27T11:26:12Z
26009,49462,1556,0.751,hashtag,2026-05-27T11:26:12Z
26010,49463,1545,0.984,visual,2026-05-27T11:26:12Z
26011,49464,1543,0.856,inferred,2026-05-27T11:26:12Z
26012,49465,1559,0.838,direct,2026-05-27T11:26:12Z
26013,49467,1561,0.863,hashtag,2026-05-27T11:26:12Z
26014,49468,1551,0.997,visual,2026-05-27T11:26:12Z
26015,49469,1554,0.814,inferred,2026-05-27T11:26:12Z
26016,49470,1563,0.868,direct,2026-05-27T11:26:12Z
26017,49471,1559,0.74,semantic,2026-05-27T11:26:12Z
26018,49474,1557,0.746,inferred,2026-05-27T11:26:12Z
26019,49475,1557,0.748,direct,2026-05-27T11:26:12Z
26020,49477,1542,0.841,hashtag,2026-05-27T11:26:12Z
26021,49479,1544,0.985,inferred,2026-05-27T11:26:12Z
26022,49481,1549,0.836,semantic,2026-05-27T11:26:12Z
26023,49482,1561,0.771,hashtag,2026-05-27T11:26:12Z
26024,49485,1562,0.818,direct,2026-05-27T11:26:12Z
26025,49487,1561,0.707,hashtag,2026-05-27T11:26:12Z
26026,49489,1549,0.889,inferred,2026-05-27T11:26:12Z
26027,49494,1565,0.916,inferred,2026-05-27T11:26:12Z
26028,49495,1551,0.888,direct,2026-05-27T11:26:12Z
26029,49498,1547,0.988,visual,2026-05-27T11:26:12Z
26030,49499,1564,0.741,inferred,2026-05-27T11:26:12Z
26031,49500,1567,0.838,direct,2026-05-27T11:26:12Z
26032,49504,1552,0.982,inferred,2026-05-27T11:26:12Z
26033,49505,1558,0.829,direct,2026-05-27T11:26:12Z
26034,49506,1564,0.858,semantic,2026-05-27T11:26:12Z
26035,49508,1562,0.852,visual,2026-05-27T11:26:12Z
26036,49510,1545,0.993,direct,2026-05-27T11:26:12Z
26037,49511,1569,0.882,semantic,2026-05-27T11:26:12Z
26038,49512,1561,0.76,hashtag,2026-05-27T11:26:12Z
26039,49513,1564,0.936,visual,2026-05-27T11:26:12Z
26040,49514,1548,0.836,inferred,2026-05-27T11:26:12Z
26041,49516,1551,0.995,semantic,2026-05-27T11:26:12Z
26042,49517,1557,0.951,hashtag,2026-05-27T11:26:12Z
26043,49518,1556,0.987,visual,2026-05-27T11:26:12Z
26044,49519,1547,0.738,inferred,2026-05-27T11:26:12Z
26045,49521,1547,0.977,semantic,2026-05-27T11:26:12Z
26046,49522,1544,0.719,hashtag,2026-05-27T11:26:12Z
26047,49523,1559,0.982,visual,2026-05-27T11:26:12Z
26048,49524,1564,0.85,inferred,2026-05-27T11:26:12Z
26049,49525,1542,0.971,direct,2026-05-27T11:26:12Z
26050,49527,1553,0.944,hashtag,2026-05-27T11:26:12Z
26051,49528,1568,0.961,visual,2026-05-27T11:26:12Z
26052,49529,1560,0.831,inferred,2026-05-27T11:26:12Z
26053,49530,1548,0.903,direct,2026-05-27T11:26:12Z
26054,49533,1545,0.734,visual,2026-05-27T11:26:12Z
26055,49535,1560,0.751,direct,2026-05-27T11:26:12Z
26056,49536,1548,0.927,semantic,2026-05-27T11:26:12Z
26057,49537,1545,0.779,hashtag,2026-05-27T11:26:12Z
26058,49538,1543,0.895,visual,2026-05-27T11:26:12Z
26059,49539,1562,0.854,inferred,2026-05-27T11:26:12Z
